scenario,run,algorithm,objective,delay_mean_s,delay_p95_s,energy_mean_j,success_rate,violation_rate,violation_mean,reliability_mean,link_failure_rate,attempts_mean,jain,utility_p05,utility_min,utility_cv,offload_rate,runtime_s,evaluations,feasible,t_hat,e_hat,r_hat,v_hat,fairness_loss,perturbation,budget,episode,slot,load_state,active_users,load_scale,overlap_fraction,assignment_changes
S6-dynamic-budget,0,Cold-RFOTO,0.286028815141496,0.7047551528597996,1.7531774254960057,0.08144955470493373,0.8679245283018868,0.1320754716981132,0.10272192071537084,0.996720544704033,0.0032794552959668844,1.0347085349826863,0.9785310213919618,0.7143197652463044,0.2435332419336358,0.1481215992831221,0.8679245283018868,0.11574060000566533,40,1,0.5803947583690208,0.7625763776310579,0.0032794552959668844,0.09066972421673188,0.021468978608038203,mild,40,0,0,mild,106,1.025063641393528,0.0,0
S6-dynamic-budget,0,Warm-RFOTO,0.286028815141496,0.7047551528597996,1.7531774254960057,0.08144955470493373,0.8679245283018868,0.1320754716981132,0.10272192071537084,0.996720544704033,0.0032794552959668844,1.0347085349826863,0.9785310213919618,0.7143197652463044,0.2435332419336358,0.1481215992831221,0.8679245283018868,0.12588500000128988,40,1,0.5803947583690208,0.7625763776310579,0.0032794552959668844,0.09066972421673188,0.021468978608038203,mild,40,0,0,mild,106,1.025063641393528,0.0,0
S6-dynamic-budget,1,Cold-RFOTO,0.3415311400116357,0.7344560358521507,2.801676603926759,0.08206732215503182,0.8557692307692307,0.14423076923076922,0.19374209459506916,0.9961032832111198,0.003896716788880245,1.0362009831898116,0.9594329962601531,0.42634725121224787,0.2107503996117711,0.2056265272089294,0.8461538461538461,0.10862149999593385,40,1,0.6781762906431033,0.7414337231410161,0.003896716788880245,0.2156304598438175,0.040567003739846896,mild,40,0,1,mild,104,0.9574889044485366,0.8942307692307693,0
S6-dynamic-budget,1,Warm-RFOTO,0.3415311400116357,0.7344560358521507,2.801676603926759,0.08206732215503182,0.8557692307692307,0.14423076923076922,0.19374209459506916,0.9961032832111198,0.003896716788880245,1.0362009831898116,0.9594329962601531,0.42634725121224787,0.2107503996117711,0.2056265272089294,0.8461538461538461,0.10245389999909094,40,1,0.6781762906431033,0.7414337231410161,0.003896716788880245,0.2156304598438175,0.040567003739846896,mild,40,0,1,mild,104,0.9574889044485366,0.8942307692307693,45
S6-dynamic-budget,2,Cold-RFOTO,0.28885632874127576,0.6053960452002972,1.749164191024863,0.08718750916866132,0.8673469387755102,0.1326530612244898,0.10022823437108415,0.9962225270963107,0.003777472903689473,1.0544729277741485,0.9783077237066478,0.6114920787021717,0.3002611448232692,0.1489069000465963,0.8367346938775511,0.11329110000224318,40,1,0.6005930429962334,0.698618371846881,0.003777472903689473,0.11962390476177837,0.02169227629335224,mild,40,0,2,mild,98,0.9228733500923904,0.9285714285714286,0
S6-dynamic-budget,2,Warm-RFOTO,0.28885632874127576,0.6053960452002972,1.749164191024863,0.08718750916866132,0.8673469387755102,0.1326530612244898,0.10022823437108415,0.9962225270963107,0.003777472903689473,1.0544729277741485,0.9783077237066478,0.6114920787021717,0.3002611448232692,0.1489069000465963,0.8367346938775511,0.11342729999887524,40,1,0.6005930429962334,0.698618371846881,0.003777472903689473,0.11962390476177837,0.02169227629335224,mild,40,0,2,mild,98,0.9228733500923904,0.9285714285714286,41
S6-dynamic-budget,3,Cold-RFOTO,0.2665132118470342,0.5185068903312838,1.490992423892542,0.06742527562071256,0.8865979381443299,0.1134020618556701,0.06286117474818896,0.9969927164295428,0.0030072835704571376,1.0445922559169878,0.9861847888912652,0.6720601208837961,0.35427000971178585,0.1183585437413496,0.845360824742268,0.12225369999941904,40,1,0.5394094765406283,0.7278425665970248,0.0030072835704571376,0.0792428773676869,0.013815211108734848,mild,40,0,3,mild,97,0.9701395076242834,0.8865979381443299,0
S6-dynamic-budget,3,Warm-RFOTO,0.2665132118470342,0.5185068903312838,1.490992423892542,0.06742527562071256,0.8865979381443299,0.1134020618556701,0.06286117474818896,0.9969927164295428,0.0030072835704571376,1.0445922559169878,0.9861847888912652,0.6720601208837961,0.35427000971178585,0.1183585437413496,0.845360824742268,0.12852449999627424,40,1,0.5394094765406283,0.7278425665970248,0.0030072835704571376,0.0792428773676869,0.013815211108734848,mild,40,0,3,mild,97,0.9701395076242834,0.8865979381443299,39
S6-dynamic-budget,4,Cold-RFOTO,0.24944152828862334,0.6243308638475159,1.4776325704128246,0.07343758271125853,0.8585858585858586,0.1414141414141414,0.09860631894565151,0.9977581178854295,0.0022418821145705897,1.0197797710630159,0.9796538861993084,0.6960005220942872,0.2588883206861139,0.14411341241788206,0.8282828282828283,0.11774739999964368,40,1,0.5279712003105557,0.6272310059930706,0.0022418821145705897,0.07945513527602403,0.020346113800691623,mild,40,0,4,mild,99,1.0514721095582276,0.8787878787878788,0
S6-dynamic-budget,4,Warm-RFOTO,0.24944152828862334,0.6243308638475159,1.4776325704128246,0.07343758271125853,0.8585858585858586,0.1414141414141414,0.09860631894565151,0.9977581178854295,0.0022418821145705897,1.0197797710630159,0.9796538861993084,0.6960005220942872,0.2588883206861139,0.14411341241788206,0.8282828282828283,0.1206155999971088,40,1,0.5279712003105557,0.6272310059930706,0.0022418821145705897,0.07945513527602403,0.020346113800691623,mild,40,0,4,mild,99,1.0514721095582276,0.8787878787878788,33
S6-dynamic-budget,5,Cold-RFOTO,0.24667261807495466,0.5935917220449773,1.3194011066815725,0.08249761522058686,0.912621359223301,0.08737864077669903,0.04832158031262187,0.9970082965171959,0.0029917034828040104,1.02982861665695,0.9892660717105515,0.8072159894807677,0.4195352779775488,0.10416523248357591,0.8349514563106796,0.1303613000054611,40,1,0.5564437739189791,0.598648284247918,0.0029917034828040104,0.06222400807217639,0.010733928289448524,mild,40,0,5,mild,103,0.9655352085358186,0.8446601941747572,0
S6-dynamic-budget,5,Warm-RFOTO,0.24667261807495466,0.5935917220449773,1.3194011066815725,0.08249761522058686,0.912621359223301,0.08737864077669903,0.04832158031262187,0.9970082965171959,0.0029917034828040104,1.02982861665695,0.9892660717105515,0.8072159894807677,0.4195352779775488,0.10416523248357591,0.8349514563106796,0.13145559999975376,40,1,0.5564437739189791,0.598648284247918,0.0029917034828040104,0.06222400807217639,0.010733928289448524,mild,40,0,5,mild,103,0.9655352085358186,0.8446601941747572,37
S6-dynamic-budget,6,Cold-RFOTO,0.28547242220637503,0.6193354339868435,1.603560422346039,0.08776405428625624,0.8673469387755102,0.1326530612244898,0.08308701304242153,0.997369545159629,0.0026304548403711047,1.0228011399419745,0.9814951985830394,0.6301150766950561,0.3392934903898944,0.13730872192257115,0.8673469387755102,0.14631229999940842,40,1,0.5298499340736457,0.8683025486859804,0.0026304548403711047,0.07785098081779326,0.018504801416960648,mild,40,0,6,mild,98,1.0073964070614798,0.9183673469387755,0
S6-dynamic-budget,6,Warm-RFOTO,0.28547242220637503,0.6193354339868435,1.603560422346039,0.08776405428625624,0.8673469387755102,0.1326530612244898,0.08308701304242153,0.997369545159629,0.0026304548403711047,1.0228011399419745,0.9814951985830394,0.6301150766950561,0.3392934903898944,0.13730872192257115,0.8673469387755102,0.14213500000187196,40,1,0.5298499340736457,0.8683025486859804,0.0026304548403711047,0.07785098081779326,0.018504801416960648,mild,40,0,6,mild,98,1.0073964070614798,0.9183673469387755,42
S6-dynamic-budget,7,Cold-RFOTO,0.30523063286930546,0.6238615503640517,2.0681602642800545,0.0822994633170961,0.8469387755102041,0.15306122448979592,0.09818548169227774,0.9961067938855165,0.0038932061144835955,1.0303550170328923,0.9783561739223029,0.5872721012845966,0.36016229964062546,0.14873683051992148,0.8571428571428571,0.14641239999764366,40,1,0.6676023362366756,0.6065182059554822,0.0038932061144835955,0.17330841112905176,0.021643826077697104,mild,40,0,7,mild,98,0.9619142911982999,0.8877551020408163,0
S6-dynamic-budget,7,Warm-RFOTO,0.30523063286930546,0.6238615503640517,2.0681602642800545,0.0822994633170961,0.8469387755102041,0.15306122448979592,0.09818548169227774,0.9961067938855165,0.0038932061144835955,1.0303550170328923,0.9783561739223029,0.5872721012845966,0.36016229964062546,0.14873683051992148,0.8571428571428571,0.1440733999988879,40,1,0.6676023362366756,0.6065182059554822,0.0038932061144835955,0.17330841112905176,0.021643826077697104,mild,40,0,7,mild,98,0.9619142911982999,0.8877551020408163,33
S6-dynamic-budget,8,Cold-RFOTO,0.3023737231648299,0.5948583281757787,1.405585421233792,0.06998672446244517,0.8631578947368421,0.1368421052631579,0.09826938072524265,0.998115735701459,0.0018842642985410578,1.028605235460416,0.9788552541114104,0.6072505895681234,0.31730466514146793,0.14697450189006614,0.8315789473684211,0.16355230000044685,40,1,0.680424224332487,0.5844303760717473,0.0018842642985410578,0.16421818371179742,0.02114474588858961,mild,40,0,8,mild,95,0.9777811595549077,0.8947368421052632,0
S6-dynamic-budget,8,Warm-RFOTO,0.30371765891667646,0.5970875649733816,1.405585421233792,0.07064418308370976,0.8526315789473684,0.14736842105263157,0.10096624868190748,0.998109107951078,0.0018908920489219615,1.0293865430165232,0.9780950534271649,0.6072505895681234,0.31730466514146793,0.14965132550341026,0.8315789473684211,0.1302099000022281,40,1,0.6818732458865396,0.5877797145224445,0.0018908920489219615,0.1656738794838608,0.02190494657283515,mild,40,0,8,mild,95,0.9777811595549077,0.8947368421052632,35
S6-dynamic-budget,9,Cold-RFOTO,0.3068600970416025,0.6895666346754512,2.527991441662935,0.06451001321044159,0.8421052631578947,0.15789473684210525,0.1507867987106796,0.996995021784136,0.0030049782158640104,1.0252805754624434,0.9696032938769994,0.5037259440220301,0.24995737770470242,0.1770582719438652,0.8315789473684211,0.12314550000155577,40,1,0.6720343935311445,0.5187852963412556,0.0030049782158640104,0.22349281058402046,0.030396706123000605,mild,40,0,9,mild,95,0.977325246196098,0.8631578947368421,0
S6-dynamic-budget,9,Warm-RFOTO,0.27462635057992735,0.6528337828363744,2.4198016176526083,0.06591635403312975,0.8526315789473684,0.14736842105263157,0.12301890229371161,0.9969654199766685,0.003034580023331494,1.0258445226441126,0.9750077533241378,0.5887181827410825,0.24995737770470242,0.1601026847927949,0.8421052631578947,0.14321930000005523,40,1,0.6021906965887314,0.5342224249417427,0.003034580023331494,0.1583582387417499,0.024992246675862195,mild,40,0,9,mild,95,0.977325246196098,0.8631578947368421,38
S6-dynamic-budget,10,Cold-RFOTO,0.26565967519703443,0.5473350547407825,1.4836681599868013,0.07097550111140485,0.8673469387755102,0.1326530612244898,0.08735987205100548,0.9977624011094819,0.0022375988905180043,1.0388102166962763,0.9807922820826999,0.6014986485776035,0.35972536486962475,0.1399424151265462,0.8367346938775511,0.12115850000554929,40,1,0.563700623479067,0.639502793496767,0.0022375988905180043,0.10192169134821608,0.019207717917300138,mild,40,0,10,mild,98,1.0418129056255185,0.8367346938775511,0
S6-dynamic-budget,10,Warm-RFOTO,0.26565967519703443,0.5473350547407825,1.4836681599868013,0.07097550111140485,0.8673469387755102,0.1326530612244898,0.08735987205100548,0.9977624011094819,0.0022375988905180043,1.0388102166962763,0.9807922820826999,0.6014986485776035,0.35972536486962475,0.1399424151265462,0.8367346938775511,0.12800609999976587,40,1,0.563700623479067,0.639502793496767,0.0022375988905180043,0.10192169134821608,0.019207717917300138,mild,40,0,10,mild,98,1.0418129056255185,0.8367346938775511,34
S6-dynamic-budget,11,Cold-RFOTO,0.3133112197975435,0.7154431248396189,1.5019135054570056,0.06777250441526764,0.8737864077669902,0.1262135922330097,0.12735518235257404,0.9979027856350485,0.002097214364951643,1.0299451711975145,0.9736638120949611,0.4745937505407324,0.24682561953961835,0.16446441386299276,0.8640776699029126,0.12362150000262773,40,1,0.6642485648163838,0.6670342910882896,0.002097214364951643,0.1712962554858319,0.026336187905038888,mild,40,0,11,mild,103,1.0065728245612118,0.8446601941747572,0
S6-dynamic-budget,11,Warm-RFOTO,0.3133112197975435,0.7154431248396189,1.5019135054570056,0.06777250441526764,0.8737864077669902,0.1262135922330097,0.12735518235257404,0.9979027856350485,0.002097214364951643,1.0299451711975145,0.9736638120949611,0.4745937505407324,0.24682561953961835,0.16446441386299276,0.8640776699029126,0.12644070000533247,40,1,0.6642485648163838,0.6670342910882896,0.002097214364951643,0.1712962554858319,0.026336187905038888,mild,40,0,11,mild,103,1.0065728245612118,0.8446601941747572,26
S6-dynamic-budget,12,Cold-RFOTO,0.242643048624087,0.5721912067647809,1.8266479855965587,0.0746415420327961,0.8811881188118812,0.1188118811881188,0.07787108201148811,0.998853018861765,0.0011469811382347516,1.0313778758944634,0.9829815074902886,0.6456030972924174,0.31419636505700216,0.1315793904256578,0.8514851485148515,0.11180659999808995,40,1,0.5818621287829051,0.4771026675148523,0.0011469811382347516,0.09131978478811684,0.017018492509711436,mild,40,0,12,mild,101,1.0418924841246162,0.900990099009901,0
S6-dynamic-budget,12,Warm-RFOTO,0.242643048624087,0.5721912067647809,1.8266479855965587,0.0746415420327961,0.8811881188118812,0.1188118811881188,0.07787108201148811,0.998853018861765,0.0011469811382347516,1.0313778758944634,0.9829815074902886,0.6456030972924174,0.31419636505700216,0.1315793904256578,0.8514851485148515,0.11774090000108117,40,1,0.5818621287829051,0.4771026675148523,0.0011469811382347516,0.09131978478811684,0.017018492509711436,mild,40,0,12,mild,101,1.0418924841246162,0.900990099009901,33
S6-dynamic-budget,13,Cold-RFOTO,0.24785773197821503,0.522178250586284,1.486750051256895,0.05696573723600452,0.8541666666666666,0.14583333333333334,0.08799917857390926,0.9987008482741583,0.0012991517258417451,1.0238653880135786,0.9806836196762547,0.5652106200852298,0.4884345918267871,0.1403454744986729,0.8333333333333334,0.12651740000001155,40,1,0.5996393038386367,0.4344756870459799,0.0012991517258417451,0.11847706227171492,0.019316380323745275,mild,40,0,13,mild,96,1.038591027166651,0.9375,0
S6-dynamic-budget,13,Warm-RFOTO,0.2584357184181153,0.5226630733235578,1.486750051256895,0.058427454486834195,0.84375,0.15625,0.10150769757311673,0.9986685638722284,0.001331436127771618,1.0256803555254723,0.9780589437210715,0.5635666876925862,0.3516132044429036,0.14977738756887848,0.8333333333333334,0.11304349999409169,40,1,0.6045993717433238,0.48178062316228587,0.001331436127771618,0.12584534536219172,0.021941056278928506,mild,40,0,13,mild,96,1.038591027166651,0.9375,35
S6-dynamic-budget,0,Cold-RFOTO,0.28710006446600056,0.6788253921815235,1.9231416786843099,0.07297064239961526,0.8736842105263158,0.12631578947368421,0.13643816219649552,0.9987926327283242,0.0012073672716759046,1.0393210758802724,0.972947506910917,0.4860562018945855,0.20007030109058843,0.16674735072826607,0.8421052631578947,0.11992909999389667,40,1,0.6191532481704881,0.6009135409684995,0.0012073672716759046,0.15150149544162395,0.027052493089082974,mild,40,1,0,mild,95,1.0493401166364347,0.0,0
S6-dynamic-budget,0,Warm-RFOTO,0.2835725744728284,0.6748607615865008,1.9231416786843099,0.07146119049921966,0.8736842105263158,0.12631578947368421,0.13568275721323614,0.99879775626534,0.0012022437346600994,1.0389677254010818,0.9731047148025807,0.4860562018945855,0.20007030109058843,0.16624871170996164,0.8421052631578947,0.12048689999937778,40,1,0.6140578967590311,0.5876167070070213,0.0012022437346600994,0.15056341082189006,0.02689528519741935,mild,40,1,0,mild,95,1.0493401166364347,0.0,0
S6-dynamic-budget,1,Cold-RFOTO,0.26539527645194405,0.6164547502770008,1.5381017225898233,0.0850048105535547,0.8673469387755102,0.1326530612244898,0.06997247836341423,0.9975645201948088,0.0024354798051910522,1.0341566655261416,0.9850344837849392,0.6874932253455758,0.34386174933370867,0.12325942394284348,0.8163265306122449,0.11387209999520564,40,1,0.6147608576057065,0.6085773225562525,0.0024354798051910522,0.0707461610951289,0.014965516215060815,mild,40,1,1,mild,98,0.9363794191796171,0.8469387755102041,0
S6-dynamic-budget,1,Warm-RFOTO,0.2903581072506592,0.6261180876415888,1.7330724097956174,0.07999379483003584,0.8673469387755102,0.1326530612244898,0.09764824384171292,0.9975414985368483,0.0024585014631516946,1.032825190159788,0.9796787921679416,0.6691537629313868,0.2611039986160771,0.14402334900628228,0.8061224489795918,0.11606250000477303,40,1,0.6723396895806013,0.5576833929131934,0.0024585014631516946,0.14032317780436293,0.020321207832058374,mild,40,1,1,mild,98,0.9363794191796171,0.8469387755102041,45
S6-dynamic-budget,2,Cold-RFOTO,0.3003193439404094,0.6013960195294247,1.5674997672832602,0.06601991404723755,0.8645833333333334,0.13541666666666666,0.10876183492896856,0.9975156676392011,0.0024843323607990596,1.0338820869739587,0.9763230640796501,0.6229428293501832,0.3403296776113632,0.1557277378370964,0.8645833333333334,0.1249074000006658,40,1,0.6597551499200565,0.6041342294628479,0.0024843323607990596,0.16284806072302316,0.023676935920349917,mild,40,1,2,mild,96,1.0785438050790386,0.8958333333333334,0
S6-dynamic-budget,2,Warm-RFOTO,0.3003193439404094,0.6013960195294247,1.5674997672832602,0.06601991404723755,0.8645833333333334,0.13541666666666666,0.10876183492896856,0.9975156676392011,0.0024843323607990596,1.0338820869739587,0.9763230640796501,0.6229428293501832,0.3403296776113632,0.1557277378370964,0.8645833333333334,0.11444959999789717,40,1,0.6597551499200565,0.6041342294628479,0.0024843323607990596,0.16284806072302316,0.023676935920349917,mild,40,1,2,mild,96,1.0785438050790386,0.8958333333333334,39
S6-dynamic-budget,3,Cold-RFOTO,0.28991949999971584,0.6108697308136468,2.0250046544471543,0.07493138474449579,0.9,0.1,0.11133052192322623,0.9964378766744051,0.0035621233255949745,1.0353220652936506,0.9749918563651973,0.5542679129082864,0.28951485104171815,0.16015490102962981,0.91,0.114399099998991,40,1,0.6192856439645879,0.6030385405236707,0.0035621233255949745,0.1607146468787154,0.02500814363480275,mild,40,1,3,mild,100,0.981398491926902,0.85,0
S6-dynamic-budget,3,Warm-RFOTO,0.28991949999971584,0.6108697308136468,2.0250046544471543,0.07493138474449579,0.9,0.1,0.11133052192322623,0.9964378766744051,0.0035621233255949745,1.0353220652936506,0.9749918563651973,0.5542679129082864,0.28951485104171815,0.16015490102962981,0.91,0.1192672000033781,40,1,0.6192856439645879,0.6030385405236707,0.0035621233255949745,0.1607146468787154,0.02500814363480275,mild,40,1,3,mild,100,0.981398491926902,0.85,35
S6-dynamic-budget,4,Cold-RFOTO,0.3102283851518948,0.5699686438844895,1.309535406526436,0.06624412504286478,0.845360824742268,0.15463917525773196,0.10613646693661899,0.9986467872450462,0.0013532127549540603,1.0249494260665075,0.9777591291054512,0.5967235157712637,0.30378935319250916,0.15082035363682345,0.8350515463917526,0.12642610000330023,40,1,0.6694261290816652,0.6781587119047795,0.0013532127549540603,0.1501650916423541,0.022240870894548848,mild,40,1,4,mild,97,0.9684730321153925,0.8865979381443299,0
S6-dynamic-budget,4,Warm-RFOTO,0.3089988545170659,0.5772081970086637,1.4442435701211327,0.06473796906109723,0.845360824742268,0.15463917525773196,0.11822870941612126,0.9986768457433794,0.0013231542566206267,1.0230242410053891,0.9747107515156058,0.5678662136476875,0.30378935319250916,0.1610757208415361,0.8247422680412371,0.11663359999511158,40,1,0.6753014076043458,0.6461167069597451,0.0013231542566206267,0.15679191379213783,0.025289248484394178,mild,40,1,4,mild,97,0.9684730321153925,0.8865979381443299,32
S6-dynamic-budget,5,Cold-RFOTO,0.2750752496024909,0.6351685845085914,1.604507063591605,0.07228781814154965,0.8709677419354839,0.12903225806451613,0.13614455652024043,0.9975874915593815,0.0024125084406184014,1.0373530854540187,0.9723549668126523,0.6142344679450095,0.22777630421537587,0.16861497378748794,0.8602150537634409,0.1327534999945783,40,1,0.5755495401496808,0.6215330893787139,0.0024125084406184014,0.13331457796815127,0.02764503318734768,mild,40,1,5,mild,93,1.025552370488734,0.8924731182795699,0
S6-dynamic-budget,5,Warm-RFOTO,0.27667548931631436,0.6451889902869145,1.604507063591605,0.07225825865103708,0.8709677419354839,0.12903225806451613,0.13614455652024043,0.99758236726286,0.00241763273714012,1.0371131912291893,0.9723544134889737,0.6142344679450095,0.22777630421537587,0.1686167091949442,0.8602150537634409,0.11757480000233045,40,1,0.5826588289379695,0.6203451537713478,0.00241763273714012,0.13331457796815127,0.027645586511026332,mild,40,1,5,mild,93,1.025552370488734,0.8924731182795699,32
S6-dynamic-budget,6,Cold-RFOTO,0.29194993202779246,0.6256468198157291,2.1942406072167486,0.08691906702052347,0.8409090909090909,0.1590909090909091,0.11596369759775277,0.9969737431243314,0.003026256875668641,1.0359040306304872,0.9736879592947989,0.4985641791426102,0.32085736189303127,0.16438696085549792,0.8295454545454546,0.12188900000182912,40,1,0.6374082293356708,0.5991127445192835,0.003026256875668641,0.15271562214027312,0.0263120407052011,mild,40,1,6,mild,88,1.0491283033412055,0.9318181818181818,0
S6-dynamic-budget,6,Warm-RFOTO,0.29194993202779246,0.6256468198157291,2.1942406072167486,0.08691906702052347,0.8409090909090909,0.1590909090909091,0.11596369759775277,0.9969737431243314,0.003026256875668641,1.0359040306304872,0.9736879592947989,0.4985641791426102,0.32085736189303127,0.16438696085549792,0.8295454545454546,0.11855349999677856,40,1,0.6374082293356708,0.5991127445192835,0.003026256875668641,0.15271562214027312,0.0263120407052011,mild,40,1,6,mild,88,1.0491283033412055,0.9318181818181818,32
S6-dynamic-budget,7,Cold-RFOTO,0.25164494360614886,0.6162885744169065,1.9502073853651574,0.0787343968725999,0.8636363636363636,0.13636363636363635,0.07952345562704821,0.9973220027361173,0.0026779972638827504,1.02531814980867,0.9827910565338437,0.6532718561198773,0.37609672705487124,0.13232640261944795,0.8409090909090909,0.13248150000436,40,1,0.5497803624166158,0.58833119522589,0.0026779972638827504,0.09133293098164572,0.017208943466156312,mild,40,1,7,mild,88,1.0693702042318727,0.8863636363636364,0
S6-dynamic-budget,7,Warm-RFOTO,0.25164494360614886,0.6162885744169065,1.9502073853651574,0.0787343968725999,0.8636363636363636,0.13636363636363635,0.07952345562704821,0.9973220027361173,0.0026779972638827504,1.02531814980867,0.9827910565338437,0.6532718561198773,0.37609672705487124,0.13232640261944795,0.8409090909090909,0.10802999999577878,40,1,0.5497803624166158,0.58833119522589,0.0026779972638827504,0.09133293098164572,0.017208943466156312,mild,40,1,7,mild,88,1.0693702042318727,0.8863636363636364,33
S6-dynamic-budget,8,Cold-RFOTO,0.25100151345356825,0.5752986656298641,1.1840740457385306,0.05496015477545126,0.8735632183908046,0.12643678160919541,0.11537210954605079,0.9988014032019088,0.0011985967980913561,1.0187102705026938,0.9784330639856597,0.7114916837753408,0.23723654512910108,0.1484665664332227,0.8620689655172413,0.10600809999596095,40,1,0.5202053082891832,0.616044748172595,0.0011985967980913561,0.10027485757445548,0.021566936014340343,mild,40,1,8,mild,87,0.9324039633725538,0.8850574712643678,0
S6-dynamic-budget,8,Warm-RFOTO,0.25100151345356825,0.5752986656298641,1.1840740457385306,0.05496015477545126,0.8735632183908046,0.12643678160919541,0.11537210954605079,0.9988014032019088,0.0011985967980913561,1.0187102705026938,0.9784330639856597,0.7114916837753408,0.23723654512910108,0.1484665664332227,0.8620689655172413,0.1199579999956768,40,1,0.5202053082891832,0.616044748172595,0.0011985967980913561,0.10027485757445548,0.021566936014340343,mild,40,1,8,mild,87,0.9324039633725538,0.8850574712643678,23
S6-dynamic-budget,9,Cold-RFOTO,0.22072279898080013,0.5139154114768436,1.371332253934202,0.06125554713890315,0.9166666666666666,0.08333333333333333,0.07779292647922877,0.9970702880292587,0.002929711970741408,1.0272943329100321,0.9838279028368452,0.8955752795569079,0.2575662305232948,0.12821050274062118,0.8928571428571429,0.13157639999553794,40,1,0.4749703607225777,0.5564306110446411,0.002929711970741408,0.0620154406993522,0.01617209716315482,mild,40,1,9,mild,84,0.9529611234477032,0.8928571428571429,0
S6-dynamic-budget,9,Warm-RFOTO,0.22072279898080013,0.5139154114768436,1.371332253934202,0.06125554713890315,0.9166666666666666,0.08333333333333333,0.07779292647922877,0.9970702880292587,0.002929711970741408,1.0272943329100321,0.9838279028368452,0.8955752795569079,0.2575662305232948,0.12821050274062118,0.8928571428571429,0.12494280000100844,40,1,0.4749703607225777,0.5564306110446411,0.002929711970741408,0.0620154406993522,0.01617209716315482,mild,40,1,9,mild,84,0.9529611234477032,0.8928571428571429,25
S6-dynamic-budget,10,Cold-RFOTO,0.22938341486201164,0.5379646243790739,1.9392944639306644,0.05601866192850133,0.8795180722891566,0.12048192771084337,0.09246060449415577,0.9969499568780164,0.0030500431219835245,1.0319262114953236,0.9783112511426434,0.5679234295288167,0.43749278384336654,0.14889452405967754,0.8313253012048193,0.11173070000222651,40,1,0.5290167855418403,0.46973118273163766,0.0030500431219835245,0.09122488045522295,0.02168874885735661,mild,40,1,10,mild,83,0.9695464400448957,0.8674698795180723,0
S6-dynamic-budget,10,Warm-RFOTO,0.23000452946756245,0.5394269534066735,1.9392944639306644,0.056222136219730524,0.8795180722891566,0.12048192771084337,0.09219156300656578,0.9969501911063857,0.003049808893614128,1.0319317813446103,0.978370854603262,0.5679234295288167,0.44188134428397075,0.14868526344739838,0.8313253012048193,0.10975100000359816,40,1,0.5299568788472269,0.4726427821923134,0.003049808893614128,0.09105823535470078,0.021629145396737992,mild,40,1,10,mild,83,0.9695464400448957,0.8674698795180723,24
S6-dynamic-budget,11,Cold-RFOTO,0.2919865138796994,0.6189867086233812,1.4993519684984429,0.08098319014809391,0.9024390243902439,0.0975609756097561,0.12392265058552701,0.9973069378783153,0.0026930621216848527,1.0360485072357086,0.9748050522429572,0.5948311518705363,0.22734001319155922,0.1607673471249204,0.8902439024390244,0.10592180000094231,40,1,0.59603779102859,0.6768953279148936,0.0026930621216848527,0.14849964938969817,0.025194947757042785,mild,40,1,11,mild,82,1.0309764383538569,0.8658536585365854,0
S6-dynamic-budget,11,Warm-RFOTO,0.2887600687958467,0.6194656714589114,1.4993519684984429,0.0798461785322565,0.9024390243902439,0.0975609756097561,0.1267803900747397,0.9973397443981991,0.0026602556018008737,1.0343556968528524,0.9740482738251439,0.5915752296765564,0.22734001319155922,0.16322733296038597,0.8780487804878049,0.11935219999577384,40,1,0.5963848393599795,0.6511796338187821,0.0026602556018008737,0.15024841534578354,0.025951726174856082,mild,40,1,11,mild,82,1.0309764383538569,0.8658536585365854,30
S6-dynamic-budget,12,Cold-RFOTO,0.2652619006188426,0.6196176345132575,2.379687473395169,0.05756946163972149,0.8705882352941177,0.12941176470588237,0.13839553566623924,0.9967968288264766,0.003203171173523455,1.0270508428868275,0.9698030707871507,0.41294475113475293,0.2872505314446391,0.17645729319622036,0.8235294117647058,0.10450380000111181,40,1,0.5721953570560467,0.5223940250873016,0.003203171173523455,0.15473513590041416,0.030196929212849333,mild,40,1,12,mild,85,1.0295772376117498,0.8588235294117647,0
S6-dynamic-budget,12,Warm-RFOTO,0.2652619006188426,0.6196176345132575,2.379687473395169,0.05756946163972149,0.8705882352941177,0.12941176470588237,0.13839553566623924,0.9967968288264766,0.003203171173523455,1.0270508428868275,0.9698030707871507,0.41294475113475293,0.2872505314446391,0.17645729319622036,0.8235294117647058,0.10671929999807617,40,1,0.5721953570560467,0.5223940250873016,0.003203171173523455,0.15473513590041416,0.030196929212849333,mild,40,1,12,mild,85,1.0295772376117498,0.8588235294117647,25
S6-dynamic-budget,13,Cold-RFOTO,0.2555683374919896,0.6105431426085782,2.874726289799546,0.06459249740044627,0.9058823529411765,0.09411764705882353,0.1532529541536715,0.9986333675741031,0.0013666324258967946,1.0207192446453168,0.9683468456966405,0.4079754827712252,0.22820001177611107,0.18079775203152293,0.8941176470588236,0.10149529999762308,40,1,0.5380378026566026,0.5100035234177935,0.0013666324258967946,0.1581482347379465,0.031653154303359465,mild,40,1,13,mild,85,0.9507528837928243,0.8588235294117647,0
S6-dynamic-budget,13,Warm-RFOTO,0.2555683374919896,0.6105431426085782,2.874726289799546,0.06459249740044627,0.9058823529411765,0.09411764705882353,0.1532529541536715,0.9986333675741031,0.0013666324258967946,1.0207192446453168,0.9683468456966405,0.4079754827712252,0.22820001177611107,0.18079775203152293,0.8941176470588236,0.11626460000115912,40,1,0.5380378026566026,0.5100035234177935,0.0013666324258967946,0.1581482347379465,0.031653154303359465,mild,40,1,13,mild,85,0.9507528837928243,0.8588235294117647,31
S6-dynamic-budget,0,Cold-RFOTO,0.286028815141496,0.7047551528597996,1.7531774254960057,0.08144955470493373,0.8679245283018868,0.1320754716981132,0.10272192071537084,0.996720544704033,0.0032794552959668844,1.0347085349826863,0.9785310213919618,0.7143197652463044,0.2435332419336358,0.1481215992831221,0.8679245283018868,0.3407861000014236,110,1,0.5803947583690208,0.7625763776310579,0.0032794552959668844,0.09066972421673188,0.021468978608038203,mild,110,0,0,mild,106,1.025063641393528,0.0,0
S6-dynamic-budget,0,Warm-RFOTO,0.279108696062767,0.686036940030577,1.580711383010594,0.07879328536620656,0.8490566037735849,0.1509433962264151,0.08948273929714089,0.9967401555559071,0.003259844444092857,1.034210240048247,0.9818085015532896,0.7526830547877954,0.2435332419336358,0.13611965592984143,0.8773584905660378,0.3608010000025388,110,1,0.5601792411710123,0.7849404407814342,0.003259844444092857,0.07176850398789456,0.01819149844671042,mild,110,0,0,mild,106,1.025063641393528,0.0,0
S6-dynamic-budget,1,Cold-RFOTO,0.34133830960382155,0.734604876835986,2.801676603926759,0.08208527614399985,0.8557692307692307,0.14423076923076922,0.1928993803332517,0.9959496834023145,0.004050316597685518,1.0367771992119255,0.9595842160781476,0.42634725121224787,0.2107503996117711,0.2052267443076836,0.8461538461538461,0.328347800001211,110,1,0.6780156632786966,0.7412584573011809,0.004050316597685518,0.21509277712462108,0.04041578392185241,mild,110,0,1,mild,104,0.9574889044485366,0.8942307692307693,0
S6-dynamic-budget,1,Warm-RFOTO,0.3415311400116357,0.7344560358521507,2.801676603926759,0.08206732215503182,0.8557692307692307,0.14423076923076922,0.19374209459506916,0.9961032832111198,0.003896716788880245,1.0362009831898116,0.9594329962601531,0.42634725121224787,0.2107503996117711,0.2056265272089294,0.8461538461538461,0.35195889999886276,110,1,0.6781762906431033,0.7414337231410161,0.003896716788880245,0.2156304598438175,0.040567003739846896,mild,110,0,1,mild,104,0.9574889044485366,0.8942307692307693,45
S6-dynamic-budget,2,Cold-RFOTO,0.28744867186289147,0.6038132275533452,1.749164191024863,0.08724673250845166,0.8673469387755102,0.1326530612244898,0.10091257463307018,0.9967322849593492,0.003267715040650739,1.048943531323465,0.9783800801450183,0.6114920787021717,0.3002611448232692,0.14865284962939893,0.826530612244898,0.36630419999710284,110,1,0.5983202831529572,0.6930882195880437,0.003267715040650739,0.12003534860027303,0.021619919854981684,mild,110,0,2,mild,98,0.9228733500923904,0.9285714285714286,0
S6-dynamic-budget,2,Warm-RFOTO,0.28885632874127576,0.6053960452002972,1.749164191024863,0.08718750916866132,0.8673469387755102,0.1326530612244898,0.10022823437108415,0.9962225270963107,0.003777472903689473,1.0544729277741485,0.9783077237066478,0.6114920787021717,0.3002611448232692,0.1489069000465963,0.8367346938775511,0.3604743000032613,110,1,0.6005930429962334,0.698618371846881,0.003777472903689473,0.11962390476177837,0.02169227629335224,mild,110,0,2,mild,98,0.9228733500923904,0.9285714285714286,41
S6-dynamic-budget,3,Cold-RFOTO,0.26227980340448165,0.5141994312598948,1.3968629589754298,0.0652633983389514,0.8969072164948454,0.10309278350515463,0.06054978065110006,0.9982815262576739,0.001718473742326236,1.036105760441399,0.986959986193177,0.6778160813298105,0.35427000971178585,0.1149447798410366,0.8350515463917526,0.379628299997421,110,1,0.5366613722791257,0.7090437874384691,0.001718473742326236,0.07783278159776474,0.013040013806822959,mild,110,0,3,mild,97,0.9701395076242834,0.8865979381443299,0
S6-dynamic-budget,3,Warm-RFOTO,0.26420075630762224,0.513967546561405,1.3541055017146413,0.06699236869228893,0.8969072164948454,0.10309278350515463,0.05806653960234641,0.9971412905604701,0.0028587094395300006,1.0429955088087364,0.9871233317792278,0.6722576342172824,0.35427000971178585,0.11421313286345958,0.845360824742268,0.35073320000083186,110,1,0.5369365162150432,0.7225594869200263,0.0028587094395300006,0.0763178483793427,0.012876668220772158,mild,110,0,3,mild,97,0.9701395076242834,0.8865979381443299,39
S6-dynamic-budget,4,Cold-RFOTO,0.24944152828862334,0.6243308638475159,1.4776325704128246,0.07343758271125853,0.8585858585858586,0.1414141414141414,0.09860631894565151,0.9977581178854295,0.0022418821145705897,1.0197797710630159,0.9796538861993084,0.6960005220942872,0.2588883206861139,0.14411341241788206,0.8282828282828283,0.3567230000044219,110,1,0.5279712003105557,0.6272310059930706,0.0022418821145705897,0.07945513527602403,0.020346113800691623,mild,110,0,4,mild,99,1.0514721095582276,0.8787878787878788,0
S6-dynamic-budget,4,Warm-RFOTO,0.24944152828862334,0.6243308638475159,1.4776325704128246,0.07343758271125853,0.8585858585858586,0.1414141414141414,0.09860631894565151,0.9977581178854295,0.0022418821145705897,1.0197797710630159,0.9796538861993084,0.6960005220942872,0.2588883206861139,0.14411341241788206,0.8282828282828283,0.3456268000009004,110,1,0.5279712003105557,0.6272310059930706,0.0022418821145705897,0.07945513527602403,0.020346113800691623,mild,110,0,4,mild,99,1.0514721095582276,0.8787878787878788,33
S6-dynamic-budget,5,Cold-RFOTO,0.23840231626834782,0.5760770233339503,1.1945304547866713,0.08337143036513536,0.9223300970873787,0.07766990291262135,0.03638404650694892,0.9966877237836058,0.0033122762163941737,1.0292493967366525,0.9921297919072045,0.8594352895108909,0.4195352779775488,0.08906536710365316,0.8446601941747572,0.4035567000028095,110,1,0.5351858465822826,0.6079930899442657,0.0033122762163941737,0.046255618695756714,0.007870208092795483,mild,110,0,5,mild,103,0.9655352085358186,0.8446601941747572,0
S6-dynamic-budget,5,Warm-RFOTO,0.24667261807495466,0.5935917220449773,1.3194011066815725,0.08249761522058686,0.912621359223301,0.08737864077669903,0.04832158031262187,0.9970082965171959,0.0029917034828040104,1.02982861665695,0.9892660717105515,0.8072159894807677,0.4195352779775488,0.10416523248357591,0.8349514563106796,0.3542812000014237,110,1,0.5564437739189791,0.598648284247918,0.0029917034828040104,0.06222400807217639,0.010733928289448524,mild,110,0,5,mild,103,0.9655352085358186,0.8446601941747572,37
S6-dynamic-budget,6,Cold-RFOTO,0.282021946517646,0.6151904240702908,1.603560422346039,0.08702728571949468,0.8673469387755102,0.1326530612244898,0.08038815195485328,0.9973607726272022,0.002639227372797607,1.0227477849082263,0.982262998456486,0.6313184761409799,0.3392934903898944,0.1343773924839661,0.8673469387755102,0.32727970000269124,110,1,0.5302809833550306,0.8479454318539308,0.002639227372797607,0.07628596077884836,0.017737001543513986,mild,110,0,6,mild,98,1.0073964070614798,0.9183673469387755,0
S6-dynamic-budget,6,Warm-RFOTO,0.2733046896585443,0.6191035753975717,1.9242359012104981,0.08230132954590635,0.8775510204081632,0.12244897959183673,0.08547439343456209,0.9975373652578199,0.0024626347421802387,1.0210580138321146,0.9807096300727116,0.5887268255130674,0.3392934903898944,0.14024909196167076,0.8571428571428571,0.3364374000011594,110,1,0.5294999206325118,0.7848985488942289,0.0024626347421802387,0.07923537891501085,0.019290369927288387,mild,110,0,6,mild,98,1.0073964070614798,0.9183673469387755,42
S6-dynamic-budget,7,Cold-RFOTO,0.30167108809279775,0.6183000415150633,2.0681602642800545,0.08034407949016491,0.8571428571428571,0.14285714285714285,0.09411029981641884,0.995750543704115,0.004249456295884865,1.0299469520078801,0.9790354660909808,0.5872721012845966,0.36016229964062546,0.14633337642373204,0.8673469387755102,0.34311290000187,110,1,0.6612136971050937,0.6012392264784107,0.004249456295884865,0.1687488339969317,0.0209645339090192,mild,110,0,7,mild,98,0.9619142911982999,0.8877551020408163,0
S6-dynamic-budget,7,Warm-RFOTO,0.30523063286930546,0.6238615503640517,2.0681602642800545,0.0822994633170961,0.8469387755102041,0.15306122448979592,0.09818548169227774,0.9961067938855165,0.0038932061144835955,1.0303550170328923,0.9783561739223029,0.5872721012845966,0.36016229964062546,0.14873683051992148,0.8571428571428571,0.3669090000039432,110,1,0.6676023362366756,0.6065182059554822,0.0038932061144835955,0.17330841112905176,0.021643826077697104,mild,110,0,7,mild,98,0.9619142911982999,0.8877551020408163,33
S6-dynamic-budget,8,Cold-RFOTO,0.30371765891667646,0.5970875649733816,1.405585421233792,0.07064418308370976,0.8526315789473684,0.14736842105263157,0.10096624868190748,0.998109107951078,0.0018908920489219615,1.0293865430165232,0.9780950534271649,0.6072505895681234,0.31730466514146793,0.14965132550341026,0.8315789473684211,0.31739329999982147,110,1,0.6818732458865396,0.5877797145224445,0.0018908920489219615,0.1656738794838608,0.02190494657283515,mild,110,0,8,mild,95,0.9777811595549077,0.8947368421052632,0
S6-dynamic-budget,8,Warm-RFOTO,0.3029824637995048,0.5953274320731762,1.405585421233792,0.07027163895490927,0.8526315789473684,0.14736842105263157,0.10096624868190748,0.9981089928351289,0.0018910071648711485,1.0294931758357344,0.9780950603056004,0.6072505895681234,0.31730466514146793,0.14965130148097575,0.8315789473684211,0.3166842999999062,110,1,0.6813572398358639,0.5837382772162626,0.0018910071648711485,0.1656738794838608,0.02190493969439955,mild,110,0,8,mild,95,0.9777811595549077,0.8947368421052632,35
S6-dynamic-budget,9,Cold-RFOTO,0.30615862063893257,0.6883861650654747,2.527991441662935,0.0643459354321716,0.8421052631578947,0.15789473684210525,0.1507867987106796,0.9970057615701295,0.0029942384298704853,1.0249621390127863,0.9696024981099525,0.5037259440220301,0.24995737770470242,0.17706066222505917,0.8315789473684211,0.3599534000022686,110,1,0.6704891680488587,0.5166976867415438,0.0029942384298704853,0.22349281058402046,0.03039750189004753,mild,110,0,9,mild,95,0.977325246196098,0.8631578947368421,0
S6-dynamic-budget,9,Warm-RFOTO,0.3068600970416025,0.6895666346754512,2.527991441662935,0.06451001321044159,0.8421052631578947,0.15789473684210525,0.1507867987106796,0.996995021784136,0.0030049782158640104,1.0252805754624434,0.9696032938769994,0.5037259440220301,0.24995737770470242,0.1770582719438652,0.8315789473684211,0.37808189999486785,110,1,0.6720343935311445,0.5187852963412556,0.0030049782158640104,0.22349281058402046,0.030396706123000605,mild,110,0,9,mild,95,0.977325246196098,0.8631578947368421,38
S6-dynamic-budget,10,Cold-RFOTO,0.26565967519703443,0.5473350547407825,1.4836681599868013,0.07097550111140485,0.8673469387755102,0.1326530612244898,0.08735987205100548,0.9977624011094819,0.0022375988905180043,1.0388102166962763,0.9807922820826999,0.6014986485776035,0.35972536486962475,0.1399424151265462,0.8367346938775511,0.35629250000056345,110,1,0.563700623479067,0.639502793496767,0.0022375988905180043,0.10192169134821608,0.019207717917300138,mild,110,0,10,mild,98,1.0418129056255185,0.8367346938775511,0
S6-dynamic-budget,10,Warm-RFOTO,0.26565967519703443,0.5473350547407825,1.4836681599868013,0.07097550111140485,0.8673469387755102,0.1326530612244898,0.08735987205100548,0.9977624011094819,0.0022375988905180043,1.0388102166962763,0.9807922820826999,0.6014986485776035,0.35972536486962475,0.1399424151265462,0.8367346938775511,0.3298122999985935,110,1,0.563700623479067,0.639502793496767,0.0022375988905180043,0.10192169134821608,0.019207717917300138,mild,110,0,10,mild,98,1.0418129056255185,0.8367346938775511,34
S6-dynamic-budget,11,Cold-RFOTO,0.30683178301532515,0.7197725951082568,1.756121153768794,0.06611046583528353,0.8737864077669902,0.1262135922330097,0.13371295915987558,0.9978999700390484,0.0021000299609517945,1.0299890657101642,0.9718942013798492,0.4507620430029651,0.24682561953961835,0.17005463345618005,0.8543689320388349,0.3269457999995211,110,1,0.6670431502208155,0.6112408333115887,0.0021000299609517945,0.17499597871267975,0.028105798620150835,mild,110,0,11,mild,103,1.0065728245612118,0.8446601941747572,0
S6-dynamic-budget,11,Warm-RFOTO,0.3132700168062258,0.7150148627256685,1.5019135054570056,0.06771277005951434,0.8737864077669902,0.1262135922330097,0.12735518235257404,0.9979028097655578,0.002097190234442427,1.0299388521020778,0.9736638108226155,0.4745937505407324,0.24682561953961835,0.16446441794322694,0.8640776699029126,0.32484850000037113,110,1,0.663954234718101,0.6672501855449757,0.002097190234442427,0.1712962554858319,0.02633618917738445,mild,110,0,11,mild,103,1.0065728245612118,0.8446601941747572,26
S6-dynamic-budget,12,Cold-RFOTO,0.24236783069086287,0.5701501641604245,1.8266479855965587,0.07467510792536466,0.8811881188118812,0.1188118811881188,0.07705531015407492,0.9988532051317857,0.001146794868214415,1.0313744739775805,0.9831819624799836,0.6456030972924174,0.31419636505700216,0.13078884584606176,0.8514851485148515,0.3350654999958351,110,1,0.581331555696282,0.47733388429272294,0.001146794868214415,0.0907311780849543,0.016818037520016427,mild,110,0,12,mild,101,1.0418924841246162,0.900990099009901,0
S6-dynamic-budget,12,Warm-RFOTO,0.24026459248340667,0.5658838879746428,1.4677367563687491,0.07382107475394571,0.8910891089108911,0.10891089108910891,0.07360967463976653,0.9988342247239538,0.0011657752760462511,1.032477006591871,0.9837232408962012,0.6456030972924174,0.31419636505700216,0.12863154974692262,0.8514851485148515,0.3298538000017288,110,1,0.5789283406241607,0.47155612743371667,0.0011657752760462511,0.08849767716611974,0.016276759103798777,mild,110,0,12,mild,101,1.0418924841246162,0.900990099009901,33
S6-dynamic-budget,13,Cold-RFOTO,0.25524100519144427,0.5254548611948274,1.486750051256895,0.05850287990799772,0.84375,0.15625,0.090987427077533,0.998676782374301,0.0013232176256990566,1.0254173692261632,0.9802962597828464,0.5652106200852298,0.4884345918267871,0.14177369672127157,0.84375,0.32742940000025555,110,1,0.6025393044587872,0.475728136791957,0.0013232176256990566,0.12010701600096424,0.019703740217153598,mild,110,0,13,mild,96,1.038591027166651,0.9375,0
S6-dynamic-budget,13,Warm-RFOTO,0.2584357184181153,0.5226630733235578,1.486750051256895,0.058427454486834195,0.84375,0.15625,0.10150769757311673,0.9986685638722284,0.001331436127771618,1.0256803555254723,0.9780589437210715,0.5635666876925862,0.3516132044429036,0.14977738756887848,0.8333333333333334,0.34189380000316305,110,1,0.6045993717433238,0.48178062316228587,0.001331436127771618,0.12584534536219172,0.021941056278928506,mild,110,0,13,mild,96,1.038591027166651,0.9375,36
S6-dynamic-budget,0,Cold-RFOTO,0.28710006446600056,0.6788253921815235,1.9231416786843099,0.07297064239961526,0.8736842105263158,0.12631578947368421,0.13643816219649552,0.9987926327283242,0.0012073672716759046,1.0393210758802724,0.972947506910917,0.4860562018945855,0.20007030109058843,0.16674735072826607,0.8421052631578947,0.3170313000009628,110,1,0.6191532481704881,0.6009135409684995,0.0012073672716759046,0.15150149544162395,0.027052493089082974,mild,110,1,0,mild,95,1.0493401166364347,0.0,0
S6-dynamic-budget,0,Warm-RFOTO,0.28710006446600056,0.6788253921815235,1.9231416786843099,0.07297064239961526,0.8736842105263158,0.12631578947368421,0.13643816219649552,0.9987926327283242,0.0012073672716759046,1.0393210758802724,0.972947506910917,0.4860562018945855,0.20007030109058843,0.16674735072826607,0.8421052631578947,0.35929720000422094,110,1,0.6191532481704881,0.6009135409684995,0.0012073672716759046,0.15150149544162395,0.027052493089082974,mild,110,1,0,mild,95,1.0493401166364347,0.0,0
S6-dynamic-budget,1,Cold-RFOTO,0.2903438359405873,0.6231867117510389,1.7330724097956174,0.07946389599717275,0.8673469387755102,0.1326530612244898,0.09764824384171292,0.9975213636850381,0.002478636314961788,1.0332681851932022,0.9796797143380176,0.6691537629313868,0.2611039986160771,0.14402001331898123,0.8061224489795918,0.341306500005885,110,1,0.6738975527591508,0.5549658879161279,0.002478636314961788,0.14032317780436293,0.020320285661982407,mild,110,1,1,mild,98,0.9363794191796171,0.8469387755102041,0
S6-dynamic-budget,1,Warm-RFOTO,0.28730335323888223,0.6233107450335116,1.7330724097956174,0.07972524776389794,0.8775510204081632,0.12244897959183673,0.09345174908131343,0.9972994950253787,0.0027005049746212447,1.0340885553625683,0.980446763003058,0.6691537629313868,0.2611039986160771,0.14122036303516763,0.8163265306122449,0.357447599999432,110,1,0.6665622097196643,0.5559074258061518,0.0027005049746212447,0.1352144015743114,0.019553236996942003,mild,110,1,1,mild,98,0.9363794191796171,0.8469387755102041,46
S6-dynamic-budget,2,Cold-RFOTO,0.3003193439404094,0.6013960195294247,1.5674997672832602,0.06601991404723755,0.8645833333333334,0.13541666666666666,0.10876183492896856,0.9975156676392011,0.0024843323607990596,1.0338820869739587,0.9763230640796501,0.6229428293501832,0.3403296776113632,0.1557277378370964,0.8645833333333334,0.3737447000021348,110,1,0.6597551499200565,0.6041342294628479,0.0024843323607990596,0.16284806072302316,0.023676935920349917,mild,110,1,2,mild,96,1.0785438050790386,0.8958333333333334,0
S6-dynamic-budget,2,Warm-RFOTO,0.2769059622848371,0.5832397461180318,1.259261584624527,0.06332959617786675,0.875,0.125,0.086248961711712,0.9971830003944563,0.0028169996055436575,1.0369095782809075,0.981264471175662,0.6328529254920002,0.3403296776113632,0.13817833035029048,0.875,0.33987509999860777,110,1,0.618352497566104,0.6001726305332006,0.0028169996055436575,0.11567285627428615,0.018735528824338044,mild,110,1,2,mild,96,1.0785438050790386,0.8958333333333334,39
S6-dynamic-budget,3,Cold-RFOTO,0.28991949999971584,0.6108697308136468,2.0250046544471543,0.07493138474449579,0.9,0.1,0.11133052192322623,0.9964378766744051,0.0035621233255949745,1.0353220652936506,0.9749918563651973,0.5542679129082864,0.28951485104171815,0.16015490102962981,0.91,0.3406461999984458,110,1,0.6192856439645879,0.6030385405236707,0.0035621233255949745,0.1607146468787154,0.02500814363480275,mild,110,1,3,mild,100,0.981398491926902,0.85,0
S6-dynamic-budget,3,Warm-RFOTO,0.28991949999971584,0.6108697308136468,2.0250046544471543,0.07493138474449579,0.9,0.1,0.11133052192322623,0.9964378766744051,0.0035621233255949745,1.0353220652936506,0.9749918563651973,0.5542679129082864,0.28951485104171815,0.16015490102962981,0.91,0.35675919999630423,110,1,0.6192856439645879,0.6030385405236707,0.0035621233255949745,0.1607146468787154,0.02500814363480275,mild,110,1,3,mild,100,0.981398491926902,0.85,34
S6-dynamic-budget,4,Cold-RFOTO,0.308285124922751,0.5799525700332473,1.4442435701211327,0.06482092617721287,0.8556701030927835,0.14432989690721648,0.11708505352464728,0.9986272463040416,0.0013727536959583931,1.0234490367605225,0.9747571513829177,0.5678662136476875,0.30378935319250916,0.1609240545795467,0.8247422680412371,0.3158889000042109,110,1,0.6761484992903644,0.6409715395922408,0.0013727536959583931,0.15616516451827922,0.02524284861708226,mild,110,1,4,mild,97,0.9684730321153925,0.8865979381443299,0
S6-dynamic-budget,4,Warm-RFOTO,0.2978813945488569,0.5741938728427645,1.2910992781186539,0.06607802557443708,0.8556701030927835,0.14432989690721648,0.09842510608850082,0.9986078992046142,0.0013921007953858846,1.0245776382704794,0.979574336403128,0.602209824232899,0.30378935319250916,0.14440072980017019,0.845360824742268,0.32835500000510365,110,1,0.6446395141743506,0.6749668956875486,0.0013921007953858846,0.12853684781411584,0.020425663596872035,mild,110,1,4,mild,97,0.9684730321153925,0.8865979381443299,32
S6-dynamic-budget,5,Cold-RFOTO,0.28903357373497524,0.6601738080666033,1.7913434447928263,0.08928960159400609,0.8602150537634409,0.13978494623655913,0.11667371112617438,0.9967244369662598,0.003275563033740127,1.0451010881931153,0.9753557656129374,0.6236619258654368,0.2748200904444996,0.15895571157548355,0.8602150537634409,0.30688519999966957,110,1,0.6124331140005355,0.6967050687040821,0.003275563033740127,0.10827114865768658,0.024644234387062647,mild,110,1,5,mild,93,1.025552370488734,0.8924731182795699,0
S6-dynamic-budget,5,Warm-RFOTO,0.3035123161503763,0.663091974338844,2.0807527218309017,0.07556907400712996,0.8602150537634409,0.13978494623655913,0.15535327674005917,0.9975427070584402,0.0024572929415598035,1.0364092126759703,0.9680847888217248,0.5465051259121595,0.22777630421537587,0.18156919290352266,0.8494623655913979,0.3479642000020249,110,1,0.6350584593029063,0.6243195472595688,0.0024572929415598035,0.18328411588264473,0.03191521117827523,mild,110,1,5,mild,93,1.025552370488734,0.8924731182795699,32
S6-dynamic-budget,6,Cold-RFOTO,0.29194993202779246,0.6256468198157291,2.1942406072167486,0.08691906702052347,0.8409090909090909,0.1590909090909091,0.11596369759775277,0.9969737431243314,0.003026256875668641,1.0359040306304872,0.9736879592947989,0.4985641791426102,0.32085736189303127,0.16438696085549792,0.8295454545454546,0.32730199999787146,110,1,0.6374082293356708,0.5991127445192835,0.003026256875668641,0.15271562214027312,0.0263120407052011,mild,110,1,6,mild,88,1.0491283033412055,0.9318181818181818,0
S6-dynamic-budget,6,Warm-RFOTO,0.28652741604449194,0.6183204888812347,1.9368703831498453,0.08450835983174551,0.8409090909090909,0.1590909090909091,0.10827970003093554,0.9964693543729282,0.003530645627071982,1.0389655877335178,0.9754321493553121,0.5459661548540897,0.32085736189303127,0.15870296802317632,0.8295454545454546,0.3322379000019282,110,1,0.6344806141031908,0.5770214835884724,0.003530645627071982,0.1478509330332234,0.024567850644687916,mild,110,1,6,mild,88,1.0491283033412055,0.9318181818181818,31
S6-dynamic-budget,7,Cold-RFOTO,0.25161347557654534,0.6163225181157741,1.9502073853651574,0.07870621327444863,0.8636363636363636,0.13636363636363635,0.07952345562704821,0.9973174363703522,0.0026825636296478124,1.025319551671932,0.982791041090401,0.6532718561198773,0.37609672705487124,0.13232646303449694,0.8409090909090909,0.32405699999799253,110,1,0.5497962983210262,0.588088744590053,0.0026825636296478124,0.09133293098164572,0.017208958909598948,mild,110,1,7,mild,88,1.0693702042318727,0.8863636363636364,0
S6-dynamic-budget,7,Warm-RFOTO,0.25164494360614886,0.6162885744169065,1.9502073853651574,0.0787343968725999,0.8636363636363636,0.13636363636363635,0.07952345562704821,0.9973220027361173,0.0026779972638827504,1.02531814980867,0.9827910565338437,0.6532718561198773,0.37609672705487124,0.13232640261944795,0.8409090909090909,0.33156569999846397,110,1,0.5497803624166158,0.58833119522589,0.0026779972638827504,0.09133293098164572,0.017208943466156312,mild,110,1,7,mild,88,1.0693702042318727,0.8863636363636364,33
S6-dynamic-budget,8,Cold-RFOTO,0.25100151345356825,0.5752986656298641,1.1840740457385306,0.05496015477545126,0.8735632183908046,0.12643678160919541,0.11537210954605079,0.9988014032019088,0.0011985967980913561,1.0187102705026938,0.9784330639856597,0.7114916837753408,0.23723654512910108,0.1484665664332227,0.8620689655172413,0.32840179999766406,110,1,0.5202053082891832,0.616044748172595,0.0011985967980913561,0.10027485757445548,0.021566936014340343,mild,110,1,8,mild,87,0.9324039633725538,0.8850574712643678,0
S6-dynamic-budget,8,Warm-RFOTO,0.25100151345356825,0.5752986656298641,1.1840740457385306,0.05496015477545126,0.8735632183908046,0.12643678160919541,0.11537210954605079,0.9988014032019088,0.0011985967980913561,1.0187102705026938,0.9784330639856597,0.7114916837753408,0.23723654512910108,0.1484665664332227,0.8620689655172413,0.26929959999688435,110,1,0.5202053082891832,0.616044748172595,0.0011985967980913561,0.10027485757445548,0.021566936014340343,mild,110,1,8,mild,87,0.9324039633725538,0.8850574712643678,23
S6-dynamic-budget,9,Cold-RFOTO,0.22072279898080013,0.5139154114768436,1.371332253934202,0.06125554713890315,0.9166666666666666,0.08333333333333333,0.07779292647922877,0.9970702880292587,0.002929711970741408,1.0272943329100321,0.9838279028368452,0.8955752795569079,0.2575662305232948,0.12821050274062118,0.8928571428571429,0.31692540000221925,110,1,0.4749703607225777,0.5564306110446411,0.002929711970741408,0.0620154406993522,0.01617209716315482,mild,110,1,9,mild,84,0.9529611234477032,0.8928571428571429,0
S6-dynamic-budget,9,Warm-RFOTO,0.20533554346250124,0.485093453630778,1.2746410266595494,0.059681935318608555,0.9285714285714286,0.07142857142857142,0.05822755875096946,0.9970948632834977,0.0029051367165021935,1.0268083606888458,0.9883685894370965,0.8977428851566122,0.2575662305232948,0.10848176069493151,0.9047619047619048,0.3034401000040816,110,1,0.4454668869205667,0.547292665096488,0.0029051367165021935,0.038196732160601723,0.01163141056290351,mild,110,1,9,mild,84,0.9529611234477032,0.8928571428571429,25
S6-dynamic-budget,10,Cold-RFOTO,0.22949194596327818,0.5391303687241192,1.9599754921294203,0.05610386178680301,0.8795180722891566,0.12048192771084337,0.0924200703933539,0.9966541700414013,0.003345829958598428,1.0283148402654059,0.9783173920881957,0.5676304155510269,0.44188134428397075,0.148872976349326,0.8313253012048193,0.2952122999995481,110,1,0.5301238241772119,0.468263262416251,0.003345829958598428,0.09119977351218894,0.02168260791180432,mild,110,1,10,mild,83,0.9695464400448957,0.8674698795180723,0
S6-dynamic-budget,10,Warm-RFOTO,0.22962770601522417,0.5382938930587382,1.730736332381346,0.05613577830443306,0.8795180722891566,0.12048192771084337,0.08988717692016159,0.9968246113699368,0.003175388630063108,1.0324706999346305,0.9790026921717789,0.5742993668156935,0.44188134428397075,0.14645016474309414,0.8313253012048193,0.2966366000036942,110,1,0.5300486766038947,0.4728209335366688,0.003175388630063108,0.08963089173401759,0.020997307828221068,mild,110,1,10,mild,83,0.9695464400448957,0.8674698795180723,24
S6-dynamic-budget,11,Cold-RFOTO,0.2919865138796994,0.6189867086233812,1.4993519684984429,0.08098319014809391,0.9024390243902439,0.0975609756097561,0.12392265058552701,0.9973069378783153,0.0026930621216848527,1.0360485072357086,0.9748050522429572,0.5948311518705363,0.22734001319155922,0.1607673471249204,0.8902439024390244,0.31584839999413816,110,1,0.59603779102859,0.6768953279148936,0.0026930621216848527,0.14849964938969817,0.025194947757042785,mild,110,1,11,mild,82,1.0309764383538569,0.8658536585365854,0
S6-dynamic-budget,11,Warm-RFOTO,0.291891142963189,0.6190666370255808,1.4993519684984429,0.08098179086537405,0.9024390243902439,0.0975609756097561,0.12392265058552701,0.9972956007719455,0.0027043992280544487,1.036108378524714,0.9748047979109086,0.5948311518705363,0.22734001319155922,0.16076817953378028,0.8902439024390244,0.29618979999941075,110,1,0.5960496258250809,0.6762244266701308,0.0027043992280544487,0.14849964938969817,0.02519520208909143,mild,110,1,11,mild,82,1.0309764383538569,0.8658536585365854,31
S6-dynamic-budget,12,Cold-RFOTO,0.2652619006188426,0.6196176345132575,2.379687473395169,0.05756946163972149,0.8705882352941177,0.12941176470588237,0.13839553566623924,0.9967968288264766,0.003203171173523455,1.0270508428868275,0.9698030707871507,0.41294475113475293,0.2872505314446391,0.17645729319622036,0.8235294117647058,0.2959891999998945,110,1,0.5721953570560467,0.5223940250873016,0.003203171173523455,0.15473513590041416,0.030196929212849333,mild,110,1,12,mild,85,1.0295772376117498,0.8588235294117647,0
S6-dynamic-budget,12,Warm-RFOTO,0.2652619006188426,0.6196176345132575,2.379687473395169,0.05756946163972149,0.8705882352941177,0.12941176470588237,0.13839553566623924,0.9967968288264766,0.003203171173523455,1.0270508428868275,0.9698030707871507,0.41294475113475293,0.2872505314446391,0.17645729319622036,0.8235294117647058,0.36794549999467563,110,1,0.5721953570560467,0.5223940250873016,0.003203171173523455,0.15473513590041416,0.030196929212849333,mild,110,1,12,mild,85,1.0295772376117498,0.8588235294117647,25
S6-dynamic-budget,13,Cold-RFOTO,0.2555683374919896,0.6105431426085782,2.874726289799546,0.06459249740044627,0.9058823529411765,0.09411764705882353,0.1532529541536715,0.9986333675741031,0.0013666324258967946,1.0207192446453168,0.9683468456966405,0.4079754827712252,0.22820001177611107,0.18079775203152293,0.8941176470588236,0.3818505999952322,110,1,0.5380378026566026,0.5100035234177935,0.0013666324258967946,0.1581482347379465,0.031653154303359465,mild,110,1,13,mild,85,0.9507528837928243,0.8588235294117647,0
S6-dynamic-budget,13,Warm-RFOTO,0.2555683374919896,0.6105431426085782,2.874726289799546,0.06459249740044627,0.9058823529411765,0.09411764705882353,0.1532529541536715,0.9986333675741031,0.0013666324258967946,1.0207192446453168,0.9683468456966405,0.4079754827712252,0.22820001177611107,0.18079775203152293,0.8941176470588236,0.3532150000028196,110,1,0.5380378026566026,0.5100035234177935,0.0013666324258967946,0.1581482347379465,0.031653154303359465,mild,110,1,13,mild,85,0.9507528837928243,0.8588235294117647,31
S6-dynamic-budget,0,Cold-RFOTO,0.286028815141496,0.7047551528597996,1.7531774254960057,0.08144955470493373,0.8679245283018868,0.1320754716981132,0.10272192071537084,0.996720544704033,0.0032794552959668844,1.0347085349826863,0.9785310213919618,0.7143197652463044,0.2435332419336358,0.1481215992831221,0.8679245283018868,0.8548554000008153,220,1,0.5803947583690208,0.7625763776310579,0.0032794552959668844,0.09066972421673188,0.021468978608038203,mild,220,0,0,mild,106,1.025063641393528,0.0,0
S6-dynamic-budget,0,Warm-RFOTO,0.2808868177308259,0.6996159610686219,1.7542716552073374,0.07973163729185596,0.8679245283018868,0.1320754716981132,0.10283981266679545,0.9970401209768278,0.0029598790231721976,1.0318800525596898,0.9784448500221871,0.7143197652463044,0.2435332419336358,0.14842509946307017,0.8490566037735849,0.7840847000043141,220,1,0.5755858647580806,0.7365256805675813,0.0029598790231721976,0.09074500461944879,0.021555149977812937,mild,220,0,0,mild,106,1.025063641393528,0.0,0
S6-dynamic-budget,1,Cold-RFOTO,0.341242537856608,0.7350428699702461,2.801676603926759,0.0820214410149246,0.8557692307692307,0.14423076923076922,0.19374209459506916,0.9960713202255571,0.003928679774442931,1.0361949181959564,0.9594316519717132,0.42634725121224787,0.2107503996117711,0.2056300782106704,0.8461538461538461,0.7671087000053376,220,1,0.6784645589785769,0.7389852999458526,0.003928679774442931,0.2156304598438175,0.040568348028286794,mild,220,0,1,mild,104,0.9574889044485366,0.8942307692307693,0
S6-dynamic-budget,1,Warm-RFOTO,0.3410691290630902,0.7329434820824585,2.801676603926759,0.08181327328220225,0.8557692307692307,0.14423076923076922,0.19374209459506916,0.9962578248480735,0.003742175151926667,1.0358147591004963,0.9594320802117805,0.42634725121224787,0.2107503996117711,0.2056289469997761,0.8461538461538461,0.7508877000000211,220,1,0.6777777984079663,0.7392229433435067,0.003742175151926667,0.2156304598438175,0.0405679197882195,mild,220,0,1,mild,104,0.9574889044485366,0.8942307692307693,45
S6-dynamic-budget,2,Cold-RFOTO,0.28885632874127576,0.6053960452002972,1.749164191024863,0.08718750916866132,0.8673469387755102,0.1326530612244898,0.10022823437108415,0.9962225270963107,0.003777472903689473,1.0544729277741485,0.9783077237066478,0.6114920787021717,0.3002611448232692,0.1489069000465963,0.8367346938775511,0.7323863999990863,220,1,0.6005930429962334,0.698618371846881,0.003777472903689473,0.11962390476177837,0.02169227629335224,mild,220,0,2,mild,98,0.9228733500923904,0.9285714285714286,0
S6-dynamic-budget,2,Warm-RFOTO,0.28885632874127576,0.6053960452002972,1.749164191024863,0.08718750916866132,0.8673469387755102,0.1326530612244898,0.10022823437108415,0.9962225270963107,0.003777472903689473,1.0544729277741485,0.9783077237066478,0.6114920787021717,0.3002611448232692,0.1489069000465963,0.8367346938775511,0.7024884000056772,220,1,0.6005930429962334,0.698618371846881,0.003777472903689473,0.11962390476177837,0.02169227629335224,mild,220,0,2,mild,98,0.9228733500923904,0.9285714285714286,41
S6-dynamic-budget,3,Cold-RFOTO,0.23868866273993464,0.49442280025283525,1.308957468567283,0.06741796773741,0.8969072164948454,0.10309278350515463,0.03781140681987639,0.9966714154749278,0.003328584525072199,1.0460071875927286,0.9919034164038885,0.7635508398221365,0.5299325129939924,0.09034751442826658,0.8556701030927835,0.6458486999981687,220,1,0.4835570940857082,0.7235107841638081,0.003328584525072199,0.02957026859802097,0.00809658359611154,mild,220,0,3,mild,97,0.9701395076242834,0.8865979381443299,0
S6-dynamic-budget,3,Warm-RFOTO,0.237999776956682,0.4912390439703692,1.2610616533372494,0.06784938274317676,0.8865979381443299,0.1134020618556701,0.039006075967080674,0.9969389450143674,0.003061054985632463,1.0448724969281473,0.991625047822017,0.7331156083711272,0.5299325129939924,0.09190040468236188,0.8556701030927835,0.6672443999996176,220,1,0.4830245144049883,0.71866947702034,0.003061054985632463,0.030299091914239937,0.008374952177983008,mild,220,0,3,mild,97,0.9701395076242834,0.8865979381443299,40
S6-dynamic-budget,4,Cold-RFOTO,0.24914305101252418,0.6236919086437553,1.4776325704128246,0.07331188583660052,0.8585858585858586,0.1414141414141414,0.09860631894565151,0.9977703913872672,0.0022296086127326213,1.0197858438911096,0.9796538093616162,0.6960005220942872,0.2588883206861139,0.1441136901935502,0.8282828282828283,0.6241518999959226,220,1,0.5275883219021126,0.6258955759979065,0.0022296086127326213,0.07945513527602403,0.020346190638383832,mild,220,0,4,mild,99,1.0514721095582276,0.8787878787878788,0
S6-dynamic-budget,4,Warm-RFOTO,0.24944152828862334,0.6243308638475159,1.4776325704128246,0.07343758271125853,0.8585858585858586,0.1414141414141414,0.09860631894565151,0.9977581178854295,0.0022418821145705897,1.0197797710630159,0.9796538861993084,0.6960005220942872,0.2588883206861139,0.14411341241788206,0.8282828282828283,0.6128202000036254,220,1,0.5279712003105557,0.6272310059930706,0.0022418821145705897,0.07945513527602403,0.020346113800691623,mild,220,0,4,mild,99,1.0514721095582276,0.8787878787878788,34
S6-dynamic-budget,5,Cold-RFOTO,0.24593826756280654,0.5919314770616986,1.3196126947784017,0.08228833155818555,0.912621359223301,0.08737864077669903,0.04832158031262187,0.9970183185367194,0.0029816814632804447,1.0299668750644544,0.9892661629820745,0.8072159894807677,0.4195352779775488,0.10416478481441309,0.8349514563106796,0.7042364000008092,220,1,0.5555968607406161,0.5951775900950899,0.0029816814632804447,0.06222400807217639,0.010733837017925518,mild,220,0,5,mild,103,0.9655352085358186,0.8446601941747572,0
S6-dynamic-budget,5,Warm-RFOTO,0.2463155828845286,0.5933988898411041,1.3194011066815725,0.08233647489964988,0.912621359223301,0.08737864077669903,0.04832158031262187,0.9970336330232609,0.002966366976738964,1.029683837463057,0.9892655964329676,0.8072159894807677,0.4195352779775488,0.10416756359841171,0.8349514563106796,0.7203587000039988,220,1,0.5560913619314688,0.5968887096880975,0.002966366976738964,0.06222400807217639,0.010734403567032369,mild,220,0,5,mild,103,0.9655352085358186,0.8446601941747572,37
S6-dynamic-budget,6,Cold-RFOTO,0.2831832304428983,0.616926419292315,1.603560422346039,0.08764466618535273,0.8775510204081632,0.12244897959183673,0.08052387135307018,0.9969908644303853,0.0030091355696146237,1.023200922392061,0.98212158316721,0.6313184761409799,0.3392934903898944,0.13492173015133319,0.8673469387755102,0.659493699997256,220,1,0.5297145910612747,0.8558655169776764,0.0030091355696146237,0.0763646619683469,0.01787841683279001,mild,220,0,6,mild,98,1.0073964070614798,0.9183673469387755,0
S6-dynamic-budget,6,Warm-RFOTO,0.27016282860950025,0.6159692650821652,1.6670718151326362,0.08344764118683357,0.8775510204081632,0.12244897959183673,0.07956730879915128,0.9972620175116301,0.0027379824883699186,1.0201275432024421,0.9824145847054276,0.6313184761409799,0.3392934903898944,0.13379162045909482,0.8571428571428571,0.6937933000008343,220,1,0.5273239664719707,0.7746262398480799,0.0027379824883699186,0.07580996888974306,0.01758541529457236,mild,220,0,6,mild,98,1.0073964070614798,0.9183673469387755,41
S6-dynamic-budget,7,Cold-RFOTO,0.29092349226189224,0.6187850298073638,1.8307619439675515,0.08317947394059444,0.8367346938775511,0.16326530612244897,0.08864359922763707,0.9960345863705748,0.003965413629425197,1.0310499833314173,0.9809939125332687,0.7027244450960458,0.36016229964062546,0.1391916572161449,0.8673469387755102,0.7204695000036736,220,1,0.6365128801238398,0.6138971003590329,0.003965413629425197,0.14426684532473077,0.01900608746673127,mild,220,0,7,mild,98,0.9619142911982999,0.8877551020408163,0
S6-dynamic-budget,7,Warm-RFOTO,0.3047494530952345,0.6206681890702916,1.8312215175511852,0.08187342633766809,0.8469387755102041,0.15306122448979592,0.09532629552839715,0.995919392259609,0.004080607740391054,1.031111917284306,0.9789538028534873,0.5872721012845966,0.36016229964062546,0.14662422115801796,0.8571428571428571,0.7084544999961508,220,1,0.6667503502747342,0.6079083829904446,0.004080607740391054,0.17161022783171664,0.02104619714651268,mild,220,0,7,mild,98,0.9619142911982999,0.8877551020408163,33
S6-dynamic-budget,8,Cold-RFOTO,0.30371765891667646,0.5970875649733816,1.405585421233792,0.07064418308370976,0.8526315789473684,0.14736842105263157,0.10096624868190748,0.998109107951078,0.0018908920489219615,1.0293865430165232,0.9780950534271649,0.6072505895681234,0.31730466514146793,0.14965132550341026,0.8315789473684211,0.7450787999987369,220,1,0.6818732458865396,0.5877797145224445,0.0018908920489219615,0.1656738794838608,0.02190494657283515,mild,220,0,8,mild,95,0.9777811595549077,0.8947368421052632,0
S6-dynamic-budget,8,Warm-RFOTO,0.302515498403713,0.5956496510764152,1.4285406387776234,0.06958737335961486,0.8631578947368421,0.1368421052631579,0.1035746207901365,0.9981371734076202,0.001862826592379969,1.0286505004580728,0.977341783355048,0.558161843211797,0.31730466514146793,0.15226133363872663,0.8210526315789474,0.7616983999978402,220,1,0.6809694281648924,0.5782092776310376,0.001862826592379969,0.1670818076104617,0.022658216644952045,mild,220,0,8,mild,95,0.9777811595549077,0.8947368421052632,34
S6-dynamic-budget,9,Cold-RFOTO,0.24307720087798282,0.6303329353194402,1.5366164867686247,0.06611129919038264,0.8631578947368421,0.1368421052631579,0.09270448141672229,0.9966120570870977,0.003387942912902301,1.029080465988378,0.9812859238495689,0.7389139925742616,0.24995737770470242,0.138097689221678,0.8526315789473684,0.7494035000054282,220,1,0.5354899681613438,0.5441322274841667,0.003387942912902301,0.09640069883950707,0.01871407615043108,mild,220,0,9,mild,95,0.977325246196098,0.8631578947368421,0
S6-dynamic-budget,9,Warm-RFOTO,0.24472675384592033,0.637568720598576,2.1092771334885962,0.06688062312779947,0.8631578947368421,0.1368421052631579,0.0979057392030121,0.9969272644143293,0.0030727355856706366,1.0262033213580535,0.9801104516989622,0.6400314514967304,0.24995737770470242,0.14245409889412036,0.8526315789473684,0.6891564999968978,220,1,0.5359208543812309,0.548572374011682,0.0030727355856706366,0.09945081914628195,0.01988954830103784,mild,220,0,9,mild,95,0.977325246196098,0.8631578947368421,35
S6-dynamic-budget,10,Cold-RFOTO,0.2654554289834008,0.5427598577717516,1.2922090874852035,0.06936688262479619,0.8775510204081632,0.12244897959183673,0.08610829936973474,0.9977769367377619,0.002223063262238073,1.0388779051079249,0.9807443029500766,0.587298028964799,0.35972536486962475,0.14012051513096863,0.8367346938775511,0.7449544999981299,220,1,0.5634677429242569,0.6384828914591628,0.002223063262238073,0.10193236929410421,0.01925569704992336,mild,220,0,10,mild,98,1.0418129056255185,0.8367346938775511,0
S6-dynamic-budget,10,Warm-RFOTO,0.2590465025218614,0.5436874764025655,1.42973409355192,0.06868466304264888,0.8775510204081632,0.12244897959183673,0.08211316810192903,0.9973933497684664,0.002606650231533496,1.0408585846799443,0.9819259905566278,0.6377628550818503,0.35972536486962475,0.13567126509140018,0.8367346938775511,0.6640399000025354,220,1,0.5606688313524057,0.6115628275494145,0.002606650231533496,0.09564975635414101,0.01807400944337223,mild,220,0,10,mild,98,1.0418129056255185,0.8367346938775511,35
S6-dynamic-budget,11,Cold-RFOTO,0.3123753278384417,0.7138001618425104,1.5019135054570056,0.06755500674641783,0.8737864077669902,0.1262135922330097,0.12575942918575245,0.9978605995627542,0.002139400437245885,1.0301524368312183,0.9738955773241231,0.4767931901685068,0.24682561953961835,0.1637196658573737,0.8640776699029126,0.6137560999995912,220,1,0.6631799773175876,0.6642991778672501,0.002139400437245885,0.17036765336050635,0.02610442267587687,mild,220,0,11,mild,103,1.0065728245612118,0.8446601941747572,0
S6-dynamic-budget,11,Warm-RFOTO,0.3049050997327549,0.6931507296806749,1.478050122883696,0.06551102944925222,0.883495145631068,0.11650485436893204,0.1248559635107462,0.997636270656627,0.002363729343373267,1.0324886678924445,0.9740256543314878,0.4767931901685068,0.24682561953961835,0.16330034794504958,0.8640776699029126,0.6649887000021408,220,1,0.6535389611630411,0.631273231823264,0.002363729343373267,0.16984190779821456,0.0259743456685122,mild,220,0,11,mild,103,1.0065728245612118,0.8446601941747572,28
S6-dynamic-budget,12,Cold-RFOTO,0.24025309098301786,0.5659090456151215,1.4677367563687491,0.07381319187457518,0.8910891089108911,0.10891089108910891,0.07360967463976653,0.9988330936942837,0.0011669063057161873,1.0324836773519062,0.9837232313532553,0.6456030972924174,0.31419636505700216,0.1286315880787056,0.8514851485148515,0.6406311000027927,220,1,0.5789313944901154,0.4714728434053609,0.0011669063057161873,0.08849767716611974,0.016276768646744655,mild,220,0,12,mild,101,1.0418924841246162,0.900990099009901,0
S6-dynamic-budget,12,Warm-RFOTO,0.23990195040259354,0.564426426527615,1.4677367563687491,0.07363820810596938,0.8910891089108911,0.10891089108910891,0.07360967463976653,0.9988697057825958,0.0011302942174041314,1.0318933705685582,0.9837224027496191,0.6456030972924174,0.31419636505700216,0.12863491634525281,0.8514851485148515,0.7363171999968472,220,1,0.578131363307412,0.47051327902115114,0.0011302942174041314,0.08849767716611974,0.016277597250380915,mild,220,0,12,mild,101,1.0418924841246162,0.900990099009901,33
S6-dynamic-budget,13,Cold-RFOTO,0.250310456135174,0.5453858230132265,1.3588512446435674,0.06459663942888648,0.8541666666666666,0.14583333333333334,0.08025642999490433,0.9984267027306473,0.0015732972693526086,1.0296561358484089,0.982465302282089,0.5866948951288802,0.4906253154627114,0.13359510051302623,0.84375,0.6387621999965631,220,1,0.6056148092243464,0.4846084739062099,0.0015732972693526086,0.09308247452639495,0.017534697717911052,mild,220,0,13,mild,96,1.038591027166651,0.9375,0
S6-dynamic-budget,13,Warm-RFOTO,0.24385626298393376,0.5236572619797832,1.3347737872318788,0.057551296155149916,0.8541666666666666,0.14583333333333334,0.09526819354252021,0.9986261776557419,0.0013738223442580633,1.0279905546229615,0.9793274678417435,0.584722117533895,0.3516132044429036,0.14528904539250934,0.84375,0.6645600000047125,220,1,0.5799499871226448,0.4569092020797303,0.0013738223442580633,0.10782696639489188,0.020672532158256485,mild,220,0,13,mild,96,1.038591027166651,0.9375,35
S6-dynamic-budget,0,Cold-RFOTO,0.28710006446600056,0.6788253921815235,1.9231416786843099,0.07297064239961526,0.8736842105263158,0.12631578947368421,0.13643816219649552,0.9987926327283242,0.0012073672716759046,1.0393210758802724,0.972947506910917,0.4860562018945855,0.20007030109058843,0.16674735072826607,0.8421052631578947,0.6084606000003987,220,1,0.6191532481704881,0.6009135409684995,0.0012073672716759046,0.15150149544162395,0.027052493089082974,mild,220,1,0,mild,95,1.0493401166364347,0.0,0
S6-dynamic-budget,0,Warm-RFOTO,0.2844224759662881,0.6726455566060127,1.9887598766675914,0.07131026097840668,0.8736842105263158,0.12631578947368421,0.13657757499819076,0.9988663599170553,0.0011336400829446524,1.036988185093198,0.9727997910575109,0.4860562018945855,0.20007030109058843,0.1672146737160304,0.8315789473684211,0.6690707000016118,220,1,0.6170555606643021,0.5850954843453796,0.0011336400829446524,0.15235001516177354,0.02720020894248909,mild,220,1,0,mild,95,1.0493401166364347,0.0,0
S6-dynamic-budget,1,Cold-RFOTO,0.28702922916991574,0.6713210537306389,1.7429505719326377,0.09459004501791907,0.8163265306122449,0.1836734693877551,0.10199054023993431,0.9973968350231451,0.0026031649768547675,1.0393957414577315,0.9782285745522501,0.5892900072083485,0.34386174933370867,0.14918434780950007,0.7857142857142857,0.6733300999985659,220,1,0.6485835238765184,0.6611782958627244,0.0026031649768547675,0.08768102803537622,0.021771425447749904,mild,220,1,1,mild,98,0.9363794191796171,0.8469387755102041,0
S6-dynamic-budget,1,Warm-RFOTO,0.28470396382392343,0.6280242785718941,1.7330724097956174,0.08111234025185127,0.8877551020408163,0.11224489795918367,0.08885192635321226,0.9971962453271558,0.0028037546728442208,1.033824389171131,0.9813208915308831,0.6691537629313868,0.2611039986160771,0.13796615138469182,0.826530612244898,0.6789929000005941,220,1,0.6607173381490685,0.5583890515721668,0.0028037546728442208,0.12961461738357952,0.018679108469116912,mild,220,1,1,mild,98,0.9363794191796171,0.8469387755102041,46
S6-dynamic-budget,2,Cold-RFOTO,0.2779282064477493,0.5892984482476836,1.4854549704534679,0.06388569846715847,0.875,0.125,0.09009541220836526,0.9974478829483906,0.0025521170516094823,1.0359572896744955,0.9804678895024029,0.6328529254920002,0.3403296776113632,0.14114253025830623,0.875,0.7003913000007742,220,1,0.6179085347261477,0.6033889850077495,0.0025521170516094823,0.11800994012035394,0.019532110497597066,mild,220,1,2,mild,96,1.0785438050790386,0.8958333333333334,0
S6-dynamic-budget,2,Warm-RFOTO,0.2996380741924375,0.6006550498384314,1.5674997672832602,0.06592103902051123,0.875,0.125,0.1084304957629531,0.9974663931885451,0.0025336068114548507,1.0347022175915346,0.9763185672730903,0.6229428293501832,0.3403296776113632,0.1557428839788926,0.8645833333333334,0.6931134999977075,220,1,0.6592617815014328,0.6006800490993144,0.0025336068114548507,0.16264674072341884,0.0236814327269097,mild,220,1,2,mild,96,1.0785438050790386,0.8958333333333334,39
S6-dynamic-budget,3,Cold-RFOTO,0.28991949999971584,0.6108697308136468,2.0250046544471543,0.07493138474449579,0.9,0.1,0.11133052192322623,0.9964378766744051,0.0035621233255949745,1.0353220652936506,0.9749918563651973,0.5542679129082864,0.28951485104171815,0.16015490102962981,0.91,0.6718153000038001,220,1,0.6192856439645879,0.6030385405236707,0.0035621233255949745,0.1607146468787154,0.02500814363480275,mild,220,1,3,mild,100,0.981398491926902,0.85,0
S6-dynamic-budget,3,Warm-RFOTO,0.28751767903361414,0.6081519692049691,2.0250046544471543,0.0734834255926976,0.9,0.1,0.11267154787047598,0.9974738486513374,0.0025261513486628073,1.0274446104685246,0.9748692346777357,0.5542679129082864,0.28951485104171815,0.1605571589868212,0.9,0.692749100002402,220,1,0.6173534986495952,0.5902425809262497,0.0025261513486628073,0.16147228865682262,0.025130765322264326,mild,220,1,3,mild,100,0.981398491926902,0.85,33
S6-dynamic-budget,4,Cold-RFOTO,0.2881072554445231,0.5679621195165654,1.2889778821434963,0.06445008511931159,0.865979381443299,0.13402061855670103,0.08953248185598933,0.9986350152400468,0.001364984759953269,1.0251262954533003,0.981568933846827,0.7145252433954167,0.30378935319250916,0.13702973775460528,0.845360824742268,0.6080551000050036,220,1,0.6382454762811235,0.6306157153761037,0.001364984759953269,0.12366348877144001,0.018431066153173026,mild,220,1,4,mild,97,0.9684730321153925,0.8865979381443299,0
S6-dynamic-budget,4,Warm-RFOTO,0.3051079994689372,0.566524096682389,1.3179449184734842,0.06524485136299885,0.845360824742268,0.15463917525773196,0.10089384958606572,0.9986228644919918,0.0013771355080083817,1.0250326375738,0.9791363490653905,0.5967235157712637,0.30378935319250916,0.1459733474314586,0.8350515463917526,0.6607634000029066,220,1,0.6670735490881085,0.6540775516057422,0.0013771355080083817,0.14729201885702264,0.020863650934609512,mild,220,1,4,mild,97,0.9684730321153925,0.8865979381443299,33
S6-dynamic-budget,5,Cold-RFOTO,0.3012793987745354,0.660918847081541,2.0807527218309017,0.07519416919091579,0.8924731182795699,0.10752688172043011,0.15273141360897563,0.9975713419071351,0.002428658092864842,1.0359305142610005,0.9682781520783839,0.5465051259121595,0.22777630421537587,0.1810002492928811,0.8494623655913979,0.6750963000013144,220,1,0.6324422484093629,0.6168672055823955,0.002428658092864842,0.18157898811207993,0.03172184792161614,mild,220,1,5,mild,93,1.025552370488734,0.8924731182795699,0
S6-dynamic-budget,5,Warm-RFOTO,0.29515021528599256,0.6518978442837071,1.604507063591605,0.07427360880610799,0.8709677419354839,0.12903225806451613,0.14285611192869113,0.997209378811948,0.0027906211880519035,1.0406326024577175,0.9710337507864502,0.6142344679450095,0.22777630421537587,0.17271456727041223,0.8602150537634409,0.6503955000007409,220,1,0.619811341057349,0.6235803520937924,0.0027906211880519035,0.16702906235177445,0.028966249213549844,mild,220,1,5,mild,93,1.025552370488734,0.8924731182795699,32
S6-dynamic-budget,6,Cold-RFOTO,0.2911492854559896,0.6247491296255845,2.1942406072167486,0.08652628014018192,0.8409090909090909,0.1590909090909091,0.115246409732291,0.9969567603814937,0.003043239618506215,1.0360642018969521,0.9738404468403578,0.4985641791426102,0.32085736189303127,0.16389709521861817,0.8295454545454546,0.689312799993786,220,1,0.6369548320834558,0.5954174571882551,0.003043239618506215,0.1522615118369592,0.026159553159642246,mild,220,1,6,mild,88,1.0491283033412055,0.9318181818181818,0
S6-dynamic-budget,6,Warm-RFOTO,0.29038580968683986,0.6234864117545174,2.1942406072167486,0.08625861878571633,0.8409090909090909,0.1590909090909091,0.11399440465213723,0.9969435707491598,0.003056429250840198,1.0361827169475042,0.9741287437060059,0.4985641791426102,0.32085736189303127,0.16296734115899794,0.8295454545454546,0.7293188999974518,220,1,0.6363639024907142,0.5929042725872584,0.003056429250840198,0.15146887552722155,0.025871256293994116,mild,220,1,6,mild,88,1.0491283033412055,0.9318181818181818,30
S6-dynamic-budget,7,Cold-RFOTO,0.2506774159889166,0.6127054768377971,1.9502073853651574,0.07722767921842653,0.875,0.125,0.07992732726789388,0.9979168441682902,0.0020831558317098166,1.0224131112196002,0.9826326018889542,0.6532718561198773,0.37609672705487124,0.13294493477579536,0.8409090909090909,0.676779000001261,220,1,0.5494410776618441,0.58269651330902,0.0020831558317098166,0.09156371477641467,0.017367398111045818,mild,220,1,7,mild,88,1.0693702042318727,0.8863636363636364,0
S6-dynamic-budget,7,Warm-RFOTO,0.25154330472958375,0.6153038035553994,1.9502073853651574,0.07866644972229256,0.8636363636363636,0.13636363636363635,0.07952345562704821,0.9973163199753011,0.002683680024698805,1.02536523627121,0.982791276370587,0.6532718561198773,0.37609672705487124,0.1323255426110275,0.8409090909090909,0.691901099999086,220,1,0.5494323375682495,0.5882262869517215,0.002683680024698805,0.09133293098164572,0.017208723629412948,mild,220,1,7,mild,88,1.0693702042318727,0.8863636363636364,33
S6-dynamic-budget,8,Cold-RFOTO,0.2501316526063827,0.576279206447991,1.1840740457385306,0.05464426261197724,0.8735632183908046,0.12643678160919541,0.11537210954605079,0.998799361737464,0.001200638262536082,1.0187931135394444,0.9784331510821147,0.7114916837753408,0.23723654512910108,0.148466260039411,0.8620689655172413,0.6633794000008493,220,1,0.5213812471369486,0.6082831429222781,0.001200638262536082,0.10027485757445548,0.021566848917885295,mild,220,1,8,mild,87,0.9324039633725538,0.8850574712643678,0
S6-dynamic-budget,8,Warm-RFOTO,0.25100151345356825,0.5752986656298641,1.1840740457385306,0.05496015477545126,0.8735632183908046,0.12643678160919541,0.11537210954605079,0.9988014032019088,0.0011985967980913561,1.0187102705026938,0.9784330639856597,0.7114916837753408,0.23723654512910108,0.1484665664332227,0.8620689655172413,0.616758199998003,220,1,0.5202053082891832,0.616044748172595,0.0011985967980913561,0.10027485757445548,0.021566936014340343,mild,220,1,8,mild,87,0.9324039633725538,0.8850574712643678,23
S6-dynamic-budget,9,Cold-RFOTO,0.20524204137399818,0.48528776767526466,1.2746410266595494,0.05960193705150853,0.9285714285714286,0.07142857142857142,0.05822755875096946,0.997168129967856,0.002831870032144,1.0264176556178704,0.9883730333878918,0.8981815235954316,0.2575662305232948,0.10846079135914337,0.9047619047619048,0.659316299999773,220,1,0.44596436237504444,0.5459423249456107,0.002831870032144,0.038196732160601723,0.011626966612108158,mild,220,1,9,mild,84,0.9529611234477032,0.8928571428571429,0
S6-dynamic-budget,9,Warm-RFOTO,0.20532095932255798,0.4855039032514411,1.2746410266595494,0.05970103698768142,0.9285714285714286,0.07142857142857142,0.05822755875096946,0.9970955592780196,0.0029044407219803526,1.0268054000239095,0.9883686334879501,0.8977470541401752,0.2575662305232948,0.10848155285445327,0.9047619047619048,0.6382597000047099,220,1,0.44558013650181605,0.5470076602383331,0.0029044407219803526,0.038196732160601723,0.011631366512049879,mild,220,1,9,mild,84,0.9529611234477032,0.8928571428571429,25
S6-dynamic-budget,10,Cold-RFOTO,0.22985223814589278,0.5390820822532729,1.9392944639306644,0.05545302596462037,0.8795180722891566,0.12048192771084337,0.09219156300656578,0.9969319138523489,0.0030680861476509538,1.0328422965289963,0.9783720583510088,0.5679234295288167,0.44188134428397075,0.14868103446192452,0.8313253012048193,0.25962360000266926,220,1,0.5299124235110615,0.4716784330171557,0.0030680861476509538,0.09105823535470078,0.021627941648991178,mild,220,1,10,mild,83,0.9695464400448957,0.8674698795180723,0
S6-dynamic-budget,10,Warm-RFOTO,0.22924899959068878,0.5275736650638727,1.47726938649233,0.05575125425886068,0.8795180722891566,0.12048192771084337,0.07865964421227806,0.9967577928270228,0.003242207172977046,1.0327360785643886,0.9818786766724712,0.5790560402394257,0.47360793710047216,0.13585200121722568,0.8313253012048193,0.22496330000285525,220,1,0.5288387489925886,0.48669027529256004,0.003242207172977046,0.08267652445973153,0.018121323327528804,mild,220,1,10,mild,83,0.9695464400448957,0.8674698795180723,24
S6-dynamic-budget,11,Cold-RFOTO,0.2658577230725827,0.6197390642160854,1.4993519684984429,0.07958332220729666,0.9146341463414634,0.08536585365853659,0.1115586122130056,0.9973310329553562,0.002668967044643678,1.0342509663326558,0.9776627150103739,0.6819926756457445,0.22734001319155922,0.15115435560440454,0.8902439024390244,0.31548089999705553,220,1,0.5472350108152153,0.6461153310898947,0.002668967044643678,0.11298913819168808,0.02233728498962606,mild,220,1,11,mild,82,1.0309764383538569,0.8658536585365854,0
S6-dynamic-budget,11,Warm-RFOTO,0.28995062931154736,0.6188452186853346,1.4993519684984429,0.08066151660414483,0.9024390243902439,0.0975609756097561,0.12428207458319036,0.9976105754893285,0.002389424510671538,1.0359354255108242,0.9747121594553346,0.5948311518705363,0.22734001319155922,0.16107112062742787,0.8902439024390244,0.7403439000045182,220,1,0.5948491441657243,0.6652492228783494,0.002389424510671538,0.14871959541811902,0.025287840544665374,mild,220,1,11,mild,82,1.0309764383538569,0.8658536585365854,30
S6-dynamic-budget,12,Cold-RFOTO,0.26411425890065093,0.61671381039654,2.379687473395169,0.057317676951246226,0.8705882352941177,0.12941176470588237,0.13839553566623924,0.9967965363328181,0.003203463667181924,1.0271203874156707,0.9698030885873281,0.41294475113475293,0.2872505314446391,0.17645723956870474,0.8235294117647058,0.6507416000022204,220,1,0.5702961856546542,0.5179079937769777,0.003203463667181924,0.15473513590041416,0.03019691141267189,mild,220,1,12,mild,85,1.0295772376117498,0.8588235294117647,0
S6-dynamic-budget,12,Warm-RFOTO,0.2652619006188426,0.6196176345132575,2.379687473395169,0.05756946163972149,0.8705882352941177,0.12941176470588237,0.13839553566623924,0.9967968288264766,0.003203171173523455,1.0270508428868275,0.9698030707871507,0.41294475113475293,0.2872505314446391,0.17645729319622036,0.8235294117647058,0.6920724000010523,220,1,0.5721953570560467,0.5223940250873016,0.003203171173523455,0.15473513590041416,0.030196929212849333,mild,220,1,12,mild,85,1.0295772376117498,0.8588235294117647,24
S6-dynamic-budget,13,Cold-RFOTO,0.2555683374919896,0.6105431426085782,2.874726289799546,0.06459249740044627,0.9058823529411765,0.09411764705882353,0.1532529541536715,0.9986333675741031,0.0013666324258967946,1.0207192446453168,0.9683468456966405,0.4079754827712252,0.22820001177611107,0.18079775203152293,0.8941176470588236,0.618689800001448,220,1,0.5380378026566026,0.5100035234177935,0.0013666324258967946,0.1581482347379465,0.031653154303359465,mild,220,1,13,mild,85,0.9507528837928243,0.8588235294117647,0
S6-dynamic-budget,13,Warm-RFOTO,0.2555683374919896,0.6105431426085782,2.874726289799546,0.06459249740044627,0.9058823529411765,0.09411764705882353,0.1532529541536715,0.9986333675741031,0.0013666324258967946,1.0207192446453168,0.9683468456966405,0.4079754827712252,0.22820001177611107,0.18079775203152293,0.8941176470588236,0.6967787999965367,220,1,0.5380378026566026,0.5100035234177935,0.0013666324258967946,0.1581482347379465,0.031653154303359465,mild,220,1,13,mild,85,0.9507528837928243,0.8588235294117647,31
S6-dynamic-budget,0,Cold-RFOTO,0.2955174036918607,0.6438299945711418,2.3776583577173573,0.07279272769098134,0.75,0.25,0.22714441548343003,0.9962274571620165,0.003772542837983492,1.050274622048619,0.9565299763421005,0.4620407991525312,0.2271451684413875,0.21317960142554226,0.7083333333333334,0.10008029999880819,40,1,0.638534365598826,0.5724723904694708,0.003772542837983492,0.17095176642180765,0.04347002365789954,abrupt,40,0,0,low,48,0.85,0.0,0
S6-dynamic-budget,0,Warm-RFOTO,0.2955174036918607,0.6438299945711418,2.3776583577173573,0.07279272769098134,0.75,0.25,0.22714441548343003,0.9962274571620165,0.003772542837983492,1.050274622048619,0.9565299763421005,0.4620407991525312,0.2271451684413875,0.21317960142554226,0.7083333333333334,0.10072789999685483,40,1,0.638534365598826,0.5724723904694708,0.003772542837983492,0.17095176642180765,0.04347002365789954,abrupt,40,0,0,low,48,0.85,0.0,0
S6-dynamic-budget,1,Cold-RFOTO,0.37794663846094,1.014173451176128,3.1767532511337384,0.12201769173354664,0.7753623188405797,0.2246376811594203,0.2136237582691396,0.9978193776236156,0.0021806223763843093,1.0266777826085847,0.9587938541269432,0.42083701711660076,0.22471630006376186,0.20730910516953763,0.7898550724637681,0.15780069999891566,40,1,0.785312224487978,0.835774751011331,0.0021806223763843093,0.1985412933240419,0.04120614587305682,abrupt,40,0,1,high,138,1.2,0.2391304347826087,0
S6-dynamic-budget,1,Warm-RFOTO,0.37794663846094,1.014173451176128,3.1767532511337384,0.12201769173354664,0.7753623188405797,0.2246376811594203,0.2136237582691396,0.9978193776236156,0.0021806223763843093,1.0266777826085847,0.9587938541269432,0.42083701711660076,0.22471630006376186,0.20730910516953763,0.7898550724637681,0.16882520000217482,40,1,0.785312224487978,0.835774751011331,0.0021806223763843093,0.1985412933240419,0.04120614587305682,abrupt,40,0,1,high,138,1.2,0.2391304347826087,14
S6-dynamic-budget,2,Cold-RFOTO,0.39524604664089064,0.9753484367970664,2.7926351691168847,0.09214269007168287,0.7588652482269503,0.24113475177304963,0.22143372010438162,0.9971243106983155,0.0028756893016845626,1.0288832860790753,0.9562831884060529,0.4006006086620716,0.19647845769053618,0.2138114602226073,0.7588652482269503,0.15476309999939986,40,1,0.8375732620603225,0.7277369931949617,0.0028756893016845626,0.27823809018854706,0.043716811593947136,abrupt,40,0,2,high,141,1.2,0.6879432624113475,0
S6-dynamic-budget,2,Warm-RFOTO,0.39524604664089064,0.9753484367970664,2.7926351691168847,0.09214269007168287,0.7588652482269503,0.24113475177304963,0.22143372010438162,0.9971243106983155,0.0028756893016845626,1.0288832860790753,0.9562831884060529,0.4006006086620716,0.19647845769053618,0.2138114602226073,0.7588652482269503,0.14241780000156723,40,1,0.8375732620603225,0.7277369931949617,0.0028756893016845626,0.27823809018854706,0.043716811593947136,abrupt,40,0,2,high,141,1.2,0.6879432624113475,39
S6-dynamic-budget,3,Cold-RFOTO,0.3106506750269897,0.8336141968700626,1.9288690666742143,0.10549126129145216,0.8211382113821138,0.17886178861788618,0.10110384192871426,0.9989541755932314,0.001045824406768627,1.0196390723170832,0.9811799218258278,0.7142885688559418,0.19641088754431474,0.1384957304806793,0.8292682926829268,0.13845160000346368,40,1,0.6575548950670342,0.8135434852965089,0.001045824406768627,0.0847930074331009,0.018820078174172195,abrupt,40,0,3,high,123,1.2,0.6910569105691057,0
S6-dynamic-budget,3,Warm-RFOTO,0.3106506750269897,0.8336141968700626,1.9288690666742143,0.10549126129145216,0.8211382113821138,0.17886178861788618,0.10110384192871426,0.9989541755932314,0.001045824406768627,1.0196390723170832,0.9811799218258278,0.7142885688559418,0.19641088754431474,0.1384957304806793,0.8292682926829268,0.1384297000040533,40,1,0.6575548950670342,0.8135434852965089,0.001045824406768627,0.0847930074331009,0.018820078174172195,abrupt,40,0,3,high,123,1.2,0.6910569105691057,39
S6-dynamic-budget,4,Cold-RFOTO,0.37412105046323907,0.8882659477209401,2.53521595734773,0.10310106752271822,0.8181818181818182,0.18181818181818182,0.17467034247643354,0.9985091094532942,0.001490890546705662,1.0197718567313399,0.9656195510288854,0.44894924657764906,0.17985119266453803,0.18869167804556547,0.7832167832167832,0.13408350000099745,40,1,0.8235189207992261,0.6507661586579306,0.001490890546705662,0.26068460403893856,0.034380448971114586,abrupt,40,0,4,high,143,1.2,0.6223776223776224,0
S6-dynamic-budget,4,Warm-RFOTO,0.37412105046323907,0.8882659477209401,2.53521595734773,0.10310106752271822,0.8181818181818182,0.18181818181818182,0.17467034247643354,0.9985091094532942,0.001490890546705662,1.0197718567313399,0.9656195510288854,0.44894924657764906,0.17985119266453803,0.18869167804556547,0.7832167832167832,0.1377857999978005,40,1,0.8235189207992261,0.6507661586579306,0.001490890546705662,0.26068460403893856,0.034380448971114586,abrupt,40,0,4,high,143,1.2,0.6223776223776224,45
S6-dynamic-budget,5,Cold-RFOTO,0.33643066962073803,0.7729620010305094,1.82836524131211,0.10690808661790907,0.8518518518518519,0.14814814814814814,0.12386882130851389,0.9973768841780475,0.0026231158219524042,1.0356139409040401,0.9755116982524842,0.5213105904723556,0.1687072826499387,0.15843936499239944,0.7777777777777778,0.14202970000042114,40,1,0.7339911741098095,0.7263223916130052,0.0026231158219524042,0.15914659569926803,0.024488301747515817,abrupt,40,0,5,high,135,1.2,0.6814814814814815,0
S6-dynamic-budget,5,Warm-RFOTO,0.33643066962073803,0.7729620010305094,1.82836524131211,0.10690808661790907,0.8518518518518519,0.14814814814814814,0.12386882130851389,0.9973768841780475,0.0026231158219524042,1.0356139409040401,0.9755116982524842,0.5213105904723556,0.1687072826499387,0.15843936499239944,0.7777777777777778,0.1429054000036558,40,1,0.7339911741098095,0.7263223916130052,0.0026231158219524042,0.15914659569926803,0.024488301747515817,abrupt,40,0,5,high,135,1.2,0.6814814814814815,50
S6-dynamic-budget,6,Cold-RFOTO,0.33308413455387703,0.8285236569090503,2.582607484701943,0.10553452922601156,0.8278145695364238,0.17218543046357615,0.1531493980603944,0.9993474269725416,0.0006525730274583836,1.0160865786993867,0.9673963283486858,0.5138228060293777,0.2662036632619318,0.18358239782316177,0.7549668874172185,0.13888699999370147,40,1,0.7010122376615617,0.7618705238638581,0.0006525730274583836,0.15411772482287633,0.03260367165131417,abrupt,40,0,6,high,151,1.2,0.6556291390728477,0
S6-dynamic-budget,6,Warm-RFOTO,0.33308413455387703,0.8285236569090503,2.582607484701943,0.10553452922601156,0.8278145695364238,0.17218543046357615,0.1531493980603944,0.9993474269725416,0.0006525730274583836,1.0160865786993867,0.9673963283486858,0.5138228060293777,0.2662036632619318,0.18358239782316177,0.7549668874172185,0.15054269999382086,40,1,0.7010122376615617,0.7618705238638581,0.0006525730274583836,0.15411772482287633,0.03260367165131417,abrupt,40,0,6,high,151,1.2,0.6556291390728477,44
S6-dynamic-budget,7,Cold-RFOTO,0.28244742649248206,0.701021389398912,1.7915739915486069,0.07446593128760809,0.8677685950413223,0.1322314049586777,0.10814840996976216,0.9988161273818353,0.0011838726181646435,1.0191027196280356,0.9784578209152237,0.6752348988622323,0.2385851927079196,0.14837945155691712,0.8842975206611571,0.08762359999673208,40,1,0.6121313315121487,0.6774012593479847,0.0011838726181646435,0.0973452133035912,0.02154217908477629,abrupt,40,0,7,high,121,1.2,0.743801652892562,0
S6-dynamic-budget,7,Warm-RFOTO,0.2823709393354319,0.702632309702379,1.8704342564198484,0.07459095920489982,0.859504132231405,0.14049586776859505,0.10834033075228108,0.9988134499431555,0.001186550056844522,1.019101416144805,0.978463820969075,0.6752348988622323,0.2385851927079196,0.1483583314836967,0.8842975206611571,0.057952999995904975,40,1,0.6131201162820035,0.6750388270939245,0.001186550056844522,0.09746939733933871,0.021536179030924973,abrupt,40,0,7,high,121,1.2,0.743801652892562,36
S6-dynamic-budget,8,Cold-RFOTO,0.3033561662161731,0.7467987817933919,2.820109066771248,0.083367036463936,0.8828125,0.1171875,0.12982939129778293,0.9977366123847264,0.0022633876152734437,1.029647109176113,0.9718391226319276,0.5165694747205057,0.25217705556965286,0.17022600292618648,0.84375,0.1362615999969421,40,1,0.678531916753526,0.5666426073708104,0.0022633876152734437,0.17619994717561813,0.02816087736807238,abrupt,40,0,8,high,128,1.2,0.6171875,0
S6-dynamic-budget,8,Warm-RFOTO,0.3033561662161731,0.7467987817933919,2.820109066771248,0.083367036463936,0.8828125,0.1171875,0.12982939129778293,0.9977366123847264,0.0022633876152734437,1.029647109176113,0.9718391226319276,0.5165694747205057,0.25217705556965286,0.17022600292618648,0.84375,0.13437910000357078,40,1,0.678531916753526,0.5666426073708104,0.0022633876152734437,0.17619994717561813,0.02816087736807238,abrupt,40,0,8,high,128,1.2,0.6171875,32
S6-dynamic-budget,9,Cold-RFOTO,0.20223674727641236,0.3503825192221619,0.9983191584987667,0.046027117003409855,0.9375,0.0625,0.038716322156657434,0.99683029032709,0.003169709672909927,1.0220295480221453,0.991479398578123,0.9265772818000867,0.3898358024364889,0.09270289093554723,0.859375,0.105998200000613,40,1,0.45697206145907426,0.49552475862417894,0.003169709672909927,0.047011943880613534,0.00852060142187705,abrupt,40,0,9,low,64,0.85,0.625,0
S6-dynamic-budget,9,Warm-RFOTO,0.20223674727641236,0.3503825192221619,0.9983191584987667,0.046027117003409855,0.9375,0.0625,0.038716322156657434,0.99683029032709,0.003169709672909927,1.0220295480221453,0.991479398578123,0.9265772818000867,0.3898358024364889,0.09270289093554723,0.859375,0.10596820000500884,40,1,0.45697206145907426,0.49552475862417894,0.003169709672909927,0.047011943880613534,0.00852060142187705,abrupt,40,0,9,low,64,0.85,0.625,16
S6-dynamic-budget,10,Cold-RFOTO,0.2628512927703896,0.4690848331175422,1.428683391432254,0.04986871121218278,0.8695652173913043,0.13043478260869565,0.10112203380585398,0.9963353991142795,0.003664600885720655,1.0431156035848137,0.9775601959472472,0.6188154390418222,0.3785797279779265,0.1515087709778323,0.7971014492753623,0.1298912999991444,40,1,0.5566237137761603,0.6135414614046083,0.003664600885720655,0.1102610173224049,0.02243980405275281,abrupt,40,0,10,low,69,0.85,0.3188405797101449,0
S6-dynamic-budget,10,Warm-RFOTO,0.2628512927703896,0.4690848331175422,1.428683391432254,0.04986871121218278,0.8695652173913043,0.13043478260869565,0.10112203380585398,0.9963353991142795,0.003664600885720655,1.0431156035848137,0.9775601959472472,0.6188154390418222,0.3785797279779265,0.1515087709778323,0.7971014492753623,0.11755569999513682,40,1,0.5566237137761603,0.6135414614046083,0.003664600885720655,0.1102610173224049,0.02243980405275281,abrupt,40,0,10,low,69,0.85,0.3188405797101449,6
S6-dynamic-budget,11,Cold-RFOTO,0.1982525460189224,0.4041867743124164,0.9322078459889744,0.06322223045206234,0.9076923076923077,0.09230769230769231,0.030624217908316976,0.9963801360055761,0.003619863994423892,1.049180398435511,0.9934801128020233,0.929875493871178,0.49890592103538406,0.08101033945948574,0.9076923076923077,0.13067690000025323,40,1,0.4414505097327807,0.5214842890233626,0.003619863994423892,0.03186127741456615,0.006519887197976693,abrupt,40,0,11,low,65,0.85,0.38461538461538464,0
S6-dynamic-budget,11,Warm-RFOTO,0.18792778113112268,0.410015428277247,0.9322078459889744,0.05502025204104055,0.9076923076923077,0.09230769230769231,0.03676462321942015,0.9964290799036932,0.0035709200963069065,1.0471806016632743,0.991842567575184,0.929875493871178,0.4963923969529794,0.09068915822098798,0.8923076923076924,0.12716669999645092,40,1,0.4447666866710374,0.4384765665963081,0.0035709200963069065,0.036107302363733246,0.008157432424816036,abrupt,40,0,11,low,65,0.85,0.38461538461538464,10
S6-dynamic-budget,12,Cold-RFOTO,0.27401425460939677,0.5681587576784308,2.7494129411006467,0.0673110998317909,0.8767123287671232,0.1232876712328767,0.12772727040544193,0.996217830921284,0.00378216907871612,1.0369949135807213,0.9701282023527447,0.4766733749721346,0.3618471584226875,0.17547534878988091,0.863013698630137,0.13528709999809507,40,1,0.5705300315720176,0.5899673216559136,0.00378216907871612,0.15059778002069524,0.029871797647255338,abrupt,40,0,12,low,73,0.85,0.273972602739726,0
S6-dynamic-budget,12,Warm-RFOTO,0.27401425460939677,0.5681587576784308,2.7494129411006467,0.0673110998317909,0.8767123287671232,0.1232876712328767,0.12772727040544193,0.996217830921284,0.00378216907871612,1.0369949135807213,0.9701282023527447,0.4766733749721346,0.3618471584226875,0.17547534878988091,0.863013698630137,0.12389380000240635,40,1,0.5705300315720176,0.5899673216559136,0.00378216907871612,0.15059778002069524,0.029871797647255338,abrupt,40,0,12,low,73,0.85,0.273972602739726,12
S6-dynamic-budget,13,Cold-RFOTO,0.1650179348648814,0.33661314855428404,0.6460515196936998,0.0398406957336066,0.9655172413793104,0.034482758620689655,0.0376779354512086,0.9976890483213472,0.002310951678652894,1.028273660356142,0.9909044546027304,0.972746812282038,0.4063790854927366,0.09580727381116957,0.896551724137931,0.10924579999846173,40,1,0.37089084776840214,0.3870140560857133,0.002310951678652894,0.04966636945841134,0.009095545397269644,abrupt,40,0,13,low,58,0.85,0.3275862068965517,0
S6-dynamic-budget,13,Warm-RFOTO,0.16517143247374108,0.33727464482944813,0.6460515196936998,0.03998335584258659,0.9655172413793104,0.034482758620689655,0.0376779354512086,0.9964375202082743,0.0035624797917258016,1.0279732150622278,0.990782062447232,0.9279603311123855,0.4063790854927366,0.09645568134755232,0.896551724137931,0.10936570000194479,40,1,0.37118461971842254,0.3857566572551484,0.0035624797917258016,0.04966636945841134,0.009217937552768007,abrupt,40,0,13,low,58,0.85,0.3275862068965517,8
S6-dynamic-budget,0,Cold-RFOTO,0.20059640847392085,0.36956390589392163,1.1921288863953747,0.04531162148650822,0.9166666666666666,0.08333333333333333,0.04674468701830487,0.9965492132428265,0.0034507867571734276,1.0315125969644245,0.989029010811342,0.7860601514709721,0.5058420843131713,0.10532182554968461,0.8833333333333333,0.11090400000102818,40,1,0.43668615869581145,0.46244999682866683,0.0034507867571734276,0.07888625418373837,0.01097098918865802,abrupt,40,1,0,low,60,0.85,0.0,0
S6-dynamic-budget,0,Warm-RFOTO,0.20059640847392085,0.36956390589392163,1.1921288863953747,0.04531162148650822,0.9166666666666666,0.08333333333333333,0.04674468701830487,0.9965492132428265,0.0034507867571734276,1.0315125969644245,0.989029010811342,0.7860601514709721,0.5058420843131713,0.10532182554968461,0.8833333333333333,0.11140420000447193,40,1,0.43668615869581145,0.46244999682866683,0.0034507867571734276,0.07888625418373837,0.01097098918865802,abrupt,40,1,0,low,60,0.85,0.0,0
S6-dynamic-budget,1,Cold-RFOTO,0.1984986262390567,0.3582732647488903,0.6985884534803275,0.04067207540463669,0.9555555555555556,0.044444444444444446,0.051068161959076104,0.9969766874195856,0.003023312580414481,1.0492237164382017,0.9874698967911806,0.9542013262928477,0.43580989843933565,0.11264590062675905,0.9555555555555556,0.08964150000247173,40,1,0.40027435270665934,0.47780817812344845,0.003023312580414481,0.09709853338587511,0.01253010320881942,abrupt,40,1,1,low,45,0.85,0.3333333333333333,0
S6-dynamic-budget,1,Warm-RFOTO,0.19812949013880335,0.3581220480912031,0.6985884534803275,0.040447967125491924,0.9555555555555556,0.044444444444444446,0.051068161959076104,0.9969716856714018,0.003028314328598008,1.0495683480235876,0.9874700387698129,0.9542013262928477,0.43580989843933565,0.11264525433137212,0.9555555555555556,0.0885580000031041,40,1,0.40018517313339774,0.475489376391583,0.003028314328598008,0.09709853338587511,0.012529961230187125,abrupt,40,1,1,low,45,0.85,0.3333333333333333,6
S6-dynamic-budget,2,Cold-RFOTO,0.18521237397503432,0.4384081899902,1.0681330872512245,0.049182281778959114,0.9285714285714286,0.07142857142857142,0.07273663881735608,0.9957485319209578,0.004251468079042152,1.0450529373385162,0.9841256337211974,0.8438687091696768,0.3230518866814733,0.12700561632677237,0.9285714285714286,0.11432739999872865,40,1,0.39725030009677365,0.45436195756793907,0.004251468079042152,0.05805622703208496,0.015874366278802565,abrupt,40,1,2,low,56,0.85,0.23214285714285715,0
S6-dynamic-budget,2,Warm-RFOTO,0.18521237397503432,0.4384081899902,1.0681330872512245,0.049182281778959114,0.9285714285714286,0.07142857142857142,0.07273663881735608,0.9957485319209578,0.004251468079042152,1.0450529373385162,0.9841256337211974,0.8438687091696768,0.3230518866814733,0.12700561632677237,0.9285714285714286,0.1037681999951019,40,1,0.39725030009677365,0.45436195756793907,0.004251468079042152,0.05805622703208496,0.015874366278802565,abrupt,40,1,2,low,56,0.85,0.23214285714285715,5
S6-dynamic-budget,3,Cold-RFOTO,0.29352291789648605,0.7838464941838837,1.7152095668225282,0.08808014523664481,0.8467153284671532,0.15328467153284672,0.12981856558434027,0.9974880708986082,0.0025119291013917886,1.0303342051625073,0.9740401029330834,0.6341809929322175,0.24428574025246083,0.1632537117086308,0.8321167883211679,0.1295825999986846,40,1,0.6235644669082736,0.6840728132041801,0.0025119291013917886,0.1224980352338994,0.025959897066916593,abrupt,40,1,3,high,137,1.2,0.2846715328467153,0
S6-dynamic-budget,3,Warm-RFOTO,0.2927816408894688,0.785258598645409,1.7152095668225282,0.08779124126117539,0.8467153284671532,0.15328467153284672,0.12730937293113478,0.9973214258413204,0.002678574158679501,1.0300250422310686,0.9744977321900535,0.6341809929322175,0.24428574025246083,0.16177037218643892,0.8394160583941606,0.1624807000043802,40,1,0.6234002318676559,0.6822325813535622,0.002678574158679501,0.12094256286517022,0.025502267809946466,abrupt,40,1,3,high,137,1.2,0.2846715328467153,19
S6-dynamic-budget,4,Cold-RFOTO,0.39635898797310837,0.8832412750470112,2.117708289476234,0.11533108121216469,0.7986577181208053,0.20134228187919462,0.16167270565945496,0.9978130480431092,0.0021869519568908143,1.02830745680536,0.967375652234043,0.45137305144753787,0.24793482373147127,0.1836425618854832,0.7785234899328859,0.17729000000690576,40,1,0.8166701502175453,0.878153081068662,0.0021869519568908143,0.22054978280860374,0.03262434776595702,abrupt,40,1,4,high,149,1.2,0.6577181208053692,0
S6-dynamic-budget,4,Warm-RFOTO,0.40227184317758125,0.8897839948111577,2.314928038581493,0.11716816102589045,0.7986577181208053,0.20134228187919462,0.1678920185425557,0.9977848495322155,0.0022151504677846,1.0284930007484194,0.9657278550774978,0.43505061803365414,0.24793482373147127,0.188383674484784,0.7785234899328859,0.1672545999972499,40,1,0.8203171222906707,0.9034972511209294,0.0022151504677846,0.22433649241936776,0.03427214492250219,abrupt,40,1,4,high,149,1.2,0.6577181208053692,49
S6-dynamic-budget,5,Cold-RFOTO,0.3178809075230897,0.9276856386704434,3.2531736377012823,0.09797107045938705,0.7635135135135135,0.23648648648648649,0.1969520586194357,0.9984649063251949,0.0015350936748052216,1.0188631953037992,0.9596514537283916,0.4191301372503555,0.20961109450209844,0.2050487769712911,0.8108108108108109,0.16040410000277916,40,1,0.7102272699405079,0.6300199358631531,0.0015350936748052216,0.15784719593114982,0.04034854627160844,abrupt,40,1,5,high,148,1.2,0.7297297297297297,0
S6-dynamic-budget,5,Warm-RFOTO,0.31652483005163023,0.9251852164012325,3.2531736377012823,0.09766910492456832,0.7702702702702703,0.22972972972972974,0.1946869833332114,0.9984638080193637,0.0015361919806363468,1.0189403024209265,0.9599614992455958,0.4191301372503555,0.20961109450209844,0.20422645356160551,0.8108108108108109,0.11404160000529373,40,1,0.7088389811230089,0.6258638336964792,0.0015361919806363468,0.15648998482847293,0.04003850075440418,abrupt,40,1,5,high,148,1.2,0.7297297297297297,43
S6-dynamic-budget,6,Cold-RFOTO,0.32779760492630544,0.8639543973573269,2.327086847058477,0.08682186715060032,0.84375,0.15625,0.14431409580791402,0.9972129469667937,0.002787053033206255,1.0237339654466167,0.9697302271848522,0.49747894861474873,0.2099502172630934,0.17667663301663683,0.8359375,0.187119200003508,40,1,0.7354936474420588,0.6221037879292061,0.002787053033206255,0.18204299338998575,0.030269772815147755,abrupt,40,1,6,high,128,1.2,0.7421875,0
S6-dynamic-budget,6,Warm-RFOTO,0.31544770910529546,0.8764273735908399,2.1349791629022405,0.08567749625623922,0.8203125,0.1796875,0.13930655164502756,0.9971845456212001,0.00281545437879982,1.024106615147312,0.9714357356030646,0.5020077685968423,0.2099502172630934,0.17147645018475716,0.84375,0.15953280000394443,40,1,0.7164710982975182,0.6207363085623417,0.00281545437879982,0.15348703084505752,0.02856426439693538,abrupt,40,1,6,high,128,1.2,0.7421875,34
S6-dynamic-budget,7,Cold-RFOTO,0.36990696185910765,0.9168834694904308,3.04291206004108,0.10741274806920661,0.7956204379562044,0.20437956204379562,0.16790379193802596,0.9978757851028706,0.002124214897129501,1.0181825808089364,0.9666306544274391,0.45220778074267276,0.19638011085550255,0.18579908158850814,0.8175182481751825,0.15669509999861475,40,1,0.7938890600576727,0.7374003165545215,0.002124214897129501,0.22157761818480481,0.03336934557256088,abrupt,40,1,7,high,137,1.2,0.6277372262773723,0
S6-dynamic-budget,7,Warm-RFOTO,0.36990696185910765,0.9168834694904308,3.04291206004108,0.10741274806920661,0.7956204379562044,0.20437956204379562,0.16790379193802596,0.9978757851028706,0.002124214897129501,1.0181825808089364,0.9666306544274391,0.45220778074267276,0.19638011085550255,0.18579908158850814,0.8175182481751825,0.13697980000142707,40,1,0.7938890600576727,0.7374003165545215,0.002124214897129501,0.22157761818480481,0.03336934557256088,abrupt,40,1,7,high,137,1.2,0.6277372262773723,36
S6-dynamic-budget,8,Cold-RFOTO,0.22317513414404708,0.3980242651364943,0.970229676344092,0.05720487343582761,0.9565217391304348,0.043478260869565216,0.046114556291004465,0.9941571638168005,0.005842836183199312,1.0477957701006015,0.9888105507849709,0.9160288707532355,0.40390060945442186,0.1063770172706834,0.9130434782608695,0.11324860000604531,40,1,0.48759935305598195,0.5107139755933529,0.005842836183199312,0.08728485968861782,0.011189449215029068,abrupt,40,1,8,low,69,0.85,0.7681159420289855,0
S6-dynamic-budget,8,Warm-RFOTO,0.22317513414404708,0.3980242651364943,0.970229676344092,0.05720487343582761,0.9565217391304348,0.043478260869565216,0.046114556291004465,0.9941571638168005,0.005842836183199312,1.0477957701006015,0.9888105507849709,0.9160288707532355,0.40390060945442186,0.1063770172706834,0.9130434782608695,0.12122970000200439,40,1,0.48759935305598195,0.5107139755933529,0.005842836183199312,0.08728485968861782,0.011189449215029068,abrupt,40,1,8,low,69,0.85,0.7681159420289855,22
S6-dynamic-budget,9,Cold-RFOTO,0.2467974842930818,0.48334272025607744,1.7297415727292411,0.040724720279925915,0.8775510204081632,0.12244897959183673,0.14222065361288344,0.9981706160415859,0.0018293839584140846,1.0166417467034283,0.9702822760910556,0.5207882801123749,0.24481019492296432,0.17500833081961265,0.8571428571428571,0.09687459999986459,40,1,0.5440092429877056,0.37297502182624204,0.0018293839584140846,0.20010153957677845,0.02971772390894445,abrupt,40,1,9,low,49,0.85,0.42857142857142855,0
S6-dynamic-budget,9,Warm-RFOTO,0.2467974842930818,0.48334272025607744,1.7297415727292411,0.040724720279925915,0.8775510204081632,0.12244897959183673,0.14222065361288344,0.9981706160415859,0.0018293839584140846,1.0166417467034283,0.9702822760910556,0.5207882801123749,0.24481019492296432,0.17500833081961265,0.8571428571428571,0.09960140000475803,40,1,0.5440092429877056,0.37297502182624204,0.0018293839584140846,0.20010153957677845,0.02971772390894445,abrupt,40,1,9,low,49,0.85,0.42857142857142855,12
S6-dynamic-budget,10,Cold-RFOTO,0.2281101295675216,0.3964278819544651,1.3452643402389248,0.055549137418092934,0.8679245283018868,0.1320754716981132,0.08022707094720367,0.9966378187488016,0.003362181251198441,1.0385658792310866,0.982903484739173,0.6978746704609144,0.3927120814311539,0.1318858982968063,0.8490566037735849,0.12680399999953806,40,1,0.4899085894934247,0.5108044498110882,0.003362181251198441,0.10310160473255392,0.017096515260827005,abrupt,40,1,10,low,53,0.85,0.2641509433962264,0
S6-dynamic-budget,10,Warm-RFOTO,0.2312125980991919,0.3838610576723677,1.341140631379092,0.05504968461181533,0.8867924528301887,0.11320754716981132,0.08853124737544957,0.9970520838284672,0.002947916171532789,1.033624616154626,0.9799566667131376,0.6388373971479941,0.3927120814311539,0.14301498278488317,0.8679245283018868,0.11107949999859557,40,1,0.4727902794846489,0.5498200554025487,0.002947916171532789,0.10778374676124576,0.020043333286862364,abrupt,40,1,10,low,53,0.85,0.2641509433962264,7
S6-dynamic-budget,11,Cold-RFOTO,0.23430708907932107,0.4977915821512639,1.9446178842460287,0.054606408951218315,0.8888888888888888,0.1111111111111111,0.09414683817328545,0.9970025355307813,0.0029974644692185443,1.0411142723721065,0.9791048575851199,0.5785375505789322,0.32458633414320964,0.14608582083891195,0.8472222222222222,0.1182942000014009,40,1,0.5178549584518333,0.4433640116345082,0.0029974644692185443,0.13841993386044316,0.020895142414880108,abrupt,40,1,11,low,72,0.85,0.25,0
S6-dynamic-budget,11,Warm-RFOTO,0.23430708907932107,0.4977915821512639,1.9446178842460287,0.054606408951218315,0.8888888888888888,0.1111111111111111,0.09414683817328545,0.9970025355307813,0.0029974644692185443,1.0411142723721065,0.9791048575851199,0.5785375505789322,0.32458633414320964,0.14608582083891195,0.8472222222222222,0.12411759999667993,40,1,0.5178549584518333,0.4433640116345082,0.0029974644692185443,0.13841993386044316,0.020895142414880108,abrupt,40,1,11,low,72,0.85,0.25,5
S6-dynamic-budget,12,Cold-RFOTO,0.2836977513929358,0.5139416618109557,1.6894508503123493,0.058988426797864535,0.8783783783783784,0.12162162162162163,0.1043328613021573,0.9963360949065708,0.00366390509342914,1.0499902962739325,0.9771997512727416,0.6181310475274285,0.29584063429806645,0.15274890952157003,0.9054054054054054,0.11302150000119582,40,1,0.5755235149912022,0.729486284731983,0.00366390509342914,0.10496444643025292,0.022800248727258388,abrupt,40,1,12,low,74,0.85,0.36486486486486486,0
S6-dynamic-budget,12,Warm-RFOTO,0.2854782073624093,0.5226020331183584,1.6894508503123493,0.05757292420659097,0.8648648648648649,0.13513513513513514,0.11571258373573734,0.9968005761972334,0.003199423802766622,1.0519597161481635,0.9745671212678886,0.5237319789349251,0.29584063429806645,0.1615443906317399,0.8918918918918919,0.1131840000016382,40,1,0.5973834881901502,0.6773912154558042,0.003199423802766622,0.12027534570452425,0.02543287873211142,abrupt,40,1,12,low,74,0.85,0.36486486486486486,13
S6-dynamic-budget,13,Cold-RFOTO,0.32217757810375824,0.848703998979818,1.9048317391471274,0.10915840706191905,0.8104575163398693,0.1895424836601307,0.10969964371652008,0.999071046509668,0.0009289534903321093,1.0196303467320322,0.9779054843749321,0.6016808423450736,0.23453585880620356,0.15031205129588715,0.8366013071895425,0.14492649999738205,40,1,0.7188515603849364,0.6911816994934606,0.0009289534903321093,0.14114986016671385,0.022094515625067923,abrupt,40,1,13,high,153,1.2,0.33986928104575165,0
S6-dynamic-budget,13,Warm-RFOTO,0.32217757810375824,0.848703998979818,1.9048317391471274,0.10915840706191905,0.8104575163398693,0.1895424836601307,0.10969964371652008,0.999071046509668,0.0009289534903321093,1.0196303467320322,0.9779054843749321,0.6016808423450736,0.23453585880620356,0.15031205129588715,0.8366013071895425,0.15856880000501405,40,1,0.7188515603849364,0.6911816994934606,0.0009289534903321093,0.14114986016671385,0.022094515625067923,abrupt,40,1,13,high,153,1.2,0.33986928104575165,24
S6-dynamic-budget,0,Cold-RFOTO,0.2955174036918607,0.6438299945711418,2.3776583577173573,0.07279272769098134,0.75,0.25,0.22714441548343003,0.9962274571620165,0.003772542837983492,1.050274622048619,0.9565299763421005,0.4620407991525312,0.2271451684413875,0.21317960142554226,0.7083333333333334,0.3187173999976949,110,1,0.638534365598826,0.5724723904694708,0.003772542837983492,0.17095176642180765,0.04347002365789954,abrupt,110,0,0,low,48,0.85,0.0,0
S6-dynamic-budget,0,Warm-RFOTO,0.29543744412814,0.645122285587186,2.3776583577173573,0.07282503694090932,0.75,0.25,0.22714441548343003,0.9962387638482064,0.0037612361517935927,1.0501071865016744,0.9565284479786422,0.4620407991525312,0.2271451684413875,0.21318351930019933,0.7083333333333334,0.30146439999953145,110,1,0.6390987113966919,0.5710122975996847,0.0037612361517935927,0.17095176642180765,0.04347155202135777,abrupt,110,0,0,low,48,0.85,0.0,0
S6-dynamic-budget,1,Cold-RFOTO,0.37019985259885163,1.0093253459255733,3.1767532511337384,0.11850150279039172,0.782608695652174,0.21739130434782608,0.21117281003495555,0.998295082986273,0.0017049170137269148,1.0211068693938365,0.9595590855241881,0.42083701711660076,0.22471630006376186,0.20529322766670535,0.7898550724637681,0.4074758999995538,110,1,0.7685734299058979,0.8236814832241144,0.0017049170137269148,0.19238860825857132,0.040440914475811884,abrupt,110,0,1,high,138,1.2,0.2391304347826087,0
S6-dynamic-budget,1,Warm-RFOTO,0.3757848913437686,1.0126459539559256,3.1767532511337384,0.11864119732272405,0.7753623188405797,0.2246376811594203,0.2134618929392212,0.9983629904710902,0.001637009528909668,1.0213584492085166,0.9592613578994976,0.42083701711660076,0.22471630006376186,0.20607950355969637,0.782608695652174,0.46703379999962635,110,1,0.7839178234147592,0.8250575555651766,0.001637009528909668,0.19843441573777998,0.040738642100502376,abrupt,110,0,1,high,138,1.2,0.2391304347826087,14
S6-dynamic-budget,2,Cold-RFOTO,0.3796920110335923,0.970131598450461,2.6130507695897687,0.09441872860975056,0.7588652482269503,0.24113475177304963,0.20654163432130798,0.9971423686026049,0.0028576313973951674,1.0287142669184168,0.959096111447588,0.43357506172780685,0.19647845769053618,0.20651482475136254,0.7659574468085106,0.3755620000010822,110,1,0.8080309733864739,0.7479067392700074,0.0028576313973951674,0.23516458893652753,0.040903888552412004,abrupt,110,0,2,high,141,1.2,0.6879432624113475,0
S6-dynamic-budget,2,Warm-RFOTO,0.3798326242404349,0.970326800840622,2.6130507695897687,0.09443977158332612,0.75177304964539,0.24822695035460993,0.20669693282624044,0.997150607064064,0.0028493929359359473,1.0286738430793902,0.9590756031891247,0.43357506172780685,0.19647845769053618,0.20656879766105105,0.7659574468085106,0.41792150000401307,110,1,0.8080050303351811,0.748723234964175,0.0028493929359359473,0.23525737321277956,0.04092439681087534,abrupt,110,0,2,high,141,1.2,0.6879432624113475,37
S6-dynamic-budget,3,Cold-RFOTO,0.3042352334584712,0.8126716116034028,1.927093967289742,0.10911692508537163,0.8211382113821138,0.17886178861788618,0.085317801401121,0.9987321449147204,0.0012678550852795632,1.0209672311743263,0.9842473087236672,0.7142885688559418,0.19641088754431474,0.12651011860288008,0.8373983739837398,0.3557598999977927,110,1,0.6425052268386244,0.8329773880714949,0.0012678550852795632,0.0641833753183401,0.01575269127633283,abrupt,110,0,3,high,123,1.2,0.6910569105691057,0
S6-dynamic-budget,3,Warm-RFOTO,0.3106506750269897,0.8336141968700626,1.9288690666742143,0.10549126129145216,0.8211382113821138,0.17886178861788618,0.10110384192871426,0.9989541755932314,0.001045824406768627,1.0196390723170832,0.9811799218258278,0.7142885688559418,0.19641088754431474,0.1384957304806793,0.8292682926829268,0.4297283999985666,110,1,0.6575548950670342,0.8135434852965089,0.001045824406768627,0.0847930074331009,0.018820078174172195,abrupt,110,0,3,high,123,1.2,0.6910569105691057,39
S6-dynamic-budget,4,Cold-RFOTO,0.37093281873604195,0.8956484761445171,3.101172868877513,0.098894179494596,0.8181818181818182,0.18181818181818182,0.18229059231107275,0.9986223718529479,0.0013776281470520525,1.0188364307855846,0.9643371717132231,0.44894924657764906,0.17985119266453803,0.19230626696719683,0.7762237762237763,0.38302540000586305,110,1,0.8278309549898721,0.6133310315149466,0.0013776281470520525,0.26540190155561993,0.035662828286776915,abrupt,110,0,4,high,143,1.2,0.6223776223776224,0
S6-dynamic-budget,4,Warm-RFOTO,0.37412105046323907,0.8882659477209401,2.53521595734773,0.10310106752271822,0.8181818181818182,0.18181818181818182,0.17467034247643354,0.9985091094532942,0.001490890546705662,1.0197718567313399,0.9656195510288854,0.44894924657764906,0.17985119266453803,0.18869167804556547,0.7832167832167832,0.35460999999486376,110,1,0.8235189207992261,0.6507661586579306,0.001490890546705662,0.26068460403893856,0.034380448971114586,abrupt,110,0,4,high,143,1.2,0.6223776223776224,45
S6-dynamic-budget,5,Cold-RFOTO,0.33643066962073803,0.7729620010305094,1.82836524131211,0.10690808661790907,0.8518518518518519,0.14814814814814814,0.12386882130851389,0.9973768841780475,0.0026231158219524042,1.0356139409040401,0.9755116982524842,0.5213105904723556,0.1687072826499387,0.15843936499239944,0.7777777777777778,0.406758400000399,110,1,0.7339911741098095,0.7263223916130052,0.0026231158219524042,0.15914659569926803,0.024488301747515817,abrupt,110,0,5,high,135,1.2,0.6814814814814815,0
S6-dynamic-budget,5,Warm-RFOTO,0.33585768557168105,0.7740626846275778,1.9128621659449572,0.10655331349215219,0.8518518518518519,0.14814814814814814,0.12529629167699344,0.9973767722249355,0.0026232277750644632,1.0356358010654108,0.9751053348321754,0.5213105904723556,0.1687072826499387,0.15978182543272648,0.7777777777777778,0.40636399999493733,110,1,0.7347470322619636,0.7191128017210118,0.0026232277750644632,0.16018064767140722,0.02489466516782457,abrupt,110,0,5,high,135,1.2,0.6814814814814815,50
S6-dynamic-budget,6,Cold-RFOTO,0.3329070909919355,0.828358089596329,2.582607484701943,0.105590178975759,0.8278145695364238,0.17218543046357615,0.1531493980603944,0.9993510803474229,0.0006489196525769308,1.01622362838056,0.9673960914497679,0.5138228060293777,0.2662036632619318,0.18358308725679193,0.7549668874172185,0.3953172999972594,110,1,0.7012276836631418,0.7603357910492055,0.0006489196525769308,0.15411772482287633,0.0326039085502321,abrupt,110,0,6,high,151,1.2,0.6556291390728477,0
S6-dynamic-budget,6,Warm-RFOTO,0.3255004635638562,0.8238726571888012,2.349464606242539,0.1046302888744426,0.8344370860927153,0.16556291390728478,0.14229835908649993,0.9993108072782391,0.0006891927217608163,1.017580062153216,0.969495599075374,0.5154979518745063,0.2662036632619318,0.17738150246690954,0.7682119205298014,0.42897439999796916,110,1,0.6833361778476925,0.7699085275268512,0.0006891927217608163,0.137866565159437,0.03050440092462603,abrupt,110,0,6,high,151,1.2,0.6556291390728477,44
S6-dynamic-budget,7,Cold-RFOTO,0.2812505769766721,0.698384541852675,1.7915739915486069,0.0741941867175195,0.8677685950413223,0.1322314049586777,0.10537019034498997,0.9988161284786149,0.0011838715213850707,1.0191141150278562,0.9792336513025756,0.6752348988622323,0.2385851927079196,0.145625324564013,0.8842975206611571,0.34218939999846043,110,1,0.6106292278712798,0.6756977196969437,0.0011838715213850707,0.09554754178167976,0.02076634869742444,abrupt,110,0,7,high,121,1.2,0.743801652892562,0
S6-dynamic-budget,7,Warm-RFOTO,0.28167349776677797,0.699907174939679,1.7915739915486069,0.07422327380231476,0.8677685950413223,0.1322314049586777,0.10685593038824692,0.9988086676964795,0.0011913323035206333,1.0191220867727526,0.9786947582785551,0.6752348988622323,0.2385851927079196,0.1475433370298356,0.8842975206611571,0.36742769999546,110,1,0.6111757317119945,0.6754552424888232,0.0011913323035206333,0.09650890298614014,0.02130524172144488,abrupt,110,0,7,high,121,1.2,0.743801652892562,35
S6-dynamic-budget,8,Cold-RFOTO,0.3033561662161731,0.7467987817933919,2.820109066771248,0.083367036463936,0.8828125,0.1171875,0.12982939129778293,0.9977366123847264,0.0022633876152734437,1.029647109176113,0.9718391226319276,0.5165694747205057,0.25217705556965286,0.17022600292618648,0.84375,0.38386670000181766,110,1,0.678531916753526,0.5666426073708104,0.0022633876152734437,0.17619994717561813,0.02816087736807238,abrupt,110,0,8,high,128,1.2,0.6171875,0
S6-dynamic-budget,8,Warm-RFOTO,0.3033561662161731,0.7467987817933919,2.820109066771248,0.083367036463936,0.8828125,0.1171875,0.12982939129778293,0.9977366123847264,0.0022633876152734437,1.029647109176113,0.9718391226319276,0.5165694747205057,0.25217705556965286,0.17022600292618648,0.84375,0.3800286999976379,110,1,0.678531916753526,0.5666426073708104,0.0022633876152734437,0.17619994717561813,0.02816087736807238,abrupt,110,0,8,high,128,1.2,0.6171875,31
S6-dynamic-budget,9,Cold-RFOTO,0.20223674727641236,0.3503825192221619,0.9983191584987667,0.046027117003409855,0.9375,0.0625,0.038716322156657434,0.99683029032709,0.003169709672909927,1.0220295480221453,0.991479398578123,0.9265772818000867,0.3898358024364889,0.09270289093554723,0.859375,0.30869199999870034,110,1,0.45697206145907426,0.49552475862417894,0.003169709672909927,0.047011943880613534,0.00852060142187705,abrupt,110,0,9,low,64,0.85,0.625,0
S6-dynamic-budget,9,Warm-RFOTO,0.17261009084870216,0.34695041441344693,0.9049615252363739,0.041109633791000424,0.953125,0.046875,0.019192873811590166,0.9968436905144658,0.0031563094855342373,1.0200553523099039,0.9958113369490184,0.9460792401765792,0.5460173706766284,0.06485585361338513,0.859375,0.31472280000161845,110,1,0.41656840505731696,0.42425107339238566,0.0031563094855342373,0.014283068883043848,0.004188663050981645,abrupt,110,0,9,low,64,0.85,0.625,16
S6-dynamic-budget,10,Cold-RFOTO,0.2628512927703896,0.4690848331175422,1.428683391432254,0.04986871121218278,0.8695652173913043,0.13043478260869565,0.10112203380585398,0.9963353991142795,0.003664600885720655,1.0431156035848137,0.9775601959472472,0.6188154390418222,0.3785797279779265,0.1515087709778323,0.7971014492753623,0.3243780999982846,110,1,0.5566237137761603,0.6135414614046083,0.003664600885720655,0.1102610173224049,0.02243980405275281,abrupt,110,0,10,low,69,0.85,0.3188405797101449,0
S6-dynamic-budget,10,Warm-RFOTO,0.2623222972046286,0.4674101732912708,1.428683391432254,0.049685287287749146,0.8695652173913043,0.13043478260869565,0.10112203380585398,0.9962139616956329,0.0037860383043671945,1.044085750233784,0.9775642100796432,0.6188154390418222,0.3785797279779265,0.15149490804918395,0.7971014492753623,0.3425520000018878,110,1,0.5554879824731827,0.6117498073786984,0.0037860383043671945,0.1102610173224049,0.022435789920356775,abrupt,110,0,10,low,69,0.85,0.3188405797101449,6
S6-dynamic-budget,11,Cold-RFOTO,0.1930351943183312,0.39875221007006695,0.9322078459889744,0.061124732746392504,0.9076923076923077,0.09230769230769231,0.02494646194627781,0.9962901608450411,0.0037098391549589597,1.050533719765692,0.9950542822559341,0.929875493871178,0.49890592103538406,0.07050035065310274,0.9076923076923077,0.3281946999995853,110,1,0.4383043665143725,0.4999432320334506,0.0037098391549589597,0.027935169568475242,0.004945717744065936,abrupt,110,0,11,low,65,0.85,0.38461538461538464,0
S6-dynamic-budget,11,Warm-RFOTO,0.1982525460189224,0.4041867743124164,0.9322078459889744,0.06322223045206234,0.9076923076923077,0.09230769230769231,0.030624217908316976,0.9963801360055761,0.003619863994423892,1.049180398435511,0.9934801128020233,0.929875493871178,0.49890592103538406,0.08101033945948574,0.9076923076923077,0.3300650000019232,110,1,0.4414505097327807,0.5214842890233626,0.003619863994423892,0.03186127741456615,0.006519887197976693,abrupt,110,0,11,low,65,0.85,0.38461538461538464,11
S6-dynamic-budget,12,Cold-RFOTO,0.2676373680624615,0.5846901476068236,2.7494129411006467,0.06971194097196268,0.8904109589041096,0.1095890410958904,0.11986670068191171,0.9962667453035742,0.0037332546964257566,1.0379676625691987,0.9717171732686873,0.4766733749721346,0.3618471584226875,0.17060488698417173,0.8767123287671232,0.34063179999793647,110,1,0.5403527865822507,0.634500464786342,0.0037332546964257566,0.12954010699986196,0.02828282673131266,abrupt,110,0,12,low,73,0.85,0.273972602739726,0
S6-dynamic-budget,12,Warm-RFOTO,0.27401425460939677,0.5681587576784308,2.7494129411006467,0.0673110998317909,0.8767123287671232,0.1232876712328767,0.12772727040544193,0.996217830921284,0.00378216907871612,1.0369949135807213,0.9701282023527447,0.4766733749721346,0.3618471584226875,0.17547534878988091,0.863013698630137,0.3506772999971872,110,1,0.5705300315720176,0.5899673216559136,0.00378216907871612,0.15059778002069524,0.029871797647255338,abrupt,110,0,12,low,73,0.85,0.273972602739726,12
S6-dynamic-budget,13,Cold-RFOTO,0.1650179348648814,0.33661314855428404,0.6460515196936998,0.0398406957336066,0.9655172413793104,0.034482758620689655,0.0376779354512086,0.9976890483213472,0.002310951678652894,1.028273660356142,0.9909044546027304,0.972746812282038,0.4063790854927366,0.09580727381116957,0.896551724137931,0.25875989999622107,110,1,0.37089084776840214,0.3870140560857133,0.002310951678652894,0.04966636945841134,0.009095545397269644,abrupt,110,0,13,low,58,0.85,0.3275862068965517,0
S6-dynamic-budget,13,Warm-RFOTO,0.16517143247374108,0.33727464482944813,0.6460515196936998,0.03998335584258659,0.9655172413793104,0.034482758620689655,0.0376779354512086,0.9964375202082743,0.0035624797917258016,1.0279732150622278,0.990782062447232,0.9279603311123855,0.4063790854927366,0.09645568134755232,0.896551724137931,0.29577989999961574,110,1,0.37118461971842254,0.3857566572551484,0.0035624797917258016,0.04966636945841134,0.009217937552768007,abrupt,110,0,13,low,58,0.85,0.3275862068965517,8
S6-dynamic-budget,0,Cold-RFOTO,0.17815628657108065,0.35309938326771373,0.9591407347135865,0.041695336854772246,0.9333333333333333,0.06666666666666667,0.03261125703582425,0.9965353200963585,0.003464679903641595,1.0337852767289488,0.992393924225825,0.9128634108289632,0.5058420843131713,0.08754639664235271,0.9,0.3246170999991591,110,1,0.38608793896956267,0.4544255684664771,0.003464679903641595,0.04654647684745543,0.007606075774175047,abrupt,110,1,0,low,60,0.85,0.0,0
S6-dynamic-budget,0,Warm-RFOTO,0.19911176815914142,0.3646683858684313,1.1921288863953747,0.04530484899758576,0.9333333333333333,0.06666666666666667,0.04335571348253642,0.9962064665267393,0.00379353347326087,1.0329515682613315,0.9895881801042365,0.9022922696138521,0.5058420843131713,0.1025737123657445,0.8833333333333333,0.3075802000021213,110,1,0.43270584449692856,0.46251601924330893,0.00379353347326087,0.07694969787758496,0.010411819895763452,abrupt,110,1,0,low,60,0.85,0.0,0
S6-dynamic-budget,1,Cold-RFOTO,0.1984986262390567,0.3582732647488903,0.6985884534803275,0.04067207540463669,0.9555555555555556,0.044444444444444446,0.051068161959076104,0.9969766874195856,0.003023312580414481,1.0492237164382017,0.9874698967911806,0.9542013262928477,0.43580989843933565,0.11264590062675905,0.9555555555555556,0.2461438000027556,110,1,0.40027435270665934,0.47780817812344845,0.003023312580414481,0.09709853338587511,0.01253010320881942,abrupt,110,1,1,low,45,0.85,0.3333333333333333,0
S6-dynamic-budget,1,Warm-RFOTO,0.1984986262390567,0.3582732647488903,0.6985884534803275,0.04067207540463669,0.9555555555555556,0.044444444444444446,0.051068161959076104,0.9969766874195856,0.003023312580414481,1.0492237164382017,0.9874698967911806,0.9542013262928477,0.43580989843933565,0.11264590062675905,0.9555555555555556,0.26522750000003725,110,1,0.40027435270665934,0.47780817812344845,0.003023312580414481,0.09709853338587511,0.01253010320881942,abrupt,110,1,1,low,45,0.85,0.3333333333333333,6
S6-dynamic-budget,2,Cold-RFOTO,0.18521237397503432,0.4384081899902,1.0681330872512245,0.049182281778959114,0.9285714285714286,0.07142857142857142,0.07273663881735608,0.9957485319209578,0.004251468079042152,1.0450529373385162,0.9841256337211974,0.8438687091696768,0.3230518866814733,0.12700561632677237,0.9285714285714286,0.3000367999993614,110,1,0.39725030009677365,0.45436195756793907,0.004251468079042152,0.05805622703208496,0.015874366278802565,abrupt,110,1,2,low,56,0.85,0.23214285714285715,0
S6-dynamic-budget,2,Warm-RFOTO,0.18521237397503432,0.4384081899902,1.0681330872512245,0.049182281778959114,0.9285714285714286,0.07142857142857142,0.07273663881735608,0.9957485319209578,0.004251468079042152,1.0450529373385162,0.9841256337211974,0.8438687091696768,0.3230518866814733,0.12700561632677237,0.9285714285714286,0.31871289999980945,110,1,0.39725030009677365,0.45436195756793907,0.004251468079042152,0.05805622703208496,0.015874366278802565,abrupt,110,1,2,low,56,0.85,0.23214285714285715,5
S6-dynamic-budget,3,Cold-RFOTO,0.2923295723232604,0.7850687485964838,1.7152095668225282,0.08766631243881948,0.8467153284671532,0.15328467153284672,0.12730937293113478,0.9973218055827325,0.0026781944172674737,1.0300206577810278,0.9744977090657476,0.6341809929322175,0.24428574025246083,0.16177044744882219,0.8394160583941606,0.39905009999347385,110,1,0.6233228774491584,0.6793481981405797,0.0026781944172674737,0.12094256286517022,0.02550229093425238,abrupt,110,1,3,high,137,1.2,0.2846715328467153,0
S6-dynamic-budget,3,Warm-RFOTO,0.2927408540931223,0.7852255639595181,1.7152095668225282,0.08777770591246342,0.8467153284671532,0.15328467153284672,0.12729225460989452,0.9973214283742431,0.0026785716257569,1.0300248279774125,0.9745022619239168,0.6341809929322175,0.24428574025246083,0.16175562871296356,0.8394160583941606,0.3854503999973531,110,1,0.6233710013286133,0.6820316064040831,0.0026785716257569,0.1209319510551706,0.025497738076083243,abrupt,110,1,3,high,137,1.2,0.2846715328467153,19
S6-dynamic-budget,4,Cold-RFOTO,0.40227184317758125,0.8897839948111577,2.314928038581493,0.11716816102589045,0.7986577181208053,0.20134228187919462,0.1678920185425557,0.9977848495322155,0.0022151504677846,1.0284930007484194,0.9657278550774978,0.43505061803365414,0.24793482373147127,0.188383674484784,0.7785234899328859,0.4158900000038557,110,1,0.8203171222906707,0.9034972511209294,0.0022151504677846,0.22433649241936776,0.03427214492250219,abrupt,110,1,4,high,149,1.2,0.6577181208053692,0
S6-dynamic-budget,4,Warm-RFOTO,0.38394435317363745,0.8746674664215511,2.117708289476234,0.11794318302914161,0.7919463087248322,0.2080536912751678,0.15587182330861585,0.9978022444090924,0.002197755590907624,1.0283893320850876,0.9683752148446285,0.45137305144753787,0.24793482373147127,0.1807140667300164,0.785234899328859,0.4053545999995549,110,1,0.7804015244113401,0.9092467466824629,0.002197755590907624,0.18909476470778291,0.03162478515537148,abrupt,110,1,4,high,149,1.2,0.6577181208053692,49
S6-dynamic-budget,5,Cold-RFOTO,0.3178809075230897,0.9276856386704434,3.2531736377012823,0.09797107045938705,0.7635135135135135,0.23648648648648649,0.1969520586194357,0.9984649063251949,0.0015350936748052216,1.0188631953037992,0.9596514537283916,0.4191301372503555,0.20961109450209844,0.2050487769712911,0.8108108108108109,0.3694949999990058,110,1,0.7102272699405079,0.6300199358631531,0.0015350936748052216,0.15784719593114982,0.04034854627160844,abrupt,110,1,5,high,148,1.2,0.7297297297297297,0
S6-dynamic-budget,5,Warm-RFOTO,0.3178809075230897,0.9276856386704434,3.2531736377012823,0.09797107045938705,0.7635135135135135,0.23648648648648649,0.1969520586194357,0.9984649063251949,0.0015350936748052216,1.0188631953037992,0.9596514537283916,0.4191301372503555,0.20961109450209844,0.2050487769712911,0.8108108108108109,0.37968939999700524,110,1,0.7102272699405079,0.6300199358631531,0.0015350936748052216,0.15784719593114982,0.04034854627160844,abrupt,110,1,5,high,148,1.2,0.7297297297297297,43
S6-dynamic-budget,6,Cold-RFOTO,0.316702864388801,0.8819211905934745,2.2581448661067514,0.08571761289267384,0.8203125,0.1796875,0.1418249147868005,0.9971766912478667,0.0028233087521333054,1.0241766218425528,0.9708200679946208,0.5020077685968423,0.2099502172630934,0.17336952736259204,0.84375,0.404133299998648,110,1,0.7192673530536948,0.6214507021244311,0.0028233087521333054,0.1549070770219163,0.02917993200537916,abrupt,110,1,6,high,128,1.2,0.7421875,0
S6-dynamic-budget,6,Warm-RFOTO,0.32112920058553657,0.8665990094571827,2.327086847058477,0.08660968453037719,0.8203125,0.1796875,0.13853359100614748,0.9968180707120224,0.0031819292879774926,1.0266777955268236,0.9714662211723566,0.49747894861474873,0.2099502172630934,0.17138223142594358,0.84375,0.37713320000329986,110,1,0.7184576819574983,0.6341733489461483,0.0031819292879774926,0.165889300289991,0.028533778827643408,abrupt,110,1,6,high,128,1.2,0.7421875,35
S6-dynamic-budget,7,Cold-RFOTO,0.3682192793087386,0.9283372652886092,3.04291206004108,0.10307167463834374,0.7956204379562044,0.20437956204379562,0.17814529038253685,0.9978641225401457,0.002135877459854392,1.0177771740279575,0.9656299275933168,0.45220778074267276,0.19638011085550255,0.18866218714623714,0.8102189781021898,0.4050712000025669,110,1,0.798227255949723,0.7075552595185147,0.002135877459854392,0.22778596016222952,0.034370072406683216,abrupt,110,1,7,high,137,1.2,0.6277372262773723,0
S6-dynamic-budget,7,Warm-RFOTO,0.36737773607114776,0.8962532667578643,3.04291206004108,0.10567605659495505,0.7956204379562044,0.20437956204379562,0.17180062049760184,0.9978659544116811,0.002134045588318987,1.0183645484801571,0.9656534380174878,0.4389775971666881,0.19638011085550255,0.18859535421239818,0.8102189781021898,0.3851950999960536,110,1,0.7887491841601254,0.7178144912893197,0.002134045588318987,0.22775789169071117,0.03434656198251218,abrupt,110,1,7,high,137,1.2,0.6277372262773723,38
S6-dynamic-budget,8,Cold-RFOTO,0.22317513414404708,0.3980242651364943,0.970229676344092,0.05720487343582761,0.9565217391304348,0.043478260869565216,0.046114556291004465,0.9941571638168005,0.005842836183199312,1.0477957701006015,0.9888105507849709,0.9160288707532355,0.40390060945442186,0.1063770172706834,0.9130434782608695,0.3028081000011298,110,1,0.48759935305598195,0.5107139755933529,0.005842836183199312,0.08728485968861782,0.011189449215029068,abrupt,110,1,8,low,69,0.85,0.7681159420289855,0
S6-dynamic-budget,8,Warm-RFOTO,0.2229278168027796,0.3977761008932442,0.970229676344092,0.057128678966978035,0.9565217391304348,0.043478260869565216,0.046114556291004465,0.9941525560586101,0.005847443941389822,1.0478323580596132,0.9888105943066113,0.9160288707532355,0.40390060945442186,0.10637680805141805,0.9130434782608695,0.3079386000026716,110,1,0.48727877681206205,0.5095933869021558,0.005847443941389822,0.08728485968861782,0.011189405693388665,abrupt,110,1,8,low,69,0.85,0.7681159420289855,22
S6-dynamic-budget,9,Cold-RFOTO,0.2467974842930818,0.48334272025607744,1.7297415727292411,0.040724720279925915,0.8775510204081632,0.12244897959183673,0.14222065361288344,0.9981706160415859,0.0018293839584140846,1.0166417467034283,0.9702822760910556,0.5207882801123749,0.24481019492296432,0.17500833081961265,0.8571428571428571,0.25030940000578994,110,1,0.5440092429877056,0.37297502182624204,0.0018293839584140846,0.20010153957677845,0.02971772390894445,abrupt,110,1,9,low,49,0.85,0.42857142857142855,0
S6-dynamic-budget,9,Warm-RFOTO,0.2467974842930818,0.48334272025607744,1.7297415727292411,0.040724720279925915,0.8775510204081632,0.12244897959183673,0.14222065361288344,0.9981706160415859,0.0018293839584140846,1.0166417467034283,0.9702822760910556,0.5207882801123749,0.24481019492296432,0.17500833081961265,0.8571428571428571,0.26050360000226647,110,1,0.5440092429877056,0.37297502182624204,0.0018293839584140846,0.20010153957677845,0.02971772390894445,abrupt,110,1,9,low,49,0.85,0.42857142857142855,12
S6-dynamic-budget,10,Cold-RFOTO,0.2312125980991919,0.3838610576723677,1.341140631379092,0.05504968461181533,0.8867924528301887,0.11320754716981132,0.08853124737544957,0.9970520838284672,0.002947916171532789,1.033624616154626,0.9799566667131376,0.6388373971479941,0.3927120814311539,0.14301498278488317,0.8679245283018868,0.2888717000023462,110,1,0.4727902794846489,0.5498200554025487,0.002947916171532789,0.10778374676124576,0.020043333286862364,abrupt,110,1,10,low,53,0.85,0.2641509433962264,0
S6-dynamic-budget,10,Warm-RFOTO,0.2088376760579486,0.3590952311437279,0.9975781484215698,0.051576743813748854,0.9056603773584906,0.09433962264150944,0.07389373415322088,0.9968487387286871,0.0031512612713129476,1.0332819599353344,0.9831430363022474,0.65118318771741,0.3927120814311539,0.130942709154329,0.8867924528301887,0.2677237000025343,110,1,0.4218179728717333,0.5255176797159417,0.0031512612713129476,0.08558693629479418,0.01685696369775258,abrupt,110,1,10,low,53,0.85,0.2641509433962264,7
S6-dynamic-budget,11,Cold-RFOTO,0.23430708907932107,0.4977915821512639,1.9446178842460287,0.054606408951218315,0.8888888888888888,0.1111111111111111,0.09414683817328545,0.9970025355307813,0.0029974644692185443,1.0411142723721065,0.9791048575851199,0.5785375505789322,0.32458633414320964,0.14608582083891195,0.8472222222222222,0.3021719000025769,110,1,0.5178549584518333,0.4433640116345082,0.0029974644692185443,0.13841993386044316,0.020895142414880108,abrupt,110,1,11,low,72,0.85,0.25,0
S6-dynamic-budget,11,Warm-RFOTO,0.229051426564122,0.5000240783245021,1.9446178842460287,0.054084754921745234,0.8888888888888888,0.1111111111111111,0.09414683817328545,0.9969351209068127,0.0030648790931872994,1.0421129485979734,0.9791045448184603,0.5785375505789322,0.32458633414320964,0.14608693750276852,0.8333333333333334,0.28755899999669055,110,1,0.5226083615704324,0.40031372407023125,0.0030648790931872994,0.13841993386044316,0.02089545518153968,abrupt,110,1,11,low,72,0.85,0.25,5
S6-dynamic-budget,12,Cold-RFOTO,0.2854782073624093,0.5226020331183584,1.6894508503123493,0.05757292420659097,0.8648648648648649,0.13513513513513514,0.11571258373573734,0.9968005761972334,0.003199423802766622,1.0519597161481635,0.9745671212678886,0.5237319789349251,0.29584063429806645,0.1615443906317399,0.8918918918918919,0.3527691999988747,110,1,0.5973834881901502,0.6773912154558042,0.003199423802766622,0.12027534570452425,0.02543287873211142,abrupt,110,1,12,low,74,0.85,0.36486486486486486,0
S6-dynamic-budget,12,Warm-RFOTO,0.2844004599866579,0.5215175143110738,1.6894508503123493,0.05736652084945393,0.8648648648648649,0.13513513513513514,0.11448935881334119,0.9967664728462718,0.0032335271537283173,1.0524159371120696,0.9748593184812231,0.5237319789349251,0.29584063429806645,0.16058964924798577,0.8918918918918919,0.3230607000004966,110,1,0.595768072243745,0.675888308160108,0.0032335271537283173,0.11862955217257308,0.02514068151877691,abrupt,110,1,12,low,74,0.85,0.36486486486486486,13
S6-dynamic-budget,13,Cold-RFOTO,0.3077117673445004,0.8484159598516205,1.8197949080210878,0.1113578411640464,0.8169934640522876,0.1830065359477124,0.09923539816372046,0.9990740925513083,0.0009259074486916993,1.0188877873515805,0.9790517718810786,0.5705435946595631,0.3250315457044992,0.14627523968645098,0.8431372549019608,0.4147051000036299,110,1,0.6878740568349944,0.7099152075347511,0.0009259074486916993,0.10371422519185028,0.020948228118921386,abrupt,110,1,13,high,153,1.2,0.33986928104575165,0
S6-dynamic-budget,13,Warm-RFOTO,0.3213661216768979,0.8465431051056065,1.8819514538569069,0.10900943245781068,0.8169934640522876,0.1830065359477124,0.10737976202896755,0.9990872128883047,0.0009127871116952328,1.0188581793386504,0.9782451615310466,0.6016808423450736,0.23453585880620356,0.14912624320307674,0.8366013071895425,0.3815028999961214,110,1,0.7178597403380043,0.6902929075436569,0.0009127871116952328,0.13964586907266496,0.02175483846895343,abrupt,110,1,13,high,153,1.2,0.33986928104575165,24
S6-dynamic-budget,0,Cold-RFOTO,0.2955174036918607,0.6438299945711418,2.3776583577173573,0.07279272769098134,0.75,0.25,0.22714441548343003,0.9962274571620165,0.003772542837983492,1.050274622048619,0.9565299763421005,0.4620407991525312,0.2271451684413875,0.21317960142554226,0.7083333333333334,0.5363406999967992,220,1,0.638534365598826,0.5724723904694708,0.003772542837983492,0.17095176642180765,0.04347002365789954,abrupt,220,0,0,low,48,0.85,0.0,0
S6-dynamic-budget,0,Warm-RFOTO,0.2955174036918607,0.6438299945711418,2.3776583577173573,0.07279272769098134,0.75,0.25,0.22714441548343003,0.9962274571620165,0.003772542837983492,1.050274622048619,0.9565299763421005,0.4620407991525312,0.2271451684413875,0.21317960142554226,0.7083333333333334,0.5867195000028005,220,1,0.638534365598826,0.5724723904694708,0.003772542837983492,0.17095176642180765,0.04347002365789954,abrupt,220,0,0,low,48,0.85,0.0,0
S6-dynamic-budget,1,Cold-RFOTO,0.3757848913437686,1.0126459539559256,3.1767532511337384,0.11864119732272405,0.7753623188405797,0.2246376811594203,0.2134618929392212,0.9983629904710902,0.001637009528909668,1.0213584492085166,0.9592613578994976,0.42083701711660076,0.22471630006376186,0.20607950355969637,0.782608695652174,0.7991118999998434,220,1,0.7839178234147592,0.8250575555651766,0.001637009528909668,0.19843441573777998,0.040738642100502376,abrupt,220,0,1,high,138,1.2,0.2391304347826087,0
S6-dynamic-budget,1,Warm-RFOTO,0.3667909419312162,0.997059013990118,2.6391401181364755,0.11985517373432086,0.7753623188405797,0.2246376811594203,0.1971102755158812,0.9981040099613774,0.0018959900386225105,1.0228630380685986,0.9620623530991734,0.5064772640020464,0.22471630006376186,0.1985791213915748,0.7898550724637681,0.8191788000040106,220,1,0.7670642952189234,0.8316320001400814,0.0018959900386225105,0.1768408922504985,0.03793764690082657,abrupt,220,0,1,high,138,1.2,0.2391304347826087,15
S6-dynamic-budget,2,Cold-RFOTO,0.3867835709887777,0.9608431391484655,2.7926351691168847,0.09265268780897004,0.75177304964539,0.24822695035460993,0.21312130055412934,0.9969623605962195,0.003037639403780473,1.0280517584698448,0.9571329165810454,0.43357506172780685,0.19647845769053618,0.21162932265377582,0.7588652482269503,0.7468950000038603,220,1,0.8254839760934976,0.7142208487899988,0.003037639403780473,0.2649674370132169,0.04286708341895462,abrupt,220,0,2,high,141,1.2,0.6879432624113475,0
S6-dynamic-budget,2,Warm-RFOTO,0.3826296611510615,0.9473777064681587,2.6130507695897687,0.09206702596220026,0.7588652482269503,0.24113475177304963,0.20262465556813372,0.9969273548478373,0.003072645152162775,1.0285349069137961,0.9597113946853684,0.43357506172780685,0.19647845769053618,0.20489001353869904,0.7659574468085106,0.8510106000030646,220,1,0.8124998649929369,0.7287211153304554,0.003072645152162775,0.25415483110252657,0.04028860531463163,abrupt,220,0,2,high,141,1.2,0.6879432624113475,38
S6-dynamic-budget,3,Cold-RFOTO,0.31024544170418916,0.8387806321845274,1.9288690666742143,0.1022516780061347,0.8211382113821138,0.17886178861788618,0.10757701307957895,0.9989554524894816,0.001044547510518514,1.0192536042150282,0.9795095823473415,0.7142885688559418,0.19641088754431474,0.14463422100469578,0.8211382113821138,0.7822133999943617,220,1,0.6589677843702261,0.7999070185748283,0.001044547510518514,0.08893988270162362,0.020490417652658466,abrupt,220,0,3,high,123,1.2,0.6910569105691057,0
S6-dynamic-budget,3,Warm-RFOTO,0.31064148213995957,0.8328217820520099,1.9288690666742143,0.10533728709796916,0.8211382113821138,0.17886178861788618,0.10110384192871426,0.9989541708809347,0.0010458291190652566,1.0196386246680986,0.9811799220720192,0.7142885688559418,0.19641088754431474,0.13849572955745135,0.8292682926829268,0.7804298000046401,220,1,0.6574344059164787,0.8136830085970301,0.0010458291190652566,0.0847930074331009,0.018820077927980794,abrupt,220,0,3,high,123,1.2,0.6910569105691057,39
S6-dynamic-budget,4,Cold-RFOTO,0.37412105046323907,0.8882659477209401,2.53521595734773,0.10310106752271822,0.8181818181818182,0.18181818181818182,0.17467034247643354,0.9985091094532942,0.001490890546705662,1.0197718567313399,0.9656195510288854,0.44894924657764906,0.17985119266453803,0.18869167804556547,0.7832167832167832,0.7138754000043264,220,1,0.8235189207992261,0.6507661586579306,0.001490890546705662,0.26068460403893856,0.034380448971114586,abrupt,220,0,4,high,143,1.2,0.6223776223776224,0
S6-dynamic-budget,4,Warm-RFOTO,0.37412105046323907,0.8882659477209401,2.53521595734773,0.10310106752271822,0.8181818181818182,0.18181818181818182,0.17467034247643354,0.9985091094532942,0.001490890546705662,1.0197718567313399,0.9656195510288854,0.44894924657764906,0.17985119266453803,0.18869167804556547,0.7832167832167832,0.7482966999959899,220,1,0.8235189207992261,0.6507661586579306,0.001490890546705662,0.26068460403893856,0.034380448971114586,abrupt,220,0,4,high,143,1.2,0.6223776223776224,45
S6-dynamic-budget,5,Cold-RFOTO,0.33335014809827934,0.7665210421918245,1.82836524131211,0.09997590130903193,0.8518518518518519,0.14814814814814814,0.12483759753798199,0.9976885768419518,0.0023114231580481834,1.0316082410086471,0.9755773044413266,0.5213105904723556,0.1687072826499387,0.15822166620110276,0.7703703703703704,0.8164615999994567,220,1,0.7311268654391314,0.7071684463004723,0.0023114231580481834,0.16146990331205985,0.02442269555867338,abrupt,220,0,5,high,135,1.2,0.6814814814814815,0
S6-dynamic-budget,5,Warm-RFOTO,0.33643066962073803,0.7729620010305094,1.82836524131211,0.10690808661790907,0.8518518518518519,0.14814814814814814,0.12386882130851389,0.9973768841780475,0.0026231158219524042,1.0356139409040401,0.9755116982524842,0.5213105904723556,0.1687072826499387,0.15843936499239944,0.7777777777777778,0.8154869999998482,220,1,0.7339911741098095,0.7263223916130052,0.0026231158219524042,0.15914659569926803,0.024488301747515817,abrupt,220,0,5,high,135,1.2,0.6814814814814815,50
S6-dynamic-budget,6,Cold-RFOTO,0.33157034501730215,0.8267050586539206,2.582607484701943,0.10602344093256415,0.8344370860927153,0.16556291390728478,0.14786060943492504,0.9991345635808552,0.000865436419144908,1.018210539390932,0.9684912503669376,0.5138228060293777,0.2662036632619318,0.18037142397222752,0.7682119205298014,0.7468317000020761,220,1,0.6981911223879022,0.7656863937599334,0.000865436419144908,0.14908082251019295,0.03150874963306238,abrupt,220,0,6,high,151,1.2,0.6556291390728477,0
S6-dynamic-budget,6,Warm-RFOTO,0.33308413455387703,0.8285236569090503,2.582607484701943,0.10553452922601156,0.8278145695364238,0.17218543046357615,0.1531493980603944,0.9993474269725416,0.0006525730274583836,1.0160865786993867,0.9673963283486858,0.5138228060293777,0.2662036632619318,0.18358239782316177,0.7549668874172185,0.7375238999957219,220,1,0.7010122376615617,0.7618705238638581,0.0006525730274583836,0.15411772482287633,0.03260367165131417,abrupt,220,0,6,high,151,1.2,0.6556291390728477,44
S6-dynamic-budget,7,Cold-RFOTO,0.28244742649248206,0.701021389398912,1.7915739915486069,0.07446593128760809,0.8677685950413223,0.1322314049586777,0.10814840996976216,0.9988161273818353,0.0011838726181646435,1.0191027196280356,0.9784578209152237,0.6752348988622323,0.2385851927079196,0.14837945155691712,0.8842975206611571,0.7367693999985931,220,1,0.6121313315121487,0.6774012593479847,0.0011838726181646435,0.0973452133035912,0.02154217908477629,abrupt,220,0,7,high,121,1.2,0.743801652892562,0
S6-dynamic-budget,7,Warm-RFOTO,0.28015173211496514,0.6930727963502392,1.9224630463760117,0.07160331246138882,0.8760330578512396,0.12396694214876033,0.11688685835459084,0.9989640523693333,0.0010359476306668492,1.0161363979569091,0.976258321054189,0.6023986347875303,0.2385851927079196,0.15594567682695862,0.8760330578512396,0.7850188000011258,220,1,0.6186405261556297,0.6283608002606812,0.0010359476306668492,0.10987615667580194,0.02374167894581103,abrupt,220,0,7,high,121,1.2,0.743801652892562,35
S6-dynamic-budget,8,Cold-RFOTO,0.2773866602676478,0.7390437775453813,2.2984992551103027,0.08404817977100458,0.8828125,0.1171875,0.10676236471431111,0.9977283055987308,0.002271694401269172,1.0310219899917845,0.9761318949010386,0.5629763514849195,0.327418541929176,0.15637046189767184,0.8515625,0.8167068000038853,220,1,0.6329453118498242,0.5705773547689963,0.002271694401269172,0.11811669777897718,0.023868105098961423,abrupt,220,0,8,high,128,1.2,0.6171875,0
S6-dynamic-budget,8,Warm-RFOTO,0.3031904847768692,0.7464515225342868,2.820109066771248,0.08323921998110459,0.8828125,0.1171875,0.12982939129778293,0.9976205279045711,0.002379472095428975,1.0297006439804355,0.9718444217065006,0.5165694747205057,0.25217705556965286,0.17020952228767716,0.84375,0.7613898999989033,220,1,0.6780362419983107,0.5662147088018419,0.002379472095428975,0.17619994717561813,0.02815557829349935,abrupt,220,0,8,high,128,1.2,0.6171875,31
S6-dynamic-budget,9,Cold-RFOTO,0.19472007046237882,0.40181703815242126,0.9870587778041008,0.05101704540253414,0.90625,0.09375,0.02532876560903318,0.9971568553751742,0.0028431446248257993,1.018607746011615,0.9951542945054943,0.8587754085175408,0.5460173706766284,0.06978037468816867,0.8125,0.6333058000018355,220,1,0.46638491572956386,0.48077352196963546,0.0028431446248257993,0.018849313941606084,0.004845705494505692,abrupt,220,0,9,low,64,0.85,0.625,0
S6-dynamic-budget,9,Warm-RFOTO,0.181001971441701,0.34584871370184367,0.9049615252363739,0.04702424294620938,0.953125,0.046875,0.012660250065877485,0.9968325112125986,0.003167488787401314,1.0207782477259861,0.9976807970974686,0.9460792401765792,0.7074889843796276,0.04821404471659361,0.875,0.6597068999981275,220,1,0.4171922434635159,0.48911424681245697,0.003167488787401314,0.009421581444373944,0.002319202902531403,abrupt,220,0,9,low,64,0.85,0.625,16
S6-dynamic-budget,10,Cold-RFOTO,0.23274117054025242,0.444588376794625,1.428683391432254,0.04769575300897865,0.8985507246376812,0.10144927536231885,0.08307610742419737,0.9961929950687016,0.0038070049312983775,1.0436620122402365,0.9812585417474328,0.6914368285066811,0.3785797279779265,0.13820061153823773,0.8260869565217391,0.6056915000008303,220,1,0.4840583495644065,0.5993481565331381,0.0038070049312983775,0.07300695978014124,0.018741458252567234,abrupt,220,0,10,low,69,0.85,0.3188405797101449,0
S6-dynamic-budget,10,Warm-RFOTO,0.25866337749819523,0.4914459617130347,1.4893869455238267,0.05282151539528734,0.8840579710144928,0.11594202898550725,0.08665503386217258,0.995830500658081,0.004169499341918982,1.045384701093901,0.9808397435884573,0.6914368285066811,0.3785797279779265,0.13976603045614508,0.8260869565217391,0.6189663000041037,220,1,0.5413745609200177,0.6685256996158262,0.004169499341918982,0.07733177598280663,0.01916025641154273,abrupt,220,0,10,low,69,0.85,0.3188405797101449,5
S6-dynamic-budget,11,Cold-RFOTO,0.1859895320772372,0.4043356272248152,0.8208055642457914,0.050251536702076174,0.9230769230769231,0.07692307692307693,0.033947478393665825,0.9959070187275478,0.0040929812724521415,1.0394919765536588,0.9920755867649641,0.929875493871178,0.4963923969529794,0.08937399598911333,0.9076923076923077,0.6169340999986161,220,1,0.44494621430193876,0.42803934060279464,0.0040929812724521415,0.03415927668634994,0.007924413235035899,abrupt,220,0,11,low,65,0.85,0.38461538461538464,0
S6-dynamic-budget,11,Warm-RFOTO,0.19492053651736144,0.39284843484026655,0.7981193221983531,0.05823028202986876,0.9230769230769231,0.07692307692307693,0.02780707308256265,0.9947710852052607,0.005228914794739464,1.0488527354153658,0.9936747904266438,0.929875493871178,0.49890592103538406,0.07978391141756107,0.9230769230769231,0.6629784000033396,220,1,0.43505468586646107,0.5112265848099943,0.005228914794739464,0.029913251737182844,0.00632520957335625,abrupt,220,0,11,low,65,0.85,0.38461538461538464,10
S6-dynamic-budget,12,Cold-RFOTO,0.2585289158578261,0.5427342175396019,2.493983648924473,0.061989053460924426,0.8904109589041096,0.1095890410958904,0.10844767574922315,0.9958819515742947,0.004118048425705361,1.03879990471092,0.9745891676114097,0.5035802717111069,0.3618471584226875,0.1614725321628858,0.8767123287671232,0.7211773000017274,220,1,0.5460988263843348,0.5745036051182955,0.004118048425705361,0.12477373580227374,0.02541083238859032,abrupt,220,0,12,low,73,0.85,0.273972602739726,0
S6-dynamic-budget,12,Warm-RFOTO,0.26417461138249704,0.5712083919925964,2.493983648924473,0.06267748408256417,0.8904109589041096,0.1095890410958904,0.10844767574922315,0.995836319904708,0.00416368009529207,1.0389570120329075,0.9745777530063577,0.5035802717111069,0.3618471584226875,0.16150974083140907,0.8767123287671232,0.7197853000034229,220,1,0.5622488773741321,0.5851525668019388,0.00416368009529207,0.12477373580227374,0.02542224699364226,abrupt,220,0,12,low,73,0.85,0.273972602739726,12
S6-dynamic-budget,13,Cold-RFOTO,0.16479926218031504,0.34104646521065063,0.6460515196936998,0.03950312614940792,0.9655172413793104,0.034482758620689655,0.0376779354512086,0.9964002814633379,0.0035997185366620356,1.029129939332846,0.9907828119055908,0.9279603311123855,0.4063790854927366,0.09645172365540146,0.896551724137931,0.5506411000023945,220,1,0.3733117463973424,0.37968140863255223,0.0035997185366620356,0.04966636945841134,0.00921718809440919,abrupt,220,0,13,low,58,0.85,0.3275862068965517,0
S6-dynamic-budget,13,Warm-RFOTO,0.16514852910425354,0.33779049772765724,0.6460515196936998,0.039900335759152666,0.9655172413793104,0.034482758620689655,0.0376779354512086,0.9964394312741401,0.0035605687258599677,1.0279109008631093,0.9907820192694226,0.9279603311123855,0.4063790854927366,0.09645590935342394,0.896551724137931,0.6248609999965993,220,1,0.37146317027474035,0.38514222210804683,0.0035605687258599677,0.04966636945841134,0.009217980730577446,abrupt,220,0,13,low,58,0.85,0.3275862068965517,8
S6-dynamic-budget,0,Cold-RFOTO,0.17547711869002885,0.3503820176640835,0.9591407347135865,0.041635191437648406,0.95,0.05,0.02920198669719824,0.9969349669276654,0.0030650330723347276,1.0295551343045877,0.9930134596152292,0.9531815728383438,0.5058420843131713,0.08387905314145445,0.9,0.6171264000004157,220,1,0.3772229832782509,0.4557386973748228,0.0030650330723347276,0.04459832236824056,0.006986540384770756,abrupt,220,1,0,low,60,0.85,0.0,0
S6-dynamic-budget,0,Warm-RFOTO,0.17898699467963303,0.360655324413629,0.9591407347135865,0.042080080072360165,0.9333333333333333,0.06666666666666667,0.0325909602329667,0.9964734368684455,0.003526563131554557,1.0353393879259867,0.9924025352540283,0.9129095502543821,0.5058420843131713,0.08749644627440886,0.9,0.5868501999939326,220,1,0.3855304041896019,0.4608382775028493,0.003526563131554557,0.04653487867439396,0.0075974647459716715,abrupt,220,1,0,low,60,0.85,0.0,0
S6-dynamic-budget,1,Cold-RFOTO,0.1984986262390567,0.3582732647488903,0.6985884534803275,0.04067207540463669,0.9555555555555556,0.044444444444444446,0.051068161959076104,0.9969766874195856,0.003023312580414481,1.0492237164382017,0.9874698967911806,0.9542013262928477,0.43580989843933565,0.11264590062675905,0.9555555555555556,0.49798269999882905,220,1,0.40027435270665934,0.47780817812344845,0.003023312580414481,0.09709853338587511,0.01253010320881942,abrupt,220,1,1,low,45,0.85,0.3333333333333333,0
S6-dynamic-budget,1,Warm-RFOTO,0.1984986262390567,0.3582732647488903,0.6985884534803275,0.04067207540463669,0.9555555555555556,0.044444444444444446,0.051068161959076104,0.9969766874195856,0.003023312580414481,1.0492237164382017,0.9874698967911806,0.9542013262928477,0.43580989843933565,0.11264590062675905,0.9555555555555556,0.5144949000023189,220,1,0.40027435270665934,0.47780817812344845,0.003023312580414481,0.09709853338587511,0.01253010320881942,abrupt,220,1,1,low,45,0.85,0.3333333333333333,6
S6-dynamic-budget,2,Cold-RFOTO,0.18516356210096827,0.437846724528238,1.0681330872512245,0.04911137946358245,0.9285714285714286,0.07142857142857142,0.07273663881735608,0.9957750434600775,0.004224956539922632,1.0451020168698273,0.984126056929936,0.8438687091696768,0.3230518866814733,0.12700389603001389,0.9285714285714286,0.5422767999989446,220,1,0.3974960443063339,0.45366274331912965,0.004224956539922632,0.05805622703208496,0.015873943070063956,abrupt,220,1,2,low,56,0.85,0.23214285714285715,0
S6-dynamic-budget,2,Warm-RFOTO,0.18521237397503432,0.4384081899902,1.0681330872512245,0.049182281778959114,0.9285714285714286,0.07142857142857142,0.07273663881735608,0.9957485319209578,0.004251468079042152,1.0450529373385162,0.9841256337211974,0.8438687091696768,0.3230518866814733,0.12700561632677237,0.9285714285714286,0.5417474999994738,220,1,0.39725030009677365,0.45436195756793907,0.004251468079042152,0.05805622703208496,0.015874366278802565,abrupt,220,1,2,low,56,0.85,0.23214285714285715,5
S6-dynamic-budget,3,Cold-RFOTO,0.29352291789648605,0.7838464941838837,1.7152095668225282,0.08808014523664481,0.8467153284671532,0.15328467153284672,0.12981856558434027,0.9974880708986082,0.0025119291013917886,1.0303342051625073,0.9740401029330834,0.6341809929322175,0.24428574025246083,0.1632537117086308,0.8321167883211679,0.7749532000016188,220,1,0.6235644669082736,0.6840728132041801,0.0025119291013917886,0.1224980352338994,0.025959897066916593,abrupt,220,1,3,high,137,1.2,0.2846715328467153,0
S6-dynamic-budget,3,Warm-RFOTO,0.29352291789648605,0.7838464941838837,1.7152095668225282,0.08808014523664481,0.8467153284671532,0.15328467153284672,0.12981856558434027,0.9974880708986082,0.0025119291013917886,1.0303342051625073,0.9740401029330834,0.6341809929322175,0.24428574025246083,0.1632537117086308,0.8321167883211679,0.7568537000042852,220,1,0.6235644669082736,0.6840728132041801,0.0025119291013917886,0.1224980352338994,0.025959897066916593,abrupt,220,1,3,high,137,1.2,0.2846715328467153,19
S6-dynamic-budget,4,Cold-RFOTO,0.3716500328825582,0.8778442780556918,2.314928038581493,0.11152335668356461,0.7919463087248322,0.2080536912751678,0.15964495358720246,0.9981175323112602,0.0018824676887399165,1.0253284488391683,0.9674252293950815,0.45137305144753787,0.24793482373147127,0.1834982718292983,0.7718120805369127,0.8153429999947548,220,1,0.780756947391676,0.8227500412048249,0.0018824676887399165,0.1911423229017189,0.032574770604918535,abrupt,220,1,4,high,149,1.2,0.6577181208053692,0
S6-dynamic-budget,4,Warm-RFOTO,0.360217631890765,0.8573844372616598,2.117708289476234,0.11104365430241142,0.8053691275167785,0.19463087248322147,0.14081352935906424,0.9978900693924944,0.002109930607505823,1.0266679847034323,0.9708454256791589,0.4659872007582831,0.24793482373147127,0.17329191780322542,0.7785234899328859,0.863764200003061,220,1,0.761883188143967,0.8177879808219549,0.002109930607505823,0.16913386184741086,0.02915457432084112,abrupt,220,1,4,high,149,1.2,0.6577181208053692,47
S6-dynamic-budget,5,Cold-RFOTO,0.31230872835823675,0.9261865960364583,3.2531736377012823,0.09369202253204943,0.7702702702702703,0.22972972972972974,0.19944700527420994,0.9987806321631575,0.0012193678368426256,1.0141252729130954,0.9589648737719264,0.4163350094317026,0.20961109450209844,0.20686000796533988,0.7972972972972973,0.8211355000021285,220,1,0.7103961230242661,0.5898334611301144,0.0012193678368426256,0.1593421437242939,0.04103512622807359,abrupt,220,1,5,high,148,1.2,0.7297297297297297,0
S6-dynamic-budget,5,Warm-RFOTO,0.3172946322054599,0.9263878417588,3.2531736377012823,0.09866879889810343,0.7635135135135135,0.23648648648648649,0.19183532247025292,0.9983588746093691,0.0016411253906308588,1.0198210693594207,0.9610127812272274,0.4191301372503555,0.20961109450209844,0.2014171959871988,0.8175675675675675,0.865075000001525,220,1,0.7089361985294298,0.6345930022806795,0.0016411253906308588,0.1547812973478338,0.03898721877277256,abrupt,220,1,5,high,148,1.2,0.7297297297297297,42
S6-dynamic-budget,6,Cold-RFOTO,0.3229190569918972,0.8783829291220548,2.327086847058477,0.08625689213188034,0.8203125,0.1796875,0.14338267004688715,0.9972448828145232,0.00275511718547679,1.0243389286100908,0.9705513497815169,0.49747894861474873,0.2099502172630934,0.17419008772116168,0.84375,0.8150845000054687,220,1,0.7281758202136593,0.6250059018829619,0.00275511718547679,0.1686235827446812,0.029448650218483086,abrupt,220,1,6,high,128,1.2,0.7421875,0
S6-dynamic-budget,6,Warm-RFOTO,0.3091875080454083,0.8482915707043803,1.8984966167253352,0.085983808400464,0.8359375,0.1640625,0.1283580580033415,0.997157484576355,0.0028425154236450395,1.0242718378170346,0.9733234439030899,0.5020077685968423,0.2099502172630934,0.16555270798138938,0.84375,0.8383783000026597,220,1,0.7005512423912348,0.6176756881453382,0.0028425154236450395,0.14731343090613325,0.02667655609691011,abrupt,220,1,6,high,128,1.2,0.7421875,33
S6-dynamic-budget,7,Cold-RFOTO,0.3680949913609174,0.9137545951702961,2.6957893494708167,0.10835238505115576,0.781021897810219,0.21897810218978103,0.15884820951114018,0.9979058589766476,0.002094141023352289,1.01857455675298,0.9686323868666559,0.5231054695608097,0.19638011085550255,0.17995389186333585,0.8175182481751825,0.8452724999951897,220,1,0.7945338966113105,0.7354366932221761,0.002094141023352289,0.21608817220036516,0.03136761313334413,abrupt,220,1,7,high,137,1.2,0.6277372262773723,0
S6-dynamic-budget,7,Warm-RFOTO,0.36710397093707825,0.9272013131887619,3.04291206004108,0.1030896823186152,0.7956204379562044,0.20437956204379562,0.175734510147783,0.9977925328280501,0.0022074671719498375,1.0177456673234424,0.9663226929935259,0.45220778074267276,0.19638011085550255,0.18668421104335542,0.8102189781021898,0.8063285000025644,220,1,0.797248561055705,0.7047840112777316,0.0022074671719498375,0.22632455798452472,0.03367730700647409,abrupt,220,1,7,high,137,1.2,0.6277372262773723,35
S6-dynamic-budget,8,Cold-RFOTO,0.22297410186671,0.3980700608320329,0.970229676344092,0.05727903605766976,0.9565217391304348,0.043478260869565216,0.046114556291004465,0.9941518050038212,0.005848194996178585,1.047805771145,0.9888105793037194,0.9160288707532355,0.40390060945442186,0.10637688017406485,0.9130434782608695,0.6565505999969901,220,1,0.4875710153097758,0.5094138734228918,0.005848194996178585,0.08728485968861782,0.011189420696280594,abrupt,220,1,8,low,69,0.85,0.7681159420289855,0
S6-dynamic-budget,8,Warm-RFOTO,0.21822274769478656,0.42502459439710355,1.0885199732105333,0.058385681892129344,0.9420289855072463,0.057971014492753624,0.04231312398051449,0.9938674355463142,0.006132564453685741,1.0549737047905408,0.9899700552301656,0.9350050710869924,0.40390060945442186,0.10065566946343109,0.8840579710144928,0.6680632999996305,220,1,0.48352244674145256,0.5139723389613394,0.006132564453685741,0.0700611222360408,0.010029944769834431,abrupt,220,1,8,low,69,0.85,0.7681159420289855,27
S6-dynamic-budget,9,Cold-RFOTO,0.2467974842930818,0.48334272025607744,1.7297415727292411,0.040724720279925915,0.8775510204081632,0.12244897959183673,0.14222065361288344,0.9981706160415859,0.0018293839584140846,1.0166417467034283,0.9702822760910556,0.5207882801123749,0.24481019492296432,0.17500833081961265,0.8571428571428571,0.5321100000001024,220,1,0.5440092429877056,0.37297502182624204,0.0018293839584140846,0.20010153957677845,0.02971772390894445,abrupt,220,1,9,low,49,0.85,0.42857142857142855,0
S6-dynamic-budget,9,Warm-RFOTO,0.2467974842930818,0.48334272025607744,1.7297415727292411,0.040724720279925915,0.8775510204081632,0.12244897959183673,0.14222065361288344,0.9981706160415859,0.0018293839584140846,1.0166417467034283,0.9702822760910556,0.5207882801123749,0.24481019492296432,0.17500833081961265,0.8571428571428571,0.5769655000040075,220,1,0.5440092429877056,0.37297502182624204,0.0018293839584140846,0.20010153957677845,0.02971772390894445,abrupt,220,1,9,low,49,0.85,0.42857142857142855,13
S6-dynamic-budget,10,Cold-RFOTO,0.20441817102699714,0.3704549481604083,1.2442876541566175,0.04925315792922216,0.8867924528301887,0.11320754716981132,0.07749943444498783,0.9980160674890249,0.001983932510975001,1.02680870877791,0.9829993753752788,0.6894198453064719,0.3927120814311539,0.13150910379846317,0.8490566037735849,0.7279970999952639,220,1,0.46424746082447005,0.4001233674600801,0.001983932510975001,0.10156368202385777,0.017000624624721183,abrupt,220,1,10,low,53,0.85,0.2641509433962264,0
S6-dynamic-budget,10,Warm-RFOTO,0.20410488154461146,0.3696848340853594,1.2442876541566175,0.04916399248418818,0.8867924528301887,0.11320754716981132,0.07749943444498783,0.9971319201215428,0.002868079878457235,1.0303090231703855,0.9829979252713341,0.6894198453064719,0.3927120814311539,0.13151480935556562,0.8490566037735849,0.6517497000022558,220,1,0.46500465234511,0.3955924717825212,0.002868079878457235,0.10156368202385777,0.017002074728665884,abrupt,220,1,10,low,53,0.85,0.2641509433962264,8
S6-dynamic-budget,11,Cold-RFOTO,0.23399462662062326,0.49784489382253205,1.9446178842460287,0.05430530454206772,0.8888888888888888,0.1111111111111111,0.09414683817328545,0.9970017929481109,0.0029982070518892873,1.0411991380511516,0.97910490087002,0.5785375505789322,0.32458633414320964,0.14608566629917938,0.8472222222222222,0.6765104000005522,220,1,0.5179217907093348,0.44116859465535957,0.0029982070518892873,0.13841993386044316,0.02089509912998,abrupt,220,1,11,low,72,0.85,0.25,0
S6-dynamic-budget,11,Warm-RFOTO,0.23430708907932107,0.4977915821512639,1.9446178842460287,0.054606408951218315,0.8888888888888888,0.1111111111111111,0.09414683817328545,0.9970025355307813,0.0029974644692185443,1.0411142723721065,0.9791048575851199,0.5785375505789322,0.32458633414320964,0.14608582083891195,0.8472222222222222,0.6945658999975421,220,1,0.5178549584518333,0.4433640116345082,0.0029974644692185443,0.13841993386044316,0.020895142414880108,abrupt,220,1,11,low,72,0.85,0.25,6
S6-dynamic-budget,12,Cold-RFOTO,0.2854782073624093,0.5226020331183584,1.6894508503123493,0.05757292420659097,0.8648648648648649,0.13513513513513514,0.11571258373573734,0.9968005761972334,0.003199423802766622,1.0519597161481635,0.9745671212678886,0.5237319789349251,0.29584063429806645,0.1615443906317399,0.8918918918918919,0.6680747999998857,220,1,0.5973834881901502,0.6773912154558042,0.003199423802766622,0.12027534570452425,0.02543287873211142,abrupt,220,1,12,low,74,0.85,0.36486486486486486,0
S6-dynamic-budget,12,Warm-RFOTO,0.27914296300562613,0.5229516897690348,1.8235762645509306,0.05345896140742267,0.8648648648648649,0.13513513513513514,0.12117759561050619,0.9972190311204022,0.002780968879597834,1.046773724343142,0.9735904707454496,0.500569701246694,0.29584063429806645,0.1646994590647372,0.8783783783783784,0.7186322999987169,220,1,0.6015776069703367,0.6154924693722739,0.002780968879597834,0.12762827077239508,0.026409529254550423,abrupt,220,1,12,low,74,0.85,0.36486486486486486,13
S6-dynamic-budget,13,Cold-RFOTO,0.32217757810375824,0.848703998979818,1.9048317391471274,0.10915840706191905,0.8104575163398693,0.1895424836601307,0.10969964371652008,0.999071046509668,0.0009289534903321093,1.0196303467320322,0.9779054843749321,0.6016808423450736,0.23453585880620356,0.15031205129588715,0.8366013071895425,0.8020461999985855,220,1,0.7188515603849364,0.6911816994934606,0.0009289534903321093,0.14114986016671385,0.022094515625067923,abrupt,220,1,13,high,153,1.2,0.33986928104575165,0
S6-dynamic-budget,13,Warm-RFOTO,0.31025717376176937,0.8521983005639678,1.830295481952929,0.11239235134066115,0.803921568627451,0.19607843137254902,0.10390651394571751,0.9990529444777353,0.0009470555222647552,1.019857342244214,0.9780761160464131,0.5705435946595631,0.3250315457044992,0.14971744959128308,0.8431372549019608,0.8759965999997803,220,1,0.6903833857330683,0.716073608656055,0.0009470555222647552,0.10708916933041213,0.02192388395358691,abrupt,220,1,13,high,153,1.2,0.33986928104575165,23
