scenario,run,algorithm,objective,delay_mean_s,delay_p95_s,energy_mean_j,success_rate,violation_rate,violation_mean,reliability_mean,link_failure_rate,attempts_mean,jain,utility_p05,utility_min,utility_cv,offload_rate,runtime_s,evaluations,feasible,t_hat,e_hat,r_hat,v_hat,fairness_loss
S1,0,RFOTO-ABC,0.3585790348752092,0.6487102168469112,1.1659332745290407,0.06680432791779707,0.95,0.05,0.11873300419640898,0.9991449486863468,0.0008550513136531879,1.0114870638263787,0.9753678394050542,0.9534625623019632,0.2963261410423232,0.1589157851325749,0.95,0.5022893999703228,500,1,0.7716061754539983,0.5680647897900365,0.0008550513136531879,0.3064077527649264,0.024632160594945773
S1,0,Standard-ABC,0.5071828496146407,1.0031920915597914,2.1200593220806705,0.19201353212228894,0.6,0.4,0.27700318526199735,0.9977554112591674,0.0022445887408325373,1.031202575077148,0.9426457755196065,0.40933772968132115,0.3762764274777928,0.2466655182883045,0.8,0.5117346999468282,500,1,0.9346146273966783,1.3643351557708476,0.0022445887408325373,0.23930747191847335,0.05735422448039351
S1,0,GA,0.32800927704194177,0.7690227049023257,2.9214228654160364,0.11827950797511441,0.85,0.15,0.1574795477577356,0.9973712880502401,0.0026287119497600043,1.0297857390855787,0.9627606782174325,0.47850193312658473,0.4371265130400408,0.19667162643350647,0.75,0.528910499997437,500,1,0.688749108876787,0.759506792990896,0.0026287119497600043,0.14313736086709394,0.0372393217825675
S1,0,PSO,0.6635952342955722,1.6282105622820182,5.096778458999617,0.13731440458167904,0.5,0.5,0.6803287358861111,0.9961844884806741,0.0038155115193259205,1.047098319004159,0.8762020127711995,0.29106833485030276,0.1911700172019145,0.37588471737384677,0.5,0.48730469995643944,500,1,1.3864349477313282,0.760188900793217,0.0038155115193259205,0.7345014474222895,0.12379798722880053
S1,0,DE,0.810463509828128,1.60661304016763,3.9326139452390705,0.16098171864170002,0.35,0.65,0.6682039097553245,0.9999403075252971,5.969247470284933e-05,1.0141330338257768,0.8767131030158807,0.3613193217292849,0.2963261410423232,0.37499865690905176,0.2,0.5213384999660775,500,1,1.7357757964922285,0.9453893270550248,5.969247470284933e-05,0.8648247544170349,0.12328689698411932
S1,0,Local-only,1.1223074847325394,2.647119223826342,6.974036912076827,0.16261306011442345,0.15,0.85,1.4051786276524438,1.0,0.0,0.0,0.8023650271664214,0.18925817035395934,0.1529330802428108,0.49630186113919106,0.0,0.0003280999371781945,1,1,2.377076428546537,1.0,0.0,1.3935725266834735,0.19763497283357856
S1,0,Random-feasible,0.7875271384855345,1.4510638339400173,5.018813596005078,0.1535315530847244,0.5,0.5,0.6220730518692078,0.9972554020920015,0.002744597907998486,1.036927281329623,0.8775184491711356,0.3062816349166566,0.2963261410423232,0.37360029488322977,0.6,0.0008413000032305717,1,1,1.564472151148107,1.2124546596786978,0.002744597907998486,0.7824789981630944,0.12248155082886436
S1,0,Max-SINR,0.3953034379003638,0.6207128975337748,1.0984732157036565,0.06637464135045865,0.9,0.1,0.1766118525553147,0.9990716590137889,0.0009283409862110292,1.0110048581581108,0.9614581228005661,0.45512504896573647,0.2963261410423232,0.2002171362289848,0.95,0.0012611999409273267,1,1,0.7988990452633005,0.6911632699583045,0.0009283409862110292,0.34374894525454297,0.038541877199433916
S1,0,Delay-Greedy,0.3608548296058234,0.6586212458458747,1.1297255484839845,0.06766734324993928,0.95,0.05,0.11873300419640898,0.9990916407889001,0.0009083592110999628,1.0117437982758062,0.9753677566639153,0.9524500605606953,0.2963261410423232,0.15891605877741288,0.95,0.001241800026036799,1,1,0.7742261087162002,0.5787990392860605,0.0009083592110999628,0.3064077527649264,0.024632243336084714
S1,0,Load-Aware,0.3608548296058234,0.6586212458458747,1.1297255484839845,0.06766734324993928,0.95,0.05,0.11873300419640898,0.9990916407889001,0.0009083592110999628,1.0117437982758062,0.9753677566639153,0.9524500605606953,0.2963261410423232,0.15891605877741288,0.95,0.0012457999400794506,1,1,0.7742261087162002,0.5787990392860605,0.0009083592110999628,0.3064077527649264,0.024632243336084714
S1,0,Offload-then-Allocate,0.3702736289863302,0.6139706803044673,1.2142217940826228,0.06516195803140272,0.9,0.1,0.1307979348500175,0.9991913436505249,0.0008086563494750954,1.0107846569904422,0.9737345855611331,0.7801430059369254,0.2963261410423232,0.16423731296286614,0.95,0.0015363000566139817,1,1,0.7678649482651708,0.6377196915736479,0.0008086563494750954,0.31419157899306094,0.026265414438866874
S1,1,RFOTO-ABC,0.1509559166990821,0.3820992407262187,1.1825399436414596,0.03691402250927449,0.85,0.15,0.055754779694283926,0.9999594717429325,4.0528257067590226e-05,1.0107374071452764,0.9888113576473299,0.840259660913922,0.5515567906913142,0.10637313842026393,0.85,0.5167255999986082,500,1,0.3787583612816102,0.28385513159730646,4.0528257067590226e-05,0.0480066185390782,0.011188642352670142
S1,1,Standard-ABC,0.1997740975683936,0.4965988733982168,1.1825399436414596,0.06009447590286175,0.75,0.25,0.0631616745009578,0.9995060881251294,0.0004939118748704452,1.019989469914011,0.9884384834527173,0.840259660913922,0.5515567906913142,0.10815150808442342,0.8,0.5152890000026673,500,1,0.5149077718765233,0.3719205817332629,0.0004939118748704452,0.05370422992882734,0.011561516547282658
S1,1,GA,0.13755812156112102,0.359451514890858,1.1649830676377095,0.026930783749188576,0.95,0.05,0.040652496431656,0.9954298362868107,0.00457016371318929,1.022859448337849,0.9900054521448132,0.9192642461318848,0.5515567906913142,0.1004761030604078,0.95,0.5026991000631824,500,1,0.3611148325310154,0.24698940488088544,0.00457016371318929,0.03127115110127385,0.00999454785518683
S1,1,PSO,0.3956259337747601,0.919617621911408,1.8657417415632376,0.13220318102570336,0.5,0.5,0.23778297794863817,0.9961203549712805,0.003879645028719636,1.122770751969162,0.9598990844928558,0.5491766871559594,0.5039547199842159,0.20439221734659027,0.3,0.6766514999326319,500,1,0.901045856138452,0.7328874911154869,0.003879645028719636,0.21456111896403385,0.04010091550714423
S1,1,DE,0.44214344913100573,1.0581583872250562,1.9794077323209796,0.11608000028968009,0.45,0.55,0.327498989763233,0.9990844628261233,0.0009155371738767904,1.0686686169599187,0.9428672902716446,0.494013513187627,0.30513058405243626,0.24615979779881406,0.3,0.5434599000727758,500,1,0.9790896192123865,0.810397214500085,0.0009155371738767904,0.26823379303547074,0.05713270972835538
S1,1,Local-only,0.6495073800380757,1.424924284151773,2.552511755184044,0.1997414341525156,0.2,0.8,0.47745313985725923,1.0,0.0,0.0,0.9329131295303367,0.494013513187627,0.30513058405243626,0.2681625729216333,0.0,0.0003431999357417226,1,1,1.467688032091065,1.0,0.0,0.4900893657794399,0.06708687046966333
S1,1,Random-feasible,0.4198290060262582,0.9552558695824913,2.552511755184044,0.12003462827922133,0.6,0.4,0.2740825662119456,0.9941112606955288,0.005888739304471219,1.0391965299731416,0.9463529986364941,0.4966444919263223,0.30513058405243626,0.23809273541881074,0.6,0.0008131999056786299,1,1,1.0083968576633882,0.5533677452187192,0.005888739304471219,0.3019993270487327,0.053647001363505864
S1,1,Max-SINR,0.14451559692479485,0.36393047401164663,1.1825399436414596,0.0347617089565637,0.85,0.15,0.055754779694283926,0.9999811306389667,1.8869361033424516e-05,1.0070146458430702,0.9888102480851463,0.840259660913922,0.5515567906913142,0.10637847241256658,0.85,0.001430200063623488,1,1,0.37927646154822636,0.2400839349568932,1.8869361033424516e-05,0.0480066185390782,0.011189751914853718
S1,1,Delay-Greedy,0.16010897509211758,0.41066684896913247,1.1825399436414596,0.039825040248595914,0.85,0.15,0.055754779694283926,0.9999711959782243,2.8804021775596934e-05,1.009522075787665,0.9888107588762657,0.840259660913922,0.5515567906913142,0.10637601692090717,0.85,0.00130690005607903,1,1,0.40604400935184704,0.2994144743098067,2.8804021775596934e-05,0.0480066185390782,0.011189241123734317
S1,1,Load-Aware,0.15246325141395978,0.39099870083617716,1.1825399436414596,0.037548742679364325,0.85,0.15,0.055754779694283926,0.999961946033687,3.805396631296753e-05,1.0104099690688197,0.9888112316859694,0.840259660913922,0.5515567906913142,0.10637374396649059,0.85,0.0012527999933809042,1,1,0.3842214833339785,0.28480199936885614,3.805396631296753e-05,0.0480066185390782,0.011188768314030595
S1,1,Offload-then-Allocate,0.1531311498084129,0.38346774241672515,1.1825399436414596,0.037021705681756764,0.85,0.15,0.055754779694283926,0.9999696236021745,3.0376397825504498e-05,1.0093777083962112,0.9888108388235551,0.840259660913922,0.5515567906913142,0.10637563259080045,0.85,0.0011163000017404556,1,1,0.4060234085637488,0.2529279571778288,3.0376397825504498e-05,0.0480066185390782,0.011189161176444862
S1,2,RFOTO-ABC,0.13065487605066178,0.31805465367100416,0.6583789931334634,0.030662721129929682,1.0,0.0,0.0,0.9970674246923756,0.0029325753076243854,1.0099991981341507,0.9999310383827401,0.9888538682231175,0.962939931915428,0.0083045995261711,1.0,0.5539384000003338,500,1,0.2960804069625165,0.3735861000394588,0.0029325753076243854,0.0,6.896161725988836e-05
S1,2,Standard-ABC,0.2750571250261723,0.5997410577981335,1.6707787293385934,0.10823999388333032,0.85,0.15,0.07882620431371193,0.9988733229616441,0.0011266770383557667,1.0128209949667186,0.9822355812397583,0.6521383962998286,0.49660968096885905,0.13448308712037557,0.8,0.5237360000610352,500,1,0.5530670148981476,0.7790648580649583,0.0011266770383557667,0.06816257748073716,0.017764418760241707
S1,2,GA,0.18889180149148993,0.3863559413044908,0.7298769558830548,0.03706874861054145,0.9,0.1,0.035019911365013666,0.9929141822522981,0.007085817747701695,1.021291449714733,0.9934874286653514,0.772674760024312,0.7082938384281395,0.08096457837992815,0.9,0.4817602999974042,500,1,0.4702379605964181,0.39090145654228103,0.007085817747701695,0.04121217444522262,0.006512571334648554
S1,2,PSO,0.6800490787495417,1.5982083243379435,5.766190075774376,0.12584978331777724,0.35,0.65,0.7318565209330345,0.9999632380918012,3.676190819889014e-05,1.0187209846680567,0.8770682358620491,0.26207073660429897,0.2081870323867928,0.3743823496538235,0.25,0.5908142999978736,500,1,1.489970083637457,0.81362325163728,3.676190819889014e-05,0.6682638123690121,0.12293176413795093
S1,2,DE,0.5533534214074144,1.458865402353189,4.797085175264662,0.14385822135704013,0.4,0.6,0.6611935182661836,0.9997394109510989,0.00026058904890103316,1.025413745423923,0.8841236686534407,0.33637717027382624,0.2081870323867928,0.36202691536015613,0.25,0.5191193999489769,500,1,1.1986564987646873,0.7857775942424532,0.00026058904890103316,0.47355636027244213,0.11587633134655928
S1,2,Local-only,0.8092980611531609,2.080573350462042,5.766190075774376,0.16922321528871184,0.2,0.8,0.9396826471117337,1.0,0.0,0.0,0.8583033664241176,0.26207073660429897,0.2081870323867928,0.40631172803322646,0.0,0.00036049995105713606,1,1,1.7574770888466043,1.0,0.0,0.7946971756205103,0.14169663357588236
S1,2,Random-feasible,0.7063724150550534,1.4216144896343939,5.766190075774376,0.1753760108325294,0.6,0.4,0.6483278025035404,0.9992588924721995,0.0007411075278004941,1.0164173341452014,0.880825922934378,0.25738976979027733,0.2081870323867928,0.3678289054753218,0.6,0.0007769999792799354,1,1,1.4119862745856497,1.1077102289342604,0.0007411075278004941,0.6767799160123942,0.119174077065622
S1,2,Max-SINR,0.22510266522642453,0.6665120767558533,3.236568425878607,0.07805376384710967,0.9,0.1,0.2408513500286519,0.9993471263084244,0.0006528736915756783,1.0101198583969033,0.9564786486092834,0.48218854853975573,0.2081870323867928,0.21331114468675133,0.9,0.0007801000028848648,1,1,0.482488336312065,0.3964137414060968,0.0006528736915756783,0.1534389699622845,0.043521351390716556
S1,2,Delay-Greedy,0.1819609313164227,0.33406679771331765,0.7188563310325587,0.032354361284808425,0.95,0.05,0.014427740026969773,0.9975034631246575,0.0024965368753423365,1.0146206110452813,0.9975560213930833,0.9563396394853698,0.7760632295820054,0.04949713397834538,0.95,0.0014630999648943543,1,1,0.4006933191499484,0.48885433320142646,0.0024965368753423365,0.03037418953046268,0.002443978606916697
S1,2,Load-Aware,0.1791825309006776,0.32749993351945694,0.7188563310325587,0.03189142874571732,0.95,0.05,0.014427740026969773,0.9974385347552586,0.002561465244741423,1.015385042691314,0.9975567597977509,0.9563396394853698,0.7760632295820054,0.049489637757684626,0.95,0.001854900037869811,1,1,0.39468400691948285,0.48026135139270376,0.002561465244741423,0.03037418953046268,0.002443240202249064
S1,2,Offload-then-Allocate,0.13085988968156684,0.2836928509565112,0.5596227540190085,0.028700307634438267,1.0,0.0,0.0,0.9974075596312566,0.002592440368743271,1.0090174493827848,0.9999553318513829,0.987655269354834,0.9712376562813129,0.006683572693317126,1.0,0.001079200068488717,1,1,0.3063245339809556,0.35835711926857805,0.002592440368743271,0.0,4.466814861714408e-05
S1,3,RFOTO-ABC,0.10806896307465315,0.31428323773478983,0.7621401966218865,0.03775277862039486,1.0,0.0,0.0,0.9977294405286893,0.0022705594713105957,1.0511645164926156,0.9999682167199734,0.9832590722987017,0.979073806799933,0.0056377557798140175,1.0,0.5418777000159025,500,1,0.27214236106127326,0.26382995615379146,0.0022705594713105957,0.0,3.178328002662045e-05
S1,3,Standard-ABC,0.30558649282265743,0.6876559944776346,2.566602469753824,0.09940463822103505,0.8,0.2,0.19554694285692323,0.9928612608958727,0.007138739104127262,1.0795317489166634,0.9548970786062593,0.44089402518608006,0.41037475314161376,0.21733218887990188,0.85,0.530060000019148,500,1,0.6692484096937545,0.5385699144924871,0.007138739104127262,0.1971828687818366,0.045102921393740725
S1,3,GA,0.17392955433764185,0.5356279074236558,1.3552780208599873,0.06076713357692416,0.9,0.1,0.036279642999090214,0.9914384643428237,0.008561535657176229,1.078482424841905,0.9920056180552322,0.825624624900874,0.6221635958060358,0.08977085900756933,0.95,0.5252183999400586,500,1,0.4567825525883598,0.3500229776564144,0.008561535657176229,0.017276020475757242,0.007994381944767759
S1,3,PSO,0.36993712548505847,1.0037586703761558,3.619763028772425,0.12080390142899236,0.7,0.3,0.41428274989590996,0.9975171408834157,0.002482859116584363,1.05281557706464,0.9165347878901487,0.37898526019757345,0.2230092838829646,0.3017715363234687,0.6,0.4936364999739453,500,1,0.7642206998670631,0.629241154021132,0.002482859116584363,0.28591769510131326,0.08346521210985125
S1,3,DE,0.6550161771240468,1.477965542768387,3.619763028772425,0.17355223638336797,0.4,0.6,0.665310945855603,0.9975233687640694,0.002476631235930599,1.180382159158789,0.8809463051865479,0.37898526019757345,0.2230092838829646,0.3676179593089242,0.25,0.5298081999644637,500,1,1.4115826247626502,0.8140747630830745,0.002476631235930599,0.6466237040068766,0.11905369481345207
S1,3,Local-only,0.867095049192734,1.9288131805621531,3.619763028772425,0.19083223571412733,0.2,0.8,0.9175491214109643,1.0,0.0,0.0,0.8650087341892813,0.3697029129978495,0.2230092838829646,0.3950413789306119,0.0,0.0003333999775350094,1,1,1.8768001621853703,1.0,0.0,0.9105852750991345,0.13499126581071874
S1,3,Random-feasible,0.3619530246672304,0.8688426128645462,2.59742368893442,0.11585310167472458,0.75,0.25,0.26525024677343245,0.9938570145359045,0.006142985464095618,1.0647646732399803,0.9390056766347863,0.44089402518608006,0.41037475314161376,0.25486523539526473,0.8,0.000824799994006753,1,1,0.780305698125524,0.6454101493412877,0.006142985464095618,0.23874932854822026,0.06099432336521371
S1,3,Max-SINR,0.14287384146834087,0.3743478791437915,0.7303894225039365,0.048392292451181054,0.95,0.05,0.07913405832208895,0.9970479730565021,0.0029520269434978653,1.0403516789137686,0.9813009022471993,0.9176172067168006,0.3871945221088686,0.13804135921996424,0.95,0.0007961000083014369,1,1,0.33561242881752323,0.24489347836466768,0.0029520269434978653,0.0753657698305609,0.018699097752800653
S1,3,Delay-Greedy,0.17297161351768162,0.35288862729438353,1.066084010951337,0.04359111679365473,0.95,0.05,0.04343965416769853,0.9977055334038525,0.0022944665961475708,1.0519734266010234,0.9893734360652179,0.9501237222480999,0.5351047202107975,0.10363735174747729,0.95,0.0014729999238625169,1,1,0.41550285960010214,0.30904980736362175,0.0022944665961475708,0.08274219841466386,0.010626563934782118
S1,3,Load-Aware,0.180593967139075,0.36217446065603076,1.0798970015606955,0.04584777608077012,0.95,0.05,0.04343965416769853,0.997837469168146,0.0021625308318538984,1.0513366914857674,0.989374559051147,0.951541957831924,0.5351047202107975,0.10363181673473086,0.95,0.003005000064149499,1,1,0.41960413123394324,0.35320708278816326,0.0021625308318538984,0.08274219841466386,0.010625440948852982
S1,3,Offload-then-Allocate,0.1042661374197531,0.2724565832502405,0.5431728271935634,0.03355520487352141,1.0,0.0,0.0,0.99600481707494,0.003995182925059959,1.0551562268818253,0.9998535834202975,0.9836575380335547,0.9455341901172181,0.012101157822878555,1.0,0.0012257000198587775,1,1,0.2738065534883072,0.23328999983805962,0.003995182925059959,0.0,0.00014641657970249078
S1,4,RFOTO-ABC,0.13456526166622657,0.3797899979188764,1.1810724709638227,0.0336385869775252,0.9,0.1,0.02613082339097189,0.9998591910942723,0.00014080890572773508,1.0025245000097716,0.9958235917891054,0.8468737729634389,0.7410033892835834,0.06476051071811206,0.9,0.5155244000488892,500,1,0.35703570279476243,0.24755521507095607,0.00014080890572773508,0.030073722776451327,0.0041764082108946
S1,4,Standard-ABC,0.24842496235527592,0.5585735295826215,1.1810724709638227,0.08494041382704517,0.7,0.3,0.0614005464473231,0.9994202384418249,0.0005797615581750292,1.0041833927423234,0.9925853126488816,0.7682028167695222,0.7410033892835834,0.08642959924918305,0.7,0.5200399000896141,500,1,0.6069007181424477,0.520190495158393,0.0005797615581750292,0.06977221252640908,0.0074146873511183875
S1,4,GA,0.14763283384444187,0.41537466304394466,1.1810724709638227,0.033498622445921715,0.85,0.15,0.03381427115898337,0.9999937394458694,6.2605541306604e-06,1.0007176142581984,0.9951636503371494,0.8468737729634389,0.7410033892835834,0.06971265031711747,0.85,0.48298450000584126,500,1,0.4034255025660249,0.24804393716515993,6.2605541306604e-06,0.03537265227163166,0.004836349662850625
S1,4,PSO,0.33087831918275634,0.8530190265105588,2.85111973402968,0.07800077098563732,0.65,0.35,0.28788815073642576,0.9984953641747225,0.001504635825277395,1.0325801979259128,0.9518551810530819,0.4864926964876434,0.21864204762027847,0.2248999401386513,0.6,0.6032038000412285,500,1,0.7796514418058644,0.4759730901706238,0.001504635825277395,0.22818738079441395,0.04814481894691813
S1,4,DE,0.6221979954733888,1.542394233439723,3.9839801810959012,0.12686659356012756,0.25,0.75,0.6257522937306644,0.9977922391943176,0.0022077608056824795,1.0365397261008202,0.8972001132040528,0.273642204935468,0.27115435215382794,0.3384945326348773,0.35,0.5092517000157386,500,1,1.415266876421681,0.7238192902791682,0.0022077608056824795,0.5757873905822593,0.1027998867959472
S1,4,Local-only,0.8685132050056463,2.135879794205777,5.122926233935684,0.2036239225420541,0.05,0.95,0.9084472370025575,1.0,0.0,0.0,0.8738429707500986,0.26852873692715046,0.21864204762027847,0.379961005496734,0.0,0.0003400000277906656,1,1,1.893625308162075,1.0,0.0,0.9047332943105694,0.12615702924990135
S1,4,Random-feasible,0.4526322705553901,1.204981733016845,3.948795955286226,0.09952582635800207,0.45,0.55,0.4235428382693871,0.9985903226575334,0.0014096773424664756,1.0255216980971766,0.9256281925288159,0.3442110576238007,0.23263251032398352,0.2834561481740968,0.6,0.0008215999696403742,1,1,1.0620953336937624,0.5676902572014572,0.0014096773424664756,0.36206876785024017,0.0743718074711841
S1,4,Max-SINR,0.12517011645572004,0.33204729791357995,1.1810724709638227,0.026474041852022494,0.9,0.1,0.02613082339097189,0.9998384323109889,0.0001615676890112272,1.0054751488919829,0.9958243297045476,0.8468737729634389,0.7410033892835834,0.06475476531560216,0.9,0.0008069000905379653,1,1,0.34393273765974597,0.2067322484303375,0.0001615676890112272,0.030073722776451327,0.004175670295452405
S1,4,Delay-Greedy,0.1436261459899416,0.38054231889288215,1.1810724709638227,0.03328241383352874,0.9,0.1,0.02613082339097189,0.9998574943231316,0.00014250567686822092,1.0028291143373926,0.9958236591547927,0.8468737729634389,0.7410033892835834,0.06475998623031239,0.9,0.001226700027473271,1,1,0.36201369683380347,0.299662258834821,0.00014250567686822092,0.030073722776451327,0.004176340845207349
S1,4,Load-Aware,0.13779591859156823,0.3722438433009959,1.1810724709638227,0.03070750016028557,0.9,0.1,0.02613082339097189,0.9998329062675324,0.0001670937324675603,1.0030645138112222,0.9958243484942233,0.8468737729634389,0.7410033892835834,0.06475461901282481,0.9,0.001711699995212257,1,1,0.353005811191986,0.27577512418065914,0.0001670937324675603,0.030073722776451327,0.004175651505776701
S1,4,Offload-then-Allocate,0.1329163894884537,0.34441733193236657,1.1810724709638227,0.02969698193838511,0.9,0.1,0.02613082339097189,0.9998682226677806,0.00013177733221939048,1.0050165266280304,0.9958234292019454,0.8468737729634389,0.7410033892835834,0.0647617765527929,0.9,0.0010698999976739287,1,1,0.3608352340981328,0.2302420612243707,0.00013177733221939048,0.030073722776451327,0.0041765707980545574
S1,5,RFOTO-ABC,0.13120424472482622,0.31808935982955583,0.8667012852279495,0.03664495156948248,0.95,0.05,0.0074711587408965215,0.9981707022438165,0.0018292977561835343,1.01238545896996,0.999150122596182,0.9603719346871213,0.8700015989832472,0.029165052885236444,0.95,0.5023352999705821,500,1,0.3244197077200578,0.3075401271939798,0.0018292977561835343,0.013899830215621436,0.0008498774038180335
S1,5,Standard-ABC,0.32689414275070905,1.0028650372236094,5.486473957003245,0.09736278505119034,0.7,0.3,0.26422314315556983,0.9993188230433349,0.0006811769566650528,1.0324103972384449,0.9484194323120663,0.3531860966824411,0.2939131550354216,0.2332076737843245,0.7,0.5173598999390379,500,1,0.7701389647494952,0.5378430099253935,0.0006811769566650528,0.18323851812001277,0.05158056768793373
S1,5,GA,0.1636474817707381,0.3522438158470519,1.0722085624310935,0.04688734064349765,0.9,0.1,0.06696624269221824,0.9996780268039794,0.00032197319602050856,1.0237920892568848,0.9847480801807744,0.849333594318044,0.45664150567918216,0.12445137100804568,0.9,0.47121660003904253,500,1,0.40285958707964054,0.33458274544826067,0.00032197319602050856,0.04157196228600363,0.015251919819225579
S1,5,PSO,0.4247987598488525,1.0214687932894682,3.531760251719386,0.1069927577232481,0.55,0.45,0.36553031266254593,0.9989472018867851,0.0010527981132149866,1.0787556634816031,0.9303361785438394,0.38631064978688073,0.2939131550354216,0.2736425899006975,0.5,0.5884977000532672,500,1,0.9645101150490076,0.6384412218504908,0.0010527981132149866,0.3089796598718395,0.06966382145616057
S1,5,DE,0.5020207856516716,1.2687708476952155,3.531760251719386,0.11147982598376763,0.35,0.65,0.4968440533119651,0.9989938100627546,0.0010061899372453941,1.0714508963283742,0.9176341096468745,0.38631064978688073,0.2939131550354216,0.2995980100734387,0.3,0.5487381999846548,500,1,1.1271152045993482,0.7540940038082132,0.0010061899372453941,0.3782870495607386,0.08236589035312547
S1,5,Local-only,0.7133688127903235,1.819453166198252,5.486473957003245,0.17002914274062012,0.1,0.9,0.7428004844031031,1.0,0.0,0.0,0.9107762778843035,0.3531860966824411,0.2939131550354216,0.31299277535884384,0.0,0.00034190004225820303,1,1,1.5949189958567578,1.0,0.0,0.6050220220351179,0.08922372211569651
S1,5,Random-feasible,0.5474506582058617,0.9653599396749135,2.3497553809396607,0.11773959782230643,0.55,0.45,0.32269065854473816,0.9981333393792007,0.001866660620799343,1.062346127009544,0.9402538869475623,0.4855065672029179,0.2939131550354216,0.25207644153187225,0.6,0.00112620007712394,1,1,1.042594682894745,1.3099988492663146,0.001866660620799343,0.3238676440408109,0.05974611305243771
S1,5,Max-SINR,0.1261181705603924,0.25284217223831457,0.5645842344985866,0.032482515514334155,0.95,0.05,0.0074711587408965215,0.9998632873931591,0.00013671260684107732,1.0109901422934484,0.9991886183361733,0.990938558023285,0.8700015989832472,0.028496325002141134,0.95,0.0008003000402823091,1,1,0.30033412043185465,0.3160708875172078,0.00013671260684107732,0.013899830215621436,0.0008113816638266602
S1,5,Delay-Greedy,0.13951732619830423,0.30487699584297195,0.7483086915261208,0.03742570334964322,0.95,0.05,0.0074711587408965215,0.9996786578972504,0.000321342102749661,1.015134116285796,0.9991891348483805,0.9874318161889536,0.8700015989832472,0.028487246049584587,0.95,0.0011874999618157744,1,1,0.3018961873819434,0.40254949070413426,0.000321342102749661,0.013899830215621436,0.0008108651516195442
S1,5,Load-Aware,0.14464296200935065,0.3049702925661477,0.6987498612369006,0.03840242418769388,0.95,0.05,0.0074711587408965215,0.999678712108498,0.0003212878915020756,1.015010997770051,0.999189134187968,0.9874318161889536,0.8700015989832472,0.0284872576597688,0.95,0.0020767999812960625,1,1,0.3040858722196219,0.4330709930028972,0.0003212878915020756,0.013899830215621436,0.0008108658120320467
S1,5,Offload-then-Allocate,0.12300360248719396,0.25089416830493105,0.5645842344985866,0.03217218798756389,0.95,0.05,0.0074711587408965215,0.9999058699647042,9.413003529580855e-05,1.0129722773435932,0.9991883486174785,0.9919496334480482,0.8700015989832472,0.02850106481552144,0.95,0.0014814999885857105,1,1,0.30058007702224027,0.29495367975527437,9.413003529580855e-05,0.013899830215621436,0.0008116513825214833
S1,6,RFOTO-ABC,0.10631431006409878,0.2532290002691229,0.588980729609654,0.029907716921206202,1.0,0.0,0.0,0.9980001167750434,0.00199988322495655,1.0090412176540247,0.9999750269249804,0.9836962579243506,0.9831624298140975,0.0049973691765803924,1.0,0.5174636000301689,500,1,0.2866379535540442,0.22834066046228996,0.00199988322495655,0.0,2.4973075019585345e-05
S1,6,Standard-ABC,0.21247387267838605,0.5288259034874853,1.3784025702157028,0.07349413987213722,0.9,0.1,0.057287735738924206,0.9980316924405541,0.0019683075594457977,1.0224351847954702,0.9869743967134824,0.8696908980314385,0.49469787242908114,0.11488041086504108,0.9,0.4516548999818042,500,1,0.5556498390761506,0.4013135909799745,0.0019683075594457977,0.044067489029941696,0.013025603286517584
S1,6,GA,0.1251262192476373,0.26657379463904624,0.5332629806977666,0.030862739516151604,0.95,0.05,0.005069666946985801,0.9977525747858256,0.002247425214174531,1.0107323944269797,0.999587935334336,0.980949342901352,0.9079408460583892,0.02030355961269979,0.95,0.3512508000712842,500,1,0.35087711447915076,0.23297182654985527,0.002247425214174531,0.007799487610747386,0.0004120646656640137
S1,6,PSO,0.6386475026015576,1.3091982044407635,2.891334284825532,0.10330484716592019,0.45,0.55,0.7788830259315778,0.9933158455573097,0.006684154442690349,1.0464634366698906,0.9012327898276481,0.35833539343504683,0.09991084482745807,0.33104566186975415,0.5,0.5426439999137074,500,1,1.4102502183733387,0.5879700556719263,0.006684154442690349,0.7269501089721723,0.0987672101723519
S1,6,DE,0.5219393304538906,1.0871940360197923,2.5302661683676795,0.20556710798012076,0.35,0.65,0.4481937284499285,0.9995908275904718,0.0004091724095283189,1.0158267256174236,0.9243395630783822,0.42436763283802753,0.38862986771331653,0.28610052287707805,0.4,0.4341707000276074,500,1,1.1504090871923118,0.8151349613717525,0.0004091724095283189,0.402543657719606,0.07566043692161784
S1,6,Local-only,0.9393402247885692,1.8622229245649677,3.305772837528305,0.2292107508994651,0.0,1.0,0.9809406460465006,1.0,0.0,0.0,0.9016876022440419,0.29791729396661015,0.20927900420127515,0.33019925948143075,0.0,0.0003467000788077712,1,1,2.0491867302503506,1.0,0.0,1.0491867302503508,0.09831239775595813
S1,6,Random-feasible,0.728193793456724,1.3244646618828837,3.2526291039469655,0.26822938735267976,0.35,0.65,0.6266002760223446,0.998985937685859,0.0010140623141408288,1.0303508431826147,0.891949503037102,0.29947482226901756,0.24042957024942294,0.3480512921421276,0.55,0.0008010999299585819,1,1,1.5120175164796776,1.0676403201178073,0.0010140623141408288,0.6945319172474824,0.10805049696289803
S1,6,Max-SINR,0.09963044451583175,0.24712570512288465,0.42547733797757314,0.02732137680420248,1.0,0.0,0.0,0.9983487752028839,0.0016512247971162187,1.0068011860217092,0.9999779221082824,0.9881822489021637,0.9810032844543457,0.0046987635777315665,1.0,0.0006263999966904521,1,1,0.29319081926028556,0.1733278870505299,0.0016512247971162187,0.0,2.2077891717597886e-05
S1,6,Delay-Greedy,0.11077407228947483,0.25852911092123765,0.46389574887388474,0.032036136741253315,1.0,0.0,0.0,0.9981595127545975,0.0018404872454026444,1.007137370830182,0.9999712674375416,0.9831788157340974,0.9810032844543457,0.0053603533502839225,1.0,0.0015299000078812242,1,1,0.2756870275168558,0.27653272051207733,0.0018404872454026444,0.0,2.8732562458388955e-05
S1,6,Load-Aware,0.11220422594757894,0.25712680118892894,0.47084819369431036,0.032069028477352546,1.0,0.0,0.0,0.9980328355050263,0.0019671644949735443,1.0068636182161745,0.999972788790973,0.9843179362964719,0.9810032844543457,0.005216507403825304,1.0,0.0012529999949038029,1,1,0.27903480533925773,0.28032006688277156,0.0019671644949735443,0.0,2.721120902704488e-05
S1,6,Offload-then-Allocate,0.1020042185409582,0.23413325766840307,0.570706533365509,0.028975977365721512,1.0,0.0,0.0,0.9986619953409344,0.001338004659065567,1.0115238946041827,0.9999868073969361,0.9907109584311549,0.9853955989288672,0.0036321862711512654,1.0,0.0011399999493733048,1,1,0.27143782116190385,0.2258345561880636,0.001338004659065567,0.0,1.3192603063871822e-05
S1,7,RFOTO-ABC,0.11070298911690833,0.33748542165566925,0.6716643518194438,0.03406548683124514,1.0,0.0,0.0,0.9998618724996083,0.00013812750039167708,1.0094482641318585,0.9999998497806327,0.9993531291655215,0.9982865305454889,0.0003875814587080653,1.0,0.5307823000475764,500,1,0.3163696235072509,0.21055290138074795,0.00013812750039167708,0.0,1.5021936727865892e-07
S1,7,Standard-ABC,0.20718620452249545,0.6557294646094538,1.9519722263136028,0.08861361505665069,0.9,0.1,0.08352412748448831,0.9977151934053309,0.002284806594669131,1.0093619545368657,0.9807681366196247,0.6923853454323734,0.443856700921428,0.14003206995763387,0.8,0.5196581999771297,500,1,0.5199373279409516,0.41051447858051987,0.002284806594669131,0.04913183969675783,0.019231863380375303
S1,7,GA,0.1478069592402241,0.4291024641995372,0.9274322997488446,0.05438856690420176,0.9,0.1,0.025165356691867525,0.999877078612078,0.0001229213879220814,1.0120805894985279,0.9955572004489429,0.9102010129042114,0.7054658004066336,0.06680288993978611,0.9,0.49417750001884997,500,1,0.4098486091767667,0.2688140226706569,0.0001229213879220814,0.01732679734076372,0.004442799551057086
S1,7,PSO,0.36044406300990084,0.8930953417953734,2.7483505669008625,0.11312108227052846,0.7,0.3,0.2603240814895534,0.9995538966536142,0.00044610334638581217,1.0201400795145146,0.9460793529169186,0.4182082523876368,0.31620011578792606,0.23873372000917317,0.6,0.5333721999777481,500,1,0.8247823288421157,0.5055037640163065,0.00044610334638581217,0.2809823938607463,0.05392064708308142
S1,7,DE,0.5300722777556204,1.2657592953106631,3.1626810135904644,0.14410537043169666,0.5,0.5,0.45113296417100157,0.9999535210079828,4.647899201710159e-05,1.018583837585868,0.9121775723887028,0.37117006953451287,0.31620011578792606,0.31028660233482563,0.35,0.5192682000342757,500,1,1.2052142873106075,0.7036823938910473,4.647899201710159e-05,0.44013474761685367,0.08782242761129722
S1,7,Local-only,0.7677990842559019,1.6761362265444362,3.1626810135904644,0.240418612381376,0.2,0.8,0.7021122952330435,1.0,0.0,0.0,0.9027290274347839,0.37117006953451287,0.31620011578792606,0.32825619069259826,0.0,0.0003989000106230378,1,1,1.6839386754906203,1.0,0.0,0.7288950779938578,0.09727097256521611
S1,7,Random-feasible,0.5660003503389479,1.089997560126343,3.087847195030979,0.16508923157061647,0.5,0.5,0.4171870618243741,0.9997932265305411,0.00020677346945881524,1.0353414813754898,0.9201766024498674,0.4699681108241226,0.31620011578792606,0.2945299823385052,0.55,0.0008699999889358878,1,1,1.3094620264011105,0.6338636578172934,0.00020677346945881524,0.5261617229586585,0.07982339755013257
S1,7,Max-SINR,0.12934409417365553,0.3681325036594846,0.6675571277445252,0.039521118569756084,1.0,0.0,0.0,0.9999349734334466,6.502656655334449e-05,1.0047779366888008,0.99999996040093,0.9996464058072713,0.9991263685617919,0.00019899514723784357,1.0,0.0007692000363022089,1,1,0.38746260858790094,0.21643620515672762,6.502656655334449e-05,0.0,3.959907002304419e-08
S1,7,Delay-Greedy,0.13052853034060535,0.35289817016682207,0.6256121846570519,0.04265556109160219,1.0,0.0,0.0,0.9998356059232905,0.0001643940767097063,1.0173906718275394,0.9999998416024917,0.9989946924565994,0.9983868950137474,0.0003979918735199291,1.0,0.0016130999429151416,1,1,0.3498737018980085,0.28684801527423376,0.0001643940767097063,0.0,1.583975083319089e-07
S1,7,Load-Aware,0.1354241227471913,0.361740122767343,0.5747640746046131,0.04510358277167538,1.0,0.0,0.0,0.9986987607851635,0.0013012392148365527,1.0263666862177607,0.999970741159527,0.9979914890445285,0.9751641486864512,0.005409223287609759,1.0,0.0013000000035390258,1,1,0.35306560909668455,0.3126205586932126,0.0013012392148365527,0.0,2.925884047300098e-05
S1,7,Offload-then-Allocate,0.12156621344149199,0.3260542029395037,0.49802446505360726,0.04103802677900413,1.0,0.0,0.0,0.999654837156992,0.0003451628430079179,1.0207802964448098,0.9999991184820278,0.9971082204102333,0.9965829211380314,0.0009388922976207557,1.0,0.0011061999248340726,1,1,0.3399795758852131,0.24334769782594207,0.0003451628430079179,0.0,8.815179721732846e-07
S1,8,RFOTO-ABC,0.17567275694883777,0.5070670074562489,0.7953489659890571,0.03141423796174176,0.95,0.05,0.13673555625024805,0.997713320589758,0.0022866794102419986,1.006871891012417,0.9732410221574122,0.920586600121509,0.2677583262878656,0.16581528315621366,0.95,0.5706665999023244,500,1,0.3928937165695479,0.33949348848111827,0.0022866794102419986,0.08821648790338583,0.02675897784258785
S1,8,Standard-ABC,0.27037012458963755,0.7364714295704493,2.3109355038088637,0.0866302640765299,0.75,0.25,0.21571839062634854,0.9977922357416494,0.002207764258350542,1.0120465153436002,0.9570466926672488,0.5585537485296306,0.2677583262878656,0.21185159657233932,0.75,0.4965028000297025,500,1,0.6015562671974033,0.5220214668533505,0.002207764258350542,0.13917315524280555,0.042953307332751156
S1,8,GA,0.2155943931907567,0.6140798361342341,1.2134380473602824,0.04434070834735264,0.85,0.15,0.1434550541064903,0.9974676960819245,0.002532303918075496,1.008952166172799,0.9729348276487954,0.8741338136408632,0.2677583262878656,0.16678750942301465,0.85,0.5011643999023363,500,1,0.505780552417263,0.4096340433165696,0.002532303918075496,0.09255164781063889,0.027065172351204647
S1,8,PSO,0.4775782446529079,1.1224548274896358,3.1592398686280774,0.16333028652092887,0.6,0.4,0.39145877737312934,0.9974161289097593,0.0025838710902407968,1.025691469759351,0.9241996580007937,0.395290363633849,0.2677583262878656,0.28638659162508867,0.5,0.6520207999274135,500,1,1.0985291949961007,0.6237530454341178,0.0025838710902407968,0.38998465428334383,0.07580034199920627
S1,8,DE,0.5933128501200375,1.3071346380063675,3.331516897728105,0.16667708898932185,0.35,0.65,0.5256728631086689,0.999995123674579,4.876325421132588e-06,1.0173047266160593,0.9069677726969224,0.36011403501272454,0.2677583262878656,0.3202733345772077,0.3,0.594226700020954,500,1,1.2817182862852057,0.9171070389199644,4.876325421132588e-06,0.4854456534007827,0.09303222730307759
S1,8,Local-only,0.7331533416446814,1.717577825606742,3.331516897728105,0.2356992031244427,0.1,0.9,0.6954453747223803,1.0,0.0,0.0,0.9081742560905222,0.36011403501272454,0.2677583262878656,0.3179784106439537,0.0,0.00036539998836815357,1,1,1.6256203562435083,1.0,0.0,0.6518975639895305,0.09182574390947784
S1,8,Random-feasible,0.5114854725634947,1.311711706460173,4.6046388495575865,0.14539729079495595,0.5,0.5,0.521139827000703,0.999993114685331,6.8853146690806e-06,1.0100059517314333,0.9022875898912254,0.30148401011515996,0.2677583262878656,0.3290806683469669,0.55,0.0008642000611871481,1,1,1.1437746528255903,0.666934347720088,6.8853146690806e-06,0.4433736744793357,0.09771241010877463
S1,8,Max-SINR,0.19186081739997193,0.5416953847422209,1.0011998619739164,0.04084909392416354,0.95,0.05,0.13673555625024805,0.99820669334089,0.0017933066591100221,1.0033477103046575,0.9732705039477083,0.930309583572453,0.2677583262878656,0.1657214041916326,0.95,0.0008747000247240067,1,1,0.43159114483926286,0.3836054898309601,0.0017933066591100221,0.08821648790338583,0.02672949605229169
S1,8,Delay-Greedy,0.2501208696687726,0.5581039763675756,0.9591737489433007,0.03340163710040823,0.9,0.1,0.22373129276506,0.9999590220369876,4.097796301241186e-05,1.008957415766472,0.9535329416025338,0.36011403501272454,0.2677583262878656,0.22075204707369292,0.9,0.002086700056679547,1,1,0.5451134567216619,0.37831325566039065,4.097796301241186e-05,0.2004690511483045,0.04646705839746623
S1,8,Load-Aware,0.241567308603941,0.520732427304816,0.9591737489433007,0.03142357874186609,0.9,0.1,0.22373129276506,0.9999745626600692,2.5437339930900472e-05,1.0065993941890785,0.9535321966436116,0.36011403501272454,0.2677583262878656,0.220753902846055,0.9,0.001611200044862926,1,1,0.5218340054932544,0.36010857648071204,2.5437339930900472e-05,0.2004690511483045,0.04646780335638845
S1,8,Offload-then-Allocate,0.23861787927981176,0.5339125079018021,0.9591737489433007,0.030852496369933785,0.9,0.1,0.22373129276506,0.999947579447024,5.2420552976045755e-05,1.0098535617968605,0.9535334858079266,0.36011403501272454,0.2677583262878656,0.2207506913918203,0.9,0.001334400032646954,1,1,0.54547784305068,0.3010046299377296,5.2420552976045755e-05,0.2004690511483045,0.04646651419207337
S1,9,RFOTO-ABC,0.31404030221861073,0.726327130243096,2.176312899480891,0.04618903472220978,0.9,0.1,0.23799037825968963,0.9993014182099186,0.0006985817900813541,1.0170820970043721,0.9549684121653873,0.4378223066548658,0.2205601339339594,0.2171521467265297,0.85,0.5526975999819115,500,1,0.7076117190826019,0.3724728313906606,0.0006985817900813541,0.29748797282461203,0.045031587834612696
S1,9,Standard-ABC,0.4427096048075864,1.0828837034460574,3.8343856440498594,0.11566192723328968,0.75,0.25,0.36935822747200364,0.9966235961853755,0.0033764038146245957,1.0540373003125578,0.9294052479255459,0.3404233357618013,0.2205601339339594,0.27560281457798763,0.6,0.5326614999212325,500,1,0.9789329123495957,0.6120910900034492,0.0033764038146245957,0.37959287858230834,0.07059475207445409
S1,9,GA,0.3160851450872743,0.7363330563543846,1.5510254781899855,0.0617618591225743,0.9,0.1,0.20078485145029573,0.9964859991922139,0.0035140008077860162,1.0459810052895613,0.9638813665171444,0.6263093083615822,0.2205601339339594,0.19357704815943133,0.9,0.49582539999391884,500,1,0.7251679721554418,0.4395152719080726,0.0035140008077860162,0.25098106431286965,0.0361186334828556
S1,9,PSO,0.5808882969681723,1.1803000122508094,4.370213342359562,0.10132783089806163,0.65,0.35,0.4937646675804316,0.9965338892336572,0.003466110766342884,1.0470651102808635,0.9044522242547899,0.3145732048536982,0.2205601339339594,0.3250255300618338,0.5,0.5889230999164283,500,1,1.2537064839419225,0.5879009017871577,0.003466110766342884,0.6570046087982722,0.09554777574521012
S1,9,DE,0.7075285108429377,1.8333880100333584,3.984555037648252,0.21000686115740477,0.4,0.6,0.7761533206507535,0.9998403971137947,0.00015960288620531782,1.0348121239515224,0.8618053527255322,0.3404233357618013,0.2205601339339594,0.4004432867148864,0.3,0.5678966999985278,500,1,1.483270278626174,0.9581712084624622,0.00015960288620531782,0.6888965689944544,0.13819464727446784
S1,9,Local-only,1.0113469961591262,2.249685296433347,4.370213342359562,0.2148459098718512,0.2,0.8,1.098610884953593,1.0,0.0,0.0,0.8332321852361503,0.23034831605668574,0.2205601339339594,0.4473764309182399,0.0,0.00039679999463260174,1,1,2.1412736484333954,1.0,0.0,1.2040536473447996,0.16676781476384972
S1,9,Random-feasible,0.6286700841975186,1.5359515642748296,3.8174621704626546,0.11074287286719457,0.55,0.45,0.6649604245604744,0.9990580191275716,0.0009419808724283885,1.0394067623407637,0.8702615386531549,0.3027739389753185,0.2205601339339594,0.38610860124794044,0.65,0.0008861999958753586,1,1,1.3377126437876083,0.7626869056619189,0.0009419808724283885,0.6407588880992652,0.12973846134684508
S1,9,Max-SINR,0.3055385253586231,0.6784974547073693,2.176312899480891,0.04301127570539192,0.9,0.1,0.23799037825968963,0.9986853708410081,0.00131462915899197,1.0156037179595947,0.9549720479707705,0.4378223066548658,0.2205601339339594,0.217142966867356,0.9,0.0009439999703317881,1,1,0.7138050678444176,0.30465431036788576,0.00131462915899197,0.29748797282461203,0.04502795202922949
S1,9,Delay-Greedy,0.3350861178614984,0.791165278244672,2.176312899480891,0.0491503869563855,0.9,0.1,0.23799037825968963,0.9993241980801187,0.0006758019198812692,1.0121395032734115,0.9549680220243505,0.4378223066548658,0.2205601339339594,0.21715313175478923,0.9,0.0013653000351041555,1,1,0.7500471473575557,0.44208253823755167,0.0006758019198812692,0.29748797282461203,0.045031977975649506
S1,9,Load-Aware,0.31404030221861073,0.726327130243096,2.176312899480891,0.04618903472220978,0.9,0.1,0.23799037825968963,0.9993014182099186,0.0006985817900813541,1.0170820970043721,0.9549684121653873,0.4378223066548658,0.2205601339339594,0.2171521467265297,0.85,0.0012623000657185912,1,1,0.7076117190826019,0.3724728313906606,0.0006985817900813541,0.29748797282461203,0.045031587834612696
S1,9,Offload-then-Allocate,0.31989579074449637,0.6969893158951221,2.176312899480891,0.04291900592811667,0.9,0.1,0.23799037825968963,0.998743581967102,0.001256418032897788,1.013220308395946,0.9549797993227422,0.4378223066548658,0.2205601339339594,0.21712339481258086,0.9,0.0010868000099435449,1,1,0.74170106406704,0.353961452089434,0.001256418032897788,0.29748797282461203,0.04502020067725776
S1,10,RFOTO-ABC,0.11961223793858661,0.2850600233556131,0.5118153928306968,0.023462196360504457,1.0,0.0,0.0,0.9998851068810286,0.00011489311897140975,1.0108084037174128,0.9999997854821837,0.9997820444720503,0.9978696530452135,0.00046316072765057896,1.0,0.5359159000217915,500,1,0.3168323423559327,0.26920761032091134,0.00011489311897140975,0.0,2.1451781628822886e-07
S1,10,Standard-ABC,0.2813798517122511,0.5076561346143105,1.2962401497671814,0.05167852700295524,0.8,0.2,0.12425555285688365,0.9953091867677873,0.00469081323221261,1.0477429368333564,0.9727159044378746,0.6546940404909716,0.3707157399618719,0.1674795450737449,0.9,0.5048857000656426,500,1,0.6868929579855443,0.5111542056938098,0.00469081323221261,0.1118108175241291,0.02728409556212541
S1,10,GA,0.14233794140027867,0.31019824699297965,0.734654927229884,0.03753495135559495,1.0,0.0,0.0,0.999226711822376,0.0007732881776239764,1.0194657836814613,0.9999936192807097,0.9960574978080138,0.988754520116756,0.0025260166273128456,0.85,0.3618429000489414,500,1,0.36253816173070774,0.3436519081612226,0.0007732881776239764,0.0,6.380719290266512e-06
S1,10,PSO,0.38436621853388886,0.8691166608037693,2.6824627572761623,0.07712894590744755,0.65,0.35,0.30959136136902704,0.9999562921195059,4.3707880494125995e-05,1.0111180290633655,0.9383754093415948,0.39698419365699456,0.2832899625988902,0.2562646572558534,0.55,0.5953682999825105,500,1,0.855809400762508,0.6409438138996089,4.3707880494125995e-05,0.2600794643338438,0.0616245906584052
S1,10,DE,0.6434289280015502,1.4227756868778412,5.481278174562806,0.114715870715448,0.35,0.65,0.7649716721235327,0.9980844536075855,0.0019155463924144967,1.0425438548216102,0.8800833582438762,0.24718467985957707,0.19171613665045575,0.36912870952926524,0.3,0.5447094000410289,500,1,1.393354469256892,0.7462575448779907,0.0019155463924144967,0.6591242936549084,0.11991664175612382
S1,10,Local-only,1.0137752845057395,1.7727268362915907,6.44083145223539,0.13861649582049165,0.2,0.8,0.8535577393170675,1.0,0.0,0.0,0.8782672318809264,0.2475036472486637,0.1980954844321882,0.37229774787876835,0.0,0.0008596000261604786,1,1,2.1662998522625334,1.0,0.0,1.2157616248889807,0.12173276811907363
S1,10,Random-feasible,0.5381415114492323,0.9308625438975129,2.609173398760199,0.10682279458169223,0.45,0.55,0.40394035148396756,0.9934516622814327,0.006548337718567271,1.0535740619715606,0.9256224848698399,0.4408705628338766,0.4029681005547895,0.2834678988451403,0.5,0.0011354999151080847,1,1,1.0735527743990745,1.098081425002747,0.006548337718567271,0.3702992371432564,0.07437751513016011
S1,10,Max-SINR,0.11628476759791719,0.25271919173323004,0.5160857928256258,0.02140760112182601,1.0,0.0,0.0,0.9998454930235561,0.0001545069764438467,1.0110982564120077,0.9999996899267029,0.9993535493206933,0.9974747171534558,0.0005568423389801703,1.0,0.0006342000560835004,1,1,0.31357954959820444,0.25239288194721815,0.0001545069764438467,0.0,3.100732971494935e-07
S1,10,Delay-Greedy,0.13413617823827118,0.31362786485418986,0.5826539746508852,0.027663666427625522,1.0,0.0,0.0,0.9996193386698122,0.00038066133018779813,1.0105736995251267,0.9999978195681136,0.9992912989346683,0.9931989430355785,0.0014766301629835137,1.0,0.0012382999993860722,1,1,0.3413920417470848,0.324744723137863,0.00038066133018779813,0.0,2.1804318863782868e-06
S1,10,Load-Aware,0.1274177361232319,0.298482990341428,0.48437875176337186,0.026093595244190887,1.0,0.0,0.0,0.9999743078755257,2.569212447431912e-05,1.0073069755487585,0.999999993243594,0.9998961146445685,0.9996271775247677,8.219734575966401e-05,1.0,0.0014455999480560422,1,1,0.3305825831592332,0.29844633930045233,2.569212447431912e-05,0.0,6.756405990238079e-09
S1,10,Offload-then-Allocate,0.12104245311178084,0.2571469183010692,0.6238222683231999,0.021403285654781074,1.0,0.0,0.0,0.9991341103566176,0.0008658896433823504,1.0135590308952191,0.9999893522212042,0.9976300722445275,0.9850172968747257,0.0032631108117167134,1.0,0.002624699962325394,1,1,0.32806750005383195,0.25900535335218017,0.0008658896433823504,0.0,1.0647778795780383e-05
S1,11,RFOTO-ABC,0.17644911071808253,0.44179760124541245,0.9258596109726203,0.05340027158773049,0.9,0.1,0.03448434631489498,0.9986942062562385,0.0013057937437614686,1.038398848898057,0.9929490595013809,0.8957691378249305,0.6276053306906838,0.08426748656877296,0.95,0.5688702000770718,500,1,0.43353872104686153,0.40533369121318685,0.0013057937437614686,0.023782307803375844,0.007050940498619096
S1,11,Standard-ABC,0.28378603425318705,0.6308683959267831,1.8973408895300996,0.05911571099936865,0.8,0.2,0.13927855273541015,0.9983585934629444,0.0016414065370556174,1.0151060988690908,0.9691580165587769,0.5388336822770255,0.46058994300530887,0.17839137526755547,0.75,0.5417343999724835,500,1,0.6964108121491193,0.48972298964454597,0.0016414065370556174,0.12508121578252307,0.03084198344122313
S1,11,GA,0.1702878041808666,0.40178615020154085,0.7684559453600069,0.04772396175755125,1.0,0.0,0.0,0.9908718950889783,0.009128104911021845,1.0667563524791845,0.999721229856452,0.9542665048276454,0.9524638869282822,0.016698738814919664,0.95,0.41597269999329,500,1,0.45144387556674864,0.37039599190295236,0.009128104911021845,0.0,0.0002787701435480461
S1,11,PSO,0.4264860703571078,0.9029527976406035,2.1993389740737173,0.12241210946844112,0.5,0.5,0.403668166316161,0.9975162996671182,0.002483700332881833,1.0506416514427184,0.926225650102195,0.45266123286166937,0.30201574013251864,0.2822242279640012,0.45,0.6303647999884561,500,1,0.9652993156260953,0.6090574989268651,0.002483700332881833,0.3289588962412283,0.07377434989780496
S1,11,DE,0.5292515816585706,1.0617735008020546,2.982758964499271,0.15360910200981262,0.5,0.5,0.47051134806476264,0.9996169069153741,0.00038309308462599055,1.0189434352580102,0.9090894430169796,0.45266123286166937,0.30201574013251864,0.3162305708692815,0.45,0.5693304999731481,500,1,1.1617195787503176,0.8165660048798976,0.00038309308462599055,0.41049433629851323,0.09091055698302042
S1,11,Local-only,0.7162637869295574,1.6612049135254323,3.389093703248186,0.173835697502497,0.2,0.8,0.7484766223800181,1.0,0.0,0.0,0.8937128399052506,0.30070120500940417,0.27572503767022954,0.3448588716426973,0.0,0.0003700000233948231,1,1,1.5646274305522778,1.0,0.0,0.6366554211091026,0.10628716009474937
S1,11,Random-feasible,0.45845691334219657,0.9588847165931955,2.167667124125509,0.13648520446614426,0.55,0.45,0.3812020510026307,0.9910270451550802,0.008972954844919778,1.0707916829772404,0.9258000781469906,0.4513096638022592,0.2749843589443143,0.2831021172703464,0.6,0.0014850000152364373,1,1,1.0073892850503559,0.7204133103954021,0.008972954844919778,0.3424920650934477,0.07419992185300939
S1,11,Max-SINR,0.18273062365817824,0.45066436222468187,1.7416797979957004,0.043437798074643166,0.9,0.1,0.08822433223451001,0.9975440334341084,0.0024559665658915484,1.0210722360136286,0.9791949897416665,0.6192545613064151,0.46058994300530887,0.1457636973503505,0.9,0.0008998999837785959,1,1,0.4847436489676418,0.2848111653317916,0.0024559665658915484,0.060844367058282764,0.02080501025833348
S1,11,Delay-Greedy,0.18477958328794658,0.44967803831815417,0.9356632792845063,0.054373795241726364,0.9,0.1,0.035130136901376785,0.9988860300210373,0.0011139699789627588,1.0309861980342925,0.992861304100399,0.8859154560526479,0.6276053306906838,0.0847940050320314,0.95,0.0012265000259503722,1,1,0.4419254938052279,0.44631794200331426,0.0011139699789627588,0.02422768062163916,0.007138695899601033
S1,11,Load-Aware,0.2123200504205778,0.44555521113521823,1.1623745452371814,0.05170902263304823,0.9,0.1,0.0793953131688665,0.999121757430992,0.0008782425690080087,1.038147671167804,0.9813042645533839,0.621293397641313,0.5013666697032662,0.13802871150561188,0.9,0.0016459999606013298,1,1,0.5021658416671101,0.410240283330279,0.0008782425690080087,0.0890501546938577,0.01869573544661607
S1,11,Offload-then-Allocate,0.18002567327080832,0.42339226389825474,0.7883063523217045,0.054351809754362435,0.95,0.05,0.029667902031639326,0.9991876524155533,0.0008123475844467098,1.0299057201307493,0.9932220863993227,0.9722971294501764,0.6276053306906838,0.0826085178202851,0.95,0.00115130003541708,1,1,0.44801210776641914,0.41152222833010804,0.0008123475844467098,0.02046062209078574,0.0067779136006772545
S1,12,RFOTO-ABC,0.16635213467431387,0.36768306621397356,1.1739674338100894,0.05644260350784206,0.95,0.05,0.039519407613604715,0.9970345434027527,0.0029654565972472013,1.0060373270185399,0.9903300485042826,0.9235485118388457,0.5585381017691324,0.09881483949395563,0.9,0.4956035999348387,500,1,0.34747879486206146,0.4469267187076543,0.0029654565972472013,0.04159937643537338,0.009669951495717366
S1,12,Standard-ABC,0.3545858833261567,0.9263051449234894,2.3606941339438094,0.10910170085116655,0.7,0.3,0.3446076365378103,0.9994653368760511,0.0005346631239489085,1.0378694228530114,0.9380016883291108,0.5405524836844351,0.19882574007518464,0.25709173874500396,0.65,0.5369620999554172,500,1,0.7029946956855956,0.764742871953149,0.0005346631239489085,0.21887639694544933,0.061998311670889206
S1,12,GA,0.20311548089803114,0.3810280305835248,0.9484398541740262,0.057086664741193324,0.95,0.05,0.039519407613604715,0.9970504224264977,0.002949577573502238,1.024847559450936,0.9903810632534936,0.9337346995207608,0.5585381017691324,0.09855130296666584,0.9,0.517979700001888,500,1,0.4271443300893518,0.559311988267823,0.002949577573502238,0.04159937643537338,0.009618936746506379
S1,12,PSO,0.47920141673644534,1.0720735641842543,3.492910426596621,0.15054429239767803,0.55,0.45,0.4946365834232024,0.9986130166726358,0.0013869833273641775,1.0632544935610477,0.9094154319849942,0.43233240878795015,0.19882574007518464,0.3156065072563338,0.55,0.5107591999694705,500,1,0.9928258944021084,0.7645274266346926,0.0013869833273641775,0.4098029890919629,0.0905845680150058
S1,12,DE,0.5568964312409623,1.0965378046670013,2.1826355025293926,0.14775129717324398,0.25,0.75,0.40134325854459335,0.9999999867852744,1.321472570814386e-08,1.002152878998583,0.9409539824946116,0.5542770375617722,0.47429047674370295,0.2505019512659167,0.15,0.5399803000036627,500,1,1.2429389258391133,0.8927238893690728,1.321472570814386e-08,0.4135848444282787,0.059046017505388404
S1,12,Local-only,0.8163408042559953,1.7414957532236006,4.608938523400837,0.1566948658744359,0.1,0.9,0.8014240020459938,1.0,0.0,0.0,0.8955151951150169,0.286729057829468,0.19882574007518464,0.341578154953031,0.0,0.0003333000931888819,1,1,1.7865003170781586,1.0,0.0,0.8161720170148323,0.10448480488498313
S1,12,Random-feasible,0.6985581451002953,1.185734658111105,3.0547582602065675,0.10866043531635824,0.45,0.55,0.47802893681353326,0.9998153890798196,0.0001846109201803947,1.0132481105719156,0.9135275837711002,0.3886052563731187,0.2913555482375882,0.3076649084780209,0.5,0.0008090999908745289,1,1,1.3899852206458478,1.2550233635833616,0.0001846109201803947,0.5992022031318324,0.08647241622889978
S1,12,Max-SINR,0.15450770358302734,0.3161783169431235,0.9406962620736183,0.04436242562694547,0.95,0.05,0.039519407613604715,0.9951868156745759,0.004813184325424225,1.0160924592955523,0.9903264353962754,0.9303165819890825,0.5585381017691324,0.09883347878939623,0.95,0.0008009000448510051,1,1,0.33179323867880056,0.39163918832560213,0.004813184325424225,0.04159937643537338,0.009673564603724594
S1,12,Delay-Greedy,0.16761186806124545,0.35630783129976984,1.0883147643008535,0.057041653705768094,0.95,0.05,0.039519407613604715,0.9979413753507304,0.002058624649269619,1.00864623927339,0.9904093232222034,0.9455864912775596,0.5585381017691324,0.09840502305327437,0.95,0.001184699940495193,1,1,0.3367209478028179,0.47454307036782817,0.002058624649269619,0.04159937643537338,0.00959067677779657
S1,12,Load-Aware,0.17388602166755265,0.3596954373298823,1.0064950434957127,0.059496883744411554,0.95,0.05,0.039519407613604715,0.997685983186399,0.0023140168136009274,1.0113132619819938,0.9904151358646748,0.9466467814983925,0.5585381017691324,0.098374909582434,0.95,0.0015667000552639365,1,1,0.345472102505833,0.5014507929948806,0.0023140168136009274,0.04159937643537338,0.009584864135325222
S1,12,Offload-then-Allocate,0.15284543146246107,0.30935744622689076,0.867907627316804,0.04332849497991132,0.95,0.05,0.039519407613604715,0.9962403847605698,0.003759615239430264,1.012144875512881,0.9903443681267118,0.9241867799050248,0.5585381017691324,0.09874093418320075,0.95,0.0011222000466659665,1,1,0.32445076058860467,0.3942175291839153,0.003759615239430264,0.04159937643537338,0.009655631873288217
S1,13,RFOTO-ABC,0.09324962695348803,0.23038440417861147,0.5231876019878312,0.0233209134703315,1.0,0.0,0.0,0.9923131509003372,0.007686849099662741,1.0108573392626572,0.9994926391072014,0.9265743932174779,0.9238557162663116,0.022530389223006736,1.0,0.5671000999864191,500,1,0.2384112394067923,0.2135556209862508,0.007686849099662741,0.0,0.0005073608927985696
S1,13,Standard-ABC,0.19704393704554063,0.43355224451008123,1.1175180709089605,0.06180595541347972,0.85,0.15,0.0591868921334354,0.9973999747372849,0.002600025262715089,1.018680260347678,0.987588199651384,0.7121232739561233,0.5746794483820948,0.11210615165760207,0.8,0.516918099950999,500,1,0.47211375891221397,0.4314032042995096,0.002600025262715089,0.04769296627090098,0.012411800348615998
S1,13,GA,0.11205818379343156,0.2532409449467904,0.5402551211513841,0.029088728515028917,1.0,0.0,0.0,0.9954674976420422,0.0045325023579577016,1.0167108202854012,0.9997321116399244,0.9886460334136472,0.9250284167320888,0.016369488186143043,0.9,0.35307339997962117,500,1,0.2827136678203609,0.2695538874182565,0.0045325023579577016,0.0,0.0002678883600756299
S1,13,PSO,0.333596019876215,0.87859754648076,3.1281336428642965,0.07363170448162115,0.6,0.4,0.33323677445708855,0.9962689991142859,0.003731000885714131,1.0499326378210385,0.9328336500713991,0.4289060162038188,0.30320217441113007,0.26833280582543545,0.55,0.610192000051029,500,1,0.7469624664621523,0.5115509457703533,0.003731000885714131,0.23720643491476412,0.06716634992860093
S1,13,DE,0.39782636010735806,0.999701405414035,3.0968984768951633,0.07909120653915391,0.6,0.4,0.3151293238755562,0.999932518834197,6.748116580303498e-05,1.0162132343257682,0.9332107693874991,0.43402770096751525,0.40563586968505866,0.2675243695712745,0.4,0.573258199961856,500,1,0.9272495652492971,0.6537539362407216,6.748116580303498e-05,0.23167599013555917,0.06678923061250086
S1,13,Local-only,0.7108182439787031,1.488388501221554,4.306568095527663,0.12769297380925587,0.35,0.65,0.6135544400146932,1.0,0.0,0.0,0.8894320351047367,0.30260038927155375,0.2911664716196035,0.3525804877676558,0.0,0.0003296999493613839,1,1,1.5322217318375286,1.0,0.0,0.6447104651401256,0.11056796489526333
S1,13,Random-feasible,0.3571146758285394,0.995048962645639,4.306568095527663,0.08089374061168488,0.6,0.4,0.305942291841521,0.9965943601067917,0.0034056398932084176,1.0721210906507568,0.9383168622013798,0.40051418492136226,0.30320217441113007,0.25639436053201864,0.45,0.000803799950517714,1,1,0.7989775008248947,0.6326074806808021,0.0034056398932084176,0.2101823194870429,0.061683137798620225
S1,13,Max-SINR,0.09527469003663355,0.23734479752419974,0.528504652159317,0.02421490374840806,1.0,0.0,0.0,0.9965248519666682,0.0034751480333318208,1.0104810541897302,0.9998440285603112,0.9889987284488863,0.9429394760882469,0.012489826682984255,1.0,0.0006364999571815133,1,1,0.26589657303941083,0.18721414302774103,0.0034751480333318208,0.0,0.00015597143968881788
S1,13,Delay-Greedy,0.10394903699452951,0.24715015451558625,0.46827627610909456,0.025008373312650246,1.0,0.0,0.0,0.9940787721076136,0.005921227892386344,1.014736817648373,0.999554728106779,0.9831505986694373,0.9036360031540649,0.021106166127442497,1.0,0.0011672000400722027,1,1,0.2675538611321837,0.23873023566015453,0.005921227892386344,0.0,0.0004452718932209665
S1,13,Load-Aware,0.0984297631078476,0.2360504124625396,0.5240839381645835,0.02414340126339065,1.0,0.0,0.0,0.9916946476794297,0.008305352320570331,1.01078659201536,0.9994036222839259,0.9190862620526536,0.9190020054794098,0.024428131215667642,1.0,0.001213400042615831,1,1,0.24612324786478085,0.234322826800848,0.008305352320570331,0.0,0.0005963777160741257
S1,13,Offload-then-Allocate,0.09473412265741353,0.21687493574839842,0.3658317664877393,0.021270222929019457,1.0,0.0,0.0,0.9938337480638519,0.006166251936147948,1.014614679313068,0.9995985657300916,0.9742798874240436,0.9101123560334903,0.020039847406995822,1.0,0.002211000071838498,1,1,0.2688886483872804,0.1747899668858507,0.006166251936147948,0.0,0.00040143426990835174
S1,14,RFOTO-ABC,0.19106290097108344,0.3391457616004214,0.6950044326586333,0.03069225892309338,0.95,0.05,0.1899110493712124,0.9986961217025676,0.0013038782974323538,1.0182964451643302,0.9687485619246297,0.9461246467154816,0.2084105760491065,0.17960956786670343,0.95,0.5148361000465229,500,1,0.4676148892571544,0.21792887758461826,0.0013038782974323538,0.1460854225932403,0.03125143807537034
S1,14,Standard-ABC,0.32757363476976054,0.6726656244266332,1.7737762539064525,0.07048250275202993,0.75,0.25,0.31924801365508726,0.9987527346026595,0.0012472653973405635,1.0342592733470304,0.9417642419635005,0.5309849170796782,0.2084105760491065,0.24867021403242806,0.75,0.4821812999434769,500,1,0.7717918575739253,0.42831336541007825,0.0012472653973405635,0.24557539511929793,0.058235758036499496
S1,14,GA,0.203739707335624,0.3825763727489303,0.7565310179032462,0.03790932700984652,0.95,0.05,0.1899110493712124,0.9979567737877222,0.0020432262122777713,1.0222768137057143,0.9687389354021456,0.9409542242538143,0.2084105760491065,0.17963812125296058,0.95,0.4717317000031471,500,1,0.5055192629498614,0.2382715401180993,0.0020432262122777713,0.1460854225932403,0.03126106459785438
S1,14,PSO,0.6162921530927046,1.49709668709828,5.720418615124171,0.10261453972502507,0.45,0.55,0.8584916889857522,0.9999120774044584,8.792259554145643e-05,1.016487931836836,0.8505841237505529,0.23436540309654325,0.2084105760491065,0.41912130423370214,0.45,0.4856395000824705,500,1,1.3201019184687306,0.6284636928813335,8.792259554145643e-05,0.678268614347186,0.14941587624944708
S1,14,DE,0.6398064181857068,1.2660124762508578,3.1827368609007753,0.16511785413800856,0.35,0.65,0.8308599032127579,0.9992989305507362,0.0007010694492638025,1.0111640978069234,0.8628983073204953,0.22147323044798645,0.2084105760491065,0.3986039516038142,0.4,0.5333579999860376,500,1,1.3477239215195265,0.786110809223969,0.0007010694492638025,0.6570133945218057,0.13710169267950467
S1,14,Local-only,0.9946854937671057,2.074437734079494,5.720418615124171,0.2084553866234755,0.1,0.9,1.1773707758443517,1.0,0.0,0.0,0.8510524688232114,0.23436540309654325,0.2084105760491065,0.4183487605339989,0.0,0.0005001999670639634,1,1,2.127428022099029,1.0,0.0,1.1619454342633209,0.1489475311767886
S1,14,Random-feasible,0.5019788012475133,1.239274627109947,4.027016218489482,0.13668438227871846,0.5,0.5,0.6736045264734817,0.9999977961557567,2.203844243242603e-06,1.0055598346441772,0.8803029085961063,0.23436540309654325,0.2084105760491065,0.368744651931885,0.5,0.0012254000175744295,1,1,1.0823434140200174,0.5593240749929678,2.203844243242603e-06,0.5181573280565244,0.11969709140389373
S1,14,Max-SINR,0.2240476387904524,0.41976642265351416,0.8387393834314416,0.03948060491589155,0.95,0.05,0.1899110493712124,0.9999459318365094,5.406816349044496e-05,1.0026836404315898,0.9687416697831801,0.9595045305246593,0.2084105760491065,0.17963001116432772,0.95,0.001118500018492341,1,1,0.5883075881502412,0.2383321529290729,5.406816349044496e-05,0.1460854225932403,0.031258330216819896
S1,14,Delay-Greedy,0.20699179716810043,0.3789461576859376,0.7351346200298244,0.039874845872469235,0.95,0.05,0.1899110493712124,0.9986937084582985,0.0013062915417016208,1.0176216886144331,0.9687484049559754,0.9473143867007922,0.2084105760491065,0.17961003348585672,0.95,0.0012209000997245312,1,1,0.5070319015130765,0.25842312384384797,0.0013062915417016208,0.1460854225932403,0.03125159504402464
S1,14,Load-Aware,0.19581507779316595,0.35005059703682884,0.7276416741727185,0.03306058023409415,0.95,0.05,0.1899110493712124,0.998663192877296,0.0013368071227039813,1.0188294199459231,0.9687489375102288,0.9463202968838208,0.2084105760491065,0.17960845375559228,0.95,0.001243300037458539,1,1,0.47755594608180724,0.23299809884265063,0.0013368071227039813,0.1460854225932403,0.031251062489771164
S1,14,Offload-then-Allocate,0.19869039755138498,0.3378986750720893,0.6826056675532169,0.034039509648408774,0.95,0.05,0.1899110493712124,0.9985674880763673,0.0014325119236327677,1.01830711519438,0.9687474096341918,0.9445414920109612,0.2084105760491065,0.1796129859035239,0.95,0.0016211000038310885,1,1,0.49719182665153633,0.21931129533728694,0.0014325119236327677,0.1460854225932403,0.031252590365808186
S1,15,RFOTO-ABC,0.11335188652443151,0.31359115407125626,0.5013131273197394,0.04299063076978143,0.95,0.05,0.032972185720859463,0.9999939785216039,6.0214783959844365e-06,1.0066434279596082,0.9922523537271993,0.980050415415919,0.6026115808038771,0.08836368590781454,0.95,0.5311189999338239,500,1,0.27616810352125476,0.25531772377477113,6.0214783959844365e-06,0.01939540336521145,0.007747646272800668
S1,15,Standard-ABC,0.18326434581280246,0.4872928689694425,1.2052171533393132,0.07358418667037167,0.9,0.1,0.044464952455748864,0.9998604955840718,0.00013950441592842645,1.0155403135153205,0.9907658759467157,0.8025791534356883,0.6026115808038771,0.09654111986012416,0.85,0.5076013000216335,500,1,0.4598484713583599,0.4023349659040033,0.00013950441592842645,0.026155854385734624,0.009234124053284276
S1,15,GA,0.13094787841099492,0.3557086875743724,0.6653777329125434,0.050473933012393536,0.9,0.1,0.044464952455748864,0.9999817266221822,1.8273377817890068e-05,1.0100904015013783,0.9907610808869293,0.8025791534356883,0.6026115808038771,0.09656641603330701,0.9,0.35281050007324666,500,1,0.32421899853949054,0.2797644842477629,1.8273377817890068e-05,0.026155854385734624,0.009238919113070732
S1,15,PSO,0.4098126785206775,0.8403905103979715,2.782206142540839,0.09697410918779256,0.55,0.45,0.367266449862533,0.9999228552921018,7.71447078980747e-05,1.0173796658917114,0.9294423260346659,0.3568451852323283,0.35185547421627306,0.27552493246327653,0.45,0.5119154999265447,500,1,0.915007607191706,0.6039991286501641,7.71447078980747e-05,0.31944730955538647,0.07055767396533408
S1,15,DE,0.511858226315484,1.055815820326429,2.134106537104397,0.14355152687689277,0.4,0.6,0.42471758562677187,0.9999917887043319,8.211295668059116e-06,1.0121615835027806,0.9284772017285906,0.45556421816741804,0.35185547421627306,0.27754705699927396,0.25,0.5659308999311179,500,1,1.145237062312149,0.7708016090558856,8.211295668059116e-06,0.39679462951687605,0.0715227982714094
S1,15,Local-only,0.8434808602841123,1.8777645796228324,3.7735119662115335,0.20656317681899342,0.15,0.85,0.8766768932042621,1.0,0.0,0.0,0.8852106975322964,0.34597402082969403,0.23422640648469184,0.36010353244329335,0.0,0.0003866999177262187,1,1,1.8294876583543376,1.0,0.0,0.8755622013014892,0.11478930246770358
S1,15,Random-feasible,0.381517400551739,0.9140038247809088,2.226237395968373,0.10702360701046836,0.6,0.4,0.30555407634075904,0.9989047793432284,0.0010952206567715005,1.043481643991024,0.9402898937434581,0.4565997224431043,0.35185547421627306,0.25199564645076405,0.65,0.000880699953995645,1,1,0.8706847281711357,0.5637602626535145,0.0010952206567715005,0.28042647616436905,0.05971010625654194
S1,15,Max-SINR,0.10472933301107085,0.29430786877475695,0.5611337695119312,0.03657784196879548,0.95,0.05,0.02348579931509145,0.9964256805945977,0.003574319405402371,1.0185382543841561,0.9933612481640149,0.9815642344637822,0.6318069337909547,0.08175034805563491,1.0,0.0006240000948309898,1,1,0.2792525099339376,0.19834489902788682,0.003574319405402371,0.013815176067700854,0.006638751835985057
S1,15,Delay-Greedy,0.11808834731193901,0.33016537702402987,0.492228800523315,0.03991402208580051,0.95,0.05,0.050801424352219196,0.9988446605238794,0.0011553394761206314,1.0135846307998704,0.9868807564834161,0.974181937885597,0.48460662976756796,0.11529807499238888,1.0,0.001181200030259788,1,1,0.28568254414319194,0.2466530610304903,0.0011553394761206314,0.029883190795423054,0.01311924351658389
S1,15,Load-Aware,0.1148329242891541,0.3121677916667126,0.49480548522210904,0.044142463639268686,0.95,0.05,0.032972185720859463,0.9999940493146813,5.950685318739657e-06,1.0072734152651242,0.9922523521716812,0.9800932808890092,0.6026115808038771,0.08836369484759948,0.95,0.0012353999773040414,1,1,0.27438952003337164,0.2681557075213118,5.950685318739657e-06,0.01939540336521145,0.007747647828318827
S1,15,Offload-then-Allocate,0.10410189004572411,0.295749058496459,0.5641246801163473,0.036452815543173006,0.95,0.05,0.026131087174889173,0.9971832657288026,0.0028167342711974018,1.0171534337463404,0.9929156681762391,0.9809714957705443,0.6197991483000556,0.08446820505170521,1.0,0.001064700074493885,1,1,0.2788891539958236,0.19273865320987268,0.0028167342711974018,0.015371227749934806,0.007084331823760892
S1,16,RFOTO-ABC,0.10912427704353214,0.346853279551372,0.630204573201014,0.032751378415302713,1.0,0.0,0.0,0.9996782072453925,0.0003217927546074639,1.0147115316862196,0.9999990232291671,0.9976208367154334,0.9959579470200415,0.000988317653604937,1.0,0.5386168999830261,500,1,0.2970907954593319,0.23191382074768496,0.0003217927546074639,0.0,9.76770832883389e-07
S1,16,Standard-ABC,0.2106753366442221,0.5384937993971022,1.3275637207430127,0.07107242841832599,0.9,0.1,0.06914434481753354,0.9983015443616743,0.0016984556383255467,1.043926558929883,0.9841235847867623,0.6663425447718039,0.526724248503933,0.12701394471028254,0.8,0.5114078000187874,500,1,0.4969528215356164,0.49031794565392534,0.0016984556383255467,0.04067314401031384,0.015876415213237682
S1,16,GA,0.15709126309055532,0.4690140165677253,1.390256966980368,0.052392911650190443,0.9,0.1,0.05622254209742271,0.9999851254936528,1.4874506347217764e-05,1.0049313468108796,0.9875245257885988,0.8012617522114651,0.526724248503933,0.11239696547641102,0.8,0.4972178000025451,500,1,0.38796529024353443,0.333050824000082,1.4874506347217764e-05,0.03307208358671924,0.01247547421140116
S1,16,PSO,0.5612675034787157,1.5832862657815288,4.114301831125123,0.14654464406681583,0.55,0.45,0.6028384607900138,0.9999346292319867,6.537076801328978e-05,1.0096226630158505,0.8836959624029765,0.34169532014848186,0.21819836598531678,0.3627821920261213,0.35,0.6281362000154331,500,1,1.1846674553494176,0.6994958696441316,6.537076801328978e-05,0.5708703176063414,0.11630403759702346
S1,16,DE,0.6001534271685058,1.2335383980012093,3.126653334690108,0.1546585382858921,0.5,0.5,0.4001463168856583,0.999984312407431,1.56875925690525e-05,1.0051278538030974,0.9219777049896628,0.42348599618437843,0.406398288597539,0.29090363687631304,0.3,0.6015712999505922,500,1,1.352279642069203,0.8148945792177237,1.56875925690525e-05,0.5125713919939286,0.0780222950103372
S1,16,Local-only,0.8884264212400139,2.0573601731522957,4.114301831125123,0.19155040822513575,0.25,0.75,0.8698156416052164,1.0,0.0,0.0,0.8609016972092187,0.34169532014848186,0.21819836598531678,0.4019611994503195,0.0,0.0003654001047834754,1,1,1.9126227365907231,1.0,0.0,0.9576239666948642,0.13909830279078128
S1,16,Random-feasible,0.5539135159670183,1.2451437374968886,3.3787040340250294,0.16037453700475696,0.7,0.3,0.42927422296015505,0.9973866690468377,0.0026133309531623183,1.065974872229108,0.9154498749215416,0.3818175520744046,0.21819836598531678,0.30390639743239534,0.65,0.0008487999439239502,1,1,1.0538937074080321,1.1318173455837464,0.0026133309531623183,0.42984920930018855,0.08455012507845838
S1,16,Max-SINR,0.10542425815910259,0.30511299468212844,0.5928189061199112,0.03106298964503157,1.0,0.0,0.0,0.999212384064505,0.000787615935494923,1.0190597510108736,0.9999946209151638,0.9923093992873468,0.9922078907800825,0.002319291652226142,1.0,0.0006934999255463481,1,1,0.2948786772754516,0.2103083919361018,0.000787615935494923,0.0,5.379084836221182e-06
S1,16,Delay-Greedy,0.12664203339858007,0.395911924819006,0.7517764660115916,0.0372626094089002,1.0,0.0,0.0,0.999723007488373,0.0002769925116269223,1.0102692183714972,0.9999994946605002,0.9982146273013854,0.997223734935575,0.0007108725288259389,1.0,0.0014992000069469213,1,1,0.32872835035464926,0.2960298100444492,0.0002769925116269223,0.0,5.053394998011385e-07
S1,16,Load-Aware,0.11585696866242184,0.3721340612909425,0.6885165503827781,0.03515989066780622,1.0,0.0,0.0,0.9998180216684587,0.00018197833154127708,1.011464938515005,0.9999997048891446,0.998549815668298,0.9978647811068003,0.000543241143419176,1.0,0.0012752999318763614,1,1,0.3046885032390015,0.26432268613156606,0.00018197833154127708,0.0,2.951108554194448e-07
S1,16,Offload-then-Allocate,0.1123428574333696,0.3212198533994942,0.5997593340420262,0.030344067229037507,1.0,0.0,0.0,0.999000858672623,0.0009991413273769622,1.0205370890147958,0.999994132571896,0.9923093992873468,0.9922078907800825,0.002422284568012335,1.0,0.001105500035919249,1,1,0.3149423307125267,0.2227104425036462,0.0009991413273769622,0.0,5.867428104044947e-06
S1,17,RFOTO-ABC,0.22972099805990184,0.7985881476841081,2.5034609182227476,0.08397959694628912,0.85,0.15,0.17764802606220736,0.9995268343081267,0.0004731656918732674,1.0019020873723978,0.9620471433995462,0.5203119004531576,0.30429056813437316,0.19862049393717046,0.9,0.5520636000437662,500,1,0.5392169783412387,0.3889267425420134,0.0004731656918732674,0.12316072185938974,0.03795285660045378
S1,17,Standard-ABC,0.3151528381606982,0.9833790090836961,2.38447073135728,0.11575183883987286,0.75,0.25,0.2086027558103638,0.9974926990121189,0.002507300987881128,1.0061617424856517,0.9586085140065219,0.5203119004531576,0.30429056813437316,0.20779489229607737,0.85,0.5001932000741363,500,1,0.7229719114589841,0.6041064294129435,0.002507300987881128,0.14833485114965103,0.04139148599347808
S1,17,GA,0.21922219046368832,0.6776139270162203,2.355058287210274,0.07068180925754868,0.9,0.1,0.1583579009953508,0.9992127592877242,0.0007872407122756608,1.00325386636269,0.9654407782787136,0.5203119004531576,0.30429056813437316,0.18919913977227226,0.9,0.48674610001035035,500,1,0.5341818857221436,0.3481626080314686,0.0007872407122756608,0.11244398571113609,0.03455922172128645
S1,17,PSO,0.5786095149281392,1.7315221581355473,5.231689870439123,0.15537080427646796,0.45,0.55,0.691524037109964,0.9945224604518101,0.0054775395481898356,1.0645990743969136,0.869258730958269,0.32495079721075465,0.30429056813437316,0.3878214424446203,0.45,0.5176091999746859,500,1,1.2173372302008374,0.792376023148494,0.0054775395481898356,0.5388484225590323,0.130741269041731
S1,17,DE,0.6460940448590234,1.804148205815456,4.131360592883402,0.18076083218640734,0.3,0.7,0.7294648299466331,0.9999764510972957,2.3548902704234596e-05,1.0054780747883503,0.8720557646971943,0.33255138167880444,0.30429056813437316,0.3830347999445127,0.35,0.560600099968724,500,1,1.3827072194641028,0.7955447113952656,2.3548902704234596e-05,0.6475567528309846,0.12794423530280574
S1,17,Local-only,0.8995298320905594,2.3667597892623222,5.231689870439123,0.21153607857153905,0.1,0.9,1.0642130838931239,1.0,0.0,0.0,0.8815732808587431,0.32495079721075465,0.30429056813437316,0.36651827970578094,0.0,0.0003524000057950616,1,1,1.9547844456383134,1.0,0.0,0.9722788512391701,0.11842671914125691
S1,17,Random-feasible,0.6863162554285076,2.1126197466973546,5.652517582796336,0.3578752349357157,0.4,0.6,0.874464326722882,0.9971362905272094,0.0028637094727906156,1.0438188845359109,0.8725741447456316,0.25928730746559747,0.11535834938462562,0.3821444956462731,0.7,0.0021470999345183372,1,1,1.3164417641303414,1.3136720706830278,0.0028637094727906156,0.5618735344430185,0.12742585525436845
S1,17,Max-SINR,0.22149669945011807,0.5905366351841881,2.355058287210274,0.05898165864808876,0.85,0.15,0.17563799708651864,0.999159846058223,0.0008401539417769721,1.0021107223120025,0.9627711127688465,0.5203119004531576,0.30429056813437316,0.19664300494043752,0.9,0.0026443999959155917,1,1,0.537940163161516,0.2903216331662968,0.0008401539417769721,0.15084419924706458,0.037228887231153474
S1,17,Delay-Greedy,0.2399531045991035,0.8614869629080679,2.5636768607703693,0.0964857236226189,0.75,0.25,0.1855289478379208,0.9995836855955342,0.00041631440446578404,1.001599004762204,0.961609081171384,0.5203119004531576,0.30429056813437316,0.19980896730242542,0.9,0.0023506999714300036,1,1,0.5584622988400988,0.4174058416679782,0.00041631440446578404,0.12753901173478607,0.038390918828616005
S1,17,Load-Aware,0.2399531045991035,0.8614869629080679,2.5636768607703693,0.0964857236226189,0.75,0.25,0.1855289478379208,0.9995836855955342,0.00041631440446578404,1.001599004762204,0.961609081171384,0.5203119004531576,0.30429056813437316,0.19980896730242542,0.9,0.0023029999574646354,1,1,0.5584622988400988,0.4174058416679782,0.00041631440446578404,0.12753901173478607,0.038390918828616005
S1,17,Offload-then-Allocate,0.22149669945011807,0.5905366351841881,2.355058287210274,0.05898165864808876,0.85,0.15,0.17563799708651864,0.999159846058223,0.0008401539417769721,1.0021107223120025,0.9627711127688465,0.5203119004531576,0.30429056813437316,0.19664300494043752,0.9,0.0013020000187680125,1,1,0.537940163161516,0.2903216331662968,0.0008401539417769721,0.15084419924706458,0.037228887231153474
S1,18,RFOTO-ABC,0.21705782186784514,0.47524417459796664,0.9873525442723774,0.031888357921347185,0.95,0.05,0.05376900506047662,0.9997546272818951,0.0002453727181048748,1.0009559057400235,0.9867428656039708,0.9695077259905002,0.48183944686431157,0.1159105140821662,0.95,0.5335251999786124,500,1,0.5473975500787626,0.3038900923393394,0.0002453727181048748,0.130349103176913,0.013257134396029158
S1,18,Standard-ABC,0.31749637548789256,0.6393081806360896,1.7565098256454552,0.07754220988264078,0.75,0.25,0.1134111490619226,0.9989367793507219,0.0010632206492779905,1.0230028385468661,0.9758920183575717,0.5810400523708604,0.48183944686431157,0.15717357916096864,0.8,0.5103313999716192,500,1,0.8140093367037847,0.4283690898965277,0.0010632206492779905,0.1836393458049894,0.024107981642428333
S1,18,GA,0.2285372408569669,0.43834069767654604,0.7930059226508135,0.03235267666461132,0.9,0.1,0.08905523137737545,0.9999350376819327,6.496231806733532e-05,1.004181441671123,0.9786721179948552,0.5810400523708604,0.48183944686431157,0.14762341811427482,0.9,0.49841450003441423,500,1,0.5785632389771803,0.2850038841817035,6.496231806733532e-05,0.15173469488412442,0.021327882005144794
S1,18,PSO,0.416176157480265,0.9332254003562106,2.835832295794122,0.11523221034895899,0.65,0.35,0.26855608836108574,0.9999012792007523,9.872079924774235e-05,1.0085652990685783,0.9429568264399653,0.417624876225909,0.3609274872145183,0.24595515825338743,0.6,0.5177780999802053,500,1,0.9576915947212713,0.591593042152863,9.872079924774235e-05,0.31775232913265167,0.05704317356003474
S1,18,DE,0.5707770177724756,1.3811934774061074,3.7619127473416167,0.17210578076207791,0.3,0.7,0.541937009148062,0.9999997820670543,2.1793294570637834e-07,1.0039253800879036,0.9041006323193461,0.4137619165461967,0.2836682936202718,0.32568629623368633,0.35,0.4882322000339627,500,1,1.2067368832900107,0.9639155408647883,2.1793294570637834e-07,0.44048206832626996,0.09589936768065388
S1,18,Local-only,0.7984570292843759,1.82524655615763,4.384393758326248,0.19102346329899178,0.05,0.95,0.7671919794175072,1.0,0.0,0.0,0.9033064759142799,0.35706452753480594,0.2836682936202718,0.32717576949532273,0.0,0.0005117000546306372,1,1,1.7635709942295743,1.0,0.0,0.7722410084564968,0.09669352408572007
S1,18,Random-feasible,0.5066792247042827,1.0257134755740946,3.302146430239544,0.09776467682974488,0.6,0.4,0.3057589446102545,0.9977049165755393,0.0022950834244607086,1.0241745294608433,0.9373825440669163,0.38951226799139455,0.3609274872145183,0.25845758290752446,0.7,0.0008219999726861715,1,1,1.1955170117381582,0.5165146701754055,0.0022950834244607086,0.4818845446743108,0.06261745593308365
S1,18,Max-SINR,0.20561357874211122,0.37405046936976555,0.6334240681809704,0.02620470099882381,0.95,0.05,0.05376900506047662,0.9999256887839497,7.431121605016577e-05,1.0010783009272404,0.986739407703243,0.9728052712359236,0.48183944686431157,0.11592583287446898,0.95,0.0007847000379115343,1,1,0.5172250065620074,0.27810733479771693,7.431121605016577e-05,0.130349103176913,0.013260592296757023
S1,18,Delay-Greedy,0.23023956230647763,0.492849855105394,1.230798672663056,0.034003468739505716,0.95,0.05,0.05376900506047662,0.9998324092757516,0.0001675907242483621,1.0013806572429544,0.9867415841816457,0.9715253790576861,0.48183944686431157,0.11591619111488294,0.95,0.0011958000250160694,1,1,0.5569787705568957,0.37590208903615097,0.0001675907242483621,0.130349103176913,0.013258415818354297
S1,18,Load-Aware,0.22260640633187273,0.4738434737309625,1.1300937850380126,0.03155611978790251,0.95,0.05,0.05376900506047662,0.9996706755432216,0.0003293244567782627,1.0009350029312385,0.9867441689177047,0.9679406824476774,0.48183944686431157,0.11590473979473671,0.95,0.0016099999193102121,1,1,0.5373918368383657,0.35744621182902053,0.0003293244567782627,0.130349103176913,0.013255831082295333
S1,18,Offload-then-Allocate,0.2151659704857545,0.3982113047601835,0.8160268313820578,0.028587225945569682,0.95,0.05,0.05376900506047662,0.9997902105711308,0.00020978942886925033,1.001535203701649,0.9867425440134766,0.9711050705761063,0.48183944686431157,0.11591193883607845,0.95,0.0011470000026747584,1,1,0.537173063501079,0.3083656835500276,0.00020978942886925033,0.130349103176913,0.013257455986523392
S1,19,RFOTO-ABC,0.0925222880270982,0.26680042374801827,0.4758978488457798,0.014753547317463894,1.0,0.0,0.0,0.9984277278128177,0.001572272187182333,1.0123191596084247,0.9999575857723854,0.9970172206249501,0.9701229277593026,0.006512758759167864,0.95,0.46884340001270175,500,1,0.25988556296772475,0.18153387142392235,0.001572272187182333,0.0,4.2414227614639977e-05
S1,19,Standard-ABC,0.1724287361023902,0.4126568052535557,0.8477210397514011,0.024650143603442237,0.9,0.1,0.01268037388563568,0.9974913785050921,0.0025086214949077423,1.02747914178058,0.9986587138158581,0.9292524167045056,0.8440583289397146,0.036648160240955324,0.85,0.48895069991704077,500,1,0.4702069777011238,0.3377062602040869,0.0025086214949077423,0.0140725416795736,0.0013412861841418655
S1,19,GA,0.13584630979217988,0.3299347265198267,0.5977111559062475,0.022949546185907742,1.0,0.0,0.0,0.9987827513488657,0.0012172486511344226,1.0124735943817245,0.999989786233947,0.995388167565019,0.9858859387475207,0.003195914637934271,0.9,0.3910881000338122,500,1,0.38062831481354525,0.2696283286243914,0.0012172486511344226,0.0,1.0213766053035478e-05
S1,19,PSO,0.4121644244700191,0.9562486734506672,3.022343860958783,0.07424537343264413,0.55,0.45,0.34430784645301143,0.9976627968752381,0.002337203124761977,1.0129884907177515,0.9325166492562291,0.38444288558721307,0.32558988697107977,0.26901098951709007,0.35,0.6442488000029698,500,1,0.9181112751319265,0.6741409318677278,0.002337203124761977,0.28370209068144114,0.06748335074377088
S1,19,DE,0.5535294993850811,1.391846219458641,3.223377844754931,0.12660448913971856,0.35,0.65,0.5106997155969596,0.9999982273497393,1.772650260678521e-06,1.001554279726324,0.9056350963394444,0.3251962001142277,0.31771614983403773,0.32279635955459474,0.3,0.49174299999140203,500,1,1.1997066408262862,0.846120518962258,1.772650260678521e-06,0.45011868502014174,0.09436490366055561
S1,19,Local-only,0.7318964150858412,1.7912327552293348,3.7726295604057567,0.18067471583780273,0.2,0.8,0.7093227973134464,1.0,0.0,0.0,0.8871359959254632,0.3251962001142277,0.31771614983403773,0.35668317692812934,0.0,0.00036720000207424164,1,1,1.5930699064844804,1.0,0.0,0.6667973514141624,0.11286400407453678
S1,19,Random-feasible,1.325552213871883,1.906643747359323,5.645507916121635,0.20525279993514794,0.55,0.45,1.5144275281092212,0.9949813992716772,0.0050186007283228255,1.1015756284248475,0.848196628927619,0.3041098433527711,0.0455900202087046,0.42305071847009984,0.5,0.0008268000092357397,1,1,1.8544220246091854,3.6534968054403443,0.0050186007283228255,1.1605918443880539,0.15180337107238095
S1,19,Max-SINR,0.08730465943990447,0.24026192542877728,0.40135075561107203,0.014813744685669908,1.0,0.0,0.0,0.9977820684644513,0.0022179315355487007,1.0135427563841628,0.9999087315310378,0.9974511411339463,0.9562319308839398,0.009553889242259996,1.0,0.0006267999997362494,1,1,0.2516762110749192,0.1595222006248039,0.0022179315355487007,0.0,9.126846896223562e-05
S1,19,Delay-Greedy,0.14022420943720806,0.35001908263093806,0.5814999278833475,0.025680917277323984,0.95,0.05,0.025021899854876906,0.9998928949285057,0.00010710507149411797,1.0035483166618626,0.9945673848733643,0.9820766312193282,0.6664720581153035,0.07390730440205975,0.95,0.0015258999774232507,1,1,0.3381965744935653,0.3117811462145009,0.00010710507149411797,0.032286322393389556,0.005432615126635731
S1,19,Load-Aware,0.09746535349882414,0.2586509135655509,0.4658641912358459,0.017899171775601054,1.0,0.0,0.0,0.9976689218402134,0.002331078159786648,1.0137986318823071,0.9999069338647234,0.9963825631552501,0.955743791702704,0.009647528045357854,1.0,0.0014308999525383115,1,1,0.24687150308290295,0.2351153478389972,0.002331078159786648,0.0,9.306613527659824e-05
S1,19,Offload-then-Allocate,0.12752888708442545,0.32457672828872325,0.5974685539827307,0.02335267328553616,0.95,0.05,0.025021899854876906,0.9999060944934983,9.390550650159035e-05,1.0032192621766896,0.994567102211839,0.9821004030347323,0.6664720581153035,0.07390923759569784,0.95,0.003474000026471913,1,1,0.34066487863818684,0.2230491403800457,9.390550650159035e-05,0.032286322393389556,0.0054328977881610285
S1,20,RFOTO-ABC,0.13730990985938285,0.34298410902231385,0.999921243845305,0.028812965615519808,0.9,0.1,0.07326233672845851,0.9989430031762179,0.0010569968237820581,1.002276618038734,0.9834335068937406,0.8078455546414265,0.44324110426793567,0.1297904659188019,0.85,0.553658000077121,500,1,0.32742676933646897,0.2671473945912377,0.0010569968237820581,0.050738940023538584,0.01656649310625935
S1,20,Standard-ABC,0.22220657158852516,0.580276805695956,1.5912182373310062,0.06214337080084401,0.8,0.2,0.08766933985636255,0.9929517728146324,0.007048227185367556,1.0315339828792318,0.9815014636086152,0.7817001755305448,0.44324110426793567,0.13728503803157033,0.75,0.5232629000674933,500,1,0.5023306367336143,0.527708354651802,0.007048227185367556,0.05313293324628034,0.018498536391384768
S1,20,GA,0.15821676278770752,0.4322689645302443,1.213464628096592,0.038578398779623976,0.9,0.1,0.06492394130296587,0.9938362073599267,0.006163792640073345,1.0284841983535529,0.9846304664663991,0.925606572861264,0.44324110426793567,0.12493775809311765,0.85,0.5205499000148848,500,1,0.3761047508995202,0.3387695046752866,0.006163792640073345,0.03934784321391871,0.015369533533600932
S1,20,PSO,0.3570042667673993,0.652644907515417,1.870430913016598,0.06791053120046267,0.65,0.35,0.2159153607502585,0.9983558131233309,0.0016441868766691847,1.0070460743853042,0.9553648972128964,0.44122472288637155,0.40291347663665295,0.2161491985580505,0.6,0.5520818999502808,500,1,0.8153234857697435,0.4950258516500267,0.0016441868766691847,0.2875816591362404,0.04463510278710359
S1,20,DE,0.568119464046062,1.2169544598366167,2.409072784756032,0.12074472955580232,0.4,0.6,0.5006139952661354,0.9986769190111726,0.0013230809888274686,1.0346096646565024,0.912960845135478,0.33492143029591803,0.3148161401001902,0.3087672691282068,0.25,0.6951437999960035,500,1,1.2512389602356582,0.7907344254923673,0.0013230809888274686,0.4935162829433939,0.08703915486452196
S1,20,Local-only,0.779815098069431,1.6833817176710852,4.0392868269204465,0.17747231208072084,0.2,0.8,0.7087437106140215,1.0,0.0,0.0,0.8889709934755192,0.33492143029591803,0.3148161401001902,0.3534064175703545,0.0,0.00034630007576197386,1,1,1.6982672619625543,1.0,0.0,0.7543757264004813,0.11102900652448078
S1,20,Random-feasible,0.4836689666062794,0.8725244837341034,2.281248065826128,0.0983099949364657,0.6,0.4,0.34070156073948177,0.9987245612091222,0.0012754387908778364,1.013709383521426,0.9318614731050118,0.399566782978026,0.3359796034641142,0.2704087196205623,0.45,0.001595200039446354,1,1,1.0864523390595506,0.6502233646932648,0.0012754387908778364,0.41618604137991294,0.06813852689498823
S1,20,Max-SINR,0.11025454372292427,0.2852469952612028,0.5251187433831902,0.019249997266661042,0.95,0.05,0.06280542241807836,0.9965934057191749,0.003406594280825026,1.002215139400053,0.9846329565475819,0.9289143389879044,0.44324110426793567,0.12492747887620398,0.95,0.0011605999898165464,1,1,0.27718173211064395,0.1897117481839155,0.003406594280825026,0.03806389237459295,0.015367043452418128
S1,20,Delay-Greedy,0.13839266572192027,0.34956397059202515,0.999921243845305,0.028456037102821307,0.9,0.1,0.07326233672845851,0.998780545916661,0.0012194540833389,1.001873758114451,0.983433662009851,0.8078455546414265,0.44324110426793567,0.1297898480516849,0.85,0.001344999996945262,1,1,0.33513276683775656,0.26130598327604243,0.0012194540833389,0.050738940023538584,0.01656633799014895
S1,20,Load-Aware,0.13734602375149288,0.3447522898749422,0.999921243845305,0.028617295620273493,0.9,0.1,0.07326233672845851,0.9988071891836603,0.0011928108163397678,1.0021768921263672,0.9834335416728878,0.8078455546414265,0.44324110426793567,0.12979032738480822,0.85,0.0016546000260859728,1,1,0.32892985787532697,0.2647019557629447,0.0011928108163397678,0.050738940023538584,0.016566458327112232
S1,20,Offload-then-Allocate,0.1374651712209693,0.3218733388221882,0.999921243845305,0.026654383607655974,0.9,0.1,0.07326233672845851,0.9989055199163449,0.0010944800836551194,1.001922979592951,0.9834337826870451,0.8078455546414265,0.44324110426793567,0.12978936736167582,0.85,0.001617399975657463,1,1,0.3342747547000892,0.2567194595092538,0.0010944800836551194,0.050738940023538584,0.016566217312954934
S1,21,RFOTO-ABC,0.16940147996883198,0.39341757608024125,0.799236943798843,0.028822303420895822,0.95,0.05,0.04683604195976199,0.9998690160862986,0.00013098391370144346,1.0148121519235493,0.9884685164857642,0.9735971772736056,0.5163366757676482,0.10800930476235815,0.9,0.5853946000570431,500,1,0.42206611954675144,0.30267915286330865,0.00013098391370144346,0.06690863137108854,0.01153148351423583
S1,21,Standard-ABC,0.24334794876359292,0.5104490313482899,1.0608034724776239,0.05790213246132562,0.85,0.15,0.10957299126363448,0.9985679635977949,0.001432036402204967,1.0441617072300304,0.9750327210912583,0.5520895600347744,0.5163366757676482,0.16002064300371968,0.8,0.5165020000422373,500,1,0.5764620385276614,0.4484717034049826,0.001432036402204967,0.11172073801671176,0.02496727890874173
S1,21,GA,0.1754171230670808,0.42088948593337944,0.799236943798843,0.03002972734841161,0.95,0.05,0.04683604195976199,0.99945923644128,0.0005407635587200421,1.0199151897911856,0.9884755758355818,0.9672456407625573,0.5163366757676482,0.1079758535386097,0.9,0.5083631000015885,500,1,0.4525016315351045,0.2915182733608387,0.0005407635587200421,0.06690863137108854,0.011524424164418234
S1,21,PSO,0.5080668874185372,1.0139835101124697,2.553098735959104,0.10674235451731606,0.55,0.45,0.39796533000526907,0.995684136609731,0.004315863390269026,1.0441700877189308,0.9216178813594678,0.4618514875414266,0.385482800572567,0.2916305741427121,0.5,0.5166950999991968,500,1,1.1219373577712664,0.6879527900135829,0.004315863390269026,0.44707655599819845,0.07838211864053224
S1,21,DE,0.6511813847762118,1.5083005969820462,2.595762759490989,0.16826497866817586,0.25,0.75,0.6249351378999151,0.9991687876940818,0.0008312123059181886,1.127505043105567,0.9083636277405921,0.42302733254677677,0.37566863059204875,0.31761724609070524,0.15,0.5748822999885306,500,1,1.418987086362834,0.9072841172793238,0.0008312123059181886,0.5857211891740397,0.0916363722594079
S1,21,Local-only,0.8939388948015777,1.9845686226556338,4.35399613065203,0.17427035666151086,0.1,0.9,0.8875475162955684,1.0,0.0,0.0,0.9016688017251382,0.3687592140984974,0.23748030072102075,0.33023427314696313,0.0,0.00035370001569390297,1,1,1.9558751305021351,1.0,0.0,0.9608817297392583,0.09833119827486181
S1,21,Random-feasible,0.7224344964943105,1.527595920927902,3.543379683546233,0.12261929305958844,0.35,0.65,0.6464188876982446,0.9989540406011935,0.001045959398806484,1.030382024241262,0.8924829407487046,0.3687592140984974,0.23748030072102075,0.3470873030455937,0.25,0.0008192999521270394,1,1,1.5896041311468094,0.7701868160515073,0.001045959398806484,0.7726747621297055,0.1075170592512954
S1,21,Max-SINR,0.17313056794200135,0.40246903399077566,0.8500428291124793,0.028485610201139572,0.95,0.05,0.04683604195976199,0.9999671490391984,3.285096080151151e-05,1.0101098529856039,0.988466192647363,0.9753783621809899,0.5163366757676482,0.10802031427166162,0.9,0.000826600007712841,1,1,0.44801394475750805,0.2844218840986422,3.285096080151151e-05,0.06690863137108854,0.011533807352636982
S1,21,Delay-Greedy,0.17571843484598784,0.4127445540355218,0.799236943798843,0.031223566357292197,0.95,0.05,0.04683604195976199,0.9998907771569904,0.00010922284300953766,1.0131922555689328,0.9884680145143135,0.973911941167336,0.5163366757676482,0.10801168301291796,0.9,0.0023785000666975975,1,1,0.4321803868014098,0.327963586076056,0.00010922284300953766,0.06690863137108854,0.011531985485686458
S1,21,Load-Aware,0.17303102019798816,0.40166645306163645,0.799236943798843,0.030775259585177562,0.95,0.05,0.04683604195976199,0.9998693908834145,0.0001306091165854617,1.0140996034595058,0.9884684954760131,0.973548942258319,0.5163366757676482,0.10800940430378556,0.9,0.0023746000370010734,1,1,0.4241092867672878,0.32347128774319295,0.0001306091165854617,0.06690863137108854,0.01153150452398688
S1,21,Offload-then-Allocate,0.17259094881761722,0.38532427081519854,1.0140987139188686,0.028758815167991003,0.95,0.05,0.04683604195976199,0.9999562723244937,4.372767550631651e-05,1.0107097669732181,0.9884664611171754,0.9750912811711657,0.5163366757676482,0.10801904241307791,0.9,0.001983199967071414,1,1,0.43630474068552394,0.3003255295729278,4.372767550631651e-05,0.06690863137108854,0.011533538882824601
S1,22,RFOTO-ABC,0.15616295170692632,0.43983209099746584,1.2623272455623498,0.04944747400578424,0.95,0.05,0.02205476840843427,0.9977700835273831,0.002229916472617005,1.0307754553202308,0.9954592793049568,0.9696682648808934,0.6939166012800246,0.06753838084935747,0.95,0.5288798999972641,500,1,0.35866016628919617,0.41130016000738906,0.002229916472617005,0.014703178938956181,0.004540720695043188
S1,22,Standard-ABC,0.26790424198076007,0.7729059769992211,1.7173541637195262,0.07104178065177394,0.7,0.3,0.163501277718821,0.9971867035508476,0.002813296449152347,1.044085383592527,0.9687546895683118,0.6602349046151041,0.36288476884000087,0.1795913904933233,0.7,0.5094698000466451,500,1,0.6337779826628211,0.5008672385322798,0.002813296449152347,0.11632081872251653,0.03124531043168821
S1,22,GA,0.21877547549651535,0.6595353412589863,1.7173541637195262,0.06320838443993582,0.8,0.2,0.13576243078929334,0.9976818572570239,0.0023181427429760535,1.0313473584915063,0.9725575101860142,0.6773650096580235,0.36288476884000087,0.1679786590033469,0.8,0.5820622999453917,500,1,0.5257920716273299,0.38860261362187953,0.0023181427429760535,0.09782825410283143,0.027442489813985782
S1,22,PSO,0.6268473558783689,1.5196465172711853,6.473122925343222,0.10592968391368544,0.6,0.4,0.651864132283246,0.9971355657558056,0.002864434244194208,1.0622805922907452,0.8845846873577672,0.2697731335561771,0.18684557987297953,0.3612118650701118,0.5,0.6105783999664709,500,1,1.3731817825597696,0.5927379122487693,0.002864434244194208,0.7070241586237495,0.11541531264223281
S1,22,DE,0.7060899156521846,1.9302722144339346,6.41512346802482,0.21195553548282647,0.3,0.7,0.7936232309913219,0.9973704512374288,0.002629548762571143,1.014118575959909,0.8743762028580281,0.28586824770612695,0.18684557987297953,0.3790415275011488,0.2,0.558567300089635,500,1,1.5050388758052924,0.899260557400949,0.002629548762571143,0.7022865350676367,0.12562379714197192
S1,22,Local-only,0.9794986547283437,2.393996941227416,6.473122925343222,0.23911486921363942,0.15,0.85,1.0595662065911453,1.0,0.0,0.0,0.8478887746781397,0.2697731335561771,0.18684557987297953,0.42355634265483233,0.0,0.0004031999269500375,1,1,2.1065306923708738,1.0,0.0,1.1201971913493847,0.15211122532186028
S1,22,Random-feasible,0.894117545034487,1.886561549581567,6.473122925343222,0.22190647251834145,0.4,0.6,0.8591626016336299,0.999816166886767,0.0001838331132329396,1.0339190989655926,0.8545974068083119,0.2697731335561771,0.18684557987297953,0.4124822747243565,0.35,0.0009609999833628535,1,1,1.7426801885625955,1.4138488046831044,0.0001838331132329396,0.8980920863598907,0.14540259319168813
S1,22,Max-SINR,0.23172473045352454,0.5864523885822039,1.6544473779903854,0.06139836788827944,0.9,0.1,0.1098395538096795,0.9979469593258574,0.002053040674142537,1.017212224382109,0.9756156858410077,0.6773650096580235,0.36288476884000087,0.15809418111098764,0.9,0.0008654999546706676,1,1,0.4909193202193388,0.5774670189226614,0.002053040674142537,0.073226369206453,0.024384314158992337
S1,22,Delay-Greedy,0.18046911002623153,0.47926705612191717,1.2264462918140435,0.05760254736295904,0.95,0.05,0.02205476840843427,0.998839921383159,0.0011600786168408372,1.021040618305382,0.9954475444724162,0.9736565729788613,0.6939166012800246,0.06762599470144137,0.95,0.0015424999874085188,1,1,0.359702729523318,0.5730183257210484,0.0011600786168408372,0.014703178938956181,0.004552455527583765
S1,22,Load-Aware,0.17511873797988828,0.4772162931109641,1.2936047268826167,0.05699697657410534,0.95,0.05,0.02205476840843427,0.9988725045241307,0.0011274954758692946,1.0203598778085992,0.9954478699326045,0.9751112959514281,0.6939166012800246,0.0676235662741453,0.95,0.001302699907682836,1,1,0.351897658567683,0.550401399986302,0.0011274954758692946,0.014703178938956181,0.004552130067395521
S1,22,Offload-then-Allocate,0.1600687570748938,0.4244710219711605,1.1019701821446728,0.04795603030385952,0.95,0.05,0.02205476840843427,0.9982384861379032,0.0017615138620965475,1.0253128650816656,0.9954470685720114,0.9651193045954573,0.6939166012800246,0.0676295454871199,0.95,0.0011440999805927277,1,1,0.34723228246490057,0.4569976615820798,0.0017615138620965475,0.014703178938956181,0.004552931427988627
S1,23,RFOTO-ABC,0.09992258949490757,0.2595519788163294,0.5082120621081068,0.03436290656319384,1.0,0.0,0.0,0.9998939465128307,0.00010605348716924979,1.0092911644926732,0.9999999058793023,0.9995322529390762,0.9986535505573901,0.0003067909779840439,0.95,0.4703437000280246,500,1,0.24787411359659203,0.2528855752014736,0.00010605348716924979,0.0,9.412069768011122e-08
S1,23,Standard-ABC,0.18886614703742263,0.46362011360527877,1.019416897396928,0.06531320230795146,0.9,0.1,0.021693705000631624,0.9996147020549616,0.0003852979450384819,1.0174346132004943,0.9970193660235392,0.8434816544137367,0.7989806393573665,0.05467672919085325,0.8,0.46690010000020266,500,1,0.47128758002637217,0.43063696839547544,0.0003852979450384819,0.02369820834412581,0.002980633976460756
S1,23,GA,0.13332313320206596,0.3551517360418303,0.8416975809691867,0.0511752788840069,0.95,0.05,0.012579739153899696,0.9993764586954865,0.0006235413045135197,1.0167066979102783,0.9980519172988641,0.982253110416111,0.7989806393573665,0.04418014412379351,0.85,0.49036689999047667,500,1,0.33415425694329254,0.31298978462433713,0.0006235413045135197,0.00967672242607669,0.0019480827011358892
S1,23,PSO,0.27579241538727284,0.6702357667183997,1.1474094469449017,0.08301605897362596,0.8,0.2,0.1294610558224491,0.9964985490461025,0.003501450953897417,1.0813071485268975,0.9710809780477749,0.6105325811388915,0.4184337970256973,0.17256951436478912,0.6,0.6033697000239044,500,1,0.6475332834615689,0.5598306276622322,0.003501450953897417,0.09958542755573006,0.028919021952225066
S1,23,DE,0.48231503441920587,1.2261561953883284,4.383155757506861,0.18656543628571134,0.65,0.35,0.41304055392204864,0.9955269014047431,0.0044730985952568525,1.1073385825548483,0.9195825005348249,0.29547436766201596,0.2610871690734576,0.29571947965907525,0.35,0.4882034999318421,500,1,1.0211944349779338,0.8858374636126569,0.0044730985952568525,0.3247342459759851,0.08041749946517507
S1,23,Local-only,0.67028130283042,1.6006967774266898,3.8483798232145707,0.17624985294950554,0.4,0.6,0.6789079401074543,1.0,0.0,0.0,0.8784415444126499,0.2966242266380781,0.28408434859469966,0.3719941870350415,0.0,0.00032780005130916834,1,1,1.4396557097645484,1.0,0.0,0.5685344282047216,0.12155845558735012
S1,23,Random-feasible,0.37959808869392586,0.9600795852599496,3.038172802607933,0.12184892533470795,0.65,0.35,0.26426103148666363,0.9995620655893269,0.00043793441067300766,1.0192614876412815,0.9479678943896266,0.48985714244251854,0.2972842202193085,0.23428198016167878,0.55,0.0007935999892652035,1,1,0.8240947293746257,0.7657504966301876,0.00043793441067300766,0.2032777165282028,0.052032105610373414
S1,23,Max-SINR,0.1040008293301413,0.26309533914002425,0.5308094934451548,0.03552505185817374,1.0,0.0,0.0,0.999883185017959,0.00011681498204086372,1.0079573834913025,0.9999998699941252,0.999606702963627,0.9983599404711869,0.0003605632938269021,1.0,0.000587599934078753,1,1,0.25360647414603943,0.2705055219756136,0.00011681498204086372,0.0,1.30005874843242e-07
S1,23,Delay-Greedy,0.10993891409395012,0.2786812783773662,0.4835261329769045,0.03501105744506226,1.0,0.0,0.0,0.9998162320733733,0.00018376792662668228,1.0131529162671389,0.9999998420675269,0.9989185755157411,0.9984954074959022,0.0003974072162981568,1.0,0.0011563999578356743,1,1,0.2647729349558666,0.2913926871985812,0.00018376792662668228,0.0,1.5793247309936476e-07
S1,23,Load-Aware,0.10822103180164537,0.262020462730973,0.5042181381431108,0.03648843599551471,1.0,0.0,0.0,0.9998997789648477,0.00010022103515229808,1.0080798062967644,0.9999998892454623,0.9995711797685916,0.9984954074959022,0.0003327980578835011,0.95,0.0014957000967115164,1,1,0.24895956522024973,0.3064071978424789,0.00010022103515229808,0.0,1.1075453765219123e-07
S1,23,Offload-then-Allocate,0.10496585472142415,0.2738510041984718,0.4828367685214706,0.03483100879769435,1.0,0.0,0.0,0.999743800744984,0.0002561992550159986,1.01431780670761,0.9999996676508517,0.9982884332642582,0.9979183335229904,0.0005764974035956947,1.0,0.001519200042821467,1,1,0.26449483115093964,0.2586057148687588,0.0002561992550159986,0.0,3.323491483131491e-07
S1,24,RFOTO-ABC,0.12687144317907093,0.3109325249480312,0.4547293747681517,0.030670144350392954,1.0,0.0,0.0,0.9979854733778263,0.0020145266221737066,1.021981505559588,0.9999682489055843,0.9887424479267749,0.9758064764248537,0.005634900405231279,1.0,0.505563999991864,500,1,0.2817537845427679,0.37350219369854576,0.0020145266221737066,0.0,3.175109441566626e-05
S1,24,Standard-ABC,0.33830180645036695,0.738424159223103,2.387479888880959,0.08715580726664508,0.7,0.3,0.17899575167635187,0.9930726445427348,0.006927355457265144,1.0858487356886897,0.9629852770777636,0.527904033428902,0.4258226654297244,0.19605477659296378,0.75,0.5124565999722108,500,1,0.7556046572320301,0.6675186617310181,0.006927355457265144,0.16934065341167276,0.0370147229222364
S1,24,GA,0.14174316748607696,0.3794052351016313,0.6867689949191945,0.04007304020752344,1.0,0.0,0.0,0.9976004027832162,0.0023995972167838555,1.0329421368763285,0.9999575636845583,0.9923313405691064,0.9704695418866901,0.0065144544174014505,0.95,0.4330517000053078,500,1,0.36939745482571146,0.3260501259265073,0.0023995972167838555,0.0,4.243631544165183e-05
S1,24,PSO,0.7000116889851248,1.366608050555347,3.538153575469231,0.12184965951579318,0.4,0.6,0.5793006580083244,0.9917626258981096,0.00823737410189041,1.243932832648865,0.8955400694327915,0.29611271855189236,0.2756134253384848,0.3415327501309693,0.35,0.5867994999280199,500,1,1.4816325280065326,0.815783933005034,0.00823737410189041,0.7596780105091091,0.10445993056720848
S1,24,DE,0.551999726075139,1.4756681536653742,3.2444795763812997,0.1662602863850489,0.3,0.7,0.6031031542275493,0.9999621712644544,3.782873554563082e-05,1.0199256953674058,0.8978306100398397,0.40129207142495477,0.2937067500173896,0.3373363924706735,0.3,0.5195734000299126,500,1,1.1117613276916802,0.9775930105762283,3.782873554563082e-05,0.44834987329860626,0.10216938996016034
S1,24,Local-only,0.9645354142418574,1.9921886227331178,3.8800153936069988,0.17420645654780503,0.05,0.95,0.9738117936001178,1.0,0.0,0.0,0.8823506818100053,0.29280208378344436,0.2756134253384848,0.3651523454278521,0.0,0.0006963000632822514,1,1,2.090934127362849,1.0,0.0,1.0966179386905837,0.11764931818999469
S1,24,Random-feasible,0.8629151232550732,1.7585772703028784,3.8800153936069988,0.1638024849316129,0.3,0.7,0.8659969586445854,0.9947526155608749,0.005247384439124975,1.1041321877063837,0.8553080717591877,0.29280208378344436,0.2756134253384848,0.411302043131834,0.4,0.001149799907580018,1,1,1.8619871379431032,0.8052029241086771,0.005247384439124975,1.0155385361161962,0.14469192824081234
S1,24,Max-SINR,0.11828592389632517,0.27764620067410106,0.4250296347509877,0.029384316485056804,1.0,0.0,0.0,0.9962684636777993,0.003731536322200657,1.0396950551870923,0.999925674742737,0.9722036221919895,0.970820084042405,0.008621530137698901,1.0,0.0009863999439403415,1,1,0.2846221966910243,0.30915279113693006,0.003731536322200657,0.0,7.432525726303041e-05
S1,24,Delay-Greedy,0.1337917172394675,0.32915927249784455,0.5314278103335213,0.03367750915988523,1.0,0.0,0.0,0.9985161452806309,0.0014838547193690877,1.0173796419804915,0.9999782828481248,0.9954432916158104,0.9787080455674323,0.004660217110556551,1.0,0.0012234000023454428,1,1,0.2895904133522892,0.4072939025649342,0.0014838547193690877,0.0,2.171715187515577e-05
S1,24,Load-Aware,0.1337917172394675,0.32915927249784455,0.5314278103335213,0.03367750915988523,1.0,0.0,0.0,0.9985161452806309,0.0014838547193690877,1.0173796419804915,0.9999782828481248,0.9954432916158104,0.9787080455674323,0.004660217110556551,1.0,0.0012394000077620149,1,1,0.2895904133522892,0.4072939025649342,0.0014838547193690877,0.0,2.171715187515577e-05
S1,24,Offload-then-Allocate,0.11486201122861422,0.2720862044407764,0.47335353873063024,0.02812994594515982,1.0,0.0,0.0,0.9971034932833002,0.002896506716699848,1.0287058895519774,0.9999391136764294,0.9810610216992528,0.9679967286885531,0.007803206452350227,1.0,0.0011413999600335956,1,1,0.2815397803480578,0.2925908789981614,0.002896506716699848,0.0,6.088632357059698e-05
S1,25,RFOTO-ABC,0.13904493751936636,0.3818252076124973,0.6799272511838942,0.04129983027536145,1.0,0.0,0.0,0.9997953954448686,0.0002046045551314435,1.0104894044706858,0.9999993224080082,0.9996772684977966,0.9962118453115009,0.0008231600381135646,1.0,0.47323949995916337,500,1,0.36154183677098073,0.32412303851197427,0.0002046045551314435,0.0,6.775919918489137e-07
S1,25,Standard-ABC,0.2911920999021173,0.6747818150394129,2.3081977083943053,0.09580503571627473,0.8,0.2,0.20686807645589048,0.9974408024172796,0.0025591975827204128,1.0212033932217048,0.9525519197039592,0.39828585407690775,0.3981822273076514,0.22318499581621767,0.8,0.4924105000682175,500,1,0.6619295557973649,0.4681046521031991,0.0025591975827204128,0.19145984630538407,0.04744808029604075
S1,25,GA,0.18894216868136787,0.5822877673784655,1.3343556436142099,0.05716246305419152,0.95,0.05,0.06100000214797171,0.9990735935049827,0.0009264064950173124,1.0174503532607282,0.9850722595198764,0.9581243012458444,0.4504504417337405,0.12310140041603773,0.95,0.47897119994740933,500,1,0.5093564861550599,0.3192153871834137,0.0009264064950173124,0.04518518677627534,0.014927740480123575
S1,25,PSO,0.6977218322427451,1.3591120206795018,3.0089381960410573,0.19129459359523898,0.5,0.5,0.6704761240738573,0.9987371062754159,0.0012628937245840854,1.0425532598889902,0.8649774821321393,0.3659651104986964,0.3106160672221112,0.3950942419145963,0.6,0.4754498000256717,500,1,1.4533903905593566,0.9027625963881045,0.0012628937245840854,0.7138155548783776,0.13502251786786068
S1,25,DE,0.6253732324984046,1.4479292772866947,3.027149365690858,0.15404253046098143,0.3,0.7,0.7961455249384669,0.9999997129755563,2.8702444359041125e-07,1.002875141413183,0.8622609347721937,0.3659651104986964,0.3106160672221112,0.39967704922870884,0.35,0.497452300041914,500,1,1.3245087579650092,0.7281351227351721,2.8702444359041125e-07,0.6574594296312672,0.13773906522780632
S1,25,Local-only,1.027264264059076,2.1818593540812925,4.410943294414045,0.22185364779476974,0.0,1.0,1.1279192095762465,1.0,0.0,0.0,0.9239976083644695,0.31025103781599184,0.3033154790997241,0.28679937849142007,0.0,0.0003434000536799431,1,1,2.231727810627493,1.0,0.0,1.2317278106274927,0.07600239163553046
S1,25,Random-feasible,0.8791559562635418,1.8310088447562456,4.836285020830479,0.24193042944086596,0.5,0.5,0.8781355970773106,0.9957127178586678,0.004287282141332183,1.0608688030816344,0.8480473851449061,0.27477021935667834,0.1550046123099912,0.4232958681551379,0.7,0.0016827000072225928,1,1,1.7371126534439463,1.2165465621099716,0.004287282141332183,0.9549818397181161,0.15195261485509393
S1,25,Max-SINR,0.13634601873605653,0.40290531964537174,0.7605777347632526,0.04466989996035838,1.0,0.0,0.0,0.997138922770317,0.0028610772296830235,1.0206747627709138,0.9998620221770372,0.99428248946252,0.946169572241806,0.0117472066240023,1.0,0.0024667000398039818,1,1,0.38199752438398765,0.26835817013785734,0.0028610772296830235,0.0,0.00013797782296276484
S1,25,Delay-Greedy,0.14287190150349313,0.40110048494593886,0.6783602598736317,0.04304105004530047,1.0,0.0,0.0,0.999238652985782,0.000761347014218089,1.0165717357326272,0.9999938035911816,0.9953815035848026,0.9891879198125791,0.0024892664002936415,1.0,0.0012662999797612429,1,1,0.37012326008954266,0.33458591744627386,0.000761347014218089,0.0,6.196408818381904e-06
S1,25,Load-Aware,0.14015528713873615,0.38254901608803593,0.657531032862461,0.043706887775350714,1.0,0.0,0.0,0.9997624677891495,0.0002375322108505218,1.0107952010174812,0.9999990120805511,0.9996964857471541,0.9954322026585246,0.0009939418605514373,1.0,0.0012465999461710453,1,1,0.3580526301386628,0.3372964998265534,0.0002375322108505218,0.0,9.879194489137433e-07
S1,25,Offload-then-Allocate,0.12921327697898316,0.35008342322379826,0.6129125501190246,0.03801634429621272,1.0,0.0,0.0,0.9975398177517002,0.002460182248299736,1.0209922760336076,0.9998972938278394,0.9952724149414593,0.9535364030288622,0.010134925840844276,1.0,0.0011082999408245087,1,1,0.3597063016515521,0.25852839460407406,0.002460182248299736,0.0,0.00010270617216057154
S1,26,RFOTO-ABC,0.18199524611822454,0.4870492557560415,1.00606216804245,0.05728695317446687,0.95,0.05,0.06739968635098682,0.9994333926990752,0.0005666073009248929,1.0225255222260907,0.9836884513814186,0.9654294106278234,0.4258955160281799,0.1287712202349843,0.95,0.5319983999943361,500,1,0.42203557014081705,0.35668101633974125,0.0005666073009248929,0.08169658951634766,0.016311548618581417
S1,26,Standard-ABC,0.25688567233656917,0.5302746536097792,1.1392156218913079,0.07738308323982236,0.85,0.15,0.12032118835587195,0.999339972997235,0.0006600270027650179,1.0409381288670727,0.9725991616897067,0.531893631686699,0.4258955160281799,0.167847539610799,0.7,0.5152254999848083,500,1,0.5792690203105889,0.4857622169310785,0.0006600270027650179,0.1398478142886526,0.027400838310293274
S1,26,GA,0.1853568342221475,0.46676657448139103,1.3108770847396156,0.055879899005045565,0.95,0.05,0.06739968635098682,0.9995131668751942,0.00048683312480580777,1.02715277451479,0.9836875736705691,0.967601502013316,0.4258955160281799,0.1287747421750669,0.85,0.4934791000559926,500,1,0.4439627303925583,0.3426518244703015,0.00048683312480580777,0.08169658951634766,0.016312426329430862
S1,26,PSO,0.40821741859475486,0.9597230256845434,3.617005870442891,0.09275225144973191,0.65,0.35,0.35959547727907737,0.996204727230104,0.0037952727698958243,1.0886338474201103,0.9247000501673667,0.3474350540973411,0.32348039997940947,0.28536250113416306,0.5,0.649375099921599,500,1,0.8987893341896581,0.5878368713149266,0.0037952727698958243,0.33316202928490857,0.07529994983263333
S1,26,DE,0.5447380668208426,1.4241495721363102,4.9266153341733565,0.11704688994309831,0.6,0.4,0.6231071038664031,0.9970436154481161,0.0029563845518839173,1.0776778068053388,0.904551176663582,0.3376716697255373,0.12821271254333336,0.324839413729095,0.45,0.5378347999649122,500,1,1.2209759273858078,0.6757931547596084,0.0029563845518839173,0.4928660453984393,0.09544882333641802
S1,26,Local-only,0.775172004322163,1.781029274177267,4.71802320632149,0.19407988759896172,0.3,0.7,0.7464349734107423,1.0,0.0,0.0,0.8693277674218783,0.3226125635204324,0.30612367079986763,0.3877036411470738,0.0,0.00037319993134588003,1,1,1.6701886605306164,1.0,0.0,0.7520960172111626,0.13067223257812166
S1,26,Random-feasible,0.5680993774095147,0.9246590347703563,2.629349775094334,0.1504831626633985,0.6,0.4,0.35724564671280595,0.9978903073130713,0.0021096926869287936,1.0660524396519702,0.927364221855767,0.4236452856320232,0.3808909081050461,0.2798659921209785,0.55,0.0009422999573871493,1,1,1.2139237982603364,0.8558812712422693,0.0021096926869287936,0.4996757275962778,0.07263577814423305
S1,26,Max-SINR,0.17075695933175625,0.4100842166795336,0.7725009958829149,0.05006397376426489,0.95,0.05,0.06739968635098682,0.9989982279704425,0.001001772029557635,1.030706694267711,0.9836950319124118,0.9610578626271729,0.4258955160281799,0.1287448120462053,0.95,0.0008449999149888754,1,1,0.4123027356438069,0.2974068561511191,0.001001772029557635,0.08169658951634766,0.01630496808758819
S1,26,Delay-Greedy,0.19324477543048635,0.5060004742784578,1.0289560890516714,0.0580177696537255,0.95,0.05,0.06739968635098682,0.9994824765579207,0.0005175234420793651,1.0194473404920934,0.9836871606976252,0.9649233000807627,0.4258955160281799,0.12877639925680925,0.95,0.002753600012511015,1,1,0.43946386512392926,0.4026948745776336,0.0005175234420793651,0.08169658951634766,0.016312839302374815
S1,26,Load-Aware,0.19078088602777707,0.49299909381643586,0.9932467733995346,0.05831311106302981,0.95,0.05,0.06739968635098682,0.9997460703185108,0.00025392968148905124,1.0170179051367636,0.9836822924761569,0.9692475792050447,0.4258955160281799,0.12879593182109125,0.95,0.0014190999791026115,1,1,0.4294571447166424,0.40329340269770186,0.00025392968148905124,0.08169658951634766,0.016317707523843095
S1,26,Offload-then-Allocate,0.17387413975075985,0.42272161283354814,0.8950358148380866,0.04960684553019158,0.95,0.05,0.06739968635098682,0.9989970117101459,0.0010029882898540897,1.0307784270973648,0.9836972187005739,0.9638833637959497,0.4258955160281799,0.12873603517221274,0.95,0.0011228000512346625,1,1,0.422820568610933,0.3006589024403665,0.0010029882898540897,0.08169658951634766,0.016302781299426083
S1,27,RFOTO-ABC,0.11339016441034809,0.4200927280583384,0.8294662791356869,0.050182770220262254,1.0,0.0,0.0,0.9998850206117185,0.0001149793882815775,1.0086042587446415,0.9999998983817672,0.9995799878734489,0.998573295842508,0.00031877616082167726,1.0,0.5230527999810874,500,1,0.29097581020786645,0.27082133825326826,0.0001149793882815775,0.0,1.0161823282839322e-07
S1,27,Standard-ABC,0.28007972028253136,0.8115091040321826,2.1937187941503797,0.13819332679141377,0.8,0.2,0.13434513043137258,0.9991551958842102,0.0008448041157898157,1.0328414223985516,0.9702494695337144,0.5653829344657458,0.47221725576506984,0.17510786378585172,0.9,0.4787722999462858,500,1,0.6048781045668308,0.6689128980788241,0.0008448041157898157,0.09556687614359684,0.02975053046628562
S1,27,GA,0.1343287724111668,0.45113527580077195,0.9448502633251528,0.05963623266133994,1.0,0.0,0.0,0.9990062570738717,0.000993742926128388,1.0191310209442224,0.9999922945185973,0.9941577565267757,0.9882235281664158,0.002775885583972787,1.0,0.35798790003173053,500,1,0.35122608748040907,0.3088156408908564,0.000993742926128388,0.0,7.705481402719982e-06
S1,27,PSO,0.540068380871436,1.3143296938779854,2.9322457419196417,0.14976963672335092,0.55,0.45,0.4655270163182547,0.997198254124705,0.0028017458752951363,1.0245305279968944,0.9086301479726342,0.34826035258698657,0.31726342286518827,0.3171085045670885,0.55,0.5429143999936059,500,1,1.1846924987515794,0.6198381224366105,0.0028017458752951363,0.5466148433555429,0.0913698520273658
S1,27,DE,0.49382329120986357,1.288342799720664,2.5676297794193306,0.18070525192987286,0.45,0.55,0.4035413387268433,0.9996433326318886,0.00035666736811146846,1.021141635065554,0.9279613132943985,0.5270883317274407,0.3484266507682217,0.27862363766147585,0.35,0.5441288000438362,500,1,1.078622359901268,0.8010721844764548,0.00035666736811146846,0.3725189483344633,0.07203868670560154
S1,27,Local-only,1.0488321787259274,2.5691977046545524,5.791088747461106,0.2166313559110186,0.1,0.9,1.129996535169762,1.0,0.0,0.0,0.8635690667185005,0.2728127463022431,0.23403871271039595,0.39747323206973356,0.0,0.0007114000618457794,1,1,2.2459318540754563,1.0,0.0,1.2675383008593537,0.13643093328149947
S1,27,Random-feasible,0.6187966345241,1.786971304721034,5.791088747461106,0.15016310663837948,0.5,0.5,0.7261496469765583,0.9960278995722351,0.003972100427764963,1.0416041575785648,0.8595079992888168,0.2947000462944974,0.27485348491234035,0.4042972963931984,0.5,0.0013260000851005316,1,1,1.2890249770335787,0.776240605316515,0.003972100427764963,0.6329443171039907,0.14049200071118317
S1,27,Max-SINR,0.10496997389001697,0.32066166562865617,0.6023023820721494,0.041009705016833056,1.0,0.0,0.0,0.9999414974970519,5.85025029480768e-05,1.0060179525306354,0.9999999615197704,0.9998645975375373,0.9990943352754473,0.00019616377924133074,1.0,0.0006487000500783324,1,1,0.28925859529932707,0.21762412528374103,5.85025029480768e-05,0.0,3.84802295583242e-08
S1,27,Delay-Greedy,0.1247257661514255,0.4537878277021502,0.9740683969424971,0.05895250408051368,0.95,0.05,0.003333282679521179,0.9998716474093083,0.00012835259069171045,1.0100625007631467,0.9998130242426192,0.995757602125751,0.9373495243526125,0.013675186428340431,1.0,0.0015406999737024307,1,1,0.3044295765592467,0.3206779946810473,0.00012835259069171045,0.0018518237108450992,0.00018697575738080285
S1,27,Load-Aware,0.12376930666077879,0.44633537689048797,0.8316326566262873,0.06405822638625182,1.0,0.0,0.0,0.9998654588814597,0.00013454111854027117,1.0140074583075511,0.9999999173593205,0.9992011213299898,0.9989365247429985,0.00028747292676964815,1.0,0.001256300020031631,1,1,0.2973900204960461,0.3292992061130485,0.00013454111854027117,0.0,8.264067952179488e-08
S1,27,Offload-then-Allocate,0.10451392964975979,0.3142943295069882,0.5081202810073663,0.03729859229205691,1.0,0.0,0.0,0.9998978435709616,0.00010215642903849131,1.0084508947502893,0.9999999496029092,0.9993356882717128,0.9991833254690079,0.00022449296429437888,1.0,0.0010992999887093902,1,1,0.29261133931012173,0.20893770651238697,0.00010215642903849131,0.0,5.039709083387578e-08
S1,28,RFOTO-ABC,0.127195042251946,0.28351942580523964,0.580830800544505,0.03493173080147767,1.0,0.0,0.0,0.9993754353021777,0.0006245646978224218,1.0086364244712152,0.9999957045642577,0.9974045497155921,0.9905984500374524,0.0020725477535743276,0.95,0.5371705999132246,500,1,0.24458169144505276,0.4394937475717132,0.0006245646978224218,0.0,4.29543574231861e-06
S1,28,Standard-ABC,0.23273193017138974,0.5270052959522759,1.5480176498992915,0.05516361769045054,0.8,0.2,0.10528724814881114,0.9986977291452994,0.0013022708547006212,1.0120293830286196,0.9766508727360685,0.5196784744722722,0.5189310798847779,0.15461999500319434,0.85,0.4988902999320999,500,1,0.5298322497197903,0.5179743835980835,0.0013022708547006212,0.07525954776479925,0.023349127263931457
S1,28,GA,0.13120622931344547,0.3269645817319285,0.6359776365706797,0.041580687781711506,1.0,0.0,0.0,0.9995253839627136,0.0004746160372863906,1.0140195019947167,0.9999985168705544,0.9960539226529849,0.9957477804589564,0.0012178389230954364,0.9,0.47049869992770255,500,1,0.27914096273916994,0.40883895301185935,0.0004746160372863906,0.0,1.4831294455897037e-06
S1,28,PSO,0.4841671718457464,1.182048394056029,3.436771233172055,0.10982042768942746,0.5,0.5,0.5534255565023088,0.999931666091124,6.833390887593382e-05,1.0312286575929592,0.8912306731320314,0.33378656864913764,0.3220668905611778,0.34934791685036176,0.3,0.46469759999308735,500,1,1.0197718361324382,0.7426742655511294,6.833390887593382e-05,0.4059760286719879,0.10876932686796859
S1,28,DE,0.5568217490649149,1.6404261482412834,4.808649005413952,0.15503082713235208,0.4,0.6,0.6457666342263236,0.9999473796379842,5.26203620158594e-05,1.0293973907893617,0.8790615269069516,0.33364919483464056,0.3193194142712357,0.3709134688652463,0.2,0.5331922000041232,500,1,1.176724162875304,0.8411846548640206,5.26203620158594e-05,0.4732468603205014,0.1209384730930484
S1,28,Local-only,0.781408309581068,2.143116439595823,4.808649005413952,0.20898676380654466,0.2,0.8,0.9563004549486573,1.0,0.0,0.0,0.8516004511723855,0.31945943111107744,0.3193194142712357,0.41744412074964043,0.0,0.0003579000476747751,1,1,1.6526894958403195,1.0,0.0,0.7839040131873836,0.14839954882761452
S1,28,Random-feasible,0.6940110269226438,1.451747045015067,4.061670587227848,0.2381673590162976,0.5,0.5,0.5603943273654995,0.9997818790175635,0.00021812098243640944,1.023701922211777,0.8907376142999447,0.3336565641420006,0.3194668004184375,0.35023572510649265,0.5,0.0008970999624580145,1,1,1.1441700742818446,1.8179836268451581,0.00021812098243640944,0.4753519290956535,0.10926238570005531
S1,28,Max-SINR,0.12431805994785877,0.3029443577911537,0.6528040476050452,0.03423487188408063,1.0,0.0,0.0,0.9997725100227761,0.00022748997722385478,1.002863441629806,0.9999994395284398,0.9988733513252345,0.9966545600812746,0.0007486466935742225,1.0,0.0006521999603137374,1,1,0.26815404238733226,0.38155978189897943,0.00022748997722385478,0.0,5.604715601625898e-07
S1,28,Delay-Greedy,0.14347310517308698,0.28755914342457267,0.528983761235311,0.04255371549917492,1.0,0.0,0.0,0.9990244971497214,0.0009755028502786367,1.0084322686314253,0.9999940827024139,0.9920173861280701,0.9916472366700873,0.0024325568026827018,1.0,0.0012502999743446708,1,1,0.24091907899802253,0.553648981725918,0.0009755028502786367,0.0,5.917297586144343e-06
S1,28,Load-Aware,0.1431004047894546,0.2781676310564986,0.5372666218288152,0.043671141376925196,1.0,0.0,0.0,0.9983233401511811,0.001676659848818879,1.0143457704940748,0.9999855051589397,0.9915465576117174,0.985174449984995,0.00380723668308547,1.0,0.0018503000028431416,1,1,0.23476579641254378,0.5604763299359723,0.001676659848818879,0.0,1.4494841060308516e-05
S1,28,Offload-then-Allocate,0.13231463577618274,0.2621914845710872,0.5249061639474789,0.03840224849799964,1.0,0.0,0.0,0.9988957397528054,0.0011042602471945274,1.007411572684044,0.9999905835209242,0.9926090862432534,0.9873605494299216,0.0030686426549628365,1.0,0.0012034999672323465,1,1,0.2389937204256475,0.4822929409898039,0.0011042602471945274,0.0,9.416479075818884e-06
S1,29,RFOTO-ABC,0.1570716446897049,0.3641541070496212,0.692559008889137,0.04712063841114475,0.95,0.05,0.0007301304130310029,0.9981466312895485,0.0018533687104515916,1.032338528408252,0.9999674318387347,0.9852272924442355,0.9780022294349481,0.005706945065670473,0.85,0.5790010000346228,500,1,0.33703581975351604,0.48221884293551354,0.0018533687104515916,0.0004172173788748588,3.25681612652895e-05
S1,29,Standard-ABC,0.2575461410754983,0.5891164260673768,2.1369779155463813,0.07947266481151419,0.8,0.2,0.09321831665368785,0.9958474620882936,0.004152537911706594,1.0356875480651553,0.9786141384245143,0.6071467762439298,0.4581200565600202,0.1478283170705876,0.85,0.5350177999353036,500,1,0.5625706915958263,0.6624915195183594,0.004152537911706594,0.053965413720494314,0.02138586157548572
S1,29,GA,0.18308627558798407,0.4099981390920221,0.7501440108881048,0.05917338188481673,0.95,0.05,0.0037406689211380373,0.9958610452509404,0.004138954749059581,1.0415133319671879,0.9997156279450385,0.9660926522978548,0.9303919531315978,0.016865732875496132,0.85,0.47883709997404367,500,1,0.41741876204709855,0.5155117136246999,0.004138954749059581,0.002137525097793164,0.000284372054961457
S1,29,PSO,0.5383693844507389,1.2305497488223751,3.9670502055926877,0.122350755438512,0.55,0.45,0.6149550874061691,0.9999728013991718,2.719860082832648e-05,1.0211778268329097,0.8852388579793649,0.25160789052886984,0.230739178065584,0.3600536319157632,0.35,0.7032935000024736,500,1,1.1256228628006701,0.7091752376771786,2.719860082832648e-05,0.5334710883029344,0.11476114202063514
S1,29,DE,0.5622167213517766,1.313451570647014,3.9670502055926877,0.13363356900534892,0.4,0.6,0.5758203635799295,0.9996869602910181,0.00031303970898193814,1.0161572232354004,0.8995853918621194,0.25160789052886984,0.230739178065584,0.3341005970074673,0.3,0.5571729000657797,500,1,1.2026671730900718,0.8647206979227734,0.00031303970898193814,0.46686809691345654,0.10041460813788061
S1,29,Local-only,0.8484365679361738,1.8477185416314001,3.9670502055926877,0.16050744872951747,0.2,0.8,0.9074307882559383,1.0,0.0,0.0,0.853816401431566,0.25160789052886984,0.230739178065584,0.4137776966585702,0.0,0.0003600999480113387,1,1,1.831950007447674,1.0,0.0,0.8740861051559609,0.146183598568434
S1,29,Random-feasible,0.5289920699441388,0.9128109959792894,2.8554715411604863,0.12347028966038891,0.6,0.4,0.31917927633452325,0.9934882511833676,0.006511748816632412,1.0654925318061492,0.9391932351743724,0.4495602443292269,0.28692381194415456,0.2544476656815529,0.45,0.0011349000269547105,1,1,1.071939450552181,1.0489313115645662,0.006511748816632412,0.372976584336952,0.060806764825627635
S1,29,Max-SINR,0.20580640252805904,0.36791577504718054,0.6197668986363181,0.060314124653172575,0.95,0.05,0.03043053619957905,0.9978465812116528,0.0021534187883469947,1.009537284213758,0.9929578340011243,0.9423741849503015,0.6216544407453756,0.08421466507361666,0.95,0.0012798999669030309,1,1,0.4693036078045181,0.4640307606073192,0.0021534187883469947,0.06955551131332355,0.007042165998875749
S1,29,Delay-Greedy,0.20851335143424304,0.40538389294958266,1.090420427581997,0.06835670192809996,1.0,0.0,0.0,0.9988527486647023,0.001147251335297833,1.0136044002088045,0.9999852710722972,0.9961205742739114,0.9824353660520351,0.0038378567775744863,1.0,0.00234550004824996,1,1,0.35320730855149085,0.7998657646010356,0.001147251335297833,0.0,1.4728927702822858e-05
S1,29,Load-Aware,0.18452493555658542,0.3797243807704761,0.9232469657427882,0.06491710291935422,1.0,0.0,0.0,0.9974162232151963,0.002583776784803665,1.0153575194650635,0.9998995377873694,0.9943722949184426,0.9539698752784852,0.010023587496421555,0.95,0.0013406999642029405,1,1,0.3316509023608987,0.6738692351833694,0.002583776784803665,0.0,0.00010046221263060318
S1,29,Offload-then-Allocate,0.1624681963499106,0.3178739465803952,0.7472363344336119,0.0495682918760439,1.0,0.0,0.0,0.9986262571801975,0.001373742819802537,1.0141257336892244,0.9999708059863237,0.9980886828136152,0.9751234923227508,0.005403227367890798,1.0,0.0016684000147506595,1,1,0.34824630075755625,0.5008499566300638,0.001373742819802537,0.0,2.9194013676292485e-05
S2,0,RFOTO-ABC,0.1783734997175677,0.4229919392305643,0.8616855071949646,0.046716968932832226,0.96,0.04,0.010743447763006276,0.9976092921685306,0.0023907078314692985,1.0037953859991933,0.9981644316689572,0.952067213010416,0.752351605257977,0.042882908461460735,0.92,0.7893989000003785,500,1,0.39007557198456216,0.5157433413490388,0.0023907078314692985,0.010958514812484228,0.001835568331042814
S2,0,Standard-ABC,0.48888371747050363,1.081568802486169,2.6406909264779452,0.17227166327081625,0.58,0.42,0.353411067851558,0.9973469909559889,0.0026530090440111277,1.0256422529721205,0.9318034999584736,0.35511754150831965,0.25325964891805663,0.27053214412397675,0.62,0.7875359000172466,500,1,0.9819364824265188,1.0571217595589188,0.0026530090440111277,0.29628502446001975,0.06819650004152644
S2,0,GA,0.31638240194266676,0.7692693863628558,1.914231849305622,0.10095379637720107,0.72,0.28,0.12102769586632739,0.9981402620512533,0.001859737948746778,1.0428014518326045,0.9764608074246747,0.6004169600546395,0.3530382929031412,0.15526314275768313,0.62,0.8973569000372663,500,1,0.7385372296188925,0.6905757007019527,0.001859737948746778,0.0970356518264103,0.02353919257532533
S2,0,PSO,0.5453922373976953,1.2469177386405206,3.2915539761489465,0.16404258472171468,0.48,0.52,0.40990848261929436,0.9997126183695124,0.00028738163048753096,1.0312137072885543,0.9228637896758225,0.38479104138685344,0.2458752359788839,0.28910815766650405,0.4,0.9137535000918433,500,1,1.1944099111746884,0.835672652891799,0.00028738163048753096,0.43924381518211697,0.0771362103241775
S2,0,DE,0.9558347461804881,1.8448128061754627,4.6485294223170195,0.2623811214291026,0.24,0.76,0.9510944539935338,0.9992814399394047,0.0007185600605953879,1.0247901276761904,0.8577318720004034,0.23666132417416716,0.13275735880723566,0.40726588679462866,0.34,0.8203032999299467,500,1,1.8759789595764078,1.4467069050668215,0.0007185600605953879,0.993400157257218,0.14226812799959665
S2,0,Local-only,0.8541942944637392,1.83753051435673,3.7391890513691504,0.2036089585442403,0.22,0.78,0.7864057513481769,1.0,0.0,0.0,0.8782550690767599,0.3338392428528086,0.1948801114478631,0.37231892435102976,0.0,0.0005794999888166785,1,1,1.8452641151862264,1.0,0.0,0.8984661041147864,0.12174493092324012
S2,0,Random-feasible,0.6584305779348969,1.3415407919081679,3.454369976164853,0.15857397054481664,0.44,0.56,0.49010550277580245,0.9949341460431828,0.005065853956817274,1.0717278321290424,0.920497420253478,0.38717385635987484,0.17441179900004186,0.2938862874999176,0.62,0.0011251999530941248,1,1,1.3863130546082156,1.0237107854202296,0.005065853956817274,0.5814285548658673,0.07950257974652197
S2,0,Max-SINR,0.16734778297603944,0.4090687678453988,0.8728512295071046,0.04478493386707731,0.96,0.04,0.010743447763006276,0.9974278685928172,0.0025721314071826275,1.0037981490628363,0.9981416409585696,0.9456958818741286,0.752351605257977,0.043148800325680955,0.96,0.0018295999616384506,1,1,0.41648943209529043,0.397950774076298,0.0025721314071826275,0.010958514812484228,0.0018583590414303908
S2,0,Delay-Greedy,0.18740916499998944,0.4353889815563063,0.9304525168805439,0.04676936707974014,0.96,0.04,0.010743447763006276,0.9978280556248953,0.0021719443751046464,1.0031032471186598,0.9981762966915622,0.955646140875679,0.752351605257977,0.0427438332244523,0.96,0.0025334000820294023,1,1,0.3976574155596359,0.5636482535711521,0.0021719443751046464,0.010958514812484228,0.0018237033084378407
S2,0,Load-Aware,0.18590235812222408,0.4184261116719547,0.8616855071949646,0.048048279899404085,0.96,0.04,0.010743447763006276,0.9978325022149643,0.0021674977850356103,1.0037048148478112,0.9981742357522099,0.9552295118276922,0.752351605257977,0.04276802263421389,0.92,0.0024371000472456217,1,1,0.3845447918486233,0.5754611150851437,0.0021674977850356103,0.010958514812484228,0.0018257642477901292
S2,0,Offload-then-Allocate,0.16037542592192155,0.3883496491483516,0.8488857527498322,0.04158214257697348,0.96,0.04,0.010743447763006276,0.9971500956550804,0.0028499043449195603,1.0040006491323297,0.9981196811064272,0.9402542658067921,0.752351605257977,0.04340346936929899,0.96,0.002170099993236363,1,1,0.3929559111102712,0.3902986049214192,0.0028499043449195603,0.010958514812484228,0.0018803188935727633
S2,1,RFOTO-ABC,0.2738115838049804,0.6187527799385095,1.4205318324490548,0.07076617206323095,0.96,0.04,0.055722214168082464,0.9995940946046528,0.00040590539534714366,1.0016890111673595,0.9867467402763483,0.9905605764701798,0.37078463905603737,0.11589334667822551,0.88,0.8516941000707448,500,1,0.6276594742119438,0.5495393938009552,0.00040590539534714366,0.12958654457693597,0.013253259723651656
S2,1,Standard-ABC,0.5299242962972679,1.3330880139260686,3.229484565971867,0.19430432858699148,0.58,0.42,0.45927524078322074,0.9950877022949802,0.004912297705019815,1.0411106333998148,0.9092332500495299,0.353184031704617,0.2133569803203308,0.31595536773912963,0.58,0.8605252000270411,500,1,1.1173640932471938,0.8935410095364135,0.004912297705019815,0.40781859808573206,0.09076674995047007
S2,1,GA,0.37907436604418215,0.9195029195069029,3.06147524583901,0.11401803008103441,0.72,0.28,0.2478519813020859,0.9991355681261217,0.0008644318738782309,1.00839795909283,0.9451981336462171,0.40095906646028623,0.33878353478072754,0.2407887803381273,0.64,0.8386350999353454,500,1,0.8508809270095768,0.6450747419034804,0.0008644318738782309,0.24479902671369125,0.054801866353782924
S2,1,PSO,0.7479502310883487,1.830303807880312,4.738509039455528,0.19190590737331836,0.3,0.7,0.8782512902881776,0.9996341783239348,0.00036582167606533653,1.044352222895317,0.8662380909674284,0.30108403546764373,0.10907958355326972,0.39295931735565987,0.36,0.9068866000743583,500,1,1.5834173869457384,0.9379571960970435,0.00036582167606533653,0.7650594169890347,0.13376190903257157
S2,1,DE,1.1151766995270103,2.633463730305668,6.751843083747617,0.26959042385973164,0.28,0.72,1.4088703275001322,0.9981192088589164,0.0018807911410835753,1.0733463353884882,0.8231005182429052,0.15361060671937762,0.05836274461412932,0.46359297118459997,0.26,0.8788424000376835,500,1,2.2422009799928686,1.262253264028972,0.0018807911410835753,1.3535095377306656,0.1768994817570948
S2,1,Local-only,0.8212181320126287,1.9224339565196564,3.856216846428914,0.21567230463976142,0.16,0.84,0.8091474556474785,1.0,0.0,0.0,0.884411527076206,0.32965907957240287,0.2914538565352186,0.3615181166940916,0.0,0.0003711000317707658,1,1,1.7926711465893361,1.0,0.0,0.8228482977069025,0.11558847292379404
S2,1,Random-feasible,0.7686844150442887,1.5162047577599245,3.7481601146933747,0.18153236375344153,0.48,0.52,0.5892082326351519,0.996665687989443,0.003334312010557123,1.0383322923993852,0.8943651091722636,0.3245224304408839,0.15953058540876258,0.3436736772305621,0.54,0.0016217000083997846,1,1,1.5493015018037963,1.2294423180706529,0.003334312010557123,0.7217223834258794,0.10563489082773636
S2,1,Max-SINR,0.2057934108598703,0.4659702316412629,0.891324510487973,0.05618591412392985,0.98,0.02,0.02178254705857914,0.9991711644836844,0.000828835516315638,1.0020181915045292,0.9945862357807556,0.9922606088205852,0.4786687602352244,0.07377826642796026,0.94,0.0010585000272840261,1,1,0.5206819331501347,0.41320549527000844,0.000828835516315638,0.05065708618274219,0.0054137642192444435
S2,1,Delay-Greedy,0.299185671754593,0.6767987490279385,1.5952476306551375,0.07731557760876935,0.86,0.14,0.0799079764857257,0.9994500667210926,0.0005499332789074685,1.0032702988269555,0.982636328753511,0.7005615154449718,0.37078463905603737,0.13293041761972352,0.94,0.0021615999285131693,1,1,0.6683276547138101,0.6231814143950775,0.0005499332789074685,0.143648034296496,0.017363671246488965
S2,1,Load-Aware,0.27721995782978925,0.6192800727012159,1.4205318324490548,0.07227679952768322,0.96,0.04,0.055722214168082464,0.9995956019401072,0.00040439805989282094,1.0024302230130215,0.986746731855933,0.9906119127474241,0.37078463905603737,0.11589338398893823,0.88,0.0029908999567851424,1,1,0.6277375251842628,0.5721338037060062,0.00040439805989282094,0.12958654457693597,0.01325326814406702
S2,1,Offload-then-Allocate,0.2665364840678907,0.5425720655012453,1.0024860983359616,0.06096888730295629,0.94,0.06,0.059045983899546586,0.9991709178411989,0.0008290821588010888,1.004577735619717,0.9863727423076399,0.9089066144942876,0.37078463905603737,0.11753946323417332,0.94,0.001997100072912872,1,1,0.6452138305734588,0.46762252752705324,0.0008290821588010888,0.1315189688394151,0.013627257692360062
S2,2,RFOTO-ABC,0.16922259601931233,0.4936602291084384,1.1708112571958902,0.04144982314344781,0.98,0.02,0.0011136665030425943,0.9991074423310353,0.0008925576689645908,1.019631721655963,0.9999282122677263,0.994158124876176,0.9467494026450542,0.008473068282599533,0.96,0.7857423999812454,500,1,0.4465297885184351,0.38161785287621897,0.0008925576689645908,0.0006327650585469287,7.178773227367596e-05
S2,2,Standard-ABC,0.4633672419011684,0.9998938161857851,3.094034520049783,0.11140392134627723,0.54,0.46,0.3992806600840544,0.9982989202698812,0.0017010797301188108,1.0467181689477632,0.9189360851456851,0.38997214366064165,0.3548738421599171,0.2970100424049861,0.62,0.8011583000188693,500,1,1.0439385824196021,0.6493856258599733,0.0017010797301188108,0.36989979697240355,0.08106391485431486
S2,2,GA,0.2733055988764964,0.6958261419629241,2.682404460594147,0.09389390234468037,0.8,0.2,0.14530936254908527,0.9991896967707823,0.0008103032292178192,1.0296272531618538,0.9683672326631274,0.5173710812719615,0.33116226774217056,0.18073761655024592,0.68,0.714466099976562,500,1,0.649142515276906,0.5237892708655855,0.0008103032292178192,0.11017841472423057,0.03163276733687259
S2,2,PSO,0.7756189319389646,1.4708381381493352,3.503075268606508,0.20741162333271607,0.36,0.64,0.7521275774282751,0.9974573889783727,0.0025426110216272522,1.077516947593976,0.877190696277651,0.26824242555542194,0.14888588589204244,0.3741697089895277,0.36,1.2003692999714985,500,1,1.6185708607454687,1.0132332852677135,0.0025426110216272522,0.8002452247990508,0.122809303722349
S2,2,DE,1.1018200541043626,2.3175239900880737,8.792223395654288,0.22788250962494958,0.3,0.7,1.483032865876913,0.9992181435792042,0.0007818564207959034,1.0449635542309976,0.8149895969624251,0.12183083261079543,0.08268083226152877,0.47645516803654236,0.34,0.7498399999458343,500,1,2.137643231133312,1.4563515093385377,0.0007818564207959034,1.284194352721835,0.18501040303757488
S2,2,Local-only,0.8599243269465623,1.7156639215532254,3.503075268606508,0.20372067935632276,0.24,0.76,0.8496367764547003,1.0,0.0,0.0,0.8766262171151505,0.30654291789828736,0.14888588589204244,0.3751493628553478,0.0,0.0005694000283256173,1,1,1.848969213010304,1.0,0.0,0.9167038250450356,0.12337378288484946
S2,2,Random-feasible,1.6018474872629969,2.892993290453173,4.677377714632711,0.7862274624036192,0.42,0.58,1.8708568815312747,0.9981373983685728,0.0018626016314272076,1.0440866804737592,0.8482853182169359,0.24692580665567918,0.017344281809354805,0.4229050099166445,0.7,0.001263100071810186,1,1,2.3888078660177627,3.9701968089745616,0.0018626016314272076,1.5439451072745076,0.15171468178306413
S2,2,Max-SINR,0.15270480934245143,0.31326735866842853,0.5889969096201272,0.026745405116595955,0.94,0.06,0.019209343720174056,0.9981511517780486,0.0018488482219514068,1.0184892226699302,0.9960724545611142,0.9085543924768229,0.6046601102489142,0.06279356556004986,1.0,0.0007974000182002783,1,1,0.4050375874738939,0.2924290370035337,0.0018488482219514068,0.026488621852898995,0.003927545438885849
S2,2,Delay-Greedy,0.18429556242567094,0.5280288739382059,1.1045355448977132,0.05587949197770196,0.96,0.04,0.026826541020659924,0.9997477510100046,0.0002522489899955627,1.007060340738915,0.9936376354764729,0.9938119650875321,0.4364058278216415,0.08001939390828339,0.98,0.002908000024035573,1,1,0.4566617473828313,0.4109723649183893,0.0002522489899955627,0.02991786546270621,0.00636236452352712
S2,2,Load-Aware,0.18618910802348085,0.5130095696487448,1.0583716621964683,0.056752113866031066,0.98,0.02,0.025828902193703,0.999820864672196,0.00017913532780393205,1.009086852441858,0.9936732368259125,0.9978673628180097,0.4364058278216415,0.07979377147392605,0.94,0.003156999940983951,1,1,0.4486657377100281,0.4380005049951376,0.00017913532780393205,0.029351025220117045,0.006326763174087535
S2,2,Offload-then-Allocate,0.15279885746477814,0.31378728184132165,0.633411655843254,0.02750222838459453,0.94,0.06,0.015846003737294605,0.9978857937687396,0.0021142062312603472,1.0208942224358935,0.9967851485689196,0.9201070833367271,0.626444146324834,0.05679102071915019,1.0,0.0025412000250071287,1,1,0.3997798783246263,0.3127392728070982,0.0021142062312603472,0.020151712006570843,0.0032148514310803566
S2,3,RFOTO-ABC,0.19988632440504878,0.42398360947928154,0.757457700912046,0.04624494724870523,0.96,0.04,0.016140245706727646,0.9990502900869616,0.0009497099130385611,1.0155905068894167,0.9962053345865187,0.97826449564627,0.5657323064683079,0.06171806662919725,0.9,0.8128587999381125,500,1,0.4516180211480441,0.556641896450278,0.0009497099130385611,0.010905571423464626,0.0037946654134812796
S2,3,Standard-ABC,0.4582126516032384,0.8214858429294989,2.4127962480756127,0.11130749357203092,0.54,0.46,0.2833262555127402,0.9981581876467753,0.0018418123532247387,1.0397120590548892,0.9460065607326356,0.5168739477838811,0.3854266760463802,0.2389040003150769,0.62,0.8347315000137314,500,1,1.0050126932224748,0.8638303958937815,0.0018418123532247387,0.2756701622112115,0.05399343926736444
S2,3,GA,0.3141076260933564,0.6231808460458593,2.001773795557506,0.07975793030257897,0.78,0.22,0.1357421680865959,0.9966977747533028,0.0033022252466973433,1.0476607789421686,0.9707534112668725,0.5368395244172428,0.3854266760463802,0.17357339030722152,0.74,0.7421691999770701,500,1,0.7414162294374073,0.5781314959744197,0.0033022252466973433,0.147945643914132,0.029246588733127465
S2,3,PSO,0.8893248489881518,1.7167637417332084,4.034972447556999,0.2040793109140454,0.34,0.66,0.9283121579395822,0.9982010518842332,0.001798948115766621,1.034756800947079,0.8631624886930945,0.3041358053704054,0.0786669263403304,0.39815878661451154,0.5,0.87924189993646,500,1,1.8356213978100586,1.1214914955251862,0.001798948115766621,0.9652414355506803,0.13683751130690547
S2,3,DE,1.110189384890888,1.968627589103003,6.1902763099241005,0.2595479750787625,0.16,0.84,1.4251391452120603,0.9990221680350767,0.0009778319649232925,1.0449634441048679,0.807564024639826,0.16435722533757566,0.12663128388584252,0.4881515254861776,0.36,0.8111789999529719,500,1,2.142679885884976,1.6193099994258795,0.0009778319649232925,1.2102478032350048,0.19243597536017398
S2,3,Local-only,0.7461507464958144,1.4904914178877176,3.3595775678379542,0.187472454449752,0.12,0.88,0.7273145314692195,1.0,0.0,0.0,0.9040542528379616,0.3229711221687638,0.2517293073430787,0.32577339802174027,0.0,0.000395099981687963,1,1,1.6428882763619697,1.0,0.0,0.684147261324065,0.09594574716203841
S2,3,Random-feasible,0.6959088550131893,1.048520369459873,3.0203000666777586,0.16469089182835567,0.44,0.56,0.43549097898353883,0.9955288929845457,0.004471107015454372,1.0687399405257787,0.9187051551365301,0.3664012737246672,0.29804365201254485,0.2974701734197872,0.66,0.001120000029914081,1,1,1.2329438565093054,1.7628834024213,0.004471107015454372,0.4406077295602264,0.08129484486346994
S2,3,Max-SINR,0.20645991872875868,0.4065975330157262,0.8754544524120604,0.042344646475269976,0.92,0.08,0.021300602903072965,0.999135759033127,0.0008642409668728801,1.0100828513859492,0.9954442669284307,0.9544985478188849,0.5657323064683079,0.0676504453866189,0.96,0.0011090999469161034,1,1,0.5064467299586557,0.49681514207622934,0.0008642409668728801,0.01787902709420155,0.004555733071569312
S2,3,Delay-Greedy,0.22411551985127415,0.4879953694339122,0.9370122145629242,0.05316478965855453,0.94,0.06,0.043443023408527424,0.9987479432732164,0.0012520567267834749,1.0195463798284645,0.990758781766611,0.959029975103216,0.32823899347917407,0.09657854270036566,0.98,0.002330400049686432,1,1,0.4881364361484169,0.6207097879004476,0.0012520567267834749,0.029353394194950966,0.00924121823338897
S2,3,Load-Aware,0.20335834850288748,0.4304535361967837,0.8065208331713958,0.047099858956979525,0.94,0.06,0.02109322248940886,0.9990257718009591,0.0009742281990410362,1.0159005058772996,0.9954606405850696,0.9590417832532468,0.5657323064683079,0.06752821012304204,0.9,0.0029068998992443085,1,1,0.4544215253005356,0.5687611552418574,0.0009742281990410362,0.01425217735770869,0.004539359414930444
S2,3,Offload-then-Allocate,0.2012087456228133,0.4006247860797012,0.8754544524120604,0.04373201394335764,0.92,0.08,0.02655964830028799,0.9991129337820385,0.000887066217961503,1.0157513223596901,0.9938732987603068,0.9544985478188849,0.4562300093446446,0.07851413312373128,0.98,0.002503099967725575,1,1,0.47416350532282425,0.510499343787847,0.000887066217961503,0.019986197177535626,0.006126701239693166
S2,4,RFOTO-ABC,0.20535218292150928,0.5786125455471093,1.5391717011219521,0.06342952004232125,0.94,0.06,0.07787366316397151,0.9976388443789647,0.0023611556210353913,1.0293995811450813,0.9825797861310943,0.7493358611827671,0.30529207670164965,0.13315050825406943,0.92,0.7993077000137419,500,1,0.467421269650136,0.48288438962513625,0.0023611556210353913,0.05191577544264768,0.017420213868905687
S2,4,Standard-ABC,0.5392650638060096,1.249808162030303,3.7840470512379363,0.13670909263178793,0.52,0.48,0.46544635759917197,0.9970969198706843,0.002903080129315867,1.046441297341334,0.9112504179900296,0.3174884434987297,0.2600120508749736,0.31207881474467825,0.54,0.8011187999509275,500,1,1.1232204640325039,0.9373040593086105,0.002903080129315867,0.4158851422969333,0.0887495820099704
S2,4,GA,0.4121831262410846,0.9648933600165224,2.400574590955094,0.11259999781245908,0.62,0.38,0.3250452281434715,0.9976614610970147,0.0023385389029852233,1.032065007865559,0.9356280239869743,0.3893997344726431,0.2600120508749736,0.2622991056011953,0.62,0.6942148000234738,500,1,0.9000279287517134,0.6906003769570473,0.0023385389029852233,0.29385033330819277,0.06437197601302569
S2,4,PSO,0.5716305334713682,1.227822090516902,3.2686392984863946,0.13576041742322284,0.5,0.5,0.46538533677591204,0.9987059149452248,0.0012940850547752737,1.0516215431895275,0.9108678337660367,0.341719160161928,0.2600120508749736,0.31281642464179304,0.5,0.8046692999778315,500,1,1.275716504977245,0.7627605873920459,0.0012940850547752737,0.4986347086888019,0.08913216623396325
S2,4,DE,0.9226306689528716,2.060570123922486,5.13238418954542,0.18421712882113028,0.2,0.8,1.0374577147994262,0.9998646887099812,0.00013531129001880025,1.0071865524074881,0.8496750114763257,0.26545296222356585,0.12260015168646596,0.4206192712977267,0.16,0.840206400025636,500,1,1.9586693495118297,0.9893119611367754,0.00013531129001880025,1.047962907471372,0.15032498852367426
S2,4,Local-only,0.9141124435182697,2.0641543371406383,4.917897225276905,0.1847944838266421,0.12,0.88,0.9642420350256349,1.0,0.0,0.0,0.8709038782832337,0.2813924250204731,0.22687726883989695,0.38500953521819614,0.0,0.0003762999549508095,1,1,1.979070230888194,1.0,0.0,0.9999218701548246,0.12909612171676632
S2,4,Random-feasible,0.7590501288564498,1.6837538932319294,4.655242990545819,0.17221871728324487,0.34,0.66,0.721544752472521,0.9994416408997906,0.0005583591002094734,1.0363870618654112,0.8723034758461077,0.29839184974666655,0.2600120508749736,0.38260948891440894,0.32,0.0031359000131487846,1,1,1.6080709527755572,0.9694474424525167,0.0005583591002094734,0.7693964954062292,0.12769652415389232
S2,4,Max-SINR,0.22486055749060355,0.5492348743924884,1.778335935282951,0.07234529417599127,0.92,0.08,0.07383380818024818,0.9972666289668561,0.0027333710331438233,1.0143067876602574,0.9843009499612004,0.7877986336185119,0.30529207670164965,0.1262910967286359,0.96,0.0010689999908208847,1,1,0.5288652645842493,0.5162471662358965,0.0027333710331438233,0.049222538786832123,0.015699050038799567
S2,4,Delay-Greedy,0.2179715828647157,0.6114097570749508,1.6646555364014977,0.06722144963682877,0.9,0.1,0.07967245880757956,0.9979852953807731,0.0020147046192270125,1.0231771403763188,0.9829894051214316,0.7125732409445139,0.30529207670164965,0.1315483279502858,0.96,0.0022134999744594097,1,1,0.49460070726711974,0.5205875517180568,0.0020147046192270125,0.053114972538386374,0.017010594878568375
S2,4,Load-Aware,0.20844954763189408,0.5790258109673163,1.6026501494579508,0.06658496077723419,0.92,0.08,0.07390760919445202,0.9976458934361309,0.0023541065638690716,1.0298579023773127,0.9843484317302144,0.7862583416690698,0.30529207670164965,0.12609692705980224,0.94,0.002260599983856082,1,1,0.47117510227196713,0.5034618709661242,0.0023541065638690716,0.04927173946296802,0.015651568269785643
S2,4,Offload-then-Allocate,0.19303195932424147,0.5051194339005027,1.4613716102056558,0.0569082865734644,0.96,0.04,0.0632066887402502,0.9974741561438405,0.002525843856159473,1.0246172478692468,0.986009424945083,0.9627788432280279,0.30529207670164965,0.11911796070880314,0.96,0.002964799990877509,1,1,0.46874613799710424,0.4180481444808063,0.002525843856159473,0.04213779249350014,0.013990575054916965
S2,5,RFOTO-ABC,0.20719061877801911,0.5648699435134494,1.151819743812429,0.07307800812719824,0.92,0.08,0.0044008888174384,0.9969158267526429,0.003084173247357167,1.0302452774902262,0.9995129871018463,0.9602518443278849,0.8796666861683382,0.022073744478068383,0.96,0.8740754000609741,500,1,0.46802365162863324,0.5906937589796172,0.003084173247357167,0.00356302175889513,0.00048701289815367144
S2,5,Standard-ABC,0.4552569409953504,1.0298422612444562,2.513799260252308,0.12413836994215685,0.56,0.44,0.34819724553318415,0.9969666881699224,0.003033311830077643,1.0487222786090142,0.9343234107453566,0.38108478268687085,0.24067804921085315,0.26512866190199974,0.6,0.9087166000390425,500,1,1.0194220227452748,0.7213498651894195,0.003033311830077643,0.326963219105627,0.06567658925464337
S2,5,GA,0.3083945520628615,0.8835727351522483,2.6171208214581387,0.10843004269158422,0.64,0.36,0.22843361526858894,0.9978806123637538,0.002119387636246155,1.0306084475952573,0.9529124672112824,0.4488817549364075,0.3164613830730611,0.22229334617906626,0.66,0.7108257000800222,500,1,0.6887792944746046,0.5997973547475343,0.002119387636246155,0.15497247114609344,0.04708753278871758
S2,5,PSO,0.6445494316805066,1.5518943460665031,4.851702236394123,0.16097169810991108,0.34,0.66,0.6641153392314056,0.9956346275417672,0.004365372458232721,1.1256820648366526,0.8862528094379506,0.29371403067653423,0.2253214533131904,0.3582543950107535,0.28,1.0579565999796614,500,1,1.378865438068147,0.8382172009574237,0.004365372458232721,0.6246613557756094,0.1137471905620494
S2,5,DE,0.8166381879069279,1.8274645652246895,4.851702236394123,0.20869703458754033,0.18,0.82,0.8652723293493126,0.9982543772244814,0.0017456227755185583,1.071175398570864,0.8706164009779974,0.263882208349338,0.2253214533131904,0.3855016059947145,0.2,0.9354303000727668,500,1,1.7197606123375453,1.0599808717623111,0.0017456227755185583,0.8317769585991631,0.12938359902200258
S2,5,Local-only,0.8354791122090643,1.9796923685456906,4.851702236394123,0.20128752824273097,0.1,0.9,0.894694983095614,1.0,0.0,0.0,0.8771842073768965,0.29371403067653423,0.2253214533131904,0.37418097787977883,0.0,0.0004149000160396099,1,1,1.8236408438859144,1.0,0.0,0.844586129376481,0.12281579262310349
S2,5,Random-feasible,0.884049673252296,1.6944089592087324,5.000968576227484,0.26932566603760383,0.34,0.66,0.821698625157979,0.9967004699904453,0.003299530009554732,1.0830949607997689,0.8643153589353361,0.23223192146713864,0.1660017071108093,0.3962134642692224,0.38,0.001574499998241663,1,1,1.6307031026567154,1.6853598293778596,0.003299530009554732,0.8102292840793115,0.13568464106466394
S2,5,Max-SINR,0.17010181212330935,0.4119809573993103,0.7622869239543408,0.05878204720612859,0.96,0.04,0.006644315042426131,0.9974979349322917,0.002502065067708343,1.0294077511993622,0.9986688278807724,0.9787722552400081,0.7542114375700711,0.03650953985529459,0.98,0.0010872000129893422,1,1,0.4152066967302642,0.4228516742826938,0.002502065067708343,0.008689191867653661,0.0013311721192276194
S2,5,Delay-Greedy,0.2009671602380922,0.5004072356266881,1.0435283536845823,0.07012854850981051,0.94,0.06,0.0025525075541894537,0.9977264066337932,0.0022735933662067363,1.026061091625789,0.9995063961236685,0.9847700319120203,0.8465092056835342,0.022222683038760155,0.98,0.004011099925264716,1,1,0.4156722756624013,0.6394089470969861,0.0022735933662067363,0.0024359600130116257,0.000493603876331461
S2,5,Load-Aware,0.22273555914763604,0.5050984416511834,1.0955874685102454,0.07157402046045663,0.94,0.06,0.016777437023794858,0.9977381341406543,0.0022618658593457643,1.0286757367447108,0.9961596955112262,0.9705860495873125,0.5995522113549492,0.06208952634909408,0.94,0.0037453999975696206,1,1,0.47337472439300377,0.629847257426469,0.0022618658593457643,0.035545482360918014,0.003840304488773816
S2,5,Offload-then-Allocate,0.1651877169781338,0.4152229138018251,1.1918637717535283,0.05658572026150385,0.96,0.04,0.012002003715219377,0.9992966058233272,0.0007033941766727403,1.0227347243801712,0.9973399140701205,0.9852165204204305,0.6344939845241843,0.051644756366523256,0.96,0.002399899996817112,1,1,0.4086121782375064,0.40297012476614036,0.0007033941766727403,0.008197847916078653,0.002660085929879541
S2,6,RFOTO-ABC,0.2367209622199058,0.523518481439874,1.0764406621820277,0.06804809139854269,0.96,0.04,0.05081745554554896,0.9973441910593175,0.00265580894068252,1.036215660830647,0.9894461074363112,0.9561960823093166,0.30686381753962766,0.10327858099537804,0.94,0.8693204999435693,500,1,0.4480761239257065,0.7208727766470991,0.00265580894068252,0.05782707627489802,0.010553892563688771
S2,6,Standard-ABC,0.5906380446666514,1.340881628171756,4.166703981568427,0.15294157346102716,0.54,0.46,0.5021146088430853,0.9951745285819963,0.004825471418003706,1.059035521995906,0.9054167080290204,0.3255631603894983,0.20480872196036962,0.32320863907382974,0.58,0.8864266000455245,500,1,1.204724078254334,0.9718824658979512,0.004825471418003706,0.5140882685565097,0.09458329197097959
S2,6,GA,0.42361747737131555,0.9568187811406926,2.8638274445558016,0.09347118406644919,0.62,0.38,0.31182026867541507,0.9973972707781088,0.0026027292218911424,1.0282624630264703,0.9382402902119544,0.3908319546983473,0.24893451153731955,0.2565639208746524,0.64,0.8851039999863133,500,1,0.9206370241387059,0.6413751874351012,0.0026027292218911424,0.34986976363515565,0.06175970978804557
S2,6,PSO,0.7256970224846905,1.6658295106891836,4.228120355819239,0.14706254107476857,0.4,0.6,0.7683342227008186,0.9996288476809286,0.0003711523190714727,1.0232047952658114,0.8745221074953429,0.2750026992383582,0.1182104236214816,0.3787897438939561,0.36,1.0955616000574082,500,1,1.5456693612696226,0.8360152005664645,0.0003711523190714727,0.7799259509712093,0.12547789250465713
S2,6,DE,1.070077795122105,2.428703067843104,5.262965172174522,0.27505067259484356,0.24,0.76,1.242789079871229,0.9983984460361904,0.0016015539638096832,1.0333967610353862,0.8423767924899122,0.24749922703540925,0.06044691815877037,0.43257048516732877,0.3,0.8620883000548929,500,1,2.115021834363803,1.4487923982086626,0.0016015539638096832,1.2001587395223192,0.15762320751008785
S2,6,Local-only,0.9250426767556916,2.1782374692580695,4.535988206394766,0.18577250770739626,0.1,0.9,0.9978165817376206,1.0,0.0,0.0,0.8668518548008156,0.2717684113027317,0.20480872196036962,0.39191791776880364,0.0,0.0003981000045314431,1,1,2.0024759124076703,1.0,0.0,1.0178059074955856,0.1331481451991844
S2,6,Random-feasible,0.7082316806816166,1.5381107030214787,4.228120355819239,0.16463841396476636,0.44,0.56,0.6157705740885823,0.9959366911686744,0.004063308831325623,1.0572063001036176,0.8896089101995394,0.30291079895163975,0.20480872196036962,0.35226333982897157,0.56,0.0015915000112727284,1,1,1.4430755670842086,1.1057134398883135,0.004063308831325623,0.6569377907639327,0.11039108980046064
S2,6,Max-SINR,0.23200848819692665,0.4988707666141972,1.037066925802046,0.07076345753535644,0.94,0.06,0.06492020828654005,0.9993181435091416,0.0006818564908583546,1.0124849650863397,0.9861351797217821,0.8952238635527737,0.30686381753962766,0.11857384311932079,0.96,0.0013745001051574945,1,1,0.46476666482119644,0.6468003335844581,0.0006818564908583546,0.06632271045621795,0.013864820278217893
S2,6,Delay-Greedy,0.27946238812786645,0.5568490135589825,1.295705279981317,0.07039996363944946,0.94,0.06,0.07281725394965644,0.9980965336008648,0.0019034663991350786,1.0259807773481386,0.983991460976009,0.9314341000917249,0.30686381753962766,0.12754991827375384,0.96,0.003440600004978478,1,1,0.5279712927773174,0.7685160359867454,0.0019034663991350786,0.11764074160839845,0.01600853902399102
S2,6,Load-Aware,0.2760867775611015,0.554011655504534,1.2351337291282518,0.07272046330188764,0.94,0.06,0.0765810842287167,0.997245029695079,0.002754970304920983,1.032728361654708,0.9832343625500516,0.8569638603288897,0.30686381753962766,0.13058145734358603,0.92,0.0036975000984966755,1,1,0.5298540820193481,0.7372026004412757,0.002754970304920983,0.11990810924638656,0.016765637449948412
S2,6,Offload-then-Allocate,0.206603663700795,0.45095090636779167,0.8450490719858378,0.05339793030567713,0.96,0.04,0.04601513901912666,0.9968274085986647,0.0031725914013351984,1.0370280454674599,0.9902687524435707,0.962430520671394,0.30686381753962766,0.09913059725838388,0.98,0.002128200023435056,1,1,0.4414876628019379,0.5360267597238723,0.0031725914013351984,0.05493411451199302,0.00973124755642929
S2,7,RFOTO-ABC,0.1837254007787738,0.4789221997305429,0.8624255292934009,0.05375517289398427,0.98,0.02,0.03051839505100773,0.9991536991838731,0.0008463008161268504,1.0066239259397025,0.9927022492945046,0.9989883504287224,0.39589539572281096,0.0857403019912298,0.94,0.7853023000061512,500,1,0.4190625292741145,0.48057231067291156,0.0008463008161268504,0.022439996361035094,0.007297750705495432
S2,7,Standard-ABC,0.493790112640432,1.2078539435214537,3.7083184884813187,0.15839893499756713,0.56,0.44,0.39030217317702814,0.9957809525302902,0.004219047469709825,1.0816959718786463,0.9208055302328476,0.3555299547386418,0.2909338462166141,0.2932671834604061,0.62,0.8049762999871746,500,1,1.0346268385442514,0.9615949351471635,0.004219047469709825,0.31268473109311906,0.07919446976715239
S2,7,GA,0.3024352948358443,0.8071454608693562,1.8551675382316897,0.09249458455953544,0.76,0.24,0.11360952827040666,0.9970035949064608,0.002996405093539107,1.05518308260142,0.9780843753271302,0.6987686054110731,0.34125642737726203,0.14968861374770023,0.8,0.7081227999879047,500,1,0.7017165520343195,0.6815695176410287,0.002996405093539107,0.08353641784588725,0.021915624672869782
S2,7,PSO,0.6341180210000236,1.6222184605077543,4.74616465449385,0.13573928868155785,0.42,0.58,0.7058325754591296,0.9988775256943893,0.001122474305610648,1.0507939697289148,0.8696710953851904,0.26499805966744655,0.24020267223014474,0.3871175446815157,0.3,0.954377599991858,500,1,1.379177437714688,0.7873517652775717,0.001122474305610648,0.6057882649054893,0.13032890461480962
S2,7,DE,0.9502988866587755,2.0837077389078114,5.5608244660796595,0.18214158581707177,0.3,0.7,1.0072564100171522,0.9983542980307857,0.001645701969214397,1.014720443398421,0.8296680762991575,0.23138993305342132,0.16743555936895874,0.4531018503866406,0.24,0.8420389000093564,500,1,1.8853777862074617,1.3724923081654758,0.001645701969214397,0.9888066597324777,0.1703319237008425
S2,7,Local-only,0.9102909339096216,2.2067139448908786,5.1366682702404365,0.19367819096880098,0.18,0.82,1.024367762726331,1.0,0.0,0.0,0.8412809297049859,0.2556515069674883,0.22417951009064757,0.4343542079829736,0.0,0.00036639999598264694,1,1,1.9566514050425408,1.0,0.0,0.989280888418937,0.1587190702950141
S2,7,Random-feasible,1.9420978795821089,4.513210751819984,5.104394060566432,1.4189904210879392,0.52,0.48,2.773443843607102,0.9953941560017501,0.004605843998249877,1.0499441100389504,0.8565236862905873,0.22402414554082523,0.01428734235613169,0.4092798995978777,0.64,0.0014765000669285655,1,1,2.8627950368025394,4.404393360511434,0.004605843998249877,2.1731900017947883,0.14347631370941272
S2,7,Max-SINR,0.17365643093865457,0.4625756027938385,0.8983894994394085,0.05519659599857107,0.98,0.02,0.03051839505100773,0.9989973900761995,0.0010026099238005614,1.0029982254097,0.992691819607656,0.9985138913925478,0.39589539572281096,0.08580199935217872,0.98,0.0010395999997854233,1,1,0.4211071149190654,0.40981936050011825,0.0010026099238005614,0.022439996361035094,0.007308180392344044
S2,7,Delay-Greedy,0.17996905788446413,0.47736561493303264,0.9528864269325009,0.05182000763733484,0.98,0.02,0.03051839505100773,0.9988844896965204,0.0011155103034795344,1.0066247429111312,0.9926811267021217,0.9990015048243293,0.39589539572281096,0.08586520911738049,0.98,0.0021213999716565013,1,1,0.4258663090946821,0.44381032310104795,0.0011155103034795344,0.022439996361035094,0.007318873297878281
S2,7,Load-Aware,0.18531907718668184,0.4797591949019171,0.8245449621997426,0.05557603673045323,0.98,0.02,0.03051839505100773,0.9991778488712769,0.0008221511287231187,1.0062040217778774,0.9927041748049388,0.9988317173261749,0.39589539572281096,0.08572890681940407,0.94,0.0022617001086473465,1,1,0.4173723984846349,0.49404782980173684,0.0008221511287231187,0.022439996361035094,0.007295825195061223
S2,7,Offload-then-Allocate,0.16869547011781158,0.45497915485815094,0.8512250659730879,0.049195882945787306,0.98,0.02,0.03051839505100773,0.9988636787956979,0.0011363212043022175,1.005984426381,0.992679356763461,0.9989172470895479,0.39589539572281096,0.08587566753029907,0.98,0.002268000040203333,1,1,0.4259843913321414,0.368426749787841,0.0011363212043022175,0.022439996361035094,0.007320643236539026
S2,8,RFOTO-ABC,0.16572628573941126,0.4419206549821329,0.9676160612755934,0.04540516106669854,1.0,0.0,0.0,0.9981113142936838,0.0018886857063161978,1.014551980762535,0.9999580509018271,0.9887260270509308,0.9682089550233267,0.006476948199074422,0.98,0.7402762999990955,500,1,0.37614011044763834,0.4753815241434166,0.0018886857063161978,0.0,4.1949098172899824e-05
S2,8,Standard-ABC,0.5629349010879503,1.4297607749241188,4.185173840919822,0.11552429727958186,0.5,0.5,0.5064311794854477,0.9952178666010039,0.004782133398996089,1.0694110421638452,0.9041211127154146,0.3372059450381058,0.1836092498142107,0.32564782898416317,0.52,0.8714295999379829,500,1,1.1856262686571162,0.9316194939771233,0.004782133398996089,0.44578860021846284,0.09587888728458538
S2,8,GA,0.31596380278253433,0.8160365191699995,1.8782397113241278,0.08385818338746018,0.76,0.24,0.1416858201734197,0.9943388562433413,0.005661143756658831,1.038656376197347,0.971834450790907,0.5690259604777997,0.31043562078063514,0.1702405316328961,0.72,0.8045236000325531,500,1,0.7347179147005342,0.6789608017962682,0.005661143756658831,0.10033257082105931,0.028165549209092977
S2,8,PSO,0.690580571905144,1.6921894292299948,4.217194567412339,0.14507913233023642,0.38,0.62,0.7764959323392182,0.9982487801347603,0.0017512198652399303,1.0376264412400829,0.8694118720431321,0.23863082174290784,0.17675551519740904,0.3875601050060885,0.4,0.8997858000220731,500,1,1.4575485349817978,0.9149096015620425,0.0017512198652399303,0.6760741390352399,0.13058812795686792
S2,8,DE,1.186285367401345,2.5982374786188274,7.7237512894415765,0.2671074059702727,0.32,0.68,1.5058619765666776,0.9970459894894188,0.0029540105105812396,1.0734784154782253,0.7898440301891938,0.14126668484286126,0.0989511419391262,0.5158223974682522,0.4,0.8526392000494525,500,1,2.232861454105759,1.6802514212680206,0.0029540105105812396,1.3756723724438598,0.2101559698108062
S2,8,Local-only,0.8691522490658433,2.1611296721411817,4.457706294371373,0.16962483688644006,0.14,0.86,0.9943950487960594,1.0,0.0,0.0,0.8602144338604547,0.272612313004797,0.1836092498142107,0.40311392650387634,0.0,0.00039229996036738157,1,1,1.879586423470399,1.0,0.0,0.913151233109247,0.1397855661395453
S2,8,Random-feasible,0.7260344893618059,1.7622867550710497,4.70891338409607,0.15782066512238505,0.46,0.54,0.7652358745808219,0.9921209596607803,0.0078790403392198,1.0364531263807497,0.8563111512718178,0.2552368611133729,0.18383476255881157,0.4096337513985072,0.58,0.002362599945627153,1,1,1.3840669637190655,1.3308586952058838,0.0078790403392198,0.6290392350963432,0.14368884872818222
S2,8,Max-SINR,0.153902989727012,0.4110082869263021,0.9946541129042638,0.03958436132393707,1.0,0.0,0.0,0.9967145123835965,0.0032854876164033443,1.0096998519181368,0.9998166370080808,0.9872508695276369,0.9131683910158286,0.013542400823764612,1.0,0.0009565000655129552,1,1,0.3896499231837369,0.37203937972672807,0.0032854876164033443,0.0,0.00018336299191923366
S2,8,Delay-Greedy,0.17154183763084213,0.4521241949829091,0.9819003907280582,0.044664224084432096,1.0,0.0,0.0,0.9981398376715815,0.0018601623284185199,1.0096938755688343,0.9999409103295865,0.9972581062119504,0.9551494618437717,0.007687207699071982,1.0,0.002405799925327301,1,1,0.3874605864161367,0.4953053007370815,0.0018601623284185199,0.0,5.908967041345914e-05
S2,8,Load-Aware,0.16894210428851594,0.4333317866137727,0.8430509338444365,0.046479062054982555,1.0,0.0,0.0,0.9985007766916592,0.0014992233083408867,1.010412747207111,0.9999670222764332,0.9970224665790398,0.969272948930639,0.005742718096195525,0.98,0.0026193999219685793,1,1,0.37073543962334926,0.5063563537498361,0.0014992233083408867,0.0,3.297772356680717e-05
S2,8,Offload-then-Allocate,0.1556381604347875,0.40395419389897397,0.8952020092706614,0.040342138986600426,0.98,0.02,0.002440824480594187,0.9971513388483254,0.002848661151674554,1.010184084770197,0.9996059844425701,0.9780801298539349,0.8910743599185897,0.019853736849347558,1.0,0.0020474999910220504,1,1,0.38774810776563734,0.38157600089803173,0.002848661151674554,0.0033435951788961466,0.00039401555742990535
S2,9,RFOTO-ABC,0.14373282454908484,0.40045449388088555,0.7687029025471724,0.04061985568318705,1.0,0.0,0.0,0.9999816114672183,1.8388532781703494e-05,1.0031907449664135,0.999999996314935,0.9998553246718951,0.999697639580492,6.0704732947283446e-05,1.0,0.7389018000103533,500,1,0.3195373959103643,0.4256319820811845,1.8388532781703494e-05,0.0,3.6850650309006028e-09
S2,9,Standard-ABC,0.4065172779909088,0.992425369232735,2.4251580244470166,0.11421345380724347,0.58,0.42,0.21735340059107025,0.9969363150119648,0.0030636849880351447,1.039350175088791,0.9589742249995177,0.5089786020882817,0.30328064059618925,0.20683542816996,0.66,0.8296080000000075,500,1,0.9021777478785248,0.8547444596782114,0.0030636849880351447,0.183978275287466,0.04102577500048232
S2,9,GA,0.25911360334648087,0.709705949171082,1.6340137041994618,0.0933634888330578,0.76,0.24,0.11504112132746862,0.995108827050656,0.00489117294934404,1.034535341619334,0.9781856985174376,0.6648127942081323,0.30328064059618925,0.14933444801270646,0.74,0.884028600063175,500,1,0.6027361427306331,0.5480571051994382,0.00489117294934404,0.08788248828661474,0.02181430148256236
S2,9,PSO,0.8058297566691934,1.9079220866539148,4.654543445387427,0.16540276077805127,0.34,0.66,1.0600493536394238,0.9990308699562668,0.0009691300437331374,1.032677339055836,0.8508622314209983,0.2695369957155746,0.07771277940799451,0.4186626299190005,0.4,0.9623581999912858,500,1,1.6330682118360664,1.0696645480475448,0.0009691300437331374,0.8581941208297932,0.14913776857900174
S2,9,DE,0.9037002881351518,2.1948430194496042,4.570111238410189,0.18991406608184513,0.3,0.7,1.0978522421121795,0.9996539611276144,0.0003460388723856589,1.0330267775031687,0.8415092520242681,0.25062866504676345,0.09082305304723305,0.43398279240010007,0.3,0.8358334000222385,500,1,1.8593183993136297,1.0704163475717894,0.0003460388723856589,1.0178616648005565,0.15849074797573193
S2,9,Local-only,0.8463963423403971,2.0136854285566583,4.003461674367789,0.20332617819159243,0.14,0.86,0.85980526298699,1.0,0.0,0.0,0.8738191057244223,0.29827582246357714,0.24937374299399878,0.3800021313049677,0.0,0.0003945999778807163,1,1,1.8388563381911898,1.0,0.0,0.871020494605052,0.12618089427557766
S2,9,Random-feasible,0.559671277315546,1.1908559720432617,2.980510346468953,0.1500245666867462,0.52,0.48,0.3572454569338004,0.9954225264318611,0.004577473568138697,1.0480391052118008,0.9306368724184417,0.3826866312638854,0.30328064059618925,0.27300726602331565,0.66,0.0011210000375285745,1,1,1.141845695237777,1.1197471241719623,0.004577473568138697,0.37971128411778393,0.06936312758155827
S2,9,Max-SINR,0.1253710953367099,0.33590431146589844,0.6761209818883364,0.03194899677577045,1.0,0.0,0.0,0.9999867295367052,1.327046329484549e-05,1.0017590781826484,0.9999999947432352,0.9999893615369804,0.9994948100086871,7.25035487886415e-05,1.0,0.0010547999991104007,1,1,0.31726694004200423,0.30701136963356745,1.327046329484549e-05,0.0,5.256764801231384e-09
S2,9,Delay-Greedy,0.15620435967928648,0.4140601737494409,0.8542000153564926,0.04146732776083189,1.0,0.0,0.0,0.9999107711784003,8.922882159970946e-05,1.0035830957397849,0.9999997206217236,0.9998128809407749,0.9962306348369948,0.0005285625357669587,1.0,0.002232200000435114,1,1,0.33323473912066237,0.48585191485372997,8.922882159970946e-05,0.0,2.793782764021202e-07
S2,9,Load-Aware,0.15265344825407512,0.4011069171367106,0.7812651588449147,0.040830397134721634,1.0,0.0,0.0,0.9999848302254439,1.5169774556134109e-05,1.0029620421804615,0.9999999967934439,0.9999184213890704,0.9997050953695757,5.662645930220593e-05,1.0,0.0022828999208286405,1,1,0.32124305048926627,0.4822643413057594,1.5169774556134109e-05,0.0,3.2065561317295987e-09
S2,9,Offload-then-Allocate,0.13523992462270076,0.34948359346873337,0.732754974421856,0.0359338024682104,1.0,0.0,0.0,0.99990114380375,9.88561962501211e-05,1.0034726771965377,0.9999996568318257,0.9998330040186523,0.9958281691266712,0.0005858056775799671,1.0,0.0023293999256566167,1,1,0.33075869242567285,0.3502028586787093,9.88561962501211e-05,0.0,3.43168174321562e-07
S2,10,RFOTO-ABC,0.16205860013540055,0.4234578597444126,0.7728792609841684,0.04938128843091422,1.0,0.0,0.0,0.9982917750007219,0.0017082249992780496,1.014707925836898,0.9999552766602285,0.9953767226483229,0.9586553929574188,0.00668770065400412,0.98,0.845189500018023,500,1,0.35900598335563966,0.47972500530446205,0.0017082249992780496,0.0,4.472333977145748e-05
S2,10,Standard-ABC,0.4745879356341204,1.2090920443207198,3.879180211049066,0.09942458415307862,0.6,0.4,0.41887153903490193,0.9959564293289428,0.004043570671057162,1.0601176769521339,0.916135524805734,0.34756712964956016,0.23882523537011507,0.3025583581553295,0.6,0.8566295000491664,500,1,1.0667589682760703,0.6756574486884199,0.004043570671057162,0.37264476339395397,0.08386447519426599
S2,10,GA,0.30718514838408933,0.7820701806699959,2.283707943219307,0.08392954595204064,0.74,0.26,0.1858041405615191,0.9973744997635958,0.0026255002364041855,1.042628678416199,0.961059965778361,0.46497967424442666,0.33186916910824404,0.20129033431633298,0.7,0.7760160999605432,500,1,0.6998461359626585,0.5772502804695693,0.0026255002364041855,0.15707986856985054,0.03894003422163905
S2,10,PSO,0.6540917013827973,1.5561836162922211,4.354157924511825,0.15616779666492545,0.36,0.64,0.6325232868211499,0.9977484598252312,0.002251540174768858,1.027221395292851,0.8926089576440519,0.2916454374637292,0.23882523537011507,0.3468593520335972,0.4,0.9663691000314429,500,1,1.3826616726857484,0.9405873126209677,0.002251540174768858,0.6031168877194762,0.1073910423559481
S2,10,DE,0.8580226632243387,1.8645571041869453,5.628352643446242,0.1800393496082948,0.28,0.72,0.7659624564754851,0.9983725590882662,0.0016274409117337796,1.019411373468223,0.8730327390093965,0.2844448224255194,0.19828319718788723,0.38135602339998226,0.3,0.8934476999565959,500,1,1.786372864678851,1.1150041713376166,0.0016274409117337796,0.8992329760921848,0.12696726099060351
S2,10,Local-only,0.8313715997952771,1.981550919340098,4.870354857862642,0.19862722199384944,0.2,0.8,0.8242313262170547,1.0,0.0,0.0,0.8741562502160207,0.2916454374637292,0.23882523537011507,0.37942093655820885,0.0,0.000376800075173378,1,1,1.8048526050625007,1.0,0.0,0.8451275442482199,0.12584374978397928
S2,10,Random-feasible,0.7158891444298742,1.417271004546646,4.354157924511825,0.17290237959468802,0.52,0.48,0.559792397201062,0.9965049762890388,0.0034950237109611336,1.0591989475032244,0.8952544339280737,0.2916454374637292,0.19648109933905789,0.3420539293553361,0.54,0.0014968999894335866,1,1,1.3997109883184502,1.266955499848061,0.0034950237109611336,0.638028930880285,0.10474556607192631
S2,10,Max-SINR,0.17836029742102397,0.45493650710948846,1.4126738495751112,0.055083246510784285,0.92,0.08,0.010418851399172886,0.9991151312511297,0.0008848687488700224,1.004973845857764,0.9985081595087377,0.9509011851241417,0.740743395468738,0.03865319397534789,1.0,0.001143299974501133,1,1,0.439202431691232,0.43362020834615317,0.0008848687488700224,0.012463633691318561,0.0014918404912622751
S2,10,Delay-Greedy,0.17839621897591032,0.44039688004713445,0.8675538252636025,0.05323455414022361,1.0,0.0,0.0,0.9984550349579345,0.0015449650420654515,1.0132429272485914,0.9999590119556317,0.9955223022094222,0.9586553929574188,0.006402321802002076,1.0,0.003413699916563928,1,1,0.3761702392933142,0.5602567862500897,0.0015449650420654515,0.0,4.0988044368250875e-05
S2,10,Load-Aware,0.1643547679717031,0.4264021573700871,0.7917268965223418,0.05048390116876977,1.0,0.0,0.0,0.9983733944039634,0.0016266055960365256,1.014400198524014,0.9999584528466965,0.9953767226483229,0.9586553929574188,0.006445842035039176,0.98,0.0023736999137327075,1,1,0.36050435881653187,0.4926475005024487,0.0016266055960365256,0.0,4.1547153303511664e-05
S2,10,Offload-then-Allocate,0.14822189889013843,0.38050042533519274,0.8860890245949007,0.04419866361994022,1.0,0.0,0.0,0.9983074782939744,0.001692521706025687,1.012679654996523,0.9999508131793645,0.9946093232592201,0.9591190900937869,0.007013504124017163,1.0,0.0029369000112637877,1,1,0.37396526260083757,0.36256467250419044,0.001692521706025687,0.0,4.918682063548285e-05
S2,11,RFOTO-ABC,0.18993660323318654,0.4371243919250547,0.9357435798193674,0.0514172869073098,1.0,0.0,0.0,0.9990339438077409,0.0009660561922591305,1.0051645947223429,0.9999866446033505,0.9931832990779436,0.9812231236503776,0.0036545280157827716,0.94,0.7733569999691099,500,1,0.4154020074292419,0.5726059121861788,0.0009660561922591305,0.0,1.3355396649483708e-05
S2,11,Standard-ABC,0.5546176951238588,1.3514897084247892,4.493471036477231,0.16249516642045592,0.5,0.5,0.4151057159980111,0.9944345758854807,0.005565424114519217,1.0545845685116628,0.9218199202493493,0.3458562361602614,0.231142978777983,0.2912225565786181,0.62,0.8639941000146791,500,1,1.1727108015349477,0.9751378784987129,0.005565424114519217,0.409316864719254,0.07818007975065067
S2,11,GA,0.3355011977706313,0.8678825712086138,1.964390447655782,0.1011399099469288,0.66,0.34,0.15702975569434116,0.9947768458509539,0.005223154149046136,1.0426277593709805,0.9698585183408721,0.5723017879803174,0.3243039216965763,0.17629017391971064,0.7,0.8725957999704406,500,1,0.775951889801747,0.7190975229727833,0.005223154149046136,0.11233097518239459,0.03014148165912789
S2,11,PSO,0.5648003269780725,1.4002053505761176,4.135793528238733,0.13491911666213918,0.42,0.58,0.5331366296185103,0.9996541727944748,0.00034582720552507997,1.0382572608336604,0.9029800260338828,0.3287531798655066,0.231142978777983,0.3277868335575739,0.44,1.0128850999753922,500,1,1.1843078895131522,0.9366983764726424,0.00034582720552507997,0.45438574637146184,0.09701997396611717
S2,11,DE,0.9479235161600799,1.8737986942510105,5.216128264424112,0.19926272136704484,0.24,0.76,0.9692606261905593,0.9985442769681118,0.001455723031888374,1.04338325222056,0.8468088844562159,0.2356019084507218,0.14201066796569506,0.4253281101819398,0.24,0.8351672999560833,500,1,1.9649990084033182,1.1374687869143676,0.001455723031888374,1.0511345363365994,0.15319111554378406
S2,11,Local-only,0.8598202038084964,1.9960276871979183,4.936481156524786,0.16916291825607987,0.16,0.84,0.8462765717621078,1.0,0.0,0.0,0.8683832501744787,0.2997667767437567,0.231142978777983,0.38931385702200466,0.0,0.0003866000333800912,1,1,1.8652998310204323,1.0,0.0,0.8950109343182405,0.1316167498255213
S2,11,Random-feasible,0.9147025492355259,1.7164058809311202,6.105797691037664,0.2874773707182515,0.42,0.58,0.7696219210747313,0.9938989786093088,0.00610102139069133,1.117731753291211,0.881722990804667,0.25779166643186896,0.08112993502410683,0.3662554404772326,0.54,0.0015091000823304057,1,1,1.5219751488586777,2.27540609361833,0.00610102139069133,0.6957443692826744,0.11827700919533302
S2,11,Max-SINR,0.1895458155841304,0.4046237080762294,0.8791413853310635,0.04819641731838206,0.98,0.02,0.0013282491893676321,0.9994173275622105,0.0005826724377895887,1.0036981991188796,0.9999185578639315,0.9931270519628251,0.9377234775543705,0.009024897197738677,0.98,0.0010608999291434884,1,1,0.4618928889705577,0.4902917831765622,0.0005826724377895887,0.0016003002281537737,8.144213606853246e-05
S2,11,Delay-Greedy,0.20187778682979515,0.49780113775881313,1.0797433069956954,0.05547238910076742,0.96,0.04,0.0041094549323779485,0.9992165144472349,0.0007834855527651552,1.004766361692618,0.9994737093146495,0.9898172176427136,0.8394578604703584,0.02294706545695039,0.98,0.002336299978196621,1,1,0.4428684339092971,0.6020409588266543,0.0007834855527651552,0.002475575260468644,0.0005262906853504834
S2,11,Load-Aware,0.19641072458269504,0.4547816972277694,0.9963735577477013,0.053443155032483584,1.0,0.0,0.0,0.9991814423560299,0.0008185576439701148,1.0054018976833534,0.9999900782726008,0.9931969194689416,0.9812231236503776,0.003149892988729152,0.94,0.002808100078254938,1,1,0.4221910368483847,0.6046517705512996,0.0008185576439701148,0.0,9.92172739922026e-06
S2,11,Offload-then-Allocate,0.17160650581013667,0.3999317054058054,0.9586543758382275,0.04357770488763374,1.0,0.0,0.0,0.9991018334153814,0.0008981665846186714,1.0043600228454308,0.9999854060061238,0.9947144001902898,0.9761376227496459,0.0038202364931898226,0.98,0.0021921000443398952,1,1,0.43280073478203107,0.4214966646574917,0.0008981665846186714,0.0,1.4593993876155231e-05
S2,12,RFOTO-ABC,0.19568191469675242,0.42297750157746494,1.1013608767038325,0.046838557666651306,0.98,0.02,0.0008519341964745936,0.9998863017899572,0.00011369821004277192,1.003249286407721,0.9999670092016093,0.9993683596938413,0.959143636822975,0.0057438564413568784,0.92,0.8113401000155136,500,1,0.4416706606678572,0.5673096034134789,0.00011369821004277192,0.0005604830239964431,3.299079839069741e-05
S2,12,Standard-ABC,0.5016419869826712,1.0734598283731136,3.6438595471659534,0.13172138700283484,0.46,0.54,0.3880855007035537,0.9974970409821893,0.002502959017810682,1.0198639061771602,0.9307297389639577,0.4106964252954011,0.2343498777998306,0.27281083616230645,0.44,0.7954384000040591,500,1,1.0816550742218756,0.8878409394494085,0.002502959017810682,0.34864378620329,0.06927026103604228
S2,12,GA,0.329274295438742,0.6980896356609421,1.6788447838837326,0.07426533705159134,0.66,0.34,0.1612481387664834,0.9998918380929936,0.0001081619070064499,1.0136578589386935,0.9679217275252366,0.4934201714170925,0.3529362448357501,0.18204777133203282,0.56,0.8630125999916345,500,1,0.7680853651394781,0.6701496695483796,0.0001081619070064499,0.12758852187599895,0.03207827247476336
S2,12,PSO,0.7941114251741423,1.6212881185257846,5.327871025414412,0.1434003234131042,0.32,0.68,0.8272914162680651,0.9970164946990238,0.0029835053009761923,1.0563484388757307,0.8595824398977236,0.23614440928260225,0.16826997840365304,0.40417267041854654,0.4,0.988131899968721,500,1,1.5904195001332577,1.2492425502692743,0.0029835053009761923,0.7498433300996001,0.14041756010227635
S2,12,DE,1.2240579279875088,2.5571342098976695,8.882211865530653,0.19708993395170524,0.16,0.84,1.8072420037518324,0.9996421937577885,0.0003578062422116113,1.0321186759941905,0.8072148910686601,0.10022518161123775,0.04679593416293302,0.4886997986794758,0.36,0.7861390000907704,500,1,2.4385579604305447,1.3661564330671587,0.0003578062422116113,1.5220225813266217,0.19278510893133993
S2,12,Local-only,0.8730595390136465,1.7188758613338473,4.767619691507253,0.1537170278244102,0.12,0.88,0.8742385961413958,1.0,0.0,0.0,0.8618417515479566,0.27946997357282954,0.2343498777998306,0.40038209215875703,0.0,0.0003645999822765589,1,1,1.891735095007448,1.0,0.0,0.9176081119759121,0.1381582484520434
S2,12,Random-feasible,0.9178265791325444,1.448161582570739,3.6831792584244685,0.21435386023522277,0.32,0.68,0.7874781441368609,0.9966502044686615,0.0033497955313384533,1.0463765938436373,0.8620611436288705,0.28690183370658146,0.15096280360389075,0.40001315631925266,0.64,0.0011221999302506447,1,1,1.7201607697639718,1.6819955355159468,0.0033497955313384533,0.8565050752088896,0.13793885637112946
S2,12,Max-SINR,0.22654539666855542,0.39590872526583276,0.8707153495148142,0.050915289921757055,0.98,0.02,0.013185917987302847,0.9998885421739052,0.00011145782609472743,1.0025950717132317,0.9968665862490773,0.9984027049210468,0.6026652632496752,0.05606480976599723,1.0,0.0007729999488219619,1,1,0.48979247265289116,0.6762415891093714,0.00011145782609472743,0.008674946044278188,0.0031334137509226867
S2,12,Delay-Greedy,0.21114604300631162,0.42865942335361595,1.0446790849677516,0.04802525258706245,0.98,0.02,0.0029036900594362203,0.9994169582524628,0.0005830417475372096,1.004288263455587,0.999674440716908,0.9971056189850482,0.8732217362398373,0.018046199224638917,1.0,0.002342900028452277,1,1,0.45526126125153055,0.6445846989971785,0.0005830417475372096,0.001910322407523829,0.0003255592830919696
S2,12,Load-Aware,0.2032783416175985,0.42603527224594173,1.0729349508300958,0.04765679144011524,0.98,0.02,0.0016219365954949106,0.9998938782956976,0.0001061217043024043,1.000894902277028,0.9998891665298736,0.999914823924139,0.9249865252202778,0.010528331090238761,0.94,0.0028873999835923314,1,1,0.4475923275025109,0.6071709632878295,0.0001061217043024043,0.0010670635496677042,0.00011083347012641465
S2,12,Offload-then-Allocate,0.18785201716454142,0.3481569737649229,0.7103212051666618,0.039127813492618735,0.98,0.02,0.007972030719683448,0.9993204383534078,0.0006795616465921372,1.0051127586535953,0.9983834303647976,0.9958593642806179,0.7149999297664984,0.04023912479173617,1.0,0.0027319000801071525,1,1,0.44037223132565817,0.5071291486361484,0.0006795616465921372,0.005244757052423321,0.0016165696352024028
S2,13,RFOTO-ABC,0.17645607183969822,0.42369141793973447,0.8892973215574997,0.049036490070779024,0.94,0.06,0.00610495628318943,0.9998247023161272,0.0001752976838727993,1.0066818791625058,0.9993292395732669,0.9919887339530195,0.8482977360146694,0.025907733368127146,0.92,0.8101137999910861,500,1,0.39263903397263333,0.513691146722765,0.0001752976838727993,0.004427870949362427,0.0006707604267330858
S2,13,Standard-ABC,0.5528781281078555,1.252607753460722,4.15290470912008,0.13872223879141138,0.56,0.44,0.4426466141449999,0.9980477036747518,0.0019522963252481395,1.046310327030213,0.9166623934872937,0.3171202900290365,0.2022101447398401,0.3015197777417036,0.56,0.8498564000474289,500,1,1.1811694515096138,0.9348814758018249,0.0019522963252481395,0.4178497744728912,0.08333760651270627
S2,13,GA,0.3901212910140551,0.8826588429971913,2.9727964070687167,0.08501693684825813,0.74,0.26,0.24978158025263397,0.998425174940336,0.0015748250596640844,1.0409550278106738,0.9465484140099785,0.4077736911979314,0.3037765030897329,0.2376341660711708,0.62,0.9055444999830797,500,1,0.8719729392775264,0.64576400746035,0.0015748250596640844,0.2677230086607397,0.05345158599002153
S2,13,PSO,0.6231262528131926,1.215728445058064,3.4386286563299073,0.16082964601843067,0.56,0.44,0.4511281292211784,0.9989583364166363,0.0010416635833636256,1.0255426267243037,0.9094743290792741,0.3508939316428417,0.26124555856499965,0.3154936725246274,0.44,0.866919600055553,500,1,1.1938903924605455,1.3508535351596596,0.0010416635833636256,0.4329537642773024,0.09052567092072594
S2,13,DE,0.8943196967414746,1.7715856035791528,4.15290470912008,0.2059240648409615,0.24,0.76,0.8280097081103606,0.999776592688492,0.00022340731150805038,1.0205952136262753,0.8681833320191968,0.27650031065273517,0.22847613544835413,0.38965427278699255,0.24,0.8106136999558657,500,1,1.8029335573910406,1.3680878285841063,0.00022340731150805038,0.8742238057867053,0.13181666798080316
S2,13,Local-only,0.8929069837784338,1.9746102674743313,4.549456740883561,0.1598864601412949,0.22,0.78,0.8841783596039826,1.0,0.0,0.0,0.8629096327202,0.2824229186542899,0.2022101447398401,0.3985848720856526,0.0,0.00038330000825226307,1,1,1.9264012320217585,1.0,0.0,0.9629724827240967,0.13709036727979995
S2,13,Random-feasible,0.7681040593014287,1.5239497149223273,3.979353272540562,0.15375658365211817,0.4,0.6,0.6389859137506796,0.9971746002005341,0.002825399799465793,1.067179115580108,0.8833605898753061,0.30671968599350624,0.24005433947764412,0.36337383082919933,0.4,0.0015712999738752842,1,1,1.5795515985262514,1.1269768393599007,0.002825399799465793,0.7444345691491336,0.11663941012469392
S2,13,Max-SINR,0.1831863227862419,0.43654866387858104,0.6864884156557397,0.060462609513070115,0.96,0.04,0.03850556553389586,0.998836122781304,0.0011638772186959745,1.0161546827531636,0.9912570974132414,0.9728510322851288,0.3843191606269858,0.09391493555214747,0.98,0.001056700013577938,1,1,0.41702501232434513,0.4713390990473416,0.0011638772186959745,0.026739976065205454,0.008742902586758583
S2,13,Delay-Greedy,0.189698317310105,0.4362033044456791,0.8974925646310624,0.05239753662025962,0.92,0.08,0.02978079982171541,0.9997765643578354,0.00022343564216475542,1.0113125254088695,0.993591453608898,0.8390306466610746,0.638941440544207,0.08031114960646446,0.96,0.0026166000170633197,1,1,0.4180677331996394,0.5133062953070945,0.00022343564216475542,0.028717882508131058,0.006408546391101999
S2,13,Load-Aware,0.1888327355840125,0.42723424785868636,0.8768408292314661,0.05330125730308025,0.94,0.06,0.020808556324626366,0.9999031409624611,9.685903753892778e-05,1.0058825735831514,0.9954548632191534,0.9920948846190657,0.638941440544207,0.06757136503409399,0.94,0.002671699970960617,1,1,0.40877690959794893,0.5354371759703122,9.685903753892778e-05,0.022487157857374783,0.004545136780846559
S2,13,Offload-then-Allocate,0.16235464061603713,0.39185950173227796,0.7715536755032625,0.047747313960717935,0.98,0.02,0.0027517566403940036,0.9983843549041183,0.0016156450958817326,1.0176803825879894,0.9996635162954537,0.9820929965171923,0.8754819977935009,0.018346579080018768,1.0,0.002921000006608665,1,1,0.3861430812643031,0.4331168879817126,0.0016156450958817326,0.0019109421113847247,0.0003364837045463087
S2,14,RFOTO-ABC,0.16342908341403953,0.41374080275825903,0.8386431233707909,0.04646721027312523,1.0,0.0,0.0,0.9992566914059657,0.000743308594034342,1.0013368877664446,0.9999914071005199,0.9947277777372006,0.9816644376130476,0.0029313773756313192,0.98,0.8224088000133634,500,1,0.33693363587632563,0.5269714919415283,0.000743308594034342,0.0,8.592899480075467e-06
S2,14,Standard-ABC,0.38816802534844663,1.0327324619307183,3.3396924468385216,0.10454211368247966,0.72,0.28,0.296022820678248,0.9987881546666881,0.001211845333311914,1.0072017277767145,0.940675360700293,0.3479809668403615,0.25069728661041907,0.25112946351106735,0.66,0.7337341000093147,500,1,0.8620453355174614,0.6767316569357846,0.001211845333311914,0.24802351186838067,0.059324639299706994
S2,14,GA,0.24878900150506514,0.6087010186196227,1.3777459104961671,0.08821900602540217,0.8,0.2,0.07762068392002475,0.9990829146088411,0.0009170853911588051,1.019574424807938,0.9844074996229656,0.7133834097198226,0.38523116079890374,0.12585498573719606,0.66,0.9239062999840826,500,1,0.5636698770518861,0.6065874136877484,0.0009170853911588051,0.05744451221657776,0.015592500377034413
S2,14,PSO,0.6048910814092541,1.3954088977461074,4.368231575278087,0.16101962600534864,0.46,0.54,0.5278958506321105,0.9991205871157502,0.0008794128842496907,1.0217235781605023,0.9026046554300514,0.2944481433955238,0.19457615328653097,0.32848860936450097,0.44,0.8793101999908686,500,1,1.2702357474741879,0.9342673918503777,0.0008794128842496907,0.5296274060032329,0.09739534456994858
S2,14,DE,1.0467212307221592,2.1225454825711627,4.492278182198316,0.24845309472769256,0.32,0.68,1.227155841972307,0.9994612352082116,0.000538764791788393,1.0371017484004685,0.8261250127428867,0.16081788893036542,0.0897266399795695,0.45877069627743317,0.38,0.7821263000369072,500,1,1.946581511642785,1.7092597206243598,0.000538764791788393,1.1099915746835372,0.17387498725711326
S2,14,Local-only,0.8524685430437777,1.86099615299728,4.447203768496061,0.18513503784669516,0.24,0.76,0.7942121475091902,1.0,0.0,0.0,0.8676319732642894,0.2894630949786715,0.23643278966186373,0.3905923862436963,0.0,0.0003630000865086913,1,1,1.8415489003640886,1.0,0.0,0.888904455769596,0.13236802673571058
S2,14,Random-feasible,0.8982182478966965,1.817239497773741,4.222903155354479,0.35561316074121974,0.42,0.58,0.8052163563062379,0.9973914772891999,0.002608522710800194,1.0962552738394895,0.8790935733992281,0.30484672100830973,0.07447683142494754,0.3708575631443011,0.42,0.0010133000323548913,1,1,1.719623490700013,1.5126014348002257,0.002608522710800194,0.8910579658775345,0.12090642660077189
S2,14,Max-SINR,0.190174152803851,0.3975929100179734,0.6924120351453558,0.04143978982864791,0.98,0.02,0.03486061820316107,0.9995181110853494,0.00048188891465062556,1.0014877951131789,0.991944349194205,0.9959591484634114,0.36456023747190663,0.09011698685886955,0.96,0.0014486999716609716,1,1,0.4432180884288892,0.38043021920857684,0.00048188891465062556,0.08400148964617124,0.008055650805794956
S2,14,Delay-Greedy,0.22437604997571603,0.45489550329141837,0.8181594096588376,0.05058586581823962,0.96,0.04,0.0358516281898859,0.9994786019699786,0.0005213980300213295,1.0013767940508087,0.9919079466751962,0.9865073965276003,0.36456023747190663,0.09032202861422665,0.98,0.00265189993660897,1,1,0.4422461240666299,0.608978736338762,0.0005213980300213295,0.08459848361407776,0.008092053324803783
S2,14,Load-Aware,0.22002188829152744,0.4513521802588255,0.8281682834391622,0.050818175963077604,0.98,0.02,0.03486061820316107,0.9993841887281587,0.0006158112718413178,1.0013270294491579,0.9919435935013112,0.9943745117717564,0.36456023747190663,0.09012124798243591,0.96,0.003344499971717596,1,1,0.43765040606902794,0.588515274223707,0.0006158112718413178,0.08400148964617124,0.008056406498688773
S2,14,Offload-then-Allocate,0.1392538633738037,0.32322026862238773,0.6393557460613297,0.037589734482341965,1.0,0.0,0.0,0.9992811103111768,0.0007188896888231721,1.0019293796673103,0.9999907623807665,0.9954970422587446,0.9812926012791137,0.0030393592363375907,1.0,0.0020547000458464026,1,1,0.31438300863011137,0.4034196509041745,0.0007188896888231721,0.0,9.2376192335486e-06
S2,15,RFOTO-ABC,0.16853104127578067,0.38820603078143384,0.763466343302951,0.04380993303433705,1.0,0.0,0.0,0.9993472135235427,0.0006527864764573498,1.0216720370773298,0.9999954707092034,0.9951018125491942,0.9882652156607448,0.0021282178721264548,0.92,0.7233441000571474,500,1,0.3903245895893017,0.47212438126362843,0.0006527864764573498,0.0,4.529290796639884e-06
S2,15,Standard-ABC,0.4401271125088337,0.959734820272328,2.72284439963929,0.11667268447481677,0.62,0.38,0.2945248971877083,0.998568631914479,0.001431368085521043,1.05760232473812,0.9395975577273775,0.43968781608278595,0.3804031700915692,0.25354573520693674,0.6,0.8374570000451058,500,1,0.9379406120335878,0.8926569710701284,0.001431368085521043,0.24958709552767974,0.06040244227262248
S2,15,GA,0.3060357325069201,0.6560498902347248,1.8464063025456796,0.07830087325450812,0.82,0.18,0.1387985249664076,0.9989082370982116,0.00109176290178842,1.0423931196750846,0.9716467109485185,0.5326076418904685,0.2698735685666007,0.1708234663154373,0.7,0.7867701000068337,500,1,0.7146595817925476,0.5949371093662326,0.00109176290178842,0.13463569886307367,0.02835328905148149
S2,15,PSO,0.5877263754409833,1.2120824226240947,3.283603545502763,0.15378528544778808,0.46,0.54,0.4632609767752709,0.997418453050563,0.0025815469494368725,1.0583673470925745,0.9147371831891127,0.3642495742271567,0.2698735685666007,0.3053034216138329,0.36,0.8685018999967724,500,1,1.2603634473187881,0.9270792912452623,0.0025815469494368725,0.48107155205190577,0.08526281681088732
S2,15,DE,0.8580668482194381,1.667662545777143,4.226603652259842,0.20098830100577872,0.28,0.72,0.9035334866412805,0.9963487273104445,0.003651272689555647,1.041133744336186,0.8597595452278725,0.26174691044118864,0.12822793509848865,0.40387609884754255,0.36,0.7304603999946266,500,1,1.6512660908269476,1.483748534047301,0.003651272689555647,0.8036868906075034,0.14024045477212754
S2,15,Local-only,0.7540629979421501,1.5786009963091516,3.1461610292185065,0.17725424851439336,0.24,0.76,0.7021277422324772,1.0,0.0,0.0,0.8903517814297236,0.34057554598725803,0.2698735685666007,0.3509295779660437,0.0,0.0003746999427676201,1,1,1.6396186543304263,1.0,0.0,0.7108444062960084,0.1096482185702764
S2,15,Random-feasible,1.277865541715503,1.5499843175089234,3.734325815317571,0.22014954995292293,0.5,0.5,1.266626144666694,0.9937342860298126,0.006265713970187257,1.092607258478388,0.8628064016974493,0.19445388406658254,0.034707971503733254,0.39875876665545507,0.68,0.00147280003875494,1,1,1.6891684350870622,3.969634199709932,0.006265713970187257,0.95318448179131,0.13719359830255073
S2,15,Max-SINR,0.16512524990995192,0.36459815868914,0.8675408551026894,0.04209440480074181,1.0,0.0,0.0,0.9982236266742257,0.0017763733257743807,1.0207250791206914,0.9998844791917268,0.997848282564929,0.9234483432345629,0.010748681541098214,1.0,0.0007616999791935086,1,1,0.43168070659644653,0.37888313649629635,0.0017763733257743807,0.0,0.0001155208082731507
S2,15,Delay-Greedy,0.17949002153177154,0.4079131271244666,0.699473129512501,0.04814868279651548,0.98,0.02,0.005384545065337998,0.9992165965371305,0.0007834034628694786,1.0233644217703122,0.9990976558425742,0.9922728851883661,0.7862226914314888,0.03005260584006851,0.98,0.0021167000522837043,1,1,0.38784341220302126,0.5430299920045365,0.0007834034628694786,0.003130549456591859,0.0009023441574258495
S2,15,Load-Aware,0.22549043575417635,0.48673339112839636,0.9574915591858649,0.052528214272928204,0.96,0.04,0.054967032176531844,0.9992660176774721,0.0007339823225278508,1.017416728785092,0.9881779616652968,0.9914076478847155,0.31097845772076443,0.10937765286772592,0.9,0.0031162999803200364,1,1,0.4847643618712235,0.5553559463441653,0.0007339823225278508,0.07630340448013835,0.011822038334703189
S2,15,Offload-then-Allocate,0.15544758385682153,0.3396779395814019,0.7122605419418261,0.0404475107155267,1.0,0.0,0.0,0.9991645154570254,0.0008354845429745561,1.023424834221685,0.9999945992728662,0.9925402638069146,0.9907446637039345,0.002323952732178986,0.98,0.0019458000315353274,1,1,0.3875603082679819,0.38926399848107385,0.0008354845429745561,0.0,5.400727133841876e-06
S2,16,RFOTO-ABC,0.177379378974872,0.5053809370108461,1.0986835308400864,0.060551734868540256,0.94,0.06,0.008187857884492292,0.9984932950153717,0.0015067049846283508,1.0266430924047387,0.9989249535397875,0.9467470997891098,0.837971509085221,0.03280553960688067,0.96,0.8355563000077382,500,1,0.40635859472052166,0.4938598884068404,0.0015067049846283508,0.004992596271031886,0.0010750464602125032
S2,16,Standard-ABC,0.555239411234771,1.3815376641556814,4.6157864708283265,0.17273499980149,0.5,0.5,0.542754511650067,0.996444008381815,0.003555991618185028,1.0587076239749207,0.9018048800881777,0.295882418059028,0.20188672564025686,0.3299807929585229,0.54,0.8382032999070361,500,1,1.1820717810806232,0.831253007150685,0.003555991618185028,0.47837219432640893,0.09819511991182228
S2,16,GA,0.32854191240085445,0.8688475571363918,2.3839749411889426,0.10575999743183812,0.64,0.36,0.20124155589915366,0.998355063708657,0.0016449362913429843,1.0504690007347224,0.958997078712017,0.4530101144080256,0.3460381408761307,0.20677534667961067,0.7,0.9338861999567598,500,1,0.74789121281617,0.6483819170497062,0.0016449362913429843,0.15132958475156005,0.041002921287982996
S2,16,PSO,1.1320846774248785,2.2283708997047347,8.204097009876863,0.23786558608335473,0.24,0.76,1.2316031874857751,0.9987261314749469,0.0012738685250531323,1.0537285739477078,0.8370985711106015,0.14868522885093302,0.08568806816510346,0.44113767158677175,0.48,0.8352397000417113,500,1,2.134517354594943,1.6920820445366058,0.0012738685250531323,1.2798121762289265,0.16290142888939851
S2,16,DE,0.9833187070035969,2.1790205622641703,6.226569118523251,0.20641253356745948,0.16,0.84,1.0943550951599328,0.9999982013604106,1.7986395893188066e-06,1.007951473379776,0.8402146636895232,0.2306457007340611,0.2026155638673677,0.4360871926778261,0.14,0.8806532999733463,500,1,2.1005972687833547,0.9378109331394933,1.7986395893188066e-06,1.174118358649379,0.15978533631047676
S2,16,Local-only,1.020126856118061,2.320813705465797,6.321597454141152,0.21872494150934027,0.04,0.96,1.1337852011703304,1.0,0.0,0.0,0.8607230675728531,0.2306457007340611,0.2026155638673677,0.40226095033781134,0.0,0.0003622000804170966,1,1,2.1930752887221927,1.0,0.0,1.2038659762937625,0.1392769324271469
S2,16,Random-feasible,0.9189751546404541,1.9298328609651707,6.161866848252437,0.1711666655170823,0.26,0.74,0.9404787308218943,0.9978249479593879,0.002175052040612,1.0740208424374522,0.8446707547125447,0.24305134769992642,0.2061935468703644,0.4288277557577768,0.44,0.0010619000531733036,1,1,1.93662932741482,0.9461714848015447,0.002175052040612,1.076630811461107,0.1553292452874553
S2,16,Max-SINR,0.1731975216766746,0.45304119750966687,1.148901314504552,0.053587478601255914,0.98,0.02,0.0013605631744155484,0.9965810830501494,0.0034189169498506766,1.0229721837468262,0.9996692680523853,0.9718471361030216,0.9000608827271299,0.01818904525872192,1.0,0.0011060999240726233,1,1,0.4220250366148348,0.44500310945282906,0.0034189169498506766,0.0008296116917167977,0.00033073194761468194
S2,16,Delay-Greedy,0.2775827222603703,0.6394236915282295,1.5017383519077698,0.06927285478692342,0.9,0.1,0.0681896287991748,0.9984647051948318,0.0015352948051680637,1.0237665765527078,0.9869431581295675,0.8165559049273312,0.2860328929783826,0.11501990429224294,0.96,0.0026497000362724066,1,1,0.5950731508563291,0.6221592867211232,0.0015352948051680637,0.1328998251860842,0.013056841870432545
S2,16,Load-Aware,0.2579930480310413,0.5958517294070728,1.389471128459901,0.06450985045867905,0.92,0.08,0.06268717230450403,0.9983235220566813,0.0016764779433187593,1.025050460930298,0.9878498639266898,0.8399822122395016,0.2860328929783826,0.11090346078899457,0.96,0.00391020008828491,1,1,0.5571159262114433,0.5611338885453103,0.0016764779433187593,0.12954466878689472,0.01215013607331017
S2,16,Offload-then-Allocate,0.17495953557354516,0.46140431020013856,1.0392384328081807,0.05690306455948713,0.98,0.02,0.0036279234773167494,0.997606776463699,0.0023932235363009167,1.0307219096730267,0.9994763478425475,0.9722715223988948,0.8464561017899171,0.022889441074443673,0.98,0.0027436999371275306,1,1,0.43367470061408064,0.4362042051580153,0.0023932235363009167,0.0022121484617785058,0.0005236521574525366
S2,17,RFOTO-ABC,0.266378386692409,0.6051446776836726,1.2099710628891875,0.06672836169434311,0.94,0.06,0.06961691762066284,0.9972753676174293,0.002724632382570842,1.024919787061618,0.9864219996063706,0.9286016447250065,0.2601337568057562,0.11732391151915707,0.9,0.8385628999676555,500,1,0.6007030295725555,0.5889529904507563,0.002724632382570842,0.10111221678439233,0.013578000393629441
S2,17,Standard-ABC,0.543066094685219,1.293031312995539,3.7039641182044933,0.12639926852332212,0.52,0.48,0.4795162838388192,0.9957574471989955,0.004242552801004659,1.072946734354788,0.9067449436234554,0.3493705529141748,0.23515107190437082,0.32069605921819005,0.54,0.787460400024429,500,1,1.1839376546304823,0.816765939896099,0.004242552801004659,0.43892008410600425,0.09325505637654463
S2,17,GA,0.379213233289692,0.8935591128898703,2.4864402540464035,0.10663682055791826,0.68,0.32,0.18960381474743426,0.9976991807514772,0.0023008192485226764,1.046461060321786,0.9611106039934202,0.5216565735712139,0.4268370488004825,0.20115411189515384,0.64,0.7371008999180049,500,1,0.8889664099712841,0.6776832089327902,0.0023008192485226764,0.19610230482504365,0.03888939600657981
S2,17,PSO,0.691938636687855,1.5688124115260567,5.184958999997945,0.15071277105941247,0.36,0.64,0.7221352990876427,0.9986488584152029,0.001351141584797113,1.0321740355777114,0.8703316905351666,0.27650845860558143,0.23515107190437082,0.38598864227547686,0.34,1.06283029995393,500,1,1.4680447813806017,0.9082802985517948,0.001351141584797113,0.6758596872930036,0.12966830946483343
S2,17,DE,0.9946081061977453,1.9958509091449974,5.789756803992334,0.1976172249272063,0.22,0.78,1.2067633176838282,0.9980226977410124,0.0019773022589876345,1.0542925890294852,0.8217958488384898,0.20311719323702934,0.11524436050735712,0.46566858088126545,0.3,0.8022935000481084,500,1,1.964008771210999,1.312037591538302,0.0019773022589876345,1.118696766152905,0.17820415116151023
S2,17,Local-only,0.8836432343048846,1.9252414090844363,5.184958999997945,0.18523007277929757,0.14,0.86,0.9401140407064398,1.0,0.0,0.0,0.857963152114589,0.27650845860558143,0.23515107190437082,0.4068798613341141,0.0,0.0007778999861329794,1,1,1.9085144027455465,1.0,0.0,0.9408364257427451,0.14203684788541104
S2,17,Random-feasible,1.388421526399035,2.59740477561565,6.17002920462263,0.25006387751813697,0.4,0.6,1.6374188147047937,0.9971670863183931,0.00283291368160687,1.0621091611281637,0.8361497941913305,0.22047042933321526,0.0236919223705674,0.4426713876793598,0.5,0.0022193999029695988,1,1,2.6500489250085986,1.6163688873744633,0.00283291368160687,1.8332393937323768,0.1638502058086695
S2,17,Max-SINR,0.239250568882931,0.5338032995289843,1.1094003342173921,0.05421399230702648,0.92,0.08,0.06301234399034034,0.9997479340884154,0.0002520659115845803,1.0080486700087636,0.988337546669007,0.9660654311077007,0.2601337568057562,0.10862813222002365,0.98,0.0010634999489411712,1,1,0.593629909760339,0.4600493358193169,0.0002520659115845803,0.08014363955193142,0.011662453330993028
S2,17,Delay-Greedy,0.28918599220885993,0.6353520652323877,1.2098240435477925,0.0711474762037465,0.9,0.1,0.08079467558095085,0.9985571884297805,0.0014428115702195088,1.0197923654520265,0.9847105318046004,0.8039098154957995,0.2601337568057562,0.12460684457493366,0.98,0.0024927000049501657,1,1,0.5955738398134388,0.7728401628147147,0.0014428115702195088,0.08713810115975675,0.015289468195399558
S2,17,Load-Aware,0.2836324220776076,0.6298936245884598,1.4000426048236003,0.07094097166457969,0.92,0.08,0.0703742557395614,0.9977198187673615,0.0022801812326384827,1.0224916651878337,0.9865466666233476,0.9317116320499271,0.2601337568057562,0.11677668306902063,0.92,0.0023014999460428953,1,1,0.5765429829139499,0.779246102759801,0.0022801812326384827,0.08054289872849758,0.013453333376652443
S2,17,Offload-then-Allocate,0.23609292588730799,0.5059971720219596,0.9876083322364988,0.0518518780821041,0.94,0.06,0.05941384727953713,0.9985887798912053,0.001411220108794793,1.0203866541263058,0.9888775148783825,0.9751816042186844,0.2601337568057562,0.10605463795675431,0.98,0.0025263000279664993,1,1,0.5726677253226878,0.47649391946122316,0.001411220108794793,0.07800515938980379,0.011122485121617509
S2,18,RFOTO-ABC,0.18983693034572663,0.48616024094639526,1.05261834346342,0.07000703448393139,0.96,0.04,0.023590263126729464,0.9985440877642943,0.0014559122357058229,1.0133169473606178,0.9945784577125851,0.9742790364237325,0.6252803683168502,0.07383153549060907,0.94,0.8299063999438658,500,1,0.4309164791909538,0.5038139262503992,0.0014559122357058229,0.021725231280699565,0.005421542287414871
S2,18,Standard-ABC,0.4869994504824747,1.1595697893497308,2.9625026769321314,0.156295402314619,0.52,0.48,0.3702260941297009,0.9944737808059192,0.005526219194080937,1.0779378154074357,0.9273985852453372,0.3851670618772763,0.33407552504802446,0.27979459930655826,0.56,0.8141335999825969,500,1,1.0694587463902878,0.8427936498730627,0.005526219194080937,0.3248810414077113,0.07260141475466275
S2,18,GA,0.3137065518479083,0.8123428174327124,2.299460463569112,0.08403459493538716,0.74,0.26,0.1815610991646494,0.9987026259106999,0.0012973740893000008,1.0188530311300878,0.9614884542409785,0.4433361309077552,0.3393700863363553,0.2001351810803996,0.64,0.7288576000137255,500,1,0.7626481496159956,0.5752945076245051,0.0012973740893000008,0.12285652647408177,0.03851154575902149
S2,18,PSO,0.5841845365799314,1.4335419330727797,3.588553239588699,0.18688659314149794,0.38,0.62,0.5829052073695514,0.9990209157491714,0.0009790842508285436,1.0335191258961867,0.896738995140674,0.3091650999898064,0.27116347787747364,0.33934007042828634,0.34,0.8591018000151962,500,1,1.2574427508321468,0.8848789217850502,0.0009790842508285436,0.4856281721002903,0.10326100485932599
S2,18,DE,0.8643451625593904,2.109817964316535,4.917894687955665,0.24211020388783955,0.26,0.74,1.2154665323753855,0.9974986900328617,0.00250130996713827,1.0798223808590266,0.8491807226496527,0.21311802788783749,0.06561089409931453,0.42143282992864445,0.3,0.8210683000506833,500,1,1.7546485495683788,1.1822107849919028,0.00250130996713827,0.9009130152901227,0.15081927735034728
S2,18,Local-only,0.7771710196531183,1.9277943212093596,4.4417215402756876,0.2161846200476017,0.12,0.88,0.8385171790403474,1.0,0.0,0.0,0.8856204054344012,0.2790926422384067,0.19808610880788613,0.35937715737404125,0.0,0.00036639999598264694,1,1,1.7140226959133222,1.0,0.0,0.7260336259597917,0.11437959456559876
S2,18,Random-feasible,0.7212972201883711,1.4308110311195426,3.80879771973986,0.18066749208822908,0.46,0.54,0.6947664467256256,0.9934466892959203,0.00655331070407962,1.050186701009044,0.8746427648130544,0.2790926422384067,0.16289139841581704,0.3785814659059493,0.52,0.0014754999428987503,1,1,1.4079627377623023,1.2743802301936298,0.00655331070407962,0.6321410151995737,0.12535723518694564
S2,18,Max-SINR,0.19088756642151122,0.46383447545989803,1.2649166947256967,0.07091797885335771,0.94,0.06,0.03642493830063314,0.9966121759809412,0.0033878240190586607,1.0113984329965429,0.9908973359329757,0.779680687857571,0.5928908916256905,0.0958451027531786,0.96,0.001021199976094067,1,1,0.4621537073490547,0.4251660964711049,0.0033878240190586607,0.03812504279886572,0.009102664067024313
S2,18,Delay-Greedy,0.221004309016849,0.5438452997175406,1.378229441431433,0.0771749908126272,0.9,0.1,0.0609547726305569,0.9972320472700376,0.002767952729962335,1.0104043376198864,0.9849170838795603,0.6097244449010594,0.4736529266532801,0.1237493204171203,0.94,0.0034943000646308064,1,1,0.4957703143592481,0.5144557050274838,0.002767952729962335,0.06830938683542392,0.01508291612043966
S2,18,Load-Aware,0.21532641250259357,0.5264390640491396,1.3909523222905957,0.07293072897477243,0.92,0.08,0.061692085621555474,0.998639302621564,0.0013606973784358733,1.0112008198681692,0.9854507368015777,0.6286727714373911,0.4736529266532801,0.12150748755497169,0.9,0.003716300008818507,1,1,0.48186178833487286,0.5014353792372507,0.0013606973784358733,0.06876451831134896,0.014549263198422313
S2,18,Offload-then-Allocate,0.1716210972910057,0.4342131826942011,0.9917574811369642,0.06441619043286625,0.96,0.04,0.018555932649149294,0.9961564721756889,0.0038435278243109617,1.0153301174427074,0.9952607867565593,0.9597902794866848,0.6328190419180523,0.06900565437607604,0.98,0.002442199969664216,1,1,0.42266096094241346,0.3988124302355169,0.0038435278243109617,0.018617619874785885,0.004739213243440732
S2,19,RFOTO-ABC,0.17872074487542114,0.5746637664656263,1.1007790839417813,0.054874292904811106,0.98,0.02,0.008709219693605268,0.998223627293684,0.0017763727063159407,1.0094894971041284,0.9981519175617939,0.9829541179901652,0.6966403201984215,0.043029108409860684,0.96,0.7060808000387624,500,1,0.42437974447486376,0.4711046459761173,0.0017763727063159407,0.005310499813173944,0.0018480824382061112
S2,19,Standard-ABC,0.5120907984835221,1.4056728688799942,4.074480332907526,0.14712423567458743,0.6,0.4,0.5085149025754364,0.9975625884234293,0.0024374115765706983,1.047649041485668,0.8984496015994539,0.31423214877702904,0.24883659864721963,0.33619709428444644,0.62,0.7744018000084907,500,1,1.0828995591508,0.8160823963772846,0.0024374115765706983,0.4129340286553334,0.10155039840054614
S2,19,GA,0.3423148131233136,0.9952594058745562,2.707468321509689,0.09581788883038728,0.72,0.28,0.22913501549125784,0.9979769062842414,0.0020230937157585706,1.0321045713228199,0.9514606237345027,0.43150933966862876,0.29692036372729047,0.22586642910156723,0.78,0.8848135999869555,500,1,0.7665895460186585,0.6689799331402417,0.0020230937157585706,0.17053964585854556,0.048539376265497314
S2,19,PSO,0.7510372317191977,2.264206638423691,4.920714834292612,0.14366422069098023,0.38,0.62,1.0336797152960184,0.99885480669767,0.0011451933023300344,1.039012198886565,0.8321460132842693,0.25409230423268625,0.09303734184460406,0.44912379179679546,0.38,0.9263978000963107,500,1,1.6080604870602946,0.7701300374082618,0.0011451933023300344,0.8323818707002366,0.1678539867157307
S2,19,DE,1.2439029115783444,3.018779763576932,6.335670208003176,0.2391463671283022,0.16,0.84,1.6651244078464413,0.999799940107986,0.00020005989201401508,1.0045683754401769,0.7773100842897275,0.16423302388053734,0.10579005551746382,0.5352456229249413,0.22,0.743479200056754,500,1,2.3097967134121826,1.8791400542865426,0.00020005989201401508,1.404556902989495,0.22268991571027252
S2,19,Local-only,1.0451071611084273,2.6989354435122532,5.378750781153161,0.20977445833497158,0.1,0.9,1.2906636865926189,1.0,0.0,0.0,0.8395379778493903,0.24908916281784438,0.244866234497181,0.4371857089673925,0.0,0.00017410004511475563,1,1,2.229693614391344,1.0,0.0,1.2544578167519993,0.16046202215060967
S2,19,Random-feasible,0.6000266940249821,1.5173381664950367,4.24505985174326,0.15149490962751877,0.5,0.5,0.6039073969175329,0.9986750304062738,0.0013249695937261753,1.0365397758098764,0.8816528502084436,0.300896466799127,0.24883659864721963,0.3663785956283338,0.6,0.000803499948233366,1,1,1.2555672662060744,0.8815428959808351,0.0013249695937261753,0.5435455067554384,0.11834714979155636
S2,19,Max-SINR,0.15296816294421076,0.47152572715697716,0.8151775742139901,0.04408966925176782,1.0,0.0,0.0,0.9987523884644596,0.0012476115355404848,1.0098955640682055,0.9999810588609269,0.9923526782868297,0.9751599607951622,0.004352183112681599,1.0,0.0004860999761149287,1,1,0.42023551426364186,0.31771280600220825,0.0012476115355404848,0.0,1.8941139073080926e-05
S2,19,Delay-Greedy,0.19221981764597598,0.600086066971418,1.3525167447769575,0.055359971125297475,0.92,0.08,0.0037026451350342993,0.9987161161213949,0.0012838838786050765,1.0082819498340163,0.999743853329282,0.9759181383822136,0.9115196534356574,0.016006632957780504,1.0,0.0011530999327078462,1,1,0.4413762916955363,0.5401074555581018,0.0012838838786050765,0.002257710448191646,0.0002561466707180493
S2,19,Load-Aware,0.1829448667638318,0.567808936060842,1.0883477873238643,0.05599695161372273,1.0,0.0,0.0,0.9987008562018101,0.0012991437981899302,1.0085273720826036,0.9999846337335163,0.9922832576609195,0.9770341656956363,0.003920013087898212,0.98,0.001272300025448203,1,1,0.4204272880403417,0.5171727403609055,0.0012991437981899302,0.0,1.536626648368511e-05
S2,19,Offload-then-Allocate,0.166737263062637,0.48874808618661336,0.9000368583070049,0.04614986771548713,1.0,0.0,0.0,0.9987852957495391,0.0012147042504608318,1.0099552387350743,0.9999820165681392,0.9946394934642032,0.9711319390345577,0.004240725795170738,1.0,0.001072299899533391,1,1,0.43105325591063454,0.3915220714673807,0.0012147042504608318,0.0,1.7983431860768562e-05
S2,20,RFOTO-ABC,0.25370104834737817,0.5675440589290596,1.2797344747168504,0.06828497939748086,0.94,0.06,0.04250979897828614,0.99809883061085,0.0019011693891499415,1.0117563645490006,0.9901336651718782,0.9469056145518533,0.3920812109521593,0.09982309049264111,0.96,0.8317799000069499,500,1,0.5249415912515452,0.674209507806037,0.0019011693891499415,0.07789616104615238,0.009866334828121825
S2,20,Standard-ABC,0.6298064911597366,1.2764064967193938,3.9024825744219998,0.10504870005080312,0.52,0.48,0.475122643637206,0.9957253202029877,0.004274679797012499,1.0461034747826081,0.9064576781115037,0.30485736627931276,0.26268770638181876,0.3212405100904787,0.62,0.8474443999584764,500,1,1.3746265049991764,0.8261891639144545,0.004274679797012499,0.5893408243203895,0.09354232188849632
S2,20,GA,0.36758801456642015,0.8889801875741281,2.577011537799007,0.0990157845011763,0.62,0.38,0.21996349210858007,0.9970134752776717,0.0029865247223283963,1.0297210412679771,0.9550616544114097,0.41291130735370724,0.37107942275500055,0.21691662348481905,0.66,0.9099998999154195,500,1,0.8455201232036945,0.6766314108048451,0.0029865247223283963,0.18950086144806216,0.044938345588590334
S2,20,PSO,0.8044532048171753,1.6410331084694862,3.9024825744219998,0.14339017208469063,0.32,0.68,0.7496129247433039,0.9989557114399972,0.0010442885600028084,1.0311657975073725,0.8639732922506271,0.28627516657355534,0.26268770638181876,0.39679111128941963,0.38,0.9148236999753863,500,1,1.7281228218510667,0.8613725924347135,0.0010442885600028084,0.8904149864591808,0.13602670774937287
S2,20,DE,1.0591887654822054,2.118280633902309,4.242396018024202,0.18676985211275568,0.2,0.8,1.1655034745445605,0.9995563554746997,0.00044364452530030183,1.037194179623263,0.8246838930527381,0.25992992809524895,0.09429023232006822,0.46107030529947524,0.24,0.8587798000080511,500,1,2.1677966131678956,1.205581068484146,0.00044364452530030183,1.240065227881841,0.17531610694726185
S2,20,Local-only,1.012579512538089,2.1409741245007665,4.304190598409978,0.1728986166211945,0.1,0.9,1.0759886912987175,1.0,0.0,0.0,0.8444004305652746,0.2651973235032893,0.21071604963422555,0.4292694405588319,0.0,0.00040390004869550467,1,1,2.167867894498289,1.0,0.0,1.189090413993232,0.15559956943472542
S2,20,Random-feasible,0.9071744576162247,1.5921042113042896,4.074280590592553,0.2005534334859446,0.4,0.6,0.7926464290178201,0.9953805681626287,0.004619431837371271,1.0460675622852205,0.8538471376289134,0.2607523450854809,0.18715310257744008,0.4137267477152766,0.56,0.0015661000506952405,1,1,1.5456301434380038,2.0391608092748283,0.004619431837371271,0.7681839385694496,0.1461528623710866
S2,20,Max-SINR,0.22440257258684468,0.4803091765134932,0.6999235636705335,0.05128849829268064,0.96,0.04,0.03308913659293012,0.996514598940958,0.0034854010590419683,1.0157121054027318,0.9921505190776218,0.9453535597690078,0.3920812109521593,0.08894707831155742,0.98,0.0014067000010982156,1,1,0.5233562621277894,0.49045671926243967,0.0034854010590419683,0.07248198726146501,0.007849480922378249
S2,20,Delay-Greedy,0.25332117969140844,0.5647901031163454,1.204907689408574,0.06291151105120146,0.96,0.04,0.03774927955312085,0.9973447995861858,0.0026552004138141474,1.0119963665726255,0.9911430311791077,0.9572731622327071,0.3920812109521593,0.09453103045665133,0.98,0.002893799915909767,1,1,0.5256867054154064,0.6749990689743435,0.0026552004138141474,0.0751602303420344,0.008856968820892264
S2,20,Load-Aware,0.25460669629379523,0.5642165191712261,1.1815270860491962,0.06814757979366326,0.94,0.06,0.04250979897828614,0.9973993910865793,0.00260060891342061,1.01160368169493,0.9901156030937088,0.9469056145518533,0.3920812109521593,0.0999153319955393,0.96,0.00246519991196692,1,1,0.5236068889614505,0.6815210164884449,0.00260060891342061,0.07789616104615238,0.00988439690629117
S2,20,Offload-then-Allocate,0.22652547828312564,0.4848788988212502,0.9198949142734295,0.05219328766250702,0.96,0.04,0.03308913659293012,0.9966069890557072,0.0033930109442926494,1.0146343670281048,0.9922125815841492,0.9491742312597605,0.3920812109521593,0.0885919763143947,0.98,0.002099100034683943,1,1,0.5167769757286117,0.5157601505624686,0.0033930109442926494,0.07248198726146501,0.007787418415850844
S2,21,RFOTO-ABC,0.17237586015264383,0.41789307695611966,0.807782151826007,0.0394627332309528,0.98,0.02,0.011152521836134547,0.9990777991917202,0.0009222008082797295,1.0199073739278492,0.997450440937945,0.9925058906998511,0.6420025995070976,0.05055764955574773,0.92,0.8095965000102296,500,1,0.41355210222917055,0.41080428254414697,0.0009222008082797295,0.027201272771059874,0.002549559062055007
S2,21,Standard-ABC,0.4234300230385897,0.9219620613086711,2.390881610242666,0.1271027480914047,0.64,0.36,0.2518898596952586,0.9957907640024068,0.0042092359975932124,1.0455934509749918,0.9481707741704961,0.45078519977771214,0.3566896651114271,0.23379976943720313,0.6,0.8732770000351593,500,1,0.8582563125525855,1.0014380953960869,0.0042092359975932124,0.20013599806834423,0.05182922582950389
S2,21,GA,0.31444665973432384,0.7624132649233348,2.349892228011936,0.08433611217425849,0.7,0.3,0.16214080876602519,0.9993742288515476,0.0006257711484524631,1.0302544532347935,0.9659573636188732,0.4813541576995584,0.4014443690722138,0.18772953924583494,0.64,0.8640590000431985,500,1,0.7200622836083846,0.6305472785286361,0.0006257711484524631,0.13846978946429103,0.03404263638112681
S2,21,PSO,0.6480925195245281,1.4038887278310097,4.779994408915369,0.16827892442014192,0.44,0.56,0.5297530308439206,0.9967395169668677,0.003260483033132282,1.0366075718023546,0.9009870300687619,0.3330470647271704,0.26315111900068827,0.3315024741939558,0.44,0.8376454999670386,500,1,1.2539557719061676,1.2949301924671335,0.003260483033132282,0.4994400223264158,0.09901296993123809
S2,21,DE,1.0680453418887894,2.588990982294594,8.774462880992832,0.20694881188003844,0.26,0.74,1.636291661128429,0.9959884343264505,0.004011565673549604,1.0457083038082353,0.8025043345059102,0.10913685239246822,0.09262239951228615,0.4960838522926818,0.32,0.820706499973312,500,1,2.170762378993717,1.1613545146501778,0.004011565673549604,1.2828996279360403,0.1974956654940898
S2,21,Local-only,0.8060263011343373,1.9252273838109568,4.779994408915369,0.1979301567913262,0.2,0.8,0.8225065998091317,1.0,0.0,0.0,0.8759234898991431,0.3015127290029363,0.23531077065748107,0.3763671394538875,0.0,0.0003651999868452549,1,1,1.7523012951195105,1.0,0.0,0.7973580033573245,0.12407651010085685
S2,21,Random-feasible,0.8878852500180272,1.3201411070848912,3.413626716473103,0.1947932232950153,0.48,0.52,0.6055107882074586,0.9989838709821565,0.0010161290178433524,1.0458677453943988,0.8921523880128678,0.2898783550893384,0.1642895803011615,0.34768483260945676,0.6,0.0011448999866843224,1,1,1.3486261479203354,2.6120053516759607,0.0010161290178433524,0.5701901707396428,0.10784761198713222
S2,21,Max-SINR,0.1788520611208302,0.3731469785466311,0.7727988167953376,0.03719018297088694,0.96,0.04,0.01274405927670264,0.9983624970973121,0.0016375029026879772,1.0206208682290834,0.9973268352932896,0.9632074657766374,0.6420025995070976,0.05177190038413046,0.98,0.001050200080499053,1,1,0.4159153434041628,0.4473454625050644,0.0016375029026879772,0.028171722429942855,0.002673164706710418
S2,21,Delay-Greedy,0.24422645085422648,0.5181806402521644,1.190930890431554,0.05472916236169082,0.94,0.06,0.04955029753784467,0.9988669510001283,0.0011330489998717264,1.0135848539748902,0.9886102297067331,0.8120574175097746,0.4014443690722138,0.10733588282940401,0.96,0.0028029999230057,1,1,0.49817340278372674,0.6703242645094349,0.0011330489998717264,0.06879754055166071,0.011389770293266932
S2,21,Load-Aware,0.18785544067182602,0.4275878978529559,0.7963229130432926,0.04327987948639641,0.96,0.04,0.012463671433687363,0.9991214127377971,0.0008785872622028745,1.0196733108736258,0.9973890758813169,0.9819403167997984,0.6420025995070976,0.051164039016692996,0.96,0.003436699975281954,1,1,0.4174112380684753,0.5062339101747905,0.0008785872622028745,0.02800075423298232,0.0026109241186831333
S2,21,Offload-then-Allocate,0.18913855155992498,0.3930849934241472,0.8859057704112611,0.04002307715521516,0.96,0.04,0.011794908033657861,0.9973733558643307,0.0026266441356693204,1.025614492320155,0.9973383116042306,0.9638204582231172,0.6420025995070976,0.051660351219951425,0.98,0.0025472999550402164,1,1,0.4437099201897482,0.4692549767199434,0.0026266441356693204,0.027592971671988722,0.0026616883957694126
S2,22,RFOTO-ABC,0.1853717471454494,0.5109827414841038,1.0015510389061701,0.04755428428607798,0.96,0.04,0.017483355878842737,0.9997815717194424,0.0002184282805575677,1.0029679596218097,0.9963635768120891,0.9948418159120757,0.655199268572794,0.06041270581196099,0.92,0.8093564000446349,500,1,0.44380734485639484,0.47421808700211715,0.0002184282805575677,0.010792194986939962,0.003636423187910909
S2,22,Standard-ABC,0.6253690679064964,1.3865285581708204,5.0101148076243325,0.14165619040610075,0.52,0.48,0.5476285206414113,0.9980395875730992,0.001960412426900795,1.0436411664435714,0.8927830333388543,0.3032507948054517,0.26319604478244435,0.34654432717410844,0.4,0.8985703999642283,500,1,1.345724762844359,0.8280275086954942,0.001960412426900795,0.5930364936261221,0.10721696666114566
S2,22,GA,0.3791803616303914,0.8340329633025594,2.2730700238611985,0.104465706075003,0.72,0.28,0.18420149052738402,0.9987760392009379,0.0012239607990621182,1.0279501068800738,0.9633758778132411,0.5228682596515408,0.29588597796394994,0.19497805252334166,0.66,0.7262998999794945,500,1,0.8828133815644437,0.6395161363515346,0.0012239607990621182,0.22724474119489627,0.03662412218675892
S2,22,PSO,0.9239309266735948,1.9173288139818663,5.207532291163826,0.1752137982040351,0.24,0.76,0.9875640200886824,0.9993174010261572,0.0006825989738426807,1.0234243721219372,0.8556833228793965,0.2311410353326496,0.10866128164471939,0.4106782724740615,0.32,0.9379578999942169,500,1,1.8890065685520099,1.2197030729215437,0.0006825989738426807,0.987759208938007,0.14431667712060348
S2,22,DE,1.2114878116729517,2.6638408845316843,11.048868343124987,0.26429310893372976,0.28,0.72,1.5697998132563158,0.997411883830177,0.002588116169822965,1.0634121110903518,0.7971112943181463,0.1366975005583201,0.07249752704310705,0.5045096230782762,0.38,0.8260199000360444,500,1,2.242215352909696,1.8305075732332525,0.002588116169822965,1.3816276334971886,0.2028887056818537
S2,22,Local-only,1.0316937193373195,2.12404298239893,5.207532291163826,0.18495963896113346,0.14,0.86,1.0119173571008626,1.0,0.0,0.0,0.8564330642926067,0.26825268707358435,0.20491420941918115,0.40943079304061436,0.0,0.00036810000892728567,1,1,2.2054498853980187,1.0,0.0,1.2351848305268234,0.14356693570739332
S2,22,Random-feasible,0.950025449422477,2.087646893007656,4.5899465202222824,0.37993457367513833,0.48,0.52,1.1817713295788996,0.995980327382668,0.004019672617332088,1.0620850779913336,0.8696798752745565,0.2685868410051465,0.05007791216395676,0.3871025509355883,0.6,0.0015811000484973192,1,1,1.7075383584894104,1.747090822631377,0.004019672617332088,0.9629011326925394,0.13032012472544352
S2,22,Max-SINR,0.1911856598905216,0.4422675272955539,0.8648852197471859,0.05006050851806546,0.96,0.04,0.00807615443667074,0.9998854102854383,0.00011458971456168143,1.0062361837776026,0.998664341214745,0.9973904419649451,0.7460511369219803,0.03657109727129188,0.98,0.0010745000327005982,1,1,0.4797792735140518,0.4638368203328664,0.00011458971456168143,0.005768206805512504,0.0013356587852549895
S2,22,Delay-Greedy,0.2167662785486166,0.5591350459939028,1.2206510149977006,0.0570662545050538,0.94,0.06,0.026460487043757377,0.9998417284741451,0.0001582715258548606,1.0034600746178086,0.9941968839873861,0.9563973439284885,0.5370085193231652,0.07640018805873143,1.0,0.0021650000708177686,1,1,0.4847724870722639,0.6039175105272038,0.0001582715258548606,0.01633363397762801,0.0058031160126138515
S2,22,Load-Aware,0.19400932310472657,0.520783994235681,1.0249857213472822,0.052122805193180674,0.96,0.04,0.017483355878842737,0.9999162633851683,8.373661483169758e-05,1.0028389789548244,0.9963621502457956,0.9979426109883025,0.655199268572794,0.060424597838461665,0.92,0.002280400018207729,1,1,0.4479459222093241,0.5250824601304237,8.373661483169758e-05,0.010792194986939962,0.0036378497542044474
S2,22,Offload-then-Allocate,0.18281486018350446,0.44239766587093066,0.94693519055801,0.04405608164427397,0.96,0.04,0.0016523591535040044,0.9998672040842304,0.00013279591576958127,1.0047841648104758,0.9999296483280796,0.9978340666962401,0.9452066027411468,0.008387885408490016,1.0,0.002319499966688454,1,1,0.4756404053783016,0.4240843547230579,0.00013279591576958127,0.001019974786113583,7.035167192037672e-05
S2,23,RFOTO-ABC,0.1479829926464731,0.47193352794925836,0.9747667144650446,0.04336937396635733,0.98,0.02,0.017702617723210898,0.9999245306756448,7.546932435521514e-05,1.0089982987142816,0.9956165991007309,0.9996315097305174,0.5304671454599658,0.0663528424189978,0.96,0.7656145000364631,500,1,0.3702532452167447,0.3474183948596833,7.546932435521514e-05,0.0105372724542922,0.004383400899269141
S2,23,Standard-ABC,0.5139678266025116,1.3242219811190337,3.7407343585918156,0.1365214335746961,0.58,0.42,0.4637822110878349,0.9962140527033787,0.0037859472966212436,1.0778263779578101,0.9110333207863404,0.3315590945217923,0.1857969452411891,0.3124975087189384,0.64,0.7741470000473782,500,1,1.1574917795586663,0.7023052068007887,0.0037859472966212436,0.42058763740541466,0.08896667921365964
S2,23,GA,0.31182896404534477,0.8100217554435752,2.400286588645338,0.11312280621368495,0.8,0.2,0.1764871036477006,0.9972949551181016,0.002705044881898455,1.051770292428162,0.9598586086195541,0.49525350912160787,0.42364535707254974,0.20449965460277847,0.72,0.7221711999736726,500,1,0.7027915500864661,0.6207868823149211,0.002705044881898455,0.1458033059721739,0.04014139138044592
S2,23,PSO,0.8272937899662725,2.018547015676414,5.1969728759324,0.2117917740927831,0.38,0.62,1.0844690153680296,0.9965944862781937,0.003405513721806284,1.0491222171679717,0.8433499358687409,0.2127265266764899,0.07133358819828413,0.4309842310514845,0.4,0.9419518000213429,500,1,1.7467282637505122,0.9471826401503507,0.003405513721806284,0.8974228625681667,0.15665006413125915
S2,23,DE,1.0955621908034885,1.9943742921187448,3.9828005655779406,0.2838758873442927,0.26,0.74,1.1458538364775412,0.9990252898436465,0.0009747101563535155,1.0500158182236032,0.8375069027561816,0.2151984334074269,0.0957371785057434,0.4404770249599961,0.32,0.8191748999524862,500,1,1.9318863201934047,2.158237026561289,0.0009747101563535155,1.0571446006124023,0.16249309724381844
S2,23,Local-only,0.9342140890108338,2.3081369402222283,6.493810760328156,0.21321360394053593,0.2,0.8,1.089118528783693,1.0,0.0,0.0,0.8440973710720144,0.24648228257215163,0.1857969452411891,0.42976440798881,0.0,0.0004303999012336135,1,1,2.0073432229752703,1.0,0.0,1.0359715557112732,0.15590262892798556
S2,23,Random-feasible,0.8372397001311452,1.662519793512014,4.869324961746134,0.20789523809223365,0.44,0.56,0.7840678976364426,0.9973097956643092,0.0026902043356907867,1.0690674160648543,0.858448948516582,0.24105391220333364,0.1857969452411891,0.4060685113748063,0.6,0.0016425999347120523,1,1,1.5857621407946196,1.462950335131304,0.0026902043356907867,0.7983436642925757,0.14155105148341796
S2,23,Max-SINR,0.13903613489343486,0.3972276993613916,0.730661979394053,0.03425211754650781,0.96,0.04,0.017722119991825654,0.9998810516848887,0.00011894831511118031,1.009341470487564,0.9956170863530827,0.9982976169495593,0.5304671454599658,0.0663491382391109,0.96,0.001118800020776689,1,1,0.36802371082830226,0.2913923874407657,0.00011894831511118031,0.010560489440738343,0.004382913646917341
S2,23,Delay-Greedy,0.14962602285561874,0.4826813274702923,1.0474133585239105,0.041992777345318616,0.98,0.02,0.017702617723210898,0.9999363008527032,6.369914729671855e-05,1.0085011556387438,0.9956165373501549,0.9996214162192397,0.5304671454599658,0.06635331184345966,0.96,0.0025263000279664993,1,1,0.38054903140479146,0.3412279177594115,6.369914729671855e-05,0.0105372724542922,0.004383462649845127
S2,23,Load-Aware,0.1479829926464731,0.47193352794925836,0.9747667144650446,0.04336937396635733,0.98,0.02,0.017702617723210898,0.9999245306756448,7.546932435521514e-05,1.0089982987142816,0.9956165991007309,0.9996315097305174,0.5304671454599658,0.0663528424189978,0.96,0.002367699984461069,1,1,0.3702532452167447,0.3474183948596833,7.546932435521514e-05,0.0105372724542922,0.004383400899269141
S2,23,Offload-then-Allocate,0.1391478777542489,0.3953209919643033,0.7447855475655998,0.03463627069629083,0.96,0.04,0.01934263876249231,0.999897236697116,0.00010276330288404356,1.0094272199230396,0.9955184121314252,0.9981463669344891,0.5304671454599658,0.06709517802823048,0.96,0.0034898000303655863,1,1,0.36798133825523555,0.2889155515747852,0.00010276330288404356,0.012489678453436744,0.004481587868574777
S2,24,RFOTO-ABC,0.17604220942996307,0.5083259486511443,1.060931806363712,0.06464036446549241,0.98,0.02,0.010339185452705317,0.9999974677278921,2.5322721079179546e-06,1.0024935265927215,0.997697732051675,0.9999851015507579,0.6592134792536634,0.048037283616142144,0.94,0.7801580000668764,500,1,0.40477404121820815,0.4857793694229281,2.5322721079179546e-06,0.006543788261205897,0.0023022679483249986
S2,24,Standard-ABC,0.39843151201477667,1.1148181835517352,3.3537320680531484,0.14728586708559388,0.54,0.46,0.28910273635848627,0.9979659790891858,0.002034020910814067,1.053165541586107,0.94382744311975,0.4282754731571362,0.297195544714337,0.24395841095630286,0.64,0.7943366999970749,500,1,0.876159907638277,0.7838521113385477,0.002034020910814067,0.21192412276089986,0.056172556880250024
S2,24,GA,0.27464470963022436,0.7292821086760348,1.4125244157282673,0.09758281933263975,0.7,0.3,0.07484543523397749,0.9958201419878414,0.004179858012158708,1.0386579260648032,0.9876639721277988,0.6715417896137215,0.6592134792536634,0.11175914356347393,0.72,0.8179116999963298,500,1,0.6307689833286766,0.6766226282939755,0.004179858012158708,0.05109077508278799,0.012336027872201227
S2,24,PSO,0.7952716909384061,1.9307429957340476,5.479140205609422,0.20294948819295955,0.32,0.68,0.9773871849515866,0.9978069351288348,0.0021930648711652647,1.0539211313839627,0.854249068272886,0.1930165041758393,0.10724797654028591,0.41306025894647663,0.3,0.7247141000116244,500,1,1.6557860139007992,0.9984952811880901,0.0021930648711652647,0.8369985702067706,0.14575093172711395
S2,24,DE,0.8988030297782952,1.9930836753955707,4.316281840407561,0.25032405885620895,0.3,0.7,1.0040271567284555,0.9991855123917531,0.0008144876082469521,1.0526557415413218,0.8372788425421321,0.24533310881066706,0.15008558663304114,0.440846050032572,0.32,0.773692199960351,500,1,1.7552771051102283,1.4109562584523843,0.0008144876082469521,0.8950769743702033,0.16272115745786786
S2,24,Local-only,0.772439935874451,1.9080586406853235,4.242104404164025,0.1925843928002078,0.2,0.8,0.8240512676971798,1.0,0.0,0.0,0.8714251701219565,0.3142613565054501,0.27698146708418847,0.3841164701437647,0.0,0.00037919997703284025,1,1,1.672664324259402,1.0,0.0,0.7399505213115763,0.12857482987804347
S2,24,Random-feasible,0.5141368244342707,1.250270678504082,3.1829637950608967,0.14804610568902032,0.48,0.52,0.4011508133679646,0.9959896678706929,0.00401033212930707,1.0401253452010455,0.9232579620789508,0.4260363686609956,0.27698146708418847,0.28830696420919094,0.5,0.002159099909476936,1,1,1.0954528621466963,0.9172121615799474,0.00401033212930707,0.3615136501863425,0.07674203792104917
S2,24,Max-SINR,0.17223831571429404,0.44722527614486396,1.014464100307859,0.058239040365856164,1.0,0.0,0.0,0.9984438604600602,0.0015561395399398248,1.0020747944171577,0.9999418995593038,0.9999525710056996,0.9608255671498478,0.007622585949222184,0.98,0.0011072999332100153,1,1,0.41983543836310033,0.4463967543295106,0.0015561395399398248,0.0,5.810044069620712e-05
S2,24,Delay-Greedy,0.1916576827015675,0.5351404044812643,1.1563597831837937,0.07001133670426485,0.96,0.04,0.003843780053489099,0.9997322024932881,0.0002677975067119265,1.0041877745427732,0.9994345342190342,0.9998574634725078,0.8306455552591726,0.023786250512127363,0.96,0.002138499985449016,1,1,0.4283301640719429,0.5588571284577091,0.0002677975067119265,0.0024327721857525944,0.0005654657809658348
S2,24,Load-Aware,0.17925245823046282,0.5005530885701371,0.9932541863350501,0.06810132775046361,1.0,0.0,0.0,0.9997099443698453,0.0002900556301546642,1.002440127205542,0.9999959550473188,0.9999866691114361,0.9856359155086583,0.002011210839899353,0.96,0.00292780005838722,1,1,0.4003776187179301,0.5273295712136477,0.0002900556301546642,0.0,4.0449526812480485e-06
S2,24,Offload-then-Allocate,0.17593216121185049,0.43452848761006607,0.815985987462806,0.05791925826849903,1.0,0.0,0.0,0.9995399320602487,0.00046006793975124306,1.0042014075972598,0.9999901361466835,0.999929401136258,0.9775680669647209,0.0031406926963383095,0.96,0.002016099984757602,1,1,0.42360309901071086,0.4662526219548335,0.00046006793975124306,0.0,9.863853316471882e-06
S2,25,RFOTO-ABC,0.16047585000757364,0.44342593609470954,1.0182512103339292,0.056750295962036415,1.0,0.0,0.0,0.9983822850409814,0.0016177149590185858,1.0095648167590228,0.9999479284297136,0.9955181054766561,0.9515494224089304,0.007216251234245706,0.96,0.822112699970603,500,1,0.35015827180125286,0.4840328555327585,0.0016177149590185858,0.0,5.207157028641607e-05
S2,25,Standard-ABC,0.4993007843033121,1.2024955714456291,4.157094642428771,0.130057836812424,0.52,0.48,0.42457375097752825,0.9990107186152628,0.0009892813847371595,1.0449181695585814,0.9166786334625647,0.3589552617779832,0.23823358329367292,0.30148772714473154,0.48,0.8130110999336466,500,1,1.0154232935532796,1.0270761590578779,0.0009892813847371595,0.31474990319499113,0.08332136653743527
S2,25,GA,0.29524924415439185,0.6435211868606191,1.7510991842360173,0.0778260317449821,0.74,0.26,0.10103766493418853,0.9985500139952648,0.0014499860047354595,1.026460615144378,0.9797210000228606,0.5703276693317657,0.43969642263058967,0.14387060132780594,0.72,0.7370509000029415,500,1,0.6883014223561839,0.6623337624611197,0.0014499860047354595,0.08196790799463974,0.020278999977139445
S2,25,PSO,0.6746431736194343,1.5572204251983728,4.408445121554528,0.12716340530379588,0.36,0.64,0.7075081073914588,0.9999898843749943,1.0115625005813201e-05,1.014184934600337,0.8727863945381983,0.3238039950719481,0.23823358329367292,0.381779668859021,0.26,0.851738499943167,500,1,1.4580572986101508,0.852289941998944,1.0115625005813201e-05,0.6528051748911344,0.12721360546180172
S2,25,DE,0.9290120698113438,2.0496792466352427,5.147086699227457,0.14948132486659974,0.18,0.82,1.2146414177743303,0.9981215978240996,0.0018784021759003955,1.0308777765571535,0.8254252338757493,0.2103912127489429,0.10281749119687197,0.45988777357678384,0.3,0.8293964000185952,500,1,1.9211583553109972,1.1793573203746062,0.0018784021759003955,0.9810279502943431,0.1745747661242507
S2,25,Local-only,0.7830365626165161,1.9195200843047437,5.054576257108451,0.14688813385525948,0.18,0.82,0.8493603652680632,1.0,0.0,0.0,0.8706912536580377,0.29929039786679845,0.23823358329367292,0.38537351095843236,0.0,0.00037210003938525915,1,1,1.7053958228747563,1.0,0.0,0.7491651797861308,0.12930874634196232
S2,25,Random-feasible,0.6604596976833196,1.3165361995348848,4.544727044080437,0.22065927873388894,0.54,0.46,0.5082896404590006,0.9967711178210954,0.0032288821789045376,1.0922732570348175,0.9010007431473815,0.31816338195808413,0.2184866358217228,0.33147699467654507,0.56,0.0015077999560162425,1,1,1.1894239331513239,1.58543977133616,0.0032288821789045376,0.43916833492556373,0.09899925685261846
S2,25,Max-SINR,0.15648987162960115,0.3651033889423133,0.8419078682101656,0.04782441864951499,0.96,0.04,0.014619828083968658,0.9983141797019027,0.0016858202980972203,1.011846150377066,0.9963606193851409,0.9927397687153225,0.589466369112932,0.060437356710235736,0.96,0.001105200033634901,1,1,0.3601020168019611,0.4209784048680536,0.0016858202980972203,0.009738142188218096,0.0036393806148591334
S2,25,Delay-Greedy,0.16664949634283507,0.444698032552684,1.0869776268878126,0.056372185800067705,0.96,0.04,0.005560238145038259,0.9991735169789596,0.0008264830210404162,1.0116523950099003,0.9993965214757258,0.9908781895248554,0.8730258975597741,0.02457321571375173,0.96,0.002625499968416989,1,1,0.36751385608385084,0.48892636514917087,0.0008264830210404162,0.004705036666590095,0.0006034785242742258
S2,25,Load-Aware,0.2153118854333081,0.4657438813228054,0.9805744468812845,0.05563922139332658,0.94,0.06,0.05776931690504633,0.9996620231755162,0.00033797682448366784,1.0077027622697103,0.9871469883496,0.9278673243617768,0.34026692973795286,0.1141068031345266,0.9,0.002818999928422272,1,1,0.46640744296339753,0.48086476087318775,0.00033797682448366784,0.09833905379609535,0.012853011650399981
S2,25,Offload-then-Allocate,0.1584148909056023,0.3820135407150405,0.9511658322843852,0.04989275912442796,0.96,0.04,0.009616732988280002,0.9994181660515425,0.0005818339484575663,1.008333990179179,0.9984227501162275,0.9946987591726283,0.7454718434339765,0.03974596244800147,0.96,0.003396500018425286,1,1,0.369403042312116,0.4264767655140468,0.0005818339484575663,0.0069586449128355085,0.0015772498837725024
S2,26,RFOTO-ABC,0.20537609206405086,0.44673420957590015,0.9936815216856631,0.05187856137814226,0.94,0.06,0.045158711251942325,0.995513950896102,0.004486049103898164,1.0212379323394887,0.9892117753727692,0.9529924672299699,0.4166309840049648,0.1044312199836335,0.94,0.9009266999782994,500,1,0.45046023501770066,0.5367275658096622,0.004486049103898164,0.03894581969324852,0.010788224627230836
S2,26,Standard-ABC,0.5790008980907067,1.3162853806520909,4.6753779884213,0.1514145526355009,0.48,0.52,0.4878975153213326,0.9944752514722073,0.005524748527792751,1.0342773939477556,0.9091584022348003,0.32312120784054565,0.2123639127546198,0.31609862283562334,0.54,0.9305310000199825,500,1,1.230700771699718,0.9332043827203697,0.005524748527792751,0.4664554335495327,0.09084159776519973
S2,26,GA,0.35600869732359075,0.8526361010926853,2.5968542459293515,0.09541086313302882,0.66,0.34,0.21903077538758886,0.9966495950455787,0.0033504049544212044,1.0266658917116869,0.956550773420843,0.46028339974664867,0.2677883760687861,0.2131262833584948,0.68,0.8168378999689594,500,1,0.8193601905457487,0.6950518323452513,0.0033504049544212044,0.1588936394304325,0.04344922657915695
S2,26,PSO,0.9836044715000352,2.2837917045695675,5.736075163387152,0.16584059310301805,0.28,0.72,1.3388167920960543,0.9973408698207745,0.002659130179225295,1.057883790449209,0.8174514986314838,0.2081642092254719,0.06237621895783551,0.47256128500670563,0.34,0.8750135999871418,500,1,2.0028594567624096,1.0471766571587773,0.002659130179225295,1.1915960299779749,0.1825485013685162
S2,26,DE,1.0570651189827587,2.2840479990939433,6.517037619903234,0.1987542864050253,0.22,0.78,1.3689474475222223,0.9993851506789367,0.0006148493210632555,1.0213383780467067,0.8019428174048002,0.15702467588129967,0.10982488366012572,0.49696247553749073,0.22,0.8767969000618905,500,1,2.159659262467064,1.1110462378607653,0.0006148493210632555,1.282647281733541,0.19805718259519978
S2,26,Local-only,0.9560534554939024,2.0188949502630065,5.2532925914138335,0.19347647313693433,0.16,0.84,0.9931233878998472,1.0,0.0,0.0,0.8503907666742263,0.26824379494755535,0.2123639127546198,0.4194400830116916,0.0,0.0004249999765306711,1,1,2.049371377442988,1.0,0.0,1.0850769045371578,0.1496092333257737
S2,26,Random-feasible,1.0207123548116364,1.5521404164230852,4.768858756058992,0.18836909713816483,0.42,0.58,0.7949104317359642,0.993134747721679,0.006865252278321119,1.1014071903648859,0.8674376081954174,0.2649018328019699,0.11496063034420012,0.3909228371742328,0.42,0.0019829999655485153,1,1,1.9028510928240536,1.67188530986574,0.006865252278321119,1.091837503597641,0.13256239180458262
S2,26,Max-SINR,0.22115617589223516,0.4234697341872182,0.8152657929219881,0.05816533276272207,0.94,0.06,0.05144201255898515,0.9965473986631211,0.0034526013368788087,1.015589858636983,0.9879251372759096,0.8296001289070719,0.4166309840049648,0.11055517669884853,0.96,0.0010464999359101057,1,1,0.48644844116091096,0.5764189672890015,0.0034526013368788087,0.04231788333067151,0.012074862724090418
S2,26,Delay-Greedy,0.2713434634758754,0.4853117256406883,1.0028687154925202,0.05554344803956456,0.92,0.08,0.07651518836248729,0.9951867906698513,0.004813209330148742,1.0320785819473774,0.9814944200460366,0.7303510946445346,0.35169589803343515,0.1373116647884535,0.94,0.0030097999842837453,1,1,0.5719267693198362,0.6184493563959492,0.004813209330148742,0.12742355530959865,0.018505579953963402
S2,26,Load-Aware,0.2560913484077353,0.4692740434931615,1.1319654383372477,0.05315588069256409,0.94,0.06,0.08113802273380735,0.9958829237515939,0.004117076248406022,1.0173550071869173,0.9809874924803946,0.7319219887351984,0.35169589803343515,0.1392156195017408,0.94,0.003162299981340766,1,1,0.5442702097249105,0.5589832010644565,0.004117076248406022,0.13000409775686864,0.01901250751960537
S2,26,Offload-then-Allocate,0.20288090259663646,0.40140392931697577,0.9070750535491787,0.05228292238139421,0.96,0.04,0.03623688233853375,0.9944429396502314,0.005557060349768586,1.0306732865890218,0.9902935565204898,0.9577744667757128,0.46343113352425885,0.09900293925443984,0.98,0.002029599971137941,1,1,0.4470615139216335,0.53562984192417,0.005557060349768586,0.03281467694288938,0.009706443479510218
S2,27,RFOTO-ABC,0.20782995460211023,0.4262794369300522,0.81712335219402,0.04182693455506726,0.94,0.06,0.05075334329960332,0.9960787327143111,0.003921267285688752,1.03496045863387,0.9878770086107675,0.8824580647027795,0.4090404176950446,0.11077798451181836,0.96,0.7994500000495464,500,1,0.4577743243747131,0.4781927305439616,0.003921267285688752,0.07621904704526032,0.012122991389232451
S2,27,Standard-ABC,0.576895611522552,1.345477779782467,4.494828133841196,0.1039527180570312,0.52,0.48,0.5650928397568524,0.9970810660690312,0.002918933930968688,1.0367090909916608,0.8916276753173356,0.30304423797907815,0.23443185962076063,0.348632142359245,0.56,0.8325018000323325,500,1,1.2181098299212083,0.8197595724832252,0.002918933930968688,0.5302583307246905,0.10837232468266444
S2,27,GA,0.389095193713784,0.9249259475051334,3.6375211949569737,0.08316822712679209,0.74,0.26,0.2893569018336563,0.9961068883648554,0.0038931116351446217,1.0351019692651322,0.9394921421658297,0.37416696872548544,0.2461742567836467,0.25378112186419344,0.64,0.7794416999677196,500,1,0.8789148478313737,0.6293747292890048,0.0038931116351446217,0.2604218854417416,0.06050785783417034
S2,27,PSO,0.628505475913516,1.4958144351892477,4.494828133841196,0.11354967666929956,0.46,0.54,0.6365180414246359,0.9993242727169903,0.0006757272830096972,1.0168004749566872,0.8798756759014993,0.30304423797907815,0.23443185962076063,0.36949181524146185,0.34,0.9944620999740437,500,1,1.3892982648735794,0.7412711896773938,0.0006757272830096972,0.6073457486885404,0.12012432409850071
S2,27,DE,1.0034552926701295,2.4576471048228026,5.255006636405412,0.16174035918135019,0.28,0.72,1.4512140128524793,0.9988397326159102,0.0011602673840898192,1.017635507684383,0.8121775058692733,0.15529123076298695,0.05467764945272463,0.4808928535169067,0.3,0.7882515999954194,500,1,2.1351594781871404,0.8625786776812157,0.0011602673840898192,1.2474927754989398,0.1878224941307267
S2,27,Local-only,0.8458331930328905,1.9237782499821683,4.494828133841196,0.1696123016694112,0.16,0.84,0.9406007472148614,1.0,0.0,0.0,0.8678039312087739,0.2688897329754684,0.20502282650524212,0.3902999212174778,0.0,0.0003801999846473336,1,1,1.8334764893890638,1.0,0.0,0.8705386414677628,0.13219606879122614
S2,27,Random-feasible,0.8216420023727666,1.619703774170241,4.494828133841196,0.18982648141240557,0.42,0.58,0.8669905788268789,0.9946807059818278,0.005319294018172213,1.0830865919804133,0.8665088371750321,0.28099385235582586,0.08126505692379139,0.3925000893517657,0.5,0.0024924000026658177,1,1,1.618791027597849,1.2969691081653618,0.005319294018172213,0.8052453840844818,0.13349116282496787
S2,27,Max-SINR,0.19714859819840042,0.5175636633168493,2.303159339568377,0.03915937883164166,0.92,0.08,0.10898893122149701,0.9984369531163563,0.0015630468836437816,1.0150721547633001,0.9757140644004966,0.6356251749505705,0.31085563768459595,0.1577669889577183,0.94,0.0014588999329134822,1,1,0.4564408258491397,0.39527824362616903,0.0015630468836437816,0.07916462190214349,0.024285935599503428
S2,27,Delay-Greedy,0.24340906508030904,0.49081454170630806,1.2177001350579575,0.04613755675158951,0.92,0.08,0.08549627202206893,0.9976366577885141,0.0023633422114861125,1.029570480602173,0.9798687261616955,0.6156408892464371,0.3883221375195685,0.1433348115641609,0.94,0.0027948999777436256,1,1,0.5190475805585152,0.5284687059366627,0.0023633422114861125,0.12353801812855165,0.020131273838304486
S2,27,Load-Aware,0.21204976169649015,0.4278026025295578,0.8238047847457415,0.04250025495181371,0.94,0.06,0.05075334329960332,0.9960590092892676,0.003940990710732442,1.034913712115001,0.9878734776589572,0.8815289151939182,0.4090404176950446,0.11079431398312077,0.96,0.002309400006197393,1,1,0.458725441354741,0.504709754021246,0.003940990710732442,0.07621904704526032,0.012126522341042834
S2,27,Offload-then-Allocate,0.2063989119154229,0.41466490023669744,1.1462349249031152,0.040857671894528415,0.92,0.08,0.053747207663812996,0.9964177682672181,0.0035822317327819596,1.0312131927154395,0.9875952202043723,0.8422467235064426,0.4090404176950446,0.11207404321745697,0.96,0.002006300026550889,1,1,0.4660051849970332,0.44762133858355546,0.0035822317327819596,0.08070900625092291,0.012404779795627707
S2,28,RFOTO-ABC,0.20251393299522136,0.5594304314020555,1.1715834279486113,0.05263251218608639,0.96,0.04,0.07384101885211199,0.9986942811824497,0.0013057188175503098,1.0172407051844976,0.9832686863632248,0.9812287331953877,0.34542556297871807,0.13044544416046253,0.92,0.8563358999090269,500,1,0.4808463201868038,0.4138136087677953,0.0013057188175503098,0.06983788329729923,0.016731313636775158
S2,28,Standard-ABC,0.5060596638863134,1.2132905509778513,3.840624033085671,0.14720723908460587,0.6,0.4,0.45882300594248293,0.9976153532823807,0.0023846467176192963,1.0320488535932992,0.9084188068901874,0.3363848866975687,0.23755713517384225,0.31751196095398926,0.6,0.7890206999145448,500,1,1.1199646465804354,0.7173924128984246,0.0023846467176192963,0.4169821279857806,0.09158119310981261
S2,28,GA,0.32213009349716804,0.8632093104677496,2.424054741412175,0.12255421922568223,0.68,0.32,0.2038937033244277,0.9936604540929327,0.006339545907067245,1.0608824336361484,0.9588984364649139,0.4257178648800809,0.34542556297871807,0.20703456886611485,0.66,0.7293388999532908,500,1,0.7307330391532206,0.6194581323160837,0.006339545907067245,0.15637988059909597,0.041101563535086094
S2,28,PSO,0.6529902892355408,1.4426105013608892,3.8478885099095503,0.2024549671158962,0.42,0.58,0.5879954731953673,0.9983822073874725,0.00161779261252748,1.0651439195228463,0.8911289549739626,0.3288977169648681,0.27636782325744996,0.34953117603857087,0.32,0.9699515999527648,500,1,1.4225718700878265,0.8092394148276214,0.00161779261252748,0.6372287768521193,0.1088710450260374
S2,28,DE,0.9494033910721007,2.2017705836407444,5.010084850768174,0.22069396327131618,0.24,0.76,1.194881957087553,0.9984432603916693,0.001556739608330644,1.072735520532752,0.8223993378685069,0.24961279708368547,0.11015345479535749,0.46470881892137644,0.22,0.8438799999421462,500,1,1.9618320175892492,1.0663972390095542,0.001556739608330644,1.0881374143278608,0.17760066213149306
S2,28,Local-only,0.8787189888347425,2.053239920547035,4.722984981222545,0.23901894934106743,0.18,0.82,0.9407991357247881,1.0,0.0,0.0,0.8607927960665901,0.2904908490698601,0.23755713517384225,0.402143953665865,0.0,0.0003800999838858843,1,1,1.8905351061054119,1.0,0.0,0.9408165268735122,0.1392072039334099
S2,28,Random-feasible,0.8585328414660868,1.6412048069939882,5.280977976961834,0.24727864404096178,0.44,0.56,0.7267167961796429,0.9946489161569378,0.005351083843062179,1.0729275588165432,0.8707128225012553,0.25935102023088613,0.15023920957248213,0.38533659648506347,0.58,0.0010936000617220998,1,1,1.7027772200675317,1.2506182997808684,0.005351083843062179,0.8991299923545981,0.12928717749874474
S2,28,Max-SINR,0.18984682266868122,0.5116772623548773,1.1046212581303356,0.04244844585130253,0.94,0.06,0.07571642852930725,0.9982890697266018,0.0017109302733981035,1.0136518641040437,0.9831122917494861,0.928753629466222,0.34542556297871807,0.13106411392281075,0.96,0.0010643999557942152,1,1,0.5053592615990719,0.28586107593513327,0.0017109302733981035,0.07101001434554627,0.01688770825051389
S2,28,Delay-Greedy,0.20419583955418613,0.6021208642798104,1.2538528318113134,0.050104902181222204,0.96,0.04,0.07384101885211199,0.9982053459103346,0.0017946540896653684,1.019236223250697,0.9832585511142681,0.9704316612041,0.34542556297871807,0.13048562034537592,0.96,0.0021730998996645212,1,1,0.5081921380429136,0.3787879071222673,0.0017946540896653684,0.06983788329729923,0.016741448885731924
S2,28,Load-Aware,0.2027375690267382,0.5654106783896463,1.1840874178220284,0.05211349933616125,0.96,0.04,0.07384101885211199,0.9986858022264283,0.001314197773571657,1.0172703032973947,0.983267858476542,0.9805157485499623,0.34542556297871807,0.13044872634103039,0.92,0.002700599958188832,1,1,0.48385025591853276,0.41028582293031435,0.001314197773571657,0.06983788329729923,0.016732141523458033
S2,28,Offload-then-Allocate,0.19110169491528117,0.5104172225367319,0.9055368530224576,0.04163677397438696,0.96,0.04,0.07384101885211199,0.9978346466551407,0.002165353344859384,1.0195076652035902,0.9832443846398374,0.9636643208999868,0.34542556297871807,0.13054175699837353,0.96,0.0025024000788107514,1,1,0.5054749243439391,0.2955138668798354,0.002165353344859384,0.06983788329729923,0.016755615360162568
S2,29,RFOTO-ABC,0.19545350064042194,0.5146945978384782,0.8975069192604397,0.04661880912026259,0.96,0.04,0.06870705211991086,0.9991353841862167,0.0008646158137831805,1.0126355744320634,0.9847340464049759,0.9862785192705528,0.3026744728415934,0.12450950087667367,0.94,0.7748283999972045,500,1,0.41091626408933185,0.5264074428178155,0.0008646158137831805,0.045202007973625564,0.01526595359502414
S2,29,Standard-ABC,0.5021543902092093,1.2146601859888828,3.9063341189762273,0.13747986068509344,0.6,0.4,0.3993716031681504,0.9963877102412126,0.0036122897587872595,1.0572193596957573,0.92137158192593,0.2849943812290592,0.250024800419428,0.29212744651226225,0.68,0.7868045000359416,500,1,0.9671726381557413,1.1376125925063763,0.0036122897587872595,0.30881048452579807,0.07862841807406995
S2,29,GA,0.3530215549711818,0.8251874382153407,2.2104254576516733,0.08800758644484072,0.7,0.3,0.18807170412759444,0.994654204696259,0.00534579530374095,1.0371076001909945,0.9616923218650127,0.5284786401449219,0.3026744728415934,0.19958359475529783,0.72,0.8527702999999747,500,1,0.7908081633522347,0.6785809654434743,0.00534579530374095,0.18686823414242276,0.038307678134987255
S2,29,PSO,0.931185972770299,1.9769626939819662,5.299072871446745,0.16230334844131455,0.32,0.68,0.9361526114440573,0.9992436646862017,0.0007563353137983042,1.056713242428299,0.8381660778208846,0.2538070713989614,0.21370878885414152,0.43940980121419654,0.32,0.7879156999988481,500,1,1.9635701560930676,0.9306296572463028,0.0007563353137983042,1.1050905190818385,0.1618339221791154
S2,29,DE,1.2191070548812748,2.7977209410434334,9.101144168482447,0.2718167606853137,0.24,0.76,1.6071587742553108,0.9982224606637434,0.0017775393362564863,1.0493454397650597,0.8049272469997679,0.12127108928661563,0.06424567895835484,0.49228884184920935,0.34,0.7344643999822438,500,1,2.430106126187342,1.3470572812804034,0.0017775393362564863,1.5196220413003716,0.19507275300023208
S2,29,Local-only,0.999332054843436,2.2278716862253596,5.299072871446745,0.182747935501539,0.12,0.88,1.028336918884024,1.0,0.0,0.0,0.8578153314046195,0.26058112385954446,0.21370878885414152,0.40712660441844556,0.0,0.00039279996417462826,1,1,2.1462793284504884,1.0,0.0,1.1657380897660272,0.14218466859538048
S2,29,Random-feasible,0.8832083250481245,1.6289088642935896,3.9433892486162474,0.16471018633644877,0.38,0.62,0.7194279499575184,0.9976236249087758,0.00237637509122423,1.0352422661833725,0.8689373642671643,0.295482080850959,0.21370878885414152,0.3883695864998945,0.58,0.0010913999285548925,1,1,1.5820709136964413,1.7862812716462866,0.00237637509122423,0.7984549419956042,0.13106263573283572
S2,29,Max-SINR,0.1942438608323493,0.4725889834755758,0.8810223774097459,0.040633924341513285,0.94,0.06,0.08506640072828787,0.9995038020057103,0.0004961979942896577,1.0085665089402331,0.9808123259957577,0.7487071680736126,0.3026744728415934,0.13986794951540799,0.94,0.001062000053934753,1,1,0.47394567282181876,0.33811213724251665,0.0004961979942896577,0.08825292536409135,0.01918767400424226
S2,29,Delay-Greedy,0.2009180377890691,0.5212736591485428,0.9318149696802063,0.04336901824704222,0.94,0.06,0.08506640072828787,0.9992081985369009,0.0007918014630992065,1.0079830227445796,0.9808149443098033,0.7446645922599974,0.3026744728415934,0.1398582194524907,0.94,0.0027969999937340617,1,1,0.4589976497463986,0.4071285024353153,0.0007918014630992065,0.08825292536409135,0.019185055690196684
S2,29,Load-Aware,0.20273727737658592,0.5098057576027247,0.8870780925974324,0.04411496749074205,0.94,0.06,0.08506640072828787,0.9992220111384656,0.0007779888615341824,1.0090198441653693,0.980814846176165,0.7448334733117348,0.3026744728415934,0.13985858414365152,0.92,0.0035157999955117702,1,1,0.45478786068558863,0.42629140012189226,0.0007779888615341824,0.08825292536409135,0.01918515382383501
S2,29,Offload-then-Allocate,0.17884888723973585,0.4523106459781961,0.7765395124043855,0.040728712805425726,0.96,0.04,0.06870705211991086,0.999381061426362,0.0006189385736379172,1.0117174189579792,0.9847345202512438,0.9908552631482485,0.3026744728415934,0.12450753855462948,0.96,0.002467899932526052,1,1,0.39971950823220787,0.43469932340824285,0.0006189385736379172,0.045202007973625564,0.01526547974875625
S3,0,RFOTO-ABC,0.29973714034623783,0.7624161092668031,1.568671118860112,0.10121438039226899,0.78,0.22,0.062080777851835196,0.9981389579050378,0.0018610420949622852,1.0158300743191633,0.9887931114690511,0.7665870636092202,0.5087327377821975,0.10646082075628553,0.73,1.0783425000263378,500,1,0.6715234408626594,0.7600083212295299,0.0018610420949622852,0.06320716099003518,0.011206888530948866
S3,0,Standard-ABC,0.7550322750587225,1.6455124678222475,3.9136621788330364,0.212447543685552,0.36,0.64,0.6796924711481062,0.9978912210352447,0.0021087789647552726,1.0445456554235886,0.884886593100312,0.2814704241278414,0.16207536231624092,0.3606775792478679,0.36,1.032251000055112,500,1,1.5498622817114471,1.1842907326309302,0.0021087789647552726,0.6889373116332679,0.11511340689968796
S3,0,GA,0.570917814089597,1.2300252029122372,3.0324350331361556,0.14027397423072738,0.48,0.52,0.42656910502342354,0.9978942351854717,0.0021057648145284056,1.0439034899300372,0.9207843693165926,0.3464735276739312,0.22776160621128572,0.2933097319006095,0.44,0.9772676000138745,500,1,1.2360878578796168,0.9220168446526968,0.0021057648145284056,0.44515930142548593,0.07921563068340742
S3,0,PSO,0.949054815796926,2.1172135475137983,5.266253169216518,0.25125390450805135,0.26,0.74,1.0902918647330302,0.9989859776118635,0.0010140223881363996,1.07944155545668,0.8491961486614896,0.2144389671610858,0.06946787499712333,0.42140744942502695,0.27,1.180538299959153,500,1,1.917413517113893,1.2300675372160268,0.0010140223881363996,1.0494716950305791,0.15080385133851038
S3,0,DE,1.4909300469685918,3.02839590614854,9.513323183250087,0.3543529098340336,0.2,0.8,1.873893874268603,0.9977997011491246,0.0022002988508754793,1.101567687510574,0.7970139502898113,0.08751581429905077,0.05708750473845623,0.5046614537920533,0.24,0.9813774999929592,500,1,2.6149772557036086,2.595662614083614,0.0022002988508754793,1.6677934948137776,0.20298604971018874
S3,0,Local-only,0.8695513131768946,1.9261113593861379,4.797767057776427,0.21175582396317097,0.18,0.82,0.8360060507088432,1.0,0.0,0.0,0.8741897541926923,0.29247370789113797,0.20668738266852787,0.3793631557834395,0.0,0.00044520001392811537,1,1,1.8857902383042804,1.0,0.0,0.9169288669189134,0.1258102458073077
S3,0,Random-feasible,1.594566752454568,2.7292996925340214,6.641041359125937,0.43171697755586536,0.33,0.67,2.0836712464857645,0.9949254152785642,0.005074584721436005,1.1059833140115107,0.8310019011253615,0.17777523694944897,0.01107142734177556,0.450961951174196,0.4,0.0016255999216809869,1,1,2.5652283411647145,3.3559269458548977,0.005074584721436005,1.6940239740386853,0.16899809887463846
S3,0,Max-SINR,0.325350172460678,0.750939919879637,1.546481991432045,0.08950260488912289,0.87,0.13,0.05818117532925851,0.9988922583340137,0.0011077416659862538,1.0153386473963184,0.9884184347306265,0.7656982516415507,0.30694558677852546,0.10824633754511594,0.95,0.001265200087800622,1,1,0.783883941756999,0.6720393589129436,0.0011077416659862538,0.10645800024353386,0.011581565269373484
S3,0,Delay-Greedy,0.3446608733272931,0.8637773186985619,1.9449904278627352,0.10825163217738941,0.65,0.35,0.1122733551145784,0.9987522721977479,0.001247727802252181,1.0156307770940398,0.9795642257519079,0.5635929836123893,0.49005996317704564,0.14443720977887017,0.94,0.00458860001526773,1,1,0.7609338591003776,0.819356754109817,0.001247727802252181,0.11283593495224796,0.020435774248092065
S3,0,Load-Aware,0.3447261555835323,0.8013249455543476,1.7110932329417858,0.10198612185601098,0.75,0.25,0.09933341700624011,0.9983008954809774,0.001699104519022654,1.0164140664306966,0.9811277972590836,0.5893532733749983,0.30694558677852546,0.1386910725013746,0.7,0.004824000061489642,1,1,0.7654745516475053,0.756172085240118,0.001699104519022654,0.1470442142827852,0.01887220274091639
S3,0,Offload-then-Allocate,0.29037433753423725,0.6985400489579875,1.4405222815778382,0.0870906857517729,0.9,0.1,0.028233724634819938,0.9982975117303975,0.0017024882696026243,1.0181262519159642,0.9945693241228817,0.853406997773368,0.5087327377821975,0.07389404005020496,0.96,0.0034565000096336007,1,1,0.7166378073250079,0.6625970438587271,0.0017024882696026243,0.042680920354751906,0.005430675877118318
S3,1,RFOTO-ABC,0.3227674959956205,0.8361952025031567,1.7922645290505035,0.10234760007648898,0.68,0.32,0.10205676400806121,0.9990698929503236,0.000930107049676312,1.017613942912935,0.9806383470842103,0.6127245089965139,0.4754405225481529,0.14051308834716827,0.65,0.9107875000918284,500,1,0.7020372112770877,0.8494672348623474,0.000930107049676312,0.06699135439877095,0.01936165291578973
S3,1,Standard-ABC,0.7415934853524593,1.6044981705479986,4.019931590711281,0.17292430008684984,0.37,0.63,0.7211680587043999,0.9963683189333156,0.0036316810666842604,1.0863461668668857,0.8869692541064998,0.28055622045597883,0.0733316094636724,0.3569801057906254,0.38,0.9371877000667155,500,1,1.5332015948841804,1.1432800895418027,0.0036316810666842604,0.6764805004111273,0.11303074589350015
S3,1,GA,0.5059874574909367,1.284586108753925,3.5795096227781698,0.1588453759933857,0.48,0.52,0.4113026462624015,0.9966796851332851,0.003320314866714875,1.04000349866313,0.9218036628698603,0.3832737758399181,0.2601513626986978,0.2912554028841574,0.42,0.9605950999539346,500,1,1.076514276812004,0.9699655420873391,0.003320314866714875,0.31588217372788335,0.07819633713013974
S3,1,PSO,0.9063383306679148,2.0278232766283666,5.209104629766625,0.18675725971975257,0.28,0.72,1.057800984996417,0.9989653490184283,0.0010346509815716987,1.030711119186719,0.8541907412183035,0.2537119262426113,0.05946711458773067,0.4131570057013486,0.15,1.3004708000225946,500,1,1.9281293206868677,0.9795327409442656,0.0010346509815716987,1.0211910813639569,0.14580925878169648
S3,1,DE,1.5039798322686604,2.7578400075000844,8.410089033755401,0.2923203029623165,0.2,0.8,1.9711534836936293,0.9996899428033029,0.00031005719669708443,1.0484236841884906,0.8056892898318038,0.07871889646610965,0.04055445116164018,0.49109393909080173,0.22,1.0370820000534877,500,1,2.683082325531565,2.48010415674052,0.00031005719669708443,1.7279400376404883,0.19431071016819623
S3,1,Local-only,0.8397898916345929,1.846633525943391,4.657355716260001,0.1807909600293542,0.24,0.76,0.7947287766916937,1.0,0.0,0.0,0.872598526120416,0.2803554244165915,0.22907627950931464,0.38210259626786214,0.0,0.00039709999691694975,1,1,1.8203023800835734,1.0,0.0,0.862416302127048,0.127401473879584
S3,1,Random-feasible,1.3535615204109581,2.6041777739695653,5.345582463638718,0.30923737690769376,0.32,0.68,1.9623184155347084,0.9973783139858825,0.0026216860141174414,1.0589762679700652,0.8688630194830732,0.2234530641736216,0.014963978399576918,0.38849634136712335,0.38,0.0015292000025510788,1,1,2.3247757458936134,2.6464042650656614,0.0026216860141174414,1.4208482395893718,0.1311369805169268
S3,1,Max-SINR,0.36144547553578876,0.8363230689191434,1.9865162543879413,0.10408935179420481,0.74,0.26,0.133411106155524,0.9979998619245255,0.0020001380754744403,1.0208205078789572,0.9723714744910338,0.5320189016486293,0.28496781262841847,0.16856319289791682,0.93,0.0023265000199899077,1,1,0.817026080760805,0.834621304854166,0.0020001380754744403,0.10980581270409118,0.027628525508966217
S3,1,Delay-Greedy,0.43998334065071887,0.9697221444941134,2.0548538353498236,0.11886416814897618,0.58,0.42,0.20764968248950602,0.9980984424453225,0.0019015575546772901,1.0212389481802646,0.9618225538404892,0.5319989287994057,0.32983570668360523,0.1992305612232362,0.93,0.004078299971297383,1,1,0.8435663675873533,1.2341474452423038,0.0019015575546772901,0.15145081413069159,0.0381774461595108
S3,1,Load-Aware,0.32974912199191386,0.8369399743112892,1.9374152815939092,0.10717166488503423,0.68,0.32,0.10286863991378833,0.9988911860612256,0.0011088139387744056,1.021072774362073,0.9808178764565686,0.5986540483230312,0.4754405225481529,0.13984732239640177,0.66,0.0038234000094234943,1,1,0.698887257429839,0.9005019838266645,0.0011088139387744056,0.0674117149647392,0.019182123543431406
S3,1,Offload-then-Allocate,0.35181914559028543,0.8041341678893964,1.896246264470419,0.09688790016932856,0.75,0.25,0.09394066961606534,0.9977613056025423,0.002238694397457743,1.022108828419222,0.9811686101178846,0.6127336958561741,0.4754405225481529,0.13853814387299315,0.94,0.0033529000356793404,1,1,0.8125850692958632,0.8289013653465834,0.002238694397457743,0.08426090441009297,0.018831389882115412
S3,2,RFOTO-ABC,0.3972193706021934,0.922179568965105,2.3989797248635383,0.12113593199517494,0.72,0.28,0.17048553431411725,0.9983457269170602,0.0016542730829397167,1.0171554529531759,0.9670853655481094,0.5197519430818781,0.1970513568627013,0.1844854468206673,0.68,0.9454369000159204,500,1,0.7889110308587188,1.062565755723128,0.0016542730829397167,0.14135479897869185,0.03291463445189058
S3,2,Standard-ABC,0.7132290231368185,1.5981586557420286,4.171829716714063,0.1645666166872827,0.4,0.6,0.7271178657826494,0.9970255044421112,0.0029744955578886977,1.0652234410903065,0.8672295713823301,0.2761412406136791,0.1970513568627013,0.3912763868846127,0.36,0.9792070999974385,500,1,1.4740140981471903,1.0472457989963333,0.0029744955578886977,0.6685126613853708,0.13277042861766986
S3,2,GA,0.5825072710526172,1.4125143521002173,4.173932591103457,0.15785728978840224,0.42,0.58,0.548051362516205,0.9983981242625499,0.0016018757374501036,1.0385689570769678,0.8984465319663942,0.2984818701183223,0.1970513568627013,0.33620274980913234,0.44,0.934822199982591,500,1,1.2294273365744701,0.9552845181794628,0.0016018757374501036,0.46521745531819747,0.10155346803360576
S3,2,PSO,0.8396261295413463,1.9774044723079132,4.697319934497589,0.21932103595159755,0.25,0.75,0.9916195098610793,0.9986507670948321,0.0013492329051678221,1.0592300414364764,0.8502006054140655,0.27447837191090757,0.08591747126538153,0.4197534981340062,0.28,1.3835917999967933,500,1,1.7163396523012582,1.2014545422300587,0.0013492329051678221,0.8303331174503972,0.1497993945859345
S3,2,DE,1.4955733786805168,2.7898223297708533,9.444782085765366,0.31890687557086933,0.2,0.8,1.85586936033819,0.9972382055026355,0.0027617944973644505,1.0838109288313238,0.7761603738803968,0.11016880790167088,0.04389522070485317,0.537022834627164,0.25,0.9605310000479221,500,1,2.6386009688980434,2.504104935793677,0.0027617944973644505,1.7047163730781638,0.22383962611960317
S3,2,Local-only,0.8476927612423881,1.9645939597057842,4.368690177489504,0.18226764974585205,0.17,0.83,0.9551701262314808,1.0,0.0,0.0,0.8514329886304484,0.27447837191090757,0.1970513568627013,0.41772066150897846,0.0,0.00048209994565695524,1,1,1.8287926832111991,1.0,0.0,0.8728381549366224,0.14856701136955164
S3,2,Random-feasible,0.8563418775269914,1.685623668503373,4.2689227366752585,0.20260234553438575,0.38,0.62,0.8050992946479603,0.995829605509857,0.004170394490142901,1.078756081848016,0.8578350798741193,0.27336339718596375,0.1748270155070994,0.407093643907215,0.4,0.0017017999198287725,1,1,1.69319660262188,1.3211693586669846,0.004170394490142901,0.8508340246182521,0.14216492012588067
S3,2,Max-SINR,0.47090045280294607,0.9365145823612196,2.343908539431762,0.12941521780569348,0.72,0.28,0.18956865141691476,0.9964720014719463,0.0035279985280537453,1.0272616164977726,0.9617142653241362,0.47954009410917403,0.1970513568627013,0.19952414737368923,0.95,0.001307699945755303,1,1,0.9197612473473316,1.2496021532533377,0.0035279985280537453,0.18828543228448874,0.038285734675863825
S3,2,Delay-Greedy,0.476334448157104,1.024637994460065,2.681625745278559,0.14269760193751985,0.67,0.33,0.2116979421788626,0.9971863426814971,0.0028136573185028615,1.0259611965871491,0.9580579541961081,0.48726691136154976,0.1970513568627013,0.20923238939101765,0.93,0.004014100064523518,1,1,0.8693064935659743,1.398989123940111,0.0028136573185028615,0.16922167136123767,0.041942045803891936
S3,2,Load-Aware,0.3972193706021934,0.922179568965105,2.3989797248635383,0.12113593199517494,0.72,0.28,0.17048553431411725,0.9983457269170602,0.0016542730829397167,1.0171554529531759,0.9670853655481094,0.5197519430818781,0.1970513568627013,0.1844854468206673,0.68,0.0047218999825417995,1,1,0.7889110308587188,1.062565755723128,0.0016542730829397167,0.14135479897869185,0.03291463445189058
S3,2,Offload-then-Allocate,0.42044594634216914,0.8919195266520967,2.4621007146479625,0.12204107747465813,0.77,0.23,0.14681288576251586,0.9964579598834701,0.0035420401165300376,1.0279677041941757,0.9703545238022201,0.5038815836704732,0.1970513568627013,0.1747889598683672,0.95,0.0051769999554380774,1,1,0.8611521820261047,1.1002866579635378,0.0035420401165300376,0.13983869075255723,0.029645476197779908
S3,3,RFOTO-ABC,0.3136334931052294,0.7711517965346856,1.652365491686151,0.09142436169424081,0.71,0.29,0.07353475506821043,0.9989868265105223,0.00101317348947776,1.0153797308544983,0.9870428514757372,0.6970013705371424,0.4951590736472076,0.11457416866059462,0.67,1.0186570000369102,500,1,0.674961930054797,0.8598200867585595,0.00101317348947776,0.055095162404845216,0.012957148524262774
S3,3,Standard-ABC,0.6937387220706606,1.587997098645367,4.437171482095736,0.18879838259073478,0.39,0.61,0.6381643804214091,0.9971946377797402,0.002805362220259937,1.0603969361874392,0.8851897096949131,0.27402042389194764,0.14496912225803343,0.3601407206193862,0.43,0.980396999977529,500,1,1.4475722651046514,1.107963332732661,0.002805362220259937,0.5914741595791344,0.11481029030508694
S3,3,GA,0.516484211445119,1.2803427153970979,3.362599082032797,0.15597423316105308,0.41,0.59,0.4223175051886485,0.9976307650079302,0.0023692349920698117,1.0403296548466594,0.9235317193124583,0.3541095695044063,0.21724965512228106,0.28774961731840876,0.46,0.9996366000268608,500,1,1.1333802228522432,0.9374053020896689,0.0023692349920698117,0.32233708526825056,0.07646828068754175
S3,3,PSO,0.9587225174960232,1.942210443680393,4.966125223673583,0.18447931997121983,0.25,0.75,1.0952913456058362,0.9985507259496944,0.0014492740503055856,1.0478868971383215,0.8352711715772131,0.23986329888881835,0.11273268250142546,0.44409006619075103,0.27,1.1565475000534207,500,1,1.959513308606259,1.187611417286059,0.0014492740503055856,1.0628131947122823,0.1647288284227869
S3,3,DE,1.340323037708997,2.6033975637319147,7.048491927078337,0.28592542268538634,0.2,0.8,1.710860472563236,0.9987567369505106,0.0012432630494893671,1.047963479184434,0.7887810578250402,0.119432081802142,0.05529700870718639,0.5174735964618927,0.3,0.9410870999563485,500,1,2.3906614932875,2.267955930404434,0.0012432630494893671,1.4821311235612595,0.21121894217495985
S3,3,Local-only,0.834638129741471,1.9016036406631582,4.966125223673583,0.19293244338420099,0.19,0.81,0.8319911207832692,1.0,0.0,0.0,0.8693460697671807,0.2711843090587314,0.21724965512228106,0.3876724078295663,0.0,0.00039499998092651367,1,1,1.8036113292219478,1.0,0.0,0.8565488316042448,0.13065393023281935
S3,3,Random-feasible,0.849018804537081,1.8331176095644883,6.1667858602389565,0.20806907608448605,0.32,0.68,0.8642481710653982,0.9959847160161885,0.004015283983811557,1.0613143356885275,0.8613580716512641,0.26193818144282016,0.08571891361639317,0.4011949255252912,0.55,0.0015556999715045094,1,1,1.6586608923861645,1.4186015196050668,0.004015283983811557,0.799856029802829,0.1386419283487359
S3,3,Max-SINR,0.32345384771685104,0.737009112165874,1.5814994971930967,0.08194923163853936,0.82,0.18,0.05794776606408423,0.9979566322377198,0.0020433677622801872,1.0161304485891922,0.9882090991770461,0.7214444989005687,0.4951590736472076,0.10923179462890913,0.95,0.001241200021468103,1,1,0.7461207334208408,0.7986643282629703,0.0020433677622801872,0.059786825785184884,0.011790900822953865
S3,3,Delay-Greedy,0.3658084330150983,0.8559541311970045,1.8006026150047703,0.09470132029293399,0.66,0.34,0.1330019427553734,0.9990663388908136,0.0009336611091863545,1.0124055673431958,0.9747307269115518,0.5728221900292688,0.4951590736472076,0.1610104434316658,0.93,0.004584799986332655,1,1,0.7454884281148931,1.0197603228185501,0.0009336611091863545,0.08998061751395191,0.025269273088448174
S3,3,Load-Aware,0.34045325194340886,0.7822771896153597,1.8021318056467426,0.08971124288475925,0.71,0.29,0.09616732557285974,0.9984296141893975,0.0015703858106023993,1.017953047746397,0.9819370613468249,0.6341228303367812,0.33271103839244615,0.135628943100837,0.66,0.005035200039856136,1,1,0.7269979512426188,0.8613795357128304,0.0015703858106023993,0.10589326326293158,0.018062938653175098
S3,3,Offload-then-Allocate,0.3048449045020612,0.7197346412776482,1.7137559859153348,0.08013881243283866,0.88,0.12,0.03870483292940771,0.9985863730722231,0.0014136269277768298,1.0130112631131987,0.9926194170910156,0.8003028484013753,0.4951590736472076,0.08622911889237227,0.94,0.003427300020121038,1,1,0.7299926273804556,0.7469421066101195,0.0014136269277768298,0.035662475374105405,0.007380582908984357
S3,4,RFOTO-ABC,0.30522476769969603,0.7433636524737313,1.7283886593584183,0.07960462051748937,0.76,0.24,0.11703731339361688,0.9987030091283543,0.001296990871645688,1.0199263125739568,0.9783365948309836,0.7179141533993096,0.27102137732685655,0.1488055782508951,0.72,1.034296700032428,500,1,0.6873172547216789,0.6685752818569578,0.001296990871645688,0.11840101116420425,0.021663405169016436
S3,4,Standard-ABC,0.696809778714718,1.3978394853009133,3.727600077532052,0.18682848876489833,0.42,0.58,0.6000497022232509,0.997659424110902,0.002340575889097836,1.0465220009301146,0.8912766100168498,0.29559872364041434,0.17163408831814297,0.34926513746272275,0.39,0.9849174000555649,500,1,1.4173290963134624,1.153006832935664,0.002340575889097836,0.6109994240828432,0.10872338998315023
S3,4,GA,0.4676898124422602,1.1576041356910778,3.01924449550831,0.16551328085088687,0.5,0.5,0.38474007107580055,0.9967671958334023,0.0032328041665975983,1.0492471407768769,0.9287999127838124,0.4214137778115721,0.27278136883757587,0.2768720905086048,0.38,1.0149176999693736,500,1,1.0147657640134617,0.9139445760245667,0.0032328041665975983,0.26232044447784825,0.07120008721618765
S3,4,PSO,0.7277843856608759,1.5840799056043846,3.792656912224921,0.17518562199726698,0.34,0.66,0.7693739566396157,0.9994263865625341,0.0005736134374659008,1.0614014636605722,0.8751386860598254,0.29559872364041434,0.11709354326906202,0.37772480801112407,0.17,1.1359093999490142,500,1,1.566062008583092,0.9405447388617452,0.0005736134374659008,0.7053730116292872,0.12486131394017463
S3,4,DE,1.1765592146369042,2.3266845918376418,5.514637820858027,0.23689263376656045,0.19,0.81,1.541026160836657,0.9967766464898699,0.0032233535101299526,1.0673241878029727,0.8158059972443744,0.18567377385902786,0.05763173873358445,0.47516483854574965,0.26,0.905189499957487,500,1,2.2323353232820664,1.7599009296690264,0.0032233535101299526,1.304865893002655,0.18419400275562559
S3,4,Local-only,0.7796299150194663,1.6776346922898195,3.751593190864182,0.18758906307803183,0.26,0.74,0.7488012849110013,1.0,0.0,0.0,0.8810556751614909,0.30020320647905,0.27102137732685655,0.36742625500745196,0.0,0.00040639995131641626,1,1,1.6906446132452495,1.0,0.0,0.7565084519295099,0.11894432483850914
S3,4,Random-feasible,0.8736320932864124,1.5831888727409393,4.265681300378939,0.2310521589262174,0.34,0.66,0.8112748558328903,0.9964050508369432,0.0035949491630567444,1.0980886942093773,0.867366647162238,0.27138444560227115,0.13001383665942703,0.39104344928982304,0.47,0.0016062000067904592,1,1,1.5839185669783609,1.8463343694083216,0.0035949491630567444,0.7203532134891938,0.132633352837762
S3,4,Max-SINR,0.29813855173393267,0.6739364565957612,1.6339578489184379,0.07862841573085316,0.83,0.17,0.06964219006137808,0.9980840660221338,0.0019159339778661954,1.0147606618168854,0.9864464475299766,0.7205116503029324,0.27278136883757587,0.11721678734119728,0.93,0.0018218999030068517,1,1,0.6932093045282256,0.7287686042497348,0.0019159339778661954,0.05241886119335711,0.013553552470023433
S3,4,Delay-Greedy,0.3445786950856531,0.8068678930761896,1.9934195264639956,0.08696198974705553,0.66,0.34,0.13893329618455966,0.998147401735008,0.0018525982649919691,1.0144853640256126,0.9758444736187837,0.6325701073067475,0.27102137732685655,0.15733232095914776,0.93,0.004243699950166047,1,1,0.726587790804582,0.839673888896,0.0018525982649919691,0.13194726175970695,0.02415552638121632
S3,4,Load-Aware,0.30522476769969603,0.7433636524737313,1.7283886593584183,0.07960462051748937,0.76,0.24,0.11703731339361688,0.9987030091283543,0.001296990871645688,1.0199263125739568,0.9783365948309836,0.7179141533993096,0.27102137732685655,0.1488055782508951,0.72,0.004498900030739605,1,1,0.6873172547216789,0.6685752818569578,0.001296990871645688,0.11840101116420425,0.021663405169016436
S3,4,Offload-then-Allocate,0.2756503764138831,0.6206881917596715,1.2620191232802944,0.07243991491849971,0.9,0.1,0.05024618637756669,0.998048778488824,0.0019512215111760533,1.0164977253272451,0.9902588639023423,0.8024470152867812,0.27278136883757587,0.0991814461306287,0.94,0.003673899918794632,1,1,0.6530203470504452,0.6764463998004259,0.0019512215111760533,0.03630765985729615,0.009741136097657699
S3,5,RFOTO-ABC,0.3332533208401024,0.8202954507665575,1.8605932702767596,0.11424341780927755,0.73,0.27,0.12292605999913998,0.9982798902479628,0.0017201097520371967,1.021031416460079,0.9757862148765751,0.6390587027337481,0.35066835630184295,0.15752663749706622,0.62,0.9528881000587717,500,1,0.7266374339876609,0.8316502520641491,0.0017201097520371967,0.09148133925857445,0.02421378512342487
S3,5,Standard-ABC,0.6854939346223567,1.476888428212424,3.964535946840333,0.2087392413163635,0.39,0.61,0.6040593001039478,0.9982529226309653,0.0017470773690347774,1.049507971978819,0.8955051310691988,0.3309884702948483,0.17815037290548164,0.3415965245575223,0.41,0.982390100019984,500,1,1.3879989099272145,1.2228181229777717,0.0017470773690347774,0.5561913715218407,0.10449486893080118
S3,5,GA,0.49072823152870937,1.1314037325109352,2.9088335947584025,0.15685514832449607,0.48,0.52,0.35477589899306095,0.9984251139614178,0.001574886038582296,1.0358364256130432,0.9348872511860704,0.42246608368334454,0.3126661652733376,0.2639085109454685,0.42,1.0500290000345558,500,1,1.1032054715652466,0.8677273334461343,0.001574886038582296,0.2987434963626867,0.06511274881392959
S3,5,PSO,0.7596626372577372,1.6903353453156607,4.338373667849758,0.20485276808585492,0.29,0.71,0.7679510010302611,0.9995288908657355,0.00047110913426454235,1.0424347435663026,0.8768029422129315,0.2854823414987454,0.18602553927240426,0.3748427961021621,0.24,1.1755836999509484,500,1,1.5957337911158402,1.092748266499873,0.00047110913426454235,0.7129726760355316,0.12319705778706846
S3,5,DE,1.20303428838535,2.4348368417480826,10.116618372535113,0.34106247390411903,0.23,0.77,1.4471175555518385,0.9984634998664751,0.0015365001335249995,1.0280765097445956,0.8254282706500069,0.13367450200359945,0.07663110860112472,0.459882927661057,0.24,0.9679046999663115,500,1,2.246475844553032,1.844159617958465,0.0015365001335249995,1.3531933004964725,0.1745717293499931
S3,5,Local-only,0.7804539287069734,1.837801745770945,5.063095209829924,0.2021681795660034,0.23,0.77,0.801618359569404,1.0,0.0,0.0,0.8816322329449796,0.3107315412308043,0.20100973485481152,0.3664147919470215,0.0,0.00040469993837177753,1,1,1.6985840626812463,1.0,0.0,0.7522109919136348,0.11836776705502039
S3,5,Random-feasible,1.7097842648264323,2.6457424315341553,5.63285028545755,0.3920252104136992,0.24,0.76,1.960626957647193,0.9952486479013823,0.004751352098617679,1.0603291369212893,0.8333421152732505,0.14562156622205127,0.015159943963955008,0.4471994567749219,0.52,0.0015826999442651868,1,1,2.810284378149926,3.3662681304476827,0.004751352098617679,1.9052959903722497,0.16665788472674947
S3,5,Max-SINR,0.46228924672337157,0.9055103356336768,2.632686701785529,0.14191767458871068,0.72,0.28,0.1776788341567549,0.9969994935461588,0.0030005064538414015,1.0184569169255422,0.9651632150605121,0.5172950006776225,0.21476070886167903,0.1899847112038098,0.93,0.0012674001045525074,1,1,0.9112668184299482,1.2528187174052103,0.0030005064538414015,0.1628964618936463,0.03483678493948794
S3,5,Delay-Greedy,0.4703741473252465,1.0440199348076302,2.4364054137546027,0.15336505124987593,0.53,0.47,0.26769699132847685,0.9965341684550055,0.0034658315449944375,1.027998172421929,0.9522323220715557,0.4947084010242656,0.20335644203917688,0.22397296821973645,0.95,0.004072100040502846,1,1,0.8870415565840138,1.3085843063521776,0.0034658315449944375,0.1778711769126036,0.047767677928444274
S3,5,Load-Aware,0.3516328148221431,0.8676985375705736,1.8516331038927456,0.1143795659721064,0.74,0.26,0.1632770007583273,0.9987192516584392,0.0012807483415606924,1.0219735870017905,0.9683807305951826,0.6021995475218839,0.2361610599607887,0.1806977920516548,0.6,0.004901200067251921,1,1,0.7567964196483851,0.8304204471833815,0.0012807483415606924,0.13148641101401942,0.03161926940481741
S3,5,Offload-then-Allocate,0.4118427533580636,0.8884866548349889,2.0150723403282895,0.1292078842349812,0.66,0.34,0.12406964701845678,0.996244901880445,0.0037550981195549338,1.0285345196409703,0.9773069110243262,0.6420539648340163,0.2880391066758514,0.15238117673839732,0.95,0.004427799955010414,1,1,0.8842171142058126,1.065225354335035,0.0037550981195549338,0.10739875474437247,0.022693088975673792
S3,6,RFOTO-ABC,0.32556287120623817,0.9193066390450194,2.142117874935859,0.09791652561588247,0.74,0.26,0.13034444370741535,0.9988034273961022,0.0011965726038979097,1.0251368285339064,0.9742270856575377,0.5260288929836163,0.2988208829585816,0.1626491002996309,0.73,0.9636957000475377,500,1,0.7476854392881257,0.706726462579578,0.0011965726038979097,0.11410916130048461,0.025772914342462316
S3,6,Standard-ABC,0.6911534349726505,1.5539087889909098,3.916151292684219,0.20395833331325341,0.38,0.62,0.6200851510401123,0.9974295235640702,0.002570476435929754,1.0542402016361145,0.8863766517430514,0.2984439468312855,0.24009141774257767,0.35803430263621716,0.47,0.9736938000423834,500,1,1.4197552498932509,1.2017625833744032,0.002570476435929754,0.553570549869796,0.11362334825694864
S3,6,GA,0.5726681561766024,1.4227637461793483,3.938662781238901,0.15843568495608554,0.47,0.53,0.5051674487822919,0.9989919270028825,0.0010080729971173941,1.0307488611763223,0.9056423197261046,0.3100782709702453,0.20936039113341276,0.3227827174472327,0.43,0.9991692999610677,500,1,1.2291364809013972,0.9287442806557098,0.0010080729971173941,0.4468685088495551,0.09435768027389535
S3,6,PSO,1.097367594638003,2.5935741359963407,7.523912789861044,0.19919072464238094,0.18,0.82,1.4562945133113074,0.9995216572517284,0.00047834274827162184,1.022399636882712,0.8185107199875005,0.15908272844062418,0.06041849187996696,0.4708833159070772,0.25,1.0594017000403255,500,1,2.2792802015943834,1.090043638729031,0.00047834274827162184,1.3468877515140931,0.18148928001249953
S3,6,DE,1.4088294053659431,2.7160245823323943,6.995477893628618,0.3181719403227109,0.18,0.82,1.662327936927856,0.997578947979315,0.0024210520206850495,1.095025997210208,0.8063856959611918,0.1158379586097534,0.05531447951866011,0.4900013899726327,0.2,0.9200996001018211,500,1,2.51889616198608,2.332496787011354,0.0024210520206850495,1.598817963231047,0.1936143040388082
S3,6,Local-only,0.9378710888678703,2.2074162458361175,4.6748306456195605,0.19487045880841006,0.12,0.88,1.0435012151067313,1.0,0.0,0.0,0.8562072344535604,0.2622114580893255,0.20686745361470077,0.40980671628281495,0.0,0.0003819999983534217,1,1,2.020997584758596,1.0,0.0,1.044211111385021,0.1437927655464396
S3,6,Random-feasible,0.8975795308448788,2.1013806767290366,5.121741122237935,0.24278252201385825,0.37,0.63,0.950025480906669,0.9964958717222322,0.003504128277767833,1.0829408854491527,0.8584100731506819,0.22755999694077986,0.04783757892390773,0.40613346466718,0.42,0.0015040000434964895,1,1,1.781357549332954,1.323282414490327,0.003504128277767833,0.9272338666205598,0.14158992684931815
S3,6,Max-SINR,0.31143131109444916,0.8557630525412094,1.9419739290188993,0.07470295964466006,0.86,0.14,0.09291108613701436,0.9982775711140645,0.0017224288859357473,1.0181760872288608,0.9802999474202178,0.6714751015184727,0.2988208829585816,0.1417601626969343,0.94,0.0012624000664800406,1,1,0.8087528804599211,0.5486159383009899,0.0017224288859357473,0.09460482628066359,0.019700052579782246
S3,6,Delay-Greedy,0.360573184661824,0.9985334411592264,2.3933964811477138,0.09283893842705272,0.59,0.41,0.17717683192046405,0.9984706255088116,0.001529374491188308,1.0195718641469325,0.9661165260389654,0.525987098244513,0.2988208829585816,0.18727474303426,0.94,0.0037259000819176435,1,1,0.8150439532550883,0.7723740057992907,0.001529374491188308,0.14227079794306197,0.03388347396103464
S3,6,Load-Aware,0.32802897375679885,0.9168767039327581,2.056435697870633,0.09896665444817135,0.71,0.29,0.1378291401475648,0.9987806719553574,0.0012193280446427856,1.0237810233045774,0.9732316806554786,0.5260288929836163,0.2988208829585816,0.16584501943170962,0.7,0.004290600074455142,1,1,0.7475549451640519,0.7148891339407558,0.0012193280446427856,0.11859101545626273,0.026768319344521396
S3,6,Offload-then-Allocate,0.3149280949261733,0.8538010856812196,1.9419739290188993,0.07712835430318783,0.84,0.16,0.09134940624283178,0.9979524809784247,0.0020475190215751304,1.0207853692211712,0.9805019988199761,0.6714751015184727,0.2988208829585816,0.1410167835046873,0.94,0.003511900082230568,1,1,0.8051600930486092,0.581983977663519,0.0020475190215751304,0.09202508413269825,0.01949800118002387
S3,7,RFOTO-ABC,0.3019867114651863,0.8221447511850094,1.6961477640110254,0.10085036536635103,0.65,0.35,0.10291423652168546,0.9994052097182236,0.0005947902817765239,1.0113480904358558,0.9819473876865782,0.6509276140825749,0.5012228658898384,0.1355894559870922,0.69,0.9967668000608683,500,1,0.6926738864167996,0.7315400643847176,0.0005947902817765239,0.06504152119964071,0.018052612313421812
S3,7,Standard-ABC,0.7132260867317703,1.699102254556338,5.100110299266711,0.18621617917281177,0.34,0.66,0.6946463622986714,0.9980131145976407,0.001986885402359203,1.0427653456186625,0.8822797475461982,0.24910008558725982,0.1616622251113774,0.3652770924714621,0.42,1.0973566999891773,500,1,1.4953443816487677,1.0828887702574628,0.001986885402359203,0.6356050433296675,0.1177202524538018
S3,7,GA,0.5392945641704728,1.3154096570776168,3.2034526916657495,0.14702455303870163,0.39,0.61,0.4715659606395265,0.9965838366937928,0.003416163306207264,1.0402908934352124,0.9143665092467956,0.3675963357988823,0.20574274246209276,0.3060283555690129,0.43,1.0059277000837028,500,1,1.2186520123116114,0.8232086713792773,0.003416163306207264,0.3904880164458255,0.08563349075320437
S3,7,PSO,0.8168661086013068,1.8964573024965568,4.702920360726159,0.1683399392186214,0.23,0.77,0.9215017326858564,0.9991410830964075,0.000858916903592517,1.0230428910762548,0.8571376902273422,0.24930326582630474,0.16080693319608225,0.4082569037446621,0.21,0.9954188000410795,500,1,1.7385960721241938,0.9639274304230488,0.000858916903592517,0.8641073846407352,0.1428623097726578
S3,7,DE,1.1867016354344666,2.5806009772809024,7.545332993310798,0.2560726316076872,0.11,0.89,1.4719010378607567,0.9986317176664707,0.0013682823335292372,1.1038198718258834,0.8399849739919345,0.16070395643359953,0.054154442604782804,0.43646017712963814,0.1,0.9963170000119135,500,1,2.2925577572668097,1.703711678731485,0.0013682823335292372,1.3349181357605022,0.1600150260080655
S3,7,Local-only,0.8829309155134525,2.066925383686639,4.648472805531118,0.19223611485952347,0.11,0.89,0.9577678316480523,1.0,0.0,0.0,0.8678217057059069,0.26413869304786114,0.1616622251113774,0.3902696845750084,0.0,0.00041829992551356554,1,1,1.9123761348668489,1.0,0.0,0.9400405506105051,0.1321782942940931
S3,7,Random-feasible,0.8792924840202323,1.8835605673728895,5.952632347714074,0.25182940496405093,0.33,0.67,0.8804835645415985,0.9959820022366409,0.004017997763359106,1.0648015404047992,0.856252352864433,0.21148845618864867,0.12180957609412205,0.4097316225230762,0.47,0.001585699967108667,1,1,1.6855886139547085,1.5392394915235508,0.004017997763359106,0.8185746407200627,0.14374764713556698
S3,7,Max-SINR,0.3235396577990523,0.7942528261575414,1.7962332620380126,0.0928376113420452,0.81,0.19,0.05430287813684963,0.9983868997185265,0.0016131002814735163,1.013388792842802,0.9897168165693249,0.7234764109664068,0.5561498303123992,0.10193147685387109,0.96,0.0012473000679165125,1,1,0.7593693425553271,0.8019365965844263,0.0016131002814735163,0.04616694040664258,0.010283183430675136
S3,7,Delay-Greedy,0.3700737631232309,0.9240035204083514,2.0498563285704208,0.09953096868206686,0.56,0.44,0.13272389442703583,0.9985571428923111,0.001442857107688672,1.0141872324043573,0.9776887082073545,0.6272965530392056,0.4433515569058355,0.15106437504919432,0.98,0.003516900003887713,1,1,0.7537856587325118,1.0529406830422712,0.001442857107688672,0.08020392317331144,0.02231129179264546
S3,7,Load-Aware,0.3033997119340087,0.8215780670837901,1.6981396589257047,0.10169845719717395,0.66,0.34,0.10346860530980118,0.9994073875408716,0.0005926124591284653,1.011130327490703,0.9818133414752791,0.6509276140825749,0.5012228658898384,0.1361012116700681,0.7,0.0047747999196872115,1,1,0.6924687064698456,0.7406273928288111,0.0005926124591284653,0.06536762048676759,0.0181866585247209
S3,7,Offload-then-Allocate,0.3091448188215623,0.7635649669074408,1.3897537683380463,0.08276998613691716,0.85,0.15,0.040148260722068924,0.998127612708591,0.0018723872914091478,1.0162969420899994,0.9925100253984662,0.8047880378917622,0.4925699300250532,0.08687058004565444,0.98,0.0041207000613212585,1,1,0.7363043305928502,0.7739482279660144,0.0018723872914091478,0.029914113319743002,0.007489974601533778
S3,8,RFOTO-ABC,0.31079677822912066,0.7980226930902677,1.8719299998174161,0.105235275382956,0.74,0.26,0.1137267628697791,0.9990082883945339,0.0009917116054659557,1.022696982068412,0.9770221031716269,0.5810047063957927,0.4281806960838136,0.1533567665606828,0.65,0.8925977000035346,500,1,0.693502450712786,0.7525727346521012,0.0009917116054659557,0.08356091403103931,0.022977896828373146
S3,8,Standard-ABC,0.6711775355764741,1.5669139164036907,4.753317230653657,0.1524856535305022,0.39,0.61,0.6320821632439937,0.9994792338466232,0.000520766153376736,1.0265461569853631,0.8872424575558538,0.3007244344981081,0.21282166321043441,0.35649352229797265,0.34,0.9604230000404641,500,1,1.4228094801279048,0.9782332899997173,0.000520766153376736,0.6068895497889719,0.11275754244414615
S3,8,GA,0.46178434561209547,1.0721538902684038,2.581987286966354,0.139233679199939,0.53,0.47,0.29633090623240066,0.9989736617233818,0.001026338276618336,1.0412593828977164,0.9444471102533877,0.42753583443915866,0.26397695829004036,0.24252946369961612,0.47,0.9320264999987558,500,1,1.0126650059474782,0.8981688114894767,0.001026338276618336,0.2614182851379556,0.05555288974661232
S3,8,PSO,0.8588981976648855,1.928735179691933,5.0870678105432905,0.17262676810766067,0.25,0.75,0.9307083664492894,0.9988586504641155,0.0011413495358844684,1.0743967340771088,0.860126077300797,0.25933975920695224,0.10716863205171175,0.4032620187748823,0.22,1.0583062999648973,500,1,1.8166084189225786,1.0436072609783542,0.0011413495358844684,0.9079825819017213,0.13987392269920296
S3,8,DE,1.208215356692395,2.655284077039086,8.446704105154685,0.24422941019940622,0.17,0.83,1.573290841147541,0.9970567338430272,0.0029432661569726635,1.0687275443165813,0.8008709216167088,0.12971575986776096,0.07156851150283279,0.4986388119840722,0.26,0.9046190000372007,500,1,2.3190756757680893,1.6715646593804676,0.0029432661569726635,1.3890148954176575,0.1991290783832912
S3,8,Local-only,0.8343596106602802,1.9698748731162181,4.753317230653657,0.17665535006222693,0.18,0.82,0.8454351161574213,1.0,0.0,0.0,0.8717119096547895,0.3007244344981081,0.21282166321043441,0.38362480479172534,0.0,0.0003920999588444829,1,1,1.809239597795176,1.0,0.0,0.8512259906388184,0.1282880903452105
S3,8,Random-feasible,0.9579275276618484,1.8646814156509786,4.063686566106327,0.2587576913234149,0.29,0.71,0.846084343421238,0.9967873837163203,0.003212616283679777,1.078962918348792,0.8733377729360882,0.31151520557931933,0.07320976553786501,0.38083112681380404,0.42,0.0015622999053448439,1,1,1.7044395994471258,2.054950258898027,0.003212616283679777,0.8157329265961609,0.12666222706391184
S3,8,Max-SINR,0.349165577017743,0.813912910428961,1.8553179053116424,0.1068914541619976,0.78,0.22,0.13211067972293297,0.9985469944789946,0.0014530055210052817,1.019827669430827,0.9735260750261437,0.5807388415667926,0.23842826518958332,0.16490558813415562,0.92,0.0015250000869855285,1,1,0.7774307213692421,0.8243106154598072,0.0014530055210052817,0.10759845802472756,0.026473924973856255
S3,8,Delay-Greedy,0.39141629922675125,0.9595501677409196,2.5048239185698797,0.11731914610017441,0.68,0.32,0.2139696328012018,0.9981183490822793,0.0018816509177208118,1.0264351182078015,0.9574148810805616,0.47799363997629246,0.24839823033287298,0.2109011002728016,0.94,0.004208900034427643,1,1,0.8061558529082166,0.979055410949783,0.0018816509177208118,0.1450197053430791,0.04258511891943839
S3,8,Load-Aware,0.3157115749492656,0.794817009619313,1.874133128162604,0.10893592680769443,0.73,0.27,0.12066623711612542,0.9993449989275228,0.0006550010724769484,1.0144431554970177,0.9762501898950549,0.5810047063957927,0.44847578062599547,0.1559730285796516,0.62,0.004604700021445751,1,1,0.6933377990703414,0.7755075422354888,0.0006550010724769484,0.0894300884644789,0.023749810104945146
S3,8,Offload-then-Allocate,0.3584090561502531,0.849293023553407,2.1600956993067486,0.10459088496881139,0.74,0.26,0.14771044702246705,0.9980301118412114,0.001969888158788674,1.0277266676328345,0.9691746077790588,0.5426791812742574,0.28347268632278366,0.1783418601132117,0.94,0.003643699921667576,1,1,0.7915517466559682,0.8428307896194354,0.001969888158788674,0.11631485831378714,0.03082539222094116
S3,9,RFOTO-ABC,0.3066706073643005,0.8139994456880447,1.544663299966407,0.10756790862247674,0.77,0.23,0.10807476227700748,0.9989967491986126,0.0010032508013875742,1.0176893093221264,0.9774953004118084,0.6022584681927228,0.3833512737650694,0.1517327297072718,0.74,0.8921986999921501,500,1,0.7194493672712392,0.6750773856026022,0.0010032508013875742,0.08788121043037625,0.022504699588191568
S3,9,Standard-ABC,0.6714685162338371,1.5124981525608305,3.512633889147783,0.18838482291514513,0.32,0.68,0.6087733503533521,0.9968501244447036,0.0031498755552964853,1.0760087647092487,0.8959856655407351,0.34578677793173646,0.2589245003053848,0.3407187756505058,0.32,0.9582249999511987,500,1,1.4724864200668577,0.9067711189429534,0.0031498755552964853,0.6043964723829219,0.10401433445926489
S3,9,GA,0.48778524111520566,1.232132359388041,3.174487758275652,0.17436140453441926,0.44,0.56,0.36551549509434517,0.9978229146625921,0.0021770853374079944,1.0597976524493986,0.933161805628078,0.4063589776222883,0.34593060316997754,0.26762943490430124,0.46,1.0030008000321686,500,1,1.0800017145558383,0.8883556508528845,0.0021770853374079944,0.29628127450017405,0.06683819437192196
S3,9,PSO,0.8514489715651651,1.9972428523300296,5.182728839092134,0.20818257499248646,0.22,0.78,0.9389421338605634,0.998169280962022,0.0018307190379779359,1.0575402725613021,0.8610968589686853,0.24854461305186862,0.12340016960905725,0.4016335933034223,0.28,1.1877199000446126,500,1,1.818148439985393,1.0068173710689505,0.0018307190379779359,0.8987505637847257,0.13890314103131474
S3,9,DE,1.4128111687791247,2.963346529451355,10.556364699067766,0.3759421283815968,0.16,0.84,1.787089133069574,0.9972445140856487,0.0027554859143512,1.0824257637304215,0.8061288612315086,0.08205561636151222,0.07831022525605055,0.4904043858494558,0.29,0.8850912998896092,500,1,2.591639867116555,2.137189426768927,0.0027554859143512,1.6587640799460115,0.19387113876849138
S3,9,Local-only,0.8378560424126454,1.9706582559428216,4.313497286058456,0.22263329097510642,0.13,0.87,0.8745474245058305,1.0,0.0,0.0,0.8818715220764367,0.30552830350515353,0.23780440344614034,0.3659945723453034,0.0,0.00038320000749081373,1,1,1.8265472723594043,1.0,0.0,0.8539998105370394,0.11812847792356329
S3,9,Random-feasible,0.7331480460798996,1.5607881980264238,3.519137231681471,0.19878342405856614,0.31,0.69,0.6515221008420496,0.9957930038517311,0.004206996148268764,1.099789115144643,0.8909248539842012,0.30651038688921384,0.23780440344614034,0.3498987284565781,0.31,0.0015885999891906977,1,1,1.539053159691644,1.1003069055765047,0.004206996148268764,0.6645441967539576,0.10907514601579882
S3,9,Max-SINR,0.31713175682257194,0.8045249494365201,1.7549828918219383,0.10618580096144357,0.81,0.19,0.09575280147794682,0.999163821836365,0.0008361781636350363,1.0104242924910802,0.9795572820300165,0.6702380537415711,0.3833512737650694,0.14446225834223433,0.91,0.0012871000217273831,1,1,0.7735036352567515,0.6685129261848297,0.0008361781636350363,0.08098106300974034,0.020442717969983537
S3,9,Delay-Greedy,0.32802639547128776,0.8711163439276183,1.762200450061758,0.11285098860275909,0.71,0.29,0.11042084688798579,0.9988911407921611,0.0011088592078387905,1.0141586002739391,0.9782539769078729,0.6002689810255567,0.3833512737650694,0.1490953543019431,0.92,0.003528199973516166,1,1,0.7451345652399733,0.7739431078917026,0.0011088592078387905,0.088670450688609,0.021746023092127142
S3,9,Load-Aware,0.31124877831582215,0.8150300714944152,1.7298056411887783,0.10892130339978104,0.8,0.2,0.12287174619766798,0.9990785199047245,0.0009214800952755642,1.0169586607895345,0.9731412281181764,0.5478251635774049,0.3833512737650694,0.1661327060749161,0.72,0.004114000010304153,1,1,0.7151982660350215,0.6916620235605744,0.0009214800952755642,0.09794718588660789,0.026858771881823618
S3,9,Offload-then-Allocate,0.29780943326480924,0.7675296005001693,1.58374431432659,0.0991165074481082,0.84,0.16,0.07369281247583008,0.998888551203913,0.0011114487960869268,1.0144763174975528,0.9842931183510731,0.6853474211108752,0.3833512737650694,0.12632309606408545,0.92,0.004485600045882165,1,1,0.7329939278464533,0.6393497470161394,0.0011114487960869268,0.0643206689768743,0.015706881648926863
S3,10,RFOTO-ABC,0.3874810607857922,0.9240652249161265,2.1575508618658645,0.10600326277192978,0.65,0.35,0.18301834412621754,0.999792515228992,0.0002074847710079908,1.0109753699897388,0.9672891909158072,0.541590257138198,0.2414284863009841,0.18389396453999862,0.61,0.921094199991785,500,1,0.8640321263218792,0.796550269178097,0.0002074847710079908,0.18816948204710934,0.03271080908419277
S3,10,Standard-ABC,0.8006026696302744,1.7587315924333273,4.535993362187124,0.2501925581535105,0.29,0.71,0.7562878646659974,0.9977581800233257,0.002241819976674284,1.0696068623462651,0.8731571470353504,0.3131590939356555,0.15995236535690613,0.3811419874421481,0.37,0.8573012000415474,500,1,1.590772313908821,1.322591168916829,0.002241819976674284,0.7401844955020497,0.1268428529646496
S3,10,GA,0.5515712854922105,1.2727883177802015,3.8962842370814315,0.1519455243832547,0.51,0.49,0.4344173107111775,0.9984339550152177,0.0015660449847823732,1.019290208290553,0.9161291260995097,0.33351920037477045,0.2414284863009841,0.3025709569084024,0.4,0.9262593999737874,500,1,1.2143364157469272,0.8382377338523957,0.0015660449847823732,0.4374307255823572,0.0838708739004903
S3,10,PSO,1.2064738079712622,2.3988807703511665,5.984680810854157,0.25485401298183913,0.23,0.77,1.4202476397659265,0.9973853064494635,0.002614693550536493,1.073194543181414,0.8025678284957656,0.1289817711322631,0.09908297403051179,0.4959844807807615,0.34,0.9076598000247031,500,1,2.3070197700948945,1.6860531425189758,0.002614693550536493,1.3866925185357986,0.19743217150423442
S3,10,DE,1.3172803954687762,2.949930297619567,8.317655141842682,0.29211186085478763,0.24,0.76,1.6711634177105033,0.9999613876898803,3.86123101197855e-05,1.0238448609894553,0.8115759391096524,0.09452253846527457,0.04842163378360009,0.48184082995652205,0.19,0.9076033000601456,500,1,2.4789046496722573,1.8173374848017951,3.86123101197855e-05,1.5867291149394656,0.18842406089034758
S3,10,Local-only,0.8421861587082664,1.9531679289960708,4.865923035833028,0.2085799573599708,0.19,0.81,0.8443396339325021,1.0,0.0,0.0,0.8647655595374004,0.3036465573482442,0.2414284863009841,0.3954526241341277,0.0,0.0004002000205218792,1,1,1.8214125204395957,1.0,0.0,0.8661914501159103,0.13523444046259958
S3,10,Random-feasible,2.231723515871064,3.402197458285637,7.403560063385692,0.7129942609854694,0.3,0.7,2.0895068994199435,0.9958756364986155,0.004124363501384548,1.0640648059761253,0.8063234294459539,0.1550811446623502,0.020052805805745453,0.49009909836339977,0.51,0.0011425999691709876,1,1,3.3167517942885936,5.0899904381303145,0.004124363501384548,2.436642573183939,0.19367657055404608
S3,10,Max-SINR,0.4971187819088704,0.9546837803116948,2.021909419585976,0.12974053927915066,0.67,0.33,0.1968170524759377,0.9995716481720659,0.0004283518279342169,1.0143587909229002,0.9636083704244993,0.4990896702228459,0.2414284863009841,0.19433475165709338,0.96,0.0012447000481188297,1,1,0.9710215807538937,1.2955312596104815,0.0004283518279342169,0.21795713190765115,0.036391629575500684
S3,10,Delay-Greedy,0.5033807249067889,1.112426741208103,2.659526841053761,0.13414161738074926,0.52,0.48,0.28407756846721605,0.9989368703640013,0.001063129635998802,1.0184395821773893,0.9497248523768772,0.4603012140838019,0.2414284863009841,0.2300794210388099,0.91,0.004969600006006658,1,1,0.9918096015393948,1.1842240725443176,0.001063129635998802,0.2801632622784973,0.050275147623122796
S3,10,Load-Aware,0.41514579874608737,0.9479176276567953,2.3044549306686677,0.10469896608486018,0.64,0.36,0.20219963954317247,0.9998534065845237,0.0001465934154763404,1.007389112898878,0.9638756650076576,0.4586635748435337,0.2414284863009841,0.19359289868299692,0.6,0.004942400031723082,1,1,0.9136483480394125,0.8075015747841292,0.0001465934154763404,0.24064202634667298,0.036124334992342355
S3,10,Offload-then-Allocate,0.39853229461050954,0.8706485768408183,1.7354243358193784,0.10744587031854289,0.76,0.24,0.12882559502684293,0.9985071600080512,0.0014928399919487611,1.0250166713649902,0.9757361068204473,0.6000945288033501,0.2414284863009841,0.15769359518245038,0.93,0.003524299943819642,1,1,0.8782435880184175,0.9552392372248271,0.0014928399919487611,0.1269894401874339,0.024263893179552687
S3,11,RFOTO-ABC,0.38878987763768236,0.9234090026747349,2.739153451545189,0.12829751056410588,0.68,0.32,0.19772840208104486,0.9985467716780413,0.0014532283219587105,1.018347721368474,0.9599250360295627,0.4753455093526192,0.23661822699895763,0.20432330785458522,0.63,0.9491922999732196,500,1,0.8174125470024566,0.9022115816583335,0.0014532283219587105,0.17121245351344339,0.040074963970437305
S3,11,Standard-ABC,0.7417216716341729,1.5862542438504987,4.314481720704265,0.18047087757390137,0.33,0.67,0.7229367853691201,0.9986305861488723,0.0013694138511276487,1.0333039611738402,0.8764836946880542,0.2736391797056676,0.17455147567728418,0.37539650549154885,0.32,0.9965548000764102,500,1,1.5678474307968202,1.0063023258025101,0.0013694138511276487,0.7200525459902957,0.1235163053119458
S3,11,GA,0.6066638296586988,1.379080763224041,3.4497373910597777,0.1689172878823798,0.41,0.59,0.5371972280541072,0.9968730974408453,0.003126902559154755,1.0600766169516824,0.9020479322740199,0.33287979884893604,0.23661822699895763,0.3295277525842301,0.4,1.0691513000056148,500,1,1.3175672352980072,0.9253557566793758,0.003126902559154755,0.4926018666462507,0.09795206772598009
S3,11,PSO,1.3246010039316949,2.7242546473522937,10.336889227832964,0.2778533215941463,0.18,0.82,1.8337152816680995,0.99828176274329,0.0017182372567100578,1.0464598815662836,0.8078666126442343,0.08875160946871989,0.03823743081414071,0.48767623194147314,0.23,0.8469677000539377,500,1,2.421412537426291,2.0977132629034445,0.0017182372567100578,1.501708898339594,0.19213338735576568
S3,11,DE,1.4868252181710881,2.782376819597763,9.206460944281385,0.28902496547279405,0.14,0.86,1.8357243643191958,0.9993405084100071,0.0006594915899928544,1.0520391517238998,0.7961833117972007,0.10122999238779126,0.05701526407697892,0.5059566810405713,0.26,0.9401448999997228,500,1,2.7521660702854214,2.108528285134984,0.0006594915899928544,1.8072002251242678,0.2038166882027993
S3,11,Local-only,0.8780110807546645,1.8748951373256155,4.236916519257738,0.1927124697640184,0.15,0.85,0.8943733143057117,1.0,0.0,0.0,0.8691074618150378,0.28081539076622725,0.23661822699895763,0.3880795029396229,0.0,0.0003875000402331352,1,1,1.9008683494036598,1.0,0.0,0.9326404507040208,0.13089253818496216
S3,11,Random-feasible,1.0094619782295657,1.9322279180874926,5.720398713432424,0.2454899472445862,0.28,0.72,1.0148150192636125,0.9977895299765516,0.002210470023448432,1.0452939696660861,0.8458649878179235,0.1696888210512796,0.12604037952477623,0.42687441520871255,0.44,0.002196999965235591,1,1,1.938883403538498,1.591983522773399,0.002210470023448432,1.0495250123877211,0.15413501218207648
S3,11,Max-SINR,0.4740569682925511,0.9601681647293286,2.7379883563399936,0.1489648927012504,0.66,0.34,0.2200233974994189,0.9989527386935291,0.0010472613064708446,1.0168709925115285,0.9560647282797878,0.4747510037148388,0.23661822699895763,0.21436950751309794,0.91,0.001595200039446354,1,1,0.9463636048183549,1.1909127607232148,0.0010472613064708446,0.2081176398406167,0.043935271720212166
S3,11,Delay-Greedy,0.4859696581168287,1.0455319400744267,3.050659371660741,0.1548932686478732,0.62,0.38,0.2653771168813831,0.9975575758253037,0.0024424241746963536,1.0239202132528136,0.9477569391675862,0.39274808377139336,0.23661822699895763,0.23478255277167062,0.91,0.0035389000549912453,1,1,0.8996038648524921,1.3407431224563984,0.0024424241746963536,0.20652911830177817,0.05224306083241381
S3,11,Load-Aware,0.38878987763768236,0.9234090026747349,2.739153451545189,0.12829751056410588,0.68,0.32,0.19772840208104486,0.9985467716780413,0.0014532283219587105,1.018347721368474,0.9599250360295627,0.4753455093526192,0.23661822699895763,0.20432330785458522,0.63,0.0049588000401854515,1,1,0.8174125470024566,0.9022115816583335,0.0014532283219587105,0.17121245351344339,0.040074963970437305
S3,11,Offload-then-Allocate,0.41886772714497844,0.8771164396456571,2.161908611436391,0.129030371621336,0.76,0.24,0.16230622623215246,0.9969750475748611,0.003024952425138965,1.0264619356877238,0.9658093550814117,0.4898311995123879,0.23661822699895763,0.18815161154885982,0.91,0.0036817999789491296,1,1,0.8793785882714447,1.0322691048005155,0.003024952425138965,0.1537965085368958,0.03419064491858825
S3,12,RFOTO-ABC,0.4009967855627653,0.9122995013567173,2.1204977712561357,0.10056822762611406,0.67,0.33,0.24121203121594742,0.9995884097165719,0.0004115902834280327,1.0091478877329894,0.9549676835043066,0.46687735433561717,0.1986174788326228,0.21715398644738157,0.61,0.9801788999466226,500,1,0.8695943505429272,0.7925244481923626,0.0004115902834280327,0.23152946066855798,0.04503231649569339
S3,12,Standard-ABC,0.7680537488409637,1.5001559080256492,3.6731838360874502,0.16467003096771915,0.35,0.65,0.6513958951407617,0.9975793436970022,0.0024206563029976836,1.0655770094302257,0.8910728323061667,0.3058504452076776,0.15740290847608737,0.34963226548949844,0.44,0.9401227000635117,500,1,1.5496488840231601,1.3090220179262548,0.0024206563029976836,0.6698600749262439,0.10892716769383326
S3,12,GA,0.5896992686340488,1.3116997171082727,3.471312775289342,0.15199202845109183,0.43,0.57,0.5083230345852902,0.9987097940700361,0.001290205929963888,1.0470546246137287,0.9079941428928416,0.3213431426012983,0.1986174788326228,0.3183216770631172,0.43,0.9079054000321776,500,1,1.297952686013668,0.8714998737563743,0.001290205929963888,0.4817087852604366,0.09200585710715836
S3,12,PSO,1.2193772697170489,2.220567880247943,5.203343593104465,0.2821704831557693,0.21,0.79,1.4522477292767961,0.9973729893388171,0.002627010661182735,1.077148818260122,0.8026774155359384,0.1454606594308301,0.10060278302446854,0.4958129613119667,0.34,1.0422461999114603,500,1,2.2871170695701095,1.8700924781346826,0.002627010661182735,1.3478413632098931,0.1973225844640616
S3,12,DE,1.1851353777871372,2.2804273362026732,5.956305249877424,0.22310818576786381,0.17,0.83,1.5071922143497554,0.9991424388139497,0.0008575611860502608,1.0622536072627613,0.8309524451114275,0.15074897303299176,0.059479888862163384,0.4510413534214395,0.2,0.9402722999220714,500,1,2.371182888435027,1.3797165295487241,0.0008575611860502608,1.4394141231023043,0.16904755488857248
S3,12,Local-only,0.8669339822206052,1.8706379925397494,4.311127967680286,0.19146170716406224,0.16,0.84,0.8914154253459661,1.0,0.0,0.0,0.8742080983057713,0.2963181385189258,0.1986174788326228,0.3793315177743584,0.0,0.0004241999704390764,1,1,1.8775011285087662,1.0,0.0,0.9147596593571177,0.1257919016942287
S3,12,Random-feasible,0.9252033361430846,1.5625343419177917,4.016207906472999,0.21476667056728704,0.3,0.7,0.76887708623597,0.9978490710069069,0.0021509289930933197,1.0741319698881666,0.8722981427863004,0.25482981898370743,0.1986174788326228,0.38261864801804035,0.49,0.002269799937494099,1,1,1.626231157592462,2.0787713843277786,0.0021509289930933197,0.7489774988605151,0.12770185721369964
S3,12,Max-SINR,0.4394284972504909,0.8741999877750262,2.0806615232180437,0.10521565944323262,0.76,0.24,0.23367062912401454,0.9963018770464099,0.003698122953590116,1.027324576401256,0.9567403101179418,0.4709716675225004,0.14468443942695397,0.2126398536499229,0.91,0.0013674999354407191,1,1,0.9645321195847592,0.9114330756585453,0.003698122953590116,0.21740771172997025,0.043259689882058194
S3,12,Delay-Greedy,0.5493381885487385,1.0773017657099042,2.1889856958204486,0.13261283277137104,0.49,0.51,0.3448315596509008,0.9971142834784095,0.0028857165215905767,1.024674861960027,0.9423043307666247,0.3571700979639653,0.17633227085445183,0.24744347954289178,0.9,0.004141699988394976,1,1,1.013307703780231,1.420221255219441,0.0028857165215905767,0.29498632252576074,0.057695669233375324
S3,12,Load-Aware,0.40103877589633424,0.9148065658648967,2.1204977712561357,0.1005558807910726,0.67,0.33,0.24104137582788343,0.9995881479566217,0.0004118520433781714,1.00917752221666,0.9549857131941487,0.46687735433561717,0.1986174788326228,0.21710846139752268,0.61,0.004570999997667968,1,1,0.8701296867350359,0.7921076034684497,0.0004118520433781714,0.23142280105101795,0.04501428680585129
S3,12,Offload-then-Allocate,0.47109370078985,0.9125500768647457,2.0991154541167534,0.11374208437356355,0.67,0.33,0.23921720039539437,0.996162649614315,0.003837350385685023,1.0297138852667167,0.9567998975347598,0.36611927815291456,0.16367979191929918,0.21248673746633873,0.92,0.003706200048327446,1,1,0.9932766002235923,1.0674237042626482,0.003837350385685023,0.22165403859052654,0.0432001024652402
S3,13,RFOTO-ABC,0.3321196930617184,0.892826007756857,2.4582560990090236,0.09001224669394152,0.75,0.25,0.20805925647306003,0.9989100946307116,0.001089905369288494,1.013360173455461,0.9586427546348786,0.4075509714805624,0.18431712545209666,0.20770521706441528,0.67,0.9379345000488684,500,1,0.7106582634020925,0.7418308663307951,0.001089905369288494,0.14703571753180042,0.04135724536512142
S3,13,Standard-ABC,0.6171012994643404,1.4459096049958138,4.3820151157709875,0.1586489481619116,0.48,0.52,0.574075435298864,0.9984916731864126,0.001508326813587305,1.067806842874576,0.891395331322775,0.3230313411807336,0.18431712545209666,0.3490511473878636,0.36,1.0062324999598786,500,1,1.2834130884639343,1.0099536300831935,0.001508326813587305,0.5126504686863066,0.10860466867722496
S3,13,GA,0.5166969828552159,1.3232884631065074,4.3820151157709875,0.13479635250359942,0.52,0.48,0.4787815302673258,0.9983454390047448,0.001654560995255191,1.0529545104680058,0.9105544815799557,0.3230313411807336,0.18431712545209666,0.31341972459747985,0.41,0.945230899960734,500,1,1.1177789516577084,0.8144747580532048,0.001654560995255191,0.4053331650830016,0.08944551842004433
S3,13,PSO,0.9645824707897184,2.315939890672298,6.345501581075298,0.21365386417662982,0.3,0.7,1.297286420454879,0.9978814253056317,0.0021185746943681028,1.0787252355808241,0.816632319120974,0.184750040952708,0.07361484575162375,0.47385788792075045,0.33,0.8990313999820501,500,1,1.9500814342504678,1.1759493271149697,0.0021185746943681028,1.090963384356514,0.183367680879026
S3,13,DE,1.3842141625664552,2.548750977327573,9.398772813077846,0.29004099280855117,0.21,0.79,1.6261382857815139,0.9981428861279709,0.0018571138720291458,1.0951612681508127,0.7999378248722261,0.1117857711388417,0.08393394551760756,0.500097146750528,0.2,0.9469545999309048,500,1,2.42439382082095,2.495264570425985,0.0018571138720291458,1.4937810910149922,0.2000621751277739
S3,13,Local-only,0.7973255825877223,1.8499589916264116,4.3820151157709875,0.18297846253546818,0.22,0.78,0.8330478382858102,1.0,0.0,0.0,0.8704235342117784,0.3127560927163869,0.18431712545209666,0.38583156343213765,0.0,0.00041809992399066687,1,1,1.7221543765343084,1.0,0.0,0.789402074343648,0.12957646578822157
S3,13,Random-feasible,0.7343810081937371,1.557118768012102,4.405240577876621,0.1884749077950775,0.45,0.55,0.6892599311117764,0.9973817134988502,0.0026182865011497936,1.0846394071135086,0.8744388829465906,0.30280582156271724,0.17184711254377513,0.3789333724051873,0.36,0.001690200064331293,1,1,1.4654673617826375,1.2263746059024176,0.0026182865011497936,0.6588006080178952,0.12556111705340944
S3,13,Max-SINR,0.3534988030475434,0.8865258416017141,2.6660560921308956,0.09418937655138154,0.83,0.17,0.2363067137643294,0.9979495392970584,0.0020504607029416867,1.0251612555475598,0.951284003674203,0.38390628244885583,0.18431712545209666,0.22629799053797298,0.87,0.0013776000123471022,1,1,0.7842580046562048,0.7228736320447608,0.0020504607029416867,0.16514306194928075,0.04871599632579704
S3,13,Delay-Greedy,0.3891097543081896,1.0231659876252694,2.5870007404666575,0.11168215492021057,0.61,0.39,0.2515761088381594,0.9976793264531882,0.0023206735468116546,1.0256475453232354,0.9520172180698168,0.4183560323197819,0.18431712545209666,0.22450204964186216,0.86,0.0037855999544262886,1,1,0.7952789987247514,0.9259711246631521,0.0023206735468116546,0.17493113571455635,0.04798278193018324
S3,13,Load-Aware,0.33346801063006304,0.8966587430135007,2.4582560990090236,0.09137268397968595,0.74,0.26,0.20921218500641217,0.9988660897325481,0.001133910267451923,1.0134635563444057,0.9586602503978364,0.4075509714805624,0.18431712545209666,0.20765938368392914,0.66,0.006073599914088845,1,1,0.7119942388529172,0.7473200856802102,0.001133910267451923,0.1477747742839492,0.04133974960216358
S3,13,Offload-then-Allocate,0.3474346739103537,0.8713815071852622,2.5853726442115823,0.09205488051234037,0.8,0.2,0.19877199928088982,0.9972993488261502,0.002700651173849782,1.0285842387366142,0.9599199181446937,0.4183560323197819,0.18431712545209666,0.20433689899312243,0.86,0.00466710003092885,1,1,0.7715369764047043,0.751518002746046,0.002700651173849782,0.14108234753681947,0.040080081855306315
S3,14,RFOTO-ABC,0.37526447639488114,0.8981303319777335,2.1596547678877602,0.11390315545333123,0.64,0.36,0.13490373410578857,0.9990887967078638,0.0009112032921361435,1.0205169056569061,0.9757302399169172,0.5919588718899353,0.2585779326669444,0.15771313299113748,0.72,0.9181814000476152,500,1,0.7772190194945897,0.9161516982110696,0.0009112032921361435,0.1588570484747346,0.024269760083082792
S3,14,Standard-ABC,0.7624011065160164,1.6854269000001685,5.026888083684268,0.21341152961389953,0.37,0.63,0.7011263996548824,0.9972650006624284,0.0027349993375714652,1.05843234015302,0.8737848051878288,0.2613519559390414,0.17594700532189642,0.3800612364228914,0.35,0.9466586000053212,500,1,1.5769249832829608,1.1477762506611895,0.0027349993375714652,0.7060965760270312,0.12621519481217125
S3,14,GA,0.5529885549758876,1.3347337984836194,3.6457123803512426,0.16028776364229674,0.47,0.53,0.4751201030363969,0.9984313033111288,0.0015686966888711774,1.051564980918041,0.9092747835154495,0.35415255172431104,0.2585779326669444,0.31587585684577907,0.41,1.120510199922137,500,1,1.2096577576804566,0.8389374711687058,0.0015686966888711774,0.44324389228004313,0.09072521648455045
S3,14,PSO,1.1553111274466779,2.728128856402622,7.870557414648298,0.21630111029148968,0.22,0.78,1.523309419882516,0.9999372993301364,6.270066986356904e-05,1.0321280005115985,0.8136982020362182,0.11801317833894101,0.05891809256990993,0.4784943840124596,0.18,1.2619090999942273,500,1,2.3700462145684797,1.1629025055948023,6.270066986356904e-05,1.441625552547191,0.18630179796378177
S3,14,DE,1.3966753307484494,3.1964044433653642,13.935310134623812,0.27985128204073734,0.16,0.84,1.9707463126220714,0.9980339610315461,0.001966038968453838,1.0719670271091724,0.7828857317585898,0.09462603119857005,0.06434632277819714,0.5266171441772403,0.22,0.9714176999405026,500,1,2.6336289028107567,1.8907300570320367,0.001966038968453838,1.6867929938442092,0.21711426824141022
S3,14,Local-only,0.8659210172670349,1.996723919904857,5.026888083684268,0.2153721471001304,0.2,0.8,0.8945434971743736,1.0,0.0,0.0,0.8632691209262592,0.28136368971720976,0.24047424590833585,0.3979790396848054,0.0,0.0004088000860065222,1,1,1.8742322507425198,1.0,0.0,0.9074132908813751,0.13673087907374082
S3,14,Random-feasible,1.1348338628140526,1.9985194617824873,5.577597906294803,0.2746921438252923,0.31,0.69,1.045483494919473,0.9958329367122676,0.0041670632877325205,1.0535918363514467,0.8539957326670028,0.23015743992351725,0.0774300957371817,0.41348039678677584,0.47,0.0021989999804645777,1,1,1.8567445661593922,2.6693600421575656,0.0041670632877325205,0.9900386487722945,0.1460042673329972
S3,14,Max-SINR,0.3843580815536236,0.813944675930781,1.790872531714704,0.10642157868093222,0.83,0.17,0.0882848159085822,0.9984430138029217,0.0015569861970783827,1.0207483232049213,0.9820892328774639,0.6874102254680411,0.2585779326669444,0.13504596692598467,0.99,0.0016801999881863594,1,1,0.8405486000102923,0.9131210678760913,0.0015569861970783827,0.13701903624736278,0.017910767122536142
S3,14,Delay-Greedy,0.4674924842187865,1.0461968436612987,2.835360401752529,0.12681913531408207,0.56,0.44,0.2394141724547142,0.9988496541191022,0.0011503458808980382,1.0175871578480429,0.9553572974719375,0.45258349048195906,0.2546231229386652,0.21616845875440013,0.98,0.004641499952413142,1,1,0.8763116962337101,1.2423578682691547,0.0011503458808980382,0.22053762145838687,0.04464270252806246
S3,14,Load-Aware,0.3795070584976186,0.9113493692054303,2.2175131096842615,0.11430877734424051,0.65,0.35,0.14689568741262998,0.9994891927800151,0.000510807219984919,1.0171891611828452,0.9734395540593589,0.5651414097184195,0.2585779326669444,0.16518217742350455,0.73,0.004297100007534027,1,1,0.7808931772370242,0.9247948214148441,0.000510807219984919,0.16591325056417117,0.02656044594064111
S3,14,Offload-then-Allocate,0.3867187694396446,0.8242780402051707,2.026183434537335,0.09955441662339867,0.8,0.2,0.10592038758482697,0.9986322319635355,0.0013677680364647404,1.0180194457476484,0.9786323881535218,0.6351884047089746,0.2585779326669444,0.1477638508178382,0.98,0.00367600005120039,1,1,0.8525216474231854,0.870485960496088,0.0013677680364647404,0.1581470725006814,0.021367611846478174
S3,15,RFOTO-ABC,0.3388481445442585,0.8175798261462033,2.2656364428106412,0.10725222031946773,0.79,0.21,0.12547025604749915,0.999130398043577,0.0008696019564231116,1.0106955468169267,0.9724081643555915,0.4970830371516985,0.37800451418066483,0.168448054307808,0.67,0.9403704999713227,500,1,0.7672670501424247,0.7290570900665753,0.0008696019564231116,0.13344049104288067,0.02759183564440848
S3,15,Standard-ABC,0.6747990300729889,1.5760358074519296,3.8103516988013797,0.19678590461354692,0.35,0.65,0.6439515507504845,0.9974864875451749,0.0025135124548251696,1.0575145835455793,0.8849688702373005,0.3478343754684351,0.2463347979024024,0.3605318985086957,0.27,1.037252000067383,500,1,1.424627250822305,1.0257069052033447,0.0025135124548251696,0.5881152385261641,0.11503112976269947
S3,15,GA,0.5762346096009663,1.40266541110015,3.6780035797851154,0.15830013033764095,0.44,0.56,0.5195618820580932,0.9990452172142039,0.0009547827857959356,1.0422345564925026,0.9034224809979574,0.38295417273263666,0.2056951554263282,0.32695845728415895,0.33,1.141024800017476,500,1,1.271212192878119,0.8795938935564093,0.0009547827857959356,0.447259571762038,0.09657751900204259
S3,15,PSO,0.9533992884314213,2.3014800248448877,5.753772709037012,0.21374995325071158,0.19,0.81,1.306814884827122,0.9996637656599647,0.0003362343400354251,1.0333709832278595,0.8295393221597066,0.18168474423361122,0.0872794828398874,0.4533082434561975,0.29,1.022885199985467,500,1,1.9760246511801618,1.1534668311672889,0.0003362343400354251,1.0429470096689462,0.1704606778402934
S3,15,DE,1.4233084679452235,2.993996025227292,10.425114051399545,0.28801909140428156,0.24,0.76,2.1311212040452014,0.998304145265221,0.0016958547347788032,1.0474946301021877,0.7666413267832028,0.09410239960013042,0.04856160891018446,0.5517163572387945,0.33,0.911001899978146,500,1,2.6499082900966697,1.944690866529483,0.0016958547347788032,1.7351391740486326,0.23335867321679715
S3,15,Local-only,0.8145709491946945,2.007722632741352,4.1415552036690215,0.21206883229360518,0.2,0.8,0.9240188938316344,1.0,0.0,0.0,0.8622739938177216,0.31102159057867473,0.17778660260922927,0.39965507568156694,0.0,0.00042360008228570223,1,1,1.7607266615544432,1.0,0.0,0.8149215315149678,0.13772600618227837
S3,15,Random-feasible,0.7705249793393854,1.6387076300838703,3.932329350007183,0.23313129006296163,0.34,0.66,0.7064605312852175,0.9969027314356163,0.0030972685643837062,1.0943539130570925,0.877001899239248,0.3271502640373368,0.15270848420800023,0.3744975111476351,0.29,0.0020178999984636903,1,1,1.5226715069674732,1.3626832984476795,0.0030972685643837062,0.6655417560135027,0.12299810076075202
S3,15,Max-SINR,0.34299567482773297,0.8059496103318282,2.2346288353745565,0.10722794259201025,0.83,0.17,0.10816531681209549,0.9986901728300157,0.0013098271699842556,1.0138210308254383,0.9761246908158501,0.5589821781972878,0.37800451418066483,0.15639463579954932,0.89,0.0015764000127092004,1,1,0.7735554510382056,0.7989327492212603,0.0013098271699842556,0.1036945514934926,0.02387530918414993
S3,15,Delay-Greedy,0.3875518173140619,0.9008310886341196,2.239770978610599,0.1184837550703138,0.7,0.3,0.15023609361546364,0.9984626620214658,0.0015373379785341846,1.0137772046100053,0.9687020515223992,0.4970830371516985,0.37800451418066483,0.17974748640017224,0.88,0.004118399927392602,1,1,0.8167654967456808,0.9409385036793403,0.0015373379785341846,0.14887003083357486,0.03129794847760081
S3,15,Load-Aware,0.34319045283978494,0.8235834536056009,2.2656364428106412,0.10769059377040961,0.79,0.21,0.13297902679521653,0.9991373798402371,0.0008626201597628636,1.0096284894730971,0.9708779863350618,0.4970830371516985,0.37800451418066483,0.1731922178286526,0.66,0.0057206000201404095,1,1,0.7706118391333197,0.7430394658842633,0.0008626201597628636,0.13816298836848911,0.029122013664938162
S3,15,Offload-then-Allocate,0.33385063886940236,0.8166485249937401,1.9588223897761838,0.10704594108187526,0.81,0.19,0.0963103468030881,0.9982910272914118,0.0017089727085882256,1.016850014871571,0.979362828214452,0.5992273117846385,0.37800451418066483,0.14516211308680937,0.9,0.0034033999545499682,1,1,0.763267721191307,0.7916004548539617,0.0017089727085882256,0.08342508013572612,0.020637171785548025
S3,16,RFOTO-ABC,0.4178895176773283,1.059662178327909,3.1504870508135285,0.13965958062035436,0.53,0.47,0.2495534949581493,0.9995832870270785,0.0004167129729214714,1.0248412342013935,0.9541089352982823,0.4846815445557788,0.2161228219611033,0.219313358359285,0.6,0.9172440000111237,500,1,0.9226568539666431,0.8636063169400059,0.0004167129729214714,0.2028694173792986,0.045891064701717665
S3,16,Standard-ABC,0.8906369918001606,1.8948694108525574,5.155876641776151,0.24111383326724828,0.22,0.78,0.8302129887904226,0.9971190143750759,0.0028809856249240105,1.0804398852763881,0.8691304221106959,0.2435824892314098,0.19614380960681446,0.388040338649473,0.41,0.9548942999681458,500,1,1.780201407649097,1.3835048202562845,0.0028809856249240105,0.8714171321642533,0.1308695778893041
S3,16,GA,0.6404606568410359,1.5443544862851886,3.7544588000914505,0.1874934816862986,0.32,0.68,0.5729313776981386,0.9994838337848856,0.0005161662151143708,1.0242713787386515,0.9017071394232191,0.3178653459380872,0.2161228219611033,0.3301628714892798,0.35,0.9783965999959037,500,1,1.399877855433387,0.9143874283364162,0.0005161662151143708,0.5539436656107473,0.09829286057678088
S3,16,PSO,1.40098418589686,3.015827328544081,8.635025777577777,0.3593803597241959,0.08,0.92,1.8538936453099066,0.9988853444343414,0.0011146555656587364,1.048742714986346,0.8000973144645553,0.12721727570391334,0.05280276812343155,0.49984794152139983,0.27,1.1037265000632033,500,1,2.6781336052375115,1.8173580516681693,0.0011146555656587364,1.7145549715752333,0.19990268553544466
S3,16,DE,1.8837868820373636,3.8599713972186906,16.968453885819848,0.46376231504665794,0.09,0.91,2.5832156220056364,0.9982708451104432,0.0017291548895568398,1.0513063470160156,0.7514840243177294,0.0725428933458297,0.04740151770672241,0.5750654553213699,0.35,0.9098680999595672,500,1,3.3936593064109393,2.6062215125347037,0.0017291548895568398,2.427262404896685,0.24851597568227057
S3,16,Local-only,0.949069907327789,2.1864969423883545,5.970053545647371,0.21848689552128228,0.06,0.94,1.0037423498359939,1.0,0.0,0.0,0.8686253684518047,0.2435824892314098,0.1626647604302536,0.3889013950724795,0.0,0.0005126999458298087,1,1,2.0534816613565106,1.0,0.0,1.0639731890257278,0.1313746315481953
S3,16,Random-feasible,1.208686408383215,2.2904454036512547,6.173708517156145,0.33072837720772236,0.24,0.76,1.2431084687836205,0.9959112455792526,0.004088754420747342,1.0711168601207006,0.8214104974484022,0.2000724583269723,0.06520378964247052,0.4662811290707487,0.51,0.0015943000325933099,1,1,2.121999516085677,2.3000029138656126,0.004088754420747342,1.2223196640602583,0.17858950255159778
S3,16,Max-SINR,0.6141761018821537,1.1712554652151153,3.1732606031132904,0.190455341444214,0.61,0.39,0.3121035550625189,0.999194503535104,0.0008054964648959929,1.01967972535217,0.9380067497426097,0.3592477535221279,0.2161228219611033,0.2570805507164023,0.94,0.0012398000108078122,1,1,1.1721505398586956,1.4867213444675942,0.0008054964648959929,0.3546807136630109,0.06199325025739033
S3,16,Delay-Greedy,0.5880273752867311,1.264309948886666,3.0688286399644955,0.18258926862485844,0.44,0.56,0.4064722828641873,0.99916114529875,0.0008388547012500014,1.0263977174094305,0.9290800530378964,0.35153892453041985,0.2161228219611033,0.2762852074545396,0.93,0.004007099894806743,1,1,1.0819773706373306,1.5338639699505618,0.0008388547012500014,0.3065906966009939,0.07091994696210357
S3,16,Load-Aware,0.4198991998568373,1.0482512500354473,2.8197572241349085,0.14222505857758524,0.52,0.48,0.24407946898398122,0.9994850210220207,0.0005149789779792691,1.0270175226727118,0.9557355401580037,0.49354230974381363,0.2161228219611033,0.21520815111321528,0.59,0.00400479999370873,1,1,0.9181563477056417,0.8909467925391179,0.0005149789779792691,0.1999017171106554,0.04426445984199634
S3,16,Offload-then-Allocate,0.5324555225442724,1.1072699105243584,2.993345602155843,0.168197464566226,0.63,0.37,0.2426065670402454,0.9990471765936425,0.000952823406357507,1.0264860428102418,0.9517315500227653,0.4612139632690787,0.2161228219611033,0.2252031408097896,0.93,0.0034596999175846577,1,1,1.0894718697092844,1.2547447311048696,0.000952823406357507,0.2577800530934565,0.04826844997723467
S3,17,RFOTO-ABC,0.294677060184691,0.7003792171960703,1.4689328853946246,0.08591321398142088,0.88,0.12,0.05362240885432383,0.9979639710099064,0.0020360289900935623,1.010778041678143,0.9882885964373737,0.7557261297393315,0.4487113924963077,0.10885855901885524,0.76,0.904542800039053,500,1,0.6568380132123396,0.7541489587216874,0.0020360289900935623,0.06072518696376113,0.011711403562626344
S3,17,Standard-ABC,0.6666145753596125,1.5759189429652063,5.341968918308132,0.1921605420946227,0.41,0.59,0.5998666071619225,0.9968890202489018,0.003110979751098156,1.0345797151636347,0.8949259649943346,0.2902105618576579,0.1697527175804502,0.34265269404664944,0.35,0.9422942999517545,500,1,1.4082212759063575,1.0495936192153719,0.003110979751098156,0.5629476491985916,0.10507403500566537
S3,17,GA,0.5327727390636716,1.2980021252672735,3.68661750260082,0.1381557199299187,0.49,0.51,0.4234137770674406,0.9975061523347499,0.0024938476652502117,1.045185088790905,0.922471104406338,0.34834833693353484,0.23808327816531963,0.2899048047062942,0.42,0.9530941999983042,500,1,1.1699457059808693,0.8923709884428743,0.0024938476652502117,0.377210241719695,0.07752889559366205
S3,17,PSO,0.9611171174246089,2.0568856118006416,5.191385652643669,0.20540937179983787,0.29,0.71,1.0732080846668586,0.9967966720930567,0.0032033279069433518,1.0487842068058786,0.8519596480466863,0.19140383579339273,0.08154261870841031,0.4168507063375757,0.23,0.9881462000776082,500,1,1.8128384768259829,1.7107047384419383,0.0032033279069433518,0.9138202763097472,0.14804035195331366
S3,17,DE,1.0483340289218204,2.2866512917903457,5.389678507981069,0.3269761667375207,0.25,0.75,1.1491936215884453,0.9997548712596881,0.0002451287403118396,1.0353433526807034,0.8448465671355588,0.1647147483913354,0.07629799210174759,0.4285404019821182,0.26,0.8824542999500409,500,1,1.923770672845931,1.953023497684835,0.0002451287403118396,1.004463181519535,0.15515343286444117
S3,17,Local-only,0.8166281875599625,1.973927150338884,5.7180774590229255,0.18816068066815245,0.19,0.81,0.8461132304274122,1.0,0.0,0.0,0.8721560797150817,0.26627878641621694,0.23808327816531963,0.38286259052801636,0.0,0.0006221000803634524,1,1,1.7784535549761737,1.0,0.0,0.8113528430927252,0.1278439202849183
S3,17,Random-feasible,1.7280994731733703,2.716882880069666,4.973479391356184,0.5698520636509962,0.25,0.75,2.503724487450098,0.9964520009478117,0.003547999052188101,1.0457951352245851,0.8531563134693906,0.23313568388829345,0.00633964274860017,0.41487124536303555,0.51,0.0016411000397056341,1,1,2.844392466758898,3.4046095697291685,0.003547999052188101,1.934295072936967,0.14684368653060942
S3,17,Max-SINR,0.3087826959355036,0.7159863536194478,1.5651701549818502,0.08421467740673809,0.89,0.11,0.0702625866912163,0.9973051779221859,0.002694822077813909,1.0076174481876636,0.9840126884353863,0.6849555661158873,0.4020228608877156,0.12746394921089768,0.96,0.0012440000427886844,1,1,0.7265341020291322,0.6905884931082023,0.002694822077813909,0.08249534124694155,0.01598731156461375
S3,17,Delay-Greedy,0.3661188199243119,0.8111981124218984,1.880846484850653,0.0946129283644034,0.72,0.28,0.11166363911496376,0.996970665136637,0.003029334863362991,1.01068858513921,0.9767471384596284,0.5717386528495905,0.3007328073980321,0.15429332176395838,0.96,0.004278399981558323,1,1,0.7478985634841742,1.0008708310364816,0.003029334863362991,0.09967903277627115,0.02325286154037165
S3,17,Load-Aware,0.29758122228949196,0.7047967024924335,1.6552706484229798,0.09100039666807819,0.86,0.14,0.0590886943650293,0.9990077683439256,0.0009922316560745093,1.0076588092992547,0.9874764671856949,0.7605935386259293,0.4487113924963077,0.11261598809956556,0.74,0.0040935000870376825,1,1,0.6562874414855817,0.7688928461690335,0.0009922316560745093,0.06439383495752318,0.012523532814305072
S3,17,Offload-then-Allocate,0.31861259925066343,0.7273176181102643,1.7338137511089726,0.08358401947252979,0.89,0.11,0.07298450819603108,0.9966159403293748,0.0033840596706250915,1.0105314375982648,0.9826112114162485,0.6058873688702077,0.35571833794276075,0.13302822800129127,0.96,0.003410800010897219,1,1,0.7437214739331439,0.7232913182597808,0.0033840596706250915,0.08361361122689051,0.01738878858375148
S3,18,RFOTO-ABC,0.31748581569511014,0.7027313978610001,1.7852161542819038,0.08456724983884115,0.76,0.24,0.09524373959069189,0.9994566900248736,0.000543309975126468,1.0147574446920453,0.9814639240958094,0.6300871369775192,0.3351438235858376,0.13742689341348557,0.66,0.9183285000035539,500,1,0.7311989980708627,0.7251403048928111,0.000543309975126468,0.09210378825127569,0.018536075904190596
S3,18,Standard-ABC,0.6597069771315311,1.1943959157635604,2.9741760931349464,0.15010439416872554,0.38,0.62,0.49474797827271816,0.9961289802936955,0.003871019706304598,1.0709899339672648,0.9104505566230173,0.33157932103982624,0.23257849259215882,0.3136196475882004,0.45,1.012552100000903,500,1,1.292162633020523,1.3607516871447423,0.003871019706304598,0.47338778142752314,0.08954944337698267
S3,18,GA,0.4823412974065226,1.0543908884426045,2.7727594062641323,0.14169726074735162,0.49,0.51,0.3576843124328878,0.9988596186014596,0.001140381398540543,1.0387660772798077,0.9311757095514746,0.4382479862697604,0.3351438235858376,0.27186609681300006,0.37,1.1182311000302434,500,1,1.0753252532809172,0.8295633237794436,0.001140381398540543,0.31409506268955933,0.06882429044852545
S3,18,PSO,0.9579521609644713,1.8617898759426519,5.465738296279791,0.18922060182312964,0.21,0.79,1.0160057401358988,0.998239457971302,0.0017605420286981666,1.0625807489872683,0.8538784628240607,0.2092006435071154,0.10452937583617185,0.4136748197555326,0.3,1.072649999987334,500,1,1.9229264738732257,1.3413018868330533,0.0017605420286981666,1.0150196819563058,0.14612153717593934
S3,18,DE,1.416805315109925,2.476654075496973,7.578700183496734,0.2091542982786877,0.2,0.8,1.8798483820864755,0.999208324924624,0.000791675075376086,1.0538057400554164,0.8085743605115314,0.07538401301509214,0.05134472497035388,0.48656410891043766,0.3,0.9110202000010759,500,1,2.670248744489046,1.8606296504311275,0.000791675075376086,1.765106001938595,0.19142563948846858
S3,18,Local-only,0.7769712092159993,1.6154228970747666,3.692992938098156,0.1722001315745341,0.18,0.82,0.7127746601352402,1.0,0.0,0.0,0.8953574306166114,0.3249163018797955,0.20807835061440197,0.3418660517366353,0.0,0.00042990001384168863,1,1,1.7030946148088595,1.0,0.0,0.7420046804251044,0.10464256938338856
S3,18,Random-feasible,0.9369997603274209,1.677823226284332,4.5792711004685644,0.24159555657362541,0.31,0.69,0.9086299382463142,0.9981110425641596,0.0018889574358404316,1.0403871126891666,0.8528113394651318,0.22390989242259163,0.1079043198161314,0.4154422803024956,0.43,0.0019780000438913703,1,1,1.7547503487628182,1.7262312928709207,0.0018889574358404316,0.8676855545547197,0.14718866053486823
S3,18,Max-SINR,0.3555940108053137,0.6756247441741559,1.6467566150318191,0.08442414914194503,0.79,0.21,0.06876288234824873,0.9992726948734544,0.000727305126545531,1.0128458752535003,0.9862946692445592,0.6337179451844208,0.5404793472065055,0.11788035024967787,0.95,0.001229700050316751,1,1,0.7695711889020421,0.9282846578787515,0.000727305126545531,0.08702901703746115,0.013705330755440781
S3,18,Delay-Greedy,0.4153008878044228,0.797263798594832,1.9246845706078748,0.10018171287683662,0.7,0.3,0.11705126634990279,0.9982684943782278,0.0017315056217721292,1.0152788220279039,0.977118908182102,0.5723388995515059,0.3307537992784196,0.15302580163015903,0.95,0.005173600045964122,1,1,0.7889406091276651,1.2494647061217246,0.0017315056217721292,0.1074702588288351,0.02288109181789799
S3,18,Load-Aware,0.32199742476912857,0.7105131324110312,1.8402280997251645,0.08605984246940439,0.75,0.25,0.10884991613652792,0.999451347503028,0.0005486524969721151,1.0141211220558584,0.978263270723907,0.596498417964476,0.3351438235858376,0.14906278263124464,0.65,0.00500769994687289,1,1,0.7380345377738168,0.7264157888629056,0.0005486524969721151,0.10062472842172052,0.021736729276093048
S3,18,Offload-then-Allocate,0.3745727512134824,0.6835009449754836,1.9086905099570632,0.08663589959045608,0.84,0.16,0.0798662290075597,0.998666043154531,0.0013339568454687656,1.0135550784731098,0.9822626074967132,0.5948966657525426,0.4422390781367371,0.13437890019472978,0.94,0.0039842999540269375,1,1,0.7679749549679253,1.038363720742499,0.0013339568454687656,0.09558821646215766,0.017737392503286764
S3,19,RFOTO-ABC,0.3465549529916938,0.8288505753453228,2.2484449470657797,0.1021358680057377,0.69,0.31,0.13005460202470565,0.9988153507228975,0.0011846492771025352,1.0127550808323984,0.975235344602461,0.514913634913537,0.3331476329840809,0.15935343453404902,0.6,0.9785124000627548,500,1,0.788515950628915,0.7673652247342061,0.0011846492771025352,0.12147821383713135,0.024764655397539026
S3,19,Standard-ABC,0.7682806129962327,1.4956248933645953,3.804736151656696,0.20078538543577318,0.3,0.7,0.6542121109413399,0.9981526207541804,0.0018473792458195016,1.0445830713396171,0.8957831390471445,0.3313660707388399,0.1442657381516092,0.34108887304653773,0.34,0.8819808999542147,500,1,1.5801140351193192,1.2478869552596752,0.0018473792458195016,0.6802682237414376,0.10421686095285554
S3,19,GA,0.522884540514592,1.1649380616011265,2.83385108015466,0.15981030542895377,0.4,0.6,0.3840622117948127,0.9965592817487325,0.0034407182512674094,1.0699176771112298,0.9334919464821096,0.4149784621055716,0.33281954514843975,0.26692043935585963,0.37,1.0214809000026435,500,1,1.136374506938168,0.9349173946733202,0.0034407182512674094,0.35155581160445987,0.06650805351789035
S3,19,PSO,1.0386862773757397,2.247051721093344,6.2845952556786715,0.22184560011434776,0.21,0.79,1.2693674425186916,0.9991166699101207,0.0008833300898791907,1.0259046107047145,0.8456929691155058,0.14025970347911404,0.048649596358565285,0.42715598662635174,0.36,0.9501003999030218,500,1,2.062066952907957,1.430615437531559,0.0008833300898791907,1.1410180114734667,0.15430703088449416
S3,19,DE,1.5082507066627122,3.4820244988360134,10.402271449707564,0.37230103665379916,0.21,0.79,2.2308616796519987,0.9972925906415152,0.0027074093584847103,1.0756486853146843,0.7955207018028172,0.1075833348091714,0.01840048731786767,0.506989459264018,0.36,0.8947482000803575,500,1,2.786792079895072,2.1043969614853832,0.0027074093584847103,1.8587190634594495,0.2044792981971828
S3,19,Local-only,0.8038898669882084,1.7172780370881278,3.765872843459297,0.199320239178076,0.17,0.83,0.7636455585886579,1.0,0.0,0.0,0.8875644609362497,0.33166417286119565,0.21748598068083957,0.3559195560863658,0.0,0.00040840008296072483,1,1,1.7513992565518397,1.0,0.0,0.7966988879627437,0.11243553906375026
S3,19,Random-feasible,0.9712583635142634,1.7587818192696167,4.522905121705423,0.2625592453515728,0.33,0.67,0.8770781411822292,0.996955878805296,0.0030441211947038736,1.0398648172406835,0.8641005100240238,0.24596618729549452,0.10967927299467144,0.3965763238696319,0.58,0.0015541000757366419,1,1,1.7431302569559026,1.9395879937470133,0.0030441211947038736,0.8941754099115943,0.13589948997597623
S3,19,Max-SINR,0.41309033988926663,0.831521660549213,2.2605494572704323,0.10940052083326363,0.8,0.2,0.13728662434382038,0.9973356293643235,0.002664370635676454,1.0244835452541752,0.9705640409300135,0.47417073872400933,0.3091710475883335,0.17415141070202544,0.93,0.0012379999971017241,1,1,0.8847938990311778,0.9578103539930511,0.002664370635676454,0.17308817617952518,0.029435959069986528
S3,19,Delay-Greedy,0.44515952695843236,0.9601738857509018,2.7182494858575117,0.12300082357103088,0.6,0.4,0.19017953390233902,0.9979293123789772,0.0020706876210228897,1.0254244335202245,0.9631223755680299,0.4399972291588163,0.3301946853043778,0.19567742839943003,0.92,0.004547899938188493,1,1,0.8816008710493864,1.1739582778001472,0.0020706876210228897,0.17087914534825424,0.03687762443197007
S3,19,Load-Aware,0.35417173164678717,0.8436814993171484,2.3404314587646087,0.10617803471887688,0.67,0.33,0.14697076754850047,0.998207184410137,0.0017928155898630815,1.0215952393847605,0.9716598812099768,0.513610622101294,0.3331476329840809,0.1707826300396928,0.59,0.0048883999697864056,1,1,0.7931231325923489,0.7865894483774458,0.0017928155898630815,0.133171801222428,0.028340118790023183
S3,19,Offload-then-Allocate,0.39613794642800343,0.8640558020958349,2.375135557854187,0.10611404454871601,0.72,0.28,0.13564727984214076,0.9974574469088858,0.002542553091114125,1.0290205970712998,0.9716483671221696,0.5049582200631471,0.3331476329840809,0.17081833158839138,0.93,0.004325699992477894,1,1,0.8799401044578581,0.8966428503887297,0.002542553091114125,0.14758094882132852,0.02835163287783038
S3,20,RFOTO-ABC,0.298221924172459,0.7760575049165229,1.4261749870863216,0.08481201707235062,0.8,0.2,0.08154883478139055,0.9981132913742777,0.0018867086257222721,1.0184166384011926,0.9845716343224826,0.681085647571486,0.29233306373050877,0.12518039054136346,0.69,0.9817188000306487,500,1,0.6970609931776808,0.7096166984762937,0.0018867086257222721,0.05929029811929061,0.015428365677517375
S3,20,Standard-ABC,0.6296219461835838,1.414439369921186,3.6008947875958834,0.1579869784752977,0.41,0.59,0.5131161441739809,0.9951815134860924,0.004818486513907752,1.0934794089547908,0.9078155267443492,0.37186420119001723,0.23216643183730362,0.31866185947757714,0.39,0.9859387999167666,500,1,1.3270032123888138,1.080407053051989,0.004818486513907752,0.4840748673498115,0.09218447325565082
S3,20,GA,0.4909422750355414,1.189066219137991,2.9261698445724043,0.14144365123602123,0.48,0.52,0.37311042568387753,0.9977870513694252,0.0022129486305747935,1.0495471948819621,0.9307180114599221,0.37969828379651743,0.29233306373050877,0.27283564763374507,0.45,0.9939628000138327,500,1,1.099380113983678,0.8522612659119949,0.0022129486305747935,0.30969267458278404,0.06928198854007794
S3,20,PSO,0.8784071780099847,1.8590365217170697,4.877629943783357,0.19253552607955132,0.29,0.71,0.9123086655877324,0.9996030091859549,0.00039699081404512174,1.041708160103919,0.863626988893831,0.2828209254076492,0.09783387935855796,0.3973755225041261,0.23,1.1453902000794187,500,1,1.8008070057555416,1.1871823560479453,0.00039699081404512174,0.9183708933406927,0.13637301110616895
S3,20,DE,1.3647910786246689,2.6520056192346657,8.62364442332471,0.2788783824298157,0.18,0.82,1.615950677187364,0.9984495002708391,0.0015504997291607824,1.066221712826977,0.8180335485546258,0.09570405108307575,0.06506658282307706,0.4716394296107983,0.28,0.9443037000019103,500,1,2.575416644263355,1.8795858184618877,0.0015504997291607824,1.6455759085076347,0.18196645144537416
S3,20,Local-only,0.7947980352272755,1.8843180218163342,4.689756237175392,0.19114016220070165,0.19,0.81,0.8189574888646847,1.0,0.0,0.0,0.8792115083269396,0.29209996406874067,0.23216643183730362,0.37065178590100567,0.0,0.00040849996730685234,1,1,1.732973325597796,1.0,0.0,0.77374572030747,0.12078849167306038
S3,20,Random-feasible,0.7106249129284219,1.6189971202536138,4.689756237175392,0.1983194682468019,0.41,0.59,0.6692323052530434,0.9976452138081295,0.002354786191870496,1.0560895417166831,0.8789774710676942,0.2922679823009637,0.18102053132035875,0.37106008522944,0.45,0.0011171000078320503,1,1,1.4735544900982096,1.1144771547783658,0.002354786191870496,0.6257615224355787,0.1210225289323058
S3,20,Max-SINR,0.34346348596013304,0.7949803459949919,1.800162885768277,0.08679027800648317,0.8,0.2,0.10583439026652215,0.9982289755443362,0.00177102445566373,1.01676235355699,0.9786813594622339,0.628739169292031,0.29233306373050877,0.14759073486485844,0.93,0.00126069993712008,1,1,0.7852084191935917,0.7792097219365519,0.00177102445566373,0.10691168759781874,0.02131864053776611
S3,20,Delay-Greedy,0.33350615202076805,0.8240325508520668,1.5509719275781937,0.08823087705649266,0.74,0.26,0.09079126069774818,0.9977092156244218,0.0022907843755783862,1.0192652145809753,0.98317351818,0.6719676561836697,0.29233306373050877,0.1308222379234796,0.92,0.005234100040979683,1,1,0.7321236065063487,0.8812613622244931,0.0022907843755783862,0.061215667649565014,0.016826481820000017
S3,20,Load-Aware,0.3108268325103212,0.7833199967902612,1.432812903051377,0.0946222593907696,0.8,0.2,0.09343554525113898,0.9986776005925353,0.001322399407464665,1.0176664123073524,0.9818072132081088,0.6724799652310546,0.29233306373050877,0.13612456524101402,0.67,0.004285200033336878,1,1,0.706031857644598,0.7497343545608652,0.001322399407464665,0.07546126805906139,0.01819278679189118
S3,20,Offload-then-Allocate,0.3219608948066031,0.755439720656534,1.5168368911384267,0.08186356399516383,0.81,0.19,0.0772069109505262,0.9976037810760678,0.002396218923932194,1.019164634534629,0.984614174660971,0.6859950788159618,0.29233306373050877,0.1250049921499996,0.92,0.003313800087198615,1,1,0.7530703892547199,0.73319143725329,0.002396218923932194,0.08370985727715546,0.015385825339028991
S3,21,RFOTO-ABC,0.3258947368152792,0.7646358686708072,1.6734849303642851,0.08429312320593625,0.79,0.21,0.11297753209919746,0.9987924723214785,0.001207527678521454,1.018852906855389,0.9755639377821105,0.5409459739708373,0.3498659029487838,0.15826604224694543,0.69,1.0113162000197917,500,1,0.7092996526237333,0.7549030042357944,0.001207527678521454,0.12570983262235602,0.02443606221788952
S3,21,Standard-ABC,0.6656756986724375,1.5367478391885347,4.108490390664664,0.15554592828213287,0.39,0.61,0.6170243118177953,0.9985094604951376,0.0014905395048625592,1.078201808016886,0.8923512233904969,0.3380568285229271,0.19738140690147143,0.3473254744191508,0.27,1.016440900042653,500,1,1.4222615084416468,0.9907677099759105,0.0014905395048625592,0.5801989626929649,0.10764877660950312
S3,21,GA,0.5334788508661963,1.329316330520736,3.584402935837036,0.13680516559198316,0.54,0.46,0.466299248212005,0.998885270240485,0.001114729759514892,1.059809773821937,0.9084128594588154,0.34953971398413,0.1998314824693877,0.31752331007434564,0.4,1.0174672999419272,500,1,1.1697980411869584,0.8218940037269822,0.001114729759514892,0.41513689190931513,0.09158714054118455
S3,21,PSO,0.8490265579023912,1.9536155261119357,5.2981350020428195,0.1805069103990047,0.32,0.68,0.9156071088934121,0.9994632907568338,0.0005367092431661869,1.0544856466513812,0.8561841236826742,0.2838368327292142,0.09479695275538112,0.4098451789078678,0.18,1.0831957999616861,500,1,1.7958195566642567,0.9972860343520457,0.0005367092431661869,0.915196161149152,0.14381587631732584
S3,21,DE,1.3029489372275556,2.9962433437305167,9.316656354342083,0.25850695842232346,0.23,0.77,1.9340229716638868,0.9976030939203069,0.002396906079693033,1.0528448621856616,0.7789250021647834,0.10658544054356078,0.05008598029189594,0.5327482019558328,0.24,0.9325095999520272,500,1,2.565489368919467,1.4598058753129854,0.002396906079693033,1.6358603312380804,0.22107499783521656
S3,21,Local-only,0.8636151652454552,1.9840367618114734,5.246258209522346,0.18209906354259656,0.24,0.76,0.869189436187212,1.0,0.0,0.0,0.8658301650390992,0.2852867188178543,0.19738140690147143,0.3936507530875083,0.0,0.000403700047172606,1,1,1.8579730532160885,1.0,0.0,0.915985706789192,0.13416983496090085
S3,21,Random-feasible,1.0154470952285988,2.195497118868462,4.722809520798191,0.37557973832244373,0.39,0.61,1.051919107318661,0.9968275218626894,0.0031724781373107603,1.0867615245855016,0.8715201237286855,0.2971227042807332,0.024792134081563857,0.383953689390574,0.34,0.001521600061096251,1,1,1.7642484593714431,2.171462030027773,0.0031724781373107603,0.9150367952536508,0.12847987627131452
S3,21,Max-SINR,0.3560385384252982,0.7670285968456425,1.7706968365715186,0.08730266263518908,0.78,0.22,0.10921661552696747,0.9976707696226326,0.002329230377367476,1.0258094207422077,0.976855203898981,0.5948723718516558,0.3498659029487838,0.1539258577442479,0.95,0.0012318999506533146,1,1,0.7973567013130919,0.7980182245707934,0.002329230377367476,0.13223625568311964,0.02314479610101905
S3,21,Delay-Greedy,0.3855425730852007,0.8833478572440913,2.097299002488955,0.0969588286581096,0.62,0.38,0.16734435895392444,0.9967961368301337,0.003203863169866331,1.024274214466774,0.967122720531838,0.45115264919467885,0.3463964734005194,0.18437716949724925,0.93,0.004523300100117922,1,1,0.787910141357265,0.9566891493997178,0.003203863169866331,0.15795720312691666,0.03287727946816199
S3,21,Load-Aware,0.3263127851207358,0.7632382911013881,1.6734849303642851,0.08451724710390496,0.8,0.2,0.11292653764786811,0.9987972688050499,0.0012027311949501219,1.0185522572140866,0.9754905160111447,0.5409459739708373,0.3498659029487838,0.1585095957004075,0.7,0.004114800016395748,1,1,0.7078212573816021,0.7601366607437982,0.0012027311949501219,0.12568001130578912,0.02450948398885533
S3,21,Offload-then-Allocate,0.3302932763271468,0.7386389434872117,1.5788885176859704,0.08019843550860113,0.84,0.16,0.08830520037010477,0.9965556543503973,0.0034443456496025026,1.0244724873792501,0.9807090270820518,0.7181595919265911,0.3498659029487838,0.14025132705909435,0.92,0.0038000999484211206,1,1,0.7669288403519399,0.7046970811686039,0.0034443456496025026,0.11709595598503408,0.019290972917948235
S3,22,RFOTO-ABC,0.30004628453078835,0.7832832593869127,1.807904793019496,0.11043614975768809,0.77,0.23,0.07193726442891127,0.9993735476241631,0.0006264523758370222,1.0060123861568269,0.9858825586558115,0.7446678791397062,0.40203987007807096,0.11966452030927885,0.66,0.9865082000615075,500,1,0.6749924353174032,0.7658301831675162,0.0006264523758370222,0.056722966198057834,0.014117441344188464
S3,22,Standard-ABC,0.6854161290027552,1.443340654928077,4.053123134313274,0.19005548974982348,0.41,0.59,0.5255864803291188,0.9977002189973428,0.002299781002656991,1.036682136324079,0.9040242150119155,0.30717581745768885,0.20762890547400223,0.3258298021293223,0.44,0.9479693000903353,500,1,1.3282323917738807,1.4243023286777596,0.002299781002656991,0.49942543123550814,0.09597578498808446
S3,22,GA,0.49552850437970497,1.2044664873380728,3.1328422963517615,0.16853341476707137,0.47,0.53,0.3593017201084352,0.9980325188812875,0.0019674811187123985,1.0395943811116708,0.932032684265513,0.382655381080912,0.293062240903903,0.27004397248704415,0.39,1.001946699921973,500,1,1.094904103349583,0.8946025611255933,0.0019674811187123985,0.30809400315821894,0.067967315734487
S3,22,PSO,1.1733855485472218,2.5005987497444906,8.361451642763992,0.20082510760853503,0.24,0.76,1.415221376756794,0.999584033451539,0.00041596654846111857,1.038872839792516,0.8189287743582688,0.12977091315118963,0.06372455626633139,0.4702206041381045,0.27,1.3979872000636533,500,1,2.44273007741083,1.0513740819456083,0.00041596654846111857,1.5110121589868846,0.18107122564173117
S3,22,DE,1.524498875967324,2.7806480034284586,8.51641258555367,0.39289458480296313,0.21,0.79,1.8392774961600886,0.9980395598139379,0.001960440186061978,1.078205016701129,0.7779896950582967,0.113884620494881,0.054921189248469234,0.5341947855388632,0.3,0.9167290999321267,500,1,2.5979557463469503,2.7973372758892223,0.001960440186061978,1.6868628568749402,0.22201030494170326
S3,22,Local-only,0.8348142238332504,1.8732224614857873,4.050813306053182,0.20306115268546915,0.19,0.81,0.8039515580862523,1.0,0.0,0.0,0.8722502381267648,0.28129882718552396,0.20762890547400223,0.3827009156313811,0.0,0.0006572999991476536,1,1,1.816174647741533,1.0,0.0,0.8464323904675277,0.12774976187323517
S3,22,Random-feasible,4.593722392492937,8.224643782794058,4.41911532943096,3.227199172940148,0.36,0.64,8.487201857837132,0.996866846461263,0.0031331535387369614,1.0698065548970561,0.8651150111835221,0.24837956034831252,0.0013867331503131285,0.3948615865933153,0.45,0.001738299964927137,1,1,6.257338825553323,11.001552319438735,0.0031331535387369614,5.4331818366343105,0.13488498881647792
S3,22,Max-SINR,0.3634702955174906,0.814810454748615,1.9774710616072788,0.11947126039890044,0.75,0.25,0.07357008713273111,0.9986628301488746,0.001337169851125556,1.013728533367593,0.9857252344232643,0.7263844702906196,0.3953720504635176,0.12033904348058164,0.96,0.0012054999824613333,1,1,0.7913277006283892,0.9609565322654043,0.001337169851125556,0.07634496685538888,0.014274765576735682
S3,22,Delay-Greedy,0.36019712362928025,0.9132120216224253,2.1146744105649566,0.12010125477999951,0.65,0.35,0.1273576938646456,0.99849047081626,0.0015095291837400793,1.0147186391488614,0.9772615492241606,0.6165256715896064,0.446225949620281,0.15253694008540625,0.95,0.003602399956434965,1,1,0.754559076221901,0.9688207017501934,0.0015095291837400793,0.09008630343260846,0.02273845077583936
S3,22,Load-Aware,0.32098816331925895,0.7965163731590083,1.9218914941797463,0.11814067226643314,0.75,0.25,0.07865737681352764,0.999374852021107,0.0006251479788932368,1.005718008350701,0.9848054023043327,0.6854106239527209,0.446225949620281,0.12421366948023185,0.66,0.0042570000514388084,1,1,0.7057723815255873,0.8098105498200627,0.0006251479788932368,0.08267706485889599,0.015194597695667333
S3,22,Offload-then-Allocate,0.3086472745690078,0.7387145544151318,1.481220360303328,0.09958536326545556,0.88,0.12,0.03583155243707999,0.9982530609393849,0.0017469390606149138,1.0151417409645254,0.9930447812758223,0.8140228561041231,0.446225949620281,0.08368950117781242,0.95,0.0043138000182807446,1,1,0.7353463447459395,0.7552176750067412,0.0017469390606149138,0.04054146604304873,0.006955218724177703
S3,23,RFOTO-ABC,0.357867986315283,0.877676860280433,1.7263817469276497,0.09898272059783457,0.71,0.29,0.15559485947160762,0.999185470249834,0.0008145297501658699,1.0190578038307831,0.9721547389405004,0.6197072729398713,0.214395607187122,0.16924192177178857,0.7,1.0246472000144422,500,1,0.7819226820054054,0.7948319350370328,0.0008145297501658699,0.1552913217976746,0.027845261059499582
S3,23,Standard-ABC,0.7534691864068226,1.6918939092372853,5.245213172090287,0.2023411365519434,0.36,0.64,0.7445272034979328,0.997390302026098,0.002609697973901973,1.0895145519354452,0.8751698262264546,0.261274998157309,0.13056722412526056,0.37767098386452835,0.36,0.9928799000335857,500,1,1.5124851070824004,1.2666126517076919,0.002609697973901973,0.6644381848770263,0.12483017377354544
S3,23,GA,0.5356271073585211,1.2537773078944245,3.908085066886897,0.14947056296980812,0.5,0.5,0.397573954596708,0.9968412727716028,0.0031587272283969715,1.046825936556861,0.9266515892634101,0.3511232640611694,0.214395607187122,0.2813436494964885,0.43,1.1469138000393286,500,1,1.163107401803219,0.9157973401431506,0.0031587272283969715,0.3833865953203035,0.07334841073658993
S3,23,PSO,0.9521304685462987,2.0552893952471893,5.648616714217893,0.22481489203871874,0.29,0.71,1.0532226096227362,0.9990217515219597,0.0009782484780402534,1.032493162888105,0.8327445137564907,0.23588318565871488,0.12443843600081705,0.44816124299916094,0.27,0.9346526999725029,500,1,1.9502379682187088,1.1610576539400574,0.0009782484780402534,1.060513423073914,0.16725548624350928
S3,23,DE,1.3866240354442079,2.8803735938638853,9.829375004968057,0.30850761871279053,0.22,0.78,1.7727875540881255,0.9987597079022137,0.0012402920977862375,1.0663373269600172,0.7780940063226747,0.1006967956565183,0.07491691153656968,0.534033475560991,0.25,0.9330362000036985,500,1,2.6549822944599546,1.7010422849926607,0.0012402920977862375,1.7367526464366565,0.22190599367732533
S3,23,Local-only,0.9338751311532488,2.046146182319616,5.254249333136944,0.19593969702878103,0.2,0.8,0.9421674524742026,1.0,0.0,0.0,0.853372129391876,0.26067251294345306,0.21363954104171015,0.414513840714037,0.0,0.0003963999915868044,1,1,2.008397552756122,1.0,0.0,1.0391262494919984,0.146627870608124
S3,23,Random-feasible,1.3014032814801366,2.706308004908759,5.549474733298762,0.43937846102869604,0.37,0.63,1.6637680006777702,0.9957429094206037,0.0042570905793963085,1.0706807582997244,0.8294316778507628,0.2143578038798514,0.01312387861221775,0.45348077449085566,0.47,0.0024400000693276525,1,1,2.285079424951501,2.3341027481425556,0.0042570905793963085,1.4143253863304526,0.17056832214923723
S3,23,Max-SINR,0.4064233839745726,0.8365583458356286,2.2212920504958515,0.1146838475982123,0.8,0.2,0.16166593102542895,0.998691663534035,0.0013083364659650476,1.0180440254029615,0.9669082214866562,0.5077871550946436,0.214395607187122,0.18499816810841554,0.95,0.0019563999958336353,1,1,0.862773228866858,0.951677754447274,0.0013083364659650476,0.17101191808228977,0.03309177851334377
S3,23,Delay-Greedy,0.4468347422442619,0.9926574104412248,2.2152295322607607,0.1213577654953455,0.67,0.33,0.21192347484553264,0.9983116662000056,0.0016883337999943548,1.025640519603713,0.962112062132482,0.5798975857296044,0.1872167950915302,0.19844385472207945,0.94,0.004047099966555834,1,1,0.877105596247784,1.1237863353849382,0.0016883337999943548,0.2118781417377945,0.037887937867517985
S3,23,Load-Aware,0.3737092500059791,0.8745471567406831,2.0379971316725465,0.09923283265179376,0.75,0.25,0.1592383464362351,0.9992616981767728,0.0007383018232271043,1.0195962976255717,0.9699861941264473,0.6111718823346166,0.214395607187122,0.17590482742451036,0.69,0.0054388000862672925,1,1,0.8129019531525365,0.7956586732346903,0.0007383018232271043,0.18594091794785267,0.030013805873552735
S3,23,Offload-then-Allocate,0.38148879757518217,0.8141064605662156,1.6737299646175405,0.09963512548850988,0.82,0.18,0.14183982839397868,0.9979429430885258,0.0020570569114741577,1.0267024500412756,0.9726175238749405,0.5995660631959432,0.214395607187122,0.16778970627614515,0.95,0.00445380003657192,1,1,0.8463388225733531,0.8390277521566217,0.0020570569114741577,0.15812458522918724,0.027382476125059507
S3,24,RFOTO-ABC,0.3597111860117745,0.873519186316814,1.763675224973153,0.11544203446286072,0.66,0.34,0.15319693270758228,0.9986799730439572,0.0013200269560429412,1.0171495104833954,0.968731009205709,0.5191345409120729,0.373171507574071,0.17966162829370436,0.71,0.9288978000404313,500,1,0.7429833159495518,0.9597272770867762,0.0013200269560429412,0.10020764580407165,0.03126899079429102
S3,24,Standard-ABC,0.7743042526363174,1.6796644778998167,4.609127915206748,0.20215492435427698,0.39,0.61,0.7656358111817876,0.999102229636649,0.0008977703633509249,1.0333966489860384,0.8610249153981631,0.26636815155252613,0.20404092263313475,0.40175437439240624,0.48,0.9887919999891892,500,1,1.5148752583474416,1.3190741497901297,0.0008977703633509249,0.7067939952719666,0.13897508460183694
S3,24,GA,0.5967578933214439,1.4192239941499576,4.0440356707526375,0.15615484678256566,0.42,0.58,0.5283039179843684,0.9981312477681186,0.0018687522318814142,1.0479302684404477,0.9042146393623176,0.3503356099546344,0.20404092263313475,0.32547212718313057,0.48,0.9751620999304578,500,1,1.3111477596689554,0.8865057696480159,0.0018687522318814142,0.4850141336598965,0.09578536063768239
S3,24,PSO,1.1133604718091197,2.609398586910673,6.969012978378391,0.24024571470703834,0.19,0.81,1.394880078095143,0.9996760837038223,0.00032391629617757546,1.0322005735625153,0.8076101771653492,0.20197417985527996,0.08185262542556858,0.48807903778549516,0.26,1.1192768999608234,500,1,2.191605975650637,1.4956012656771043,0.00032391629617757546,1.248782125441846,0.19238982283465078
S3,24,DE,1.467485644277712,2.8184321513496076,7.297692902670824,0.29803399826618926,0.15,0.85,1.7664788258018822,0.99766519502933,0.0023348049706699205,1.0885094091943104,0.7899639360864721,0.13229832562379973,0.06004089074575195,0.5156360857435301,0.17,0.9808608000166714,500,1,2.7349867995154087,2.0166827518808343,0.0023348049706699205,1.7970566441422864,0.21003606391352792
S3,24,Local-only,0.9259983150066686,2.1864888040867774,5.353269951254155,0.1946881273035076,0.14,0.86,1.0474240902163778,1.0,0.0,0.0,0.846616588890723,0.2617429340891609,0.20404092263313475,0.42564330721163096,0.0,0.0003875000402331352,1,1,1.9874125277419894,1.0,0.0,1.0245506856191189,0.153383411109277
S3,24,Random-feasible,1.016436382294918,1.963273702655502,4.9271139568977755,0.2248468678273553,0.28,0.72,0.9921315207641874,0.996703746379928,0.0032962536200720617,1.055841026409901,0.8445579455113372,0.2307093671712754,0.11561129350226622,0.4290120965272672,0.47,0.0015420999843627214,1,1,1.8606526939617771,1.9048487968063585,0.0032962536200720617,0.9662813215448254,0.15544205448866277
S3,24,Max-SINR,0.4041238163284874,0.8651023432093965,1.7157701341472544,0.11903893982071385,0.72,0.28,0.1287444221365439,0.999074976356645,0.0009250236433549764,1.0105550743364693,0.9771545200368217,0.6359976778165206,0.20404092263313475,0.1529038851801734,0.97,0.0012456999393180013,1,1,0.8644837205526185,1.009034630814773,0.0009250236433549764,0.13214345937987637,0.022845479963178317
S3,24,Delay-Greedy,0.45784789078919513,1.0210013256188273,1.9787702708974713,0.13115616365175606,0.59,0.41,0.2340466714332274,0.9990158427708082,0.0009841572291916956,1.0114311028547063,0.9565273606171244,0.4772583962555019,0.20404092263313475,0.21318630665471527,0.97,0.00394860003143549,1,1,0.8698617736284416,1.2770110692582326,0.0009841572291916956,0.16845223856032063,0.0434726393828756
S3,24,Load-Aware,0.37129921987301584,0.8945418271534338,1.763675224973153,0.11220028140832865,0.64,0.36,0.1847515736403982,0.9991593552190259,0.000840644780974309,1.0101384359941668,0.9640127703624192,0.47695490263326346,0.20404092263313475,0.1932114296496683,0.7,0.0054654999403283,1,1,0.7693270697924621,0.9364313342461198,0.000840644780974309,0.13174615554460153,0.03598722963758083
S3,24,Offload-then-Allocate,0.38001265347318475,0.8443294504969494,1.6949063677112477,0.1129123557456545,0.75,0.25,0.09609789174446014,0.9984932134082111,0.001506786591788939,1.0159338683597285,0.9796936365164537,0.5685220949230593,0.42609339192015966,0.14396964518051658,0.98,0.0038469000719487667,1,1,0.8442037690056821,0.9319239243814633,0.001506786591788939,0.10330324289462005,0.020306363483546308
S3,25,RFOTO-ABC,0.3887482178959298,0.906414313348678,2.334495904549968,0.10590363482760172,0.73,0.27,0.17832075055615504,0.999308158266105,0.0006918417338948402,1.00764934743248,0.9637830050133834,0.49284808554461296,0.2460231485826093,0.19385034334970175,0.66,0.9508109000744298,500,1,0.8439311990373243,0.8289393682204311,0.0006918417338948402,0.19141438123505033,0.03621699498661657
S3,25,Standard-ABC,0.8096996251373664,1.7557292937731674,4.606878584793292,0.229827116585135,0.31,0.69,0.7790027939095826,0.997245244953869,0.0027547550461309877,1.0674152340351528,0.8695470389437532,0.24851082178189587,0.1717685975535543,0.38732937081956376,0.45,0.9652680000290275,500,1,1.6424243142792205,1.2467575386112768,0.0027547550461309877,0.7678440824328263,0.13045296105624682
S3,25,GA,0.5701958762186313,1.4138116048267242,3.230259165093474,0.15035103493793261,0.44,0.56,0.5021490784501326,0.9984792615375209,0.0015207384624793018,1.0272526264037987,0.9055654771140971,0.3583727225111224,0.20217293510482387,0.32292782421762245,0.4,1.18825179990381,500,1,1.2619850385508937,0.8269735251069913,0.0015207384624793018,0.46473704675791133,0.09443452288590293
S3,25,PSO,1.1199174158150103,2.4892799417454112,6.841833262568983,0.2635120116984846,0.18,0.82,1.3837560611828517,0.9993091239550828,0.0006908760449173379,1.0501535802962976,0.8184098824656411,0.15787859874794444,0.08100176165250184,0.4710431281099163,0.25,0.8587086999323219,500,1,2.1334893257457113,1.7235626415021692,0.0006908760449173379,1.2025359812564784,0.18159011753435894
S3,25,DE,1.398765846312138,2.837239310036354,10.446032587680033,0.34340374815356556,0.2,0.8,1.8470231367060381,0.9978766481315802,0.0021233518684198194,1.0713563355399678,0.7870481612420166,0.10220067398443251,0.07769357427068865,0.5201637018218569,0.28,0.938376700039953,500,1,2.533904743515254,2.1811480755295567,0.0021233518684198194,1.6230000116660388,0.2129518387579834
S3,25,Local-only,0.8469789706867902,2.0500598444552693,4.578161998489789,0.21305299291644658,0.15,0.85,0.9208058390421864,1.0,0.0,0.0,0.8682997422305793,0.28134795976346166,0.1717685975535543,0.38945606943604333,0.0,0.00042099994607269764,1,1,1.8338569766723922,1.0,0.0,0.8750387514131162,0.13170025776942074
S3,25,Random-feasible,1.1036948112640417,1.9333716098231266,4.3993350287217305,0.25839175670159287,0.28,0.72,0.9967496818065368,0.9973232004452324,0.0026767995547675185,1.0880847518626362,0.8513617077383709,0.23966493081607654,0.06938094452098756,0.4178383493006241,0.39,0.0016156000783666968,1,1,1.9414270214313967,2.220752803632566,0.0026767995547675185,1.0495761264444388,0.14863829226162906
S3,25,Max-SINR,0.4519999370058337,0.9088928465866415,2.527183696263455,0.12814943326923034,0.73,0.27,0.1584817667303737,0.9978936734490647,0.002106326550935299,1.0211354435365152,0.9680838210769205,0.4921319020102158,0.2460231485826093,0.1815720364408271,0.93,0.0013597001088783145,1,1,0.9227391940782179,1.1015979887179908,0.002106326550935299,0.20346699211972658,0.03191617892307952
S3,25,Delay-Greedy,0.5033098012325196,1.0422770646114639,2.7627053474696432,0.13706473458050916,0.55,0.45,0.23771349946320353,0.9977484488114782,0.0022515511885221606,1.0195246215441849,0.9561692047112714,0.48533069709843263,0.2460231485826093,0.21410277647987583,0.92,0.003926299978047609,1,1,0.9418877066651951,1.3476031405244762,0.0022515511885221606,0.23468989582614252,0.043830795288728575
S3,25,Load-Aware,0.40324611862271786,0.9223972382700544,2.2319124514692312,0.11036788108494118,0.7,0.3,0.17994698575582976,0.9984656911975701,0.0015343088024299433,1.0102015811475098,0.963522500550531,0.44823096903848053,0.2460231485826093,0.19457256284885724,0.67,0.0047605999279767275,1,1,0.8483595574792517,0.9226653368847572,0.0015343088024299433,0.18791176816914007,0.036477499449468986
S3,25,Offload-then-Allocate,0.4529312969799936,0.940739170458182,2.6127918441404265,0.1261717952083783,0.7,0.3,0.1794195497004672,0.9977484811983202,0.0022515188016799035,1.0196546394888464,0.9636926176588457,0.40714875769034226,0.2460231485826093,0.19410119236716747,0.92,0.0037606999976560473,1,1,0.9350138077943713,1.0667811209786073,0.0022515188016799035,0.2130570630924024,0.03630738234115427
S3,26,RFOTO-ABC,0.38686420574075,0.9313584828403997,1.7775025117561383,0.10994002496053971,0.62,0.38,0.1715924368675154,0.9992844973776568,0.0007155026223432859,1.0181699355085918,0.9692049360491016,0.5530668016541613,0.20067712301330634,0.17825131667853675,0.68,0.9938281000358984,500,1,0.8771486604108718,0.734112119013825,0.0007155026223432859,0.2107914506754195,0.03079506395089837
S3,26,Standard-ABC,0.7567774654222105,1.7036951923811703,4.7327976255519655,0.2008725945733933,0.32,0.68,0.724400517917979,0.9982284657290323,0.0017715342709677872,1.016683024915019,0.8780194536733483,0.26919196283385033,0.16233485505518902,0.3727290289595184,0.43,0.9935322999954224,500,1,1.55213260217385,1.1441007818934052,0.0017715342709677872,0.7139112351661838,0.12198054632665167
S3,26,GA,0.5846779130024844,1.4481173716299107,4.4472399485324905,0.172004104339089,0.39,0.61,0.4893962383813744,0.9965944618552284,0.003405538144771644,1.0540523972131908,0.9136223631693011,0.3188292647852028,0.21890993856679863,0.3074803015848675,0.4,1.1200406999560073,500,1,1.2748987042421054,0.9406346407076519,0.003405538144771644,0.44488115072900425,0.08637763683069888
S3,26,PSO,1.136423691912125,2.3413963132053848,5.27328222307116,0.26172428014419596,0.22,0.78,1.2534757225030126,0.9985776056011817,0.0014223943988183952,1.031031790912565,0.837133782974924,0.24006005238438413,0.050945107366890334,0.44108071532914966,0.25,1.1814079999458045,500,1,2.2515788752788066,1.4089070850163126,0.0014223943988183952,1.3499139956258053,0.16286621702507598
S3,26,DE,1.5561813414406307,3.2639687054370388,9.516217104080438,0.33504974146708977,0.09,0.91,1.893126689167702,0.9983399603907905,0.0016600396092094495,1.0480185244239086,0.7945880433175545,0.11116563648080426,0.055503749828387065,0.508442501725144,0.29,0.9815701999468729,500,1,2.936801702474858,2.0024798950055303,0.0016600396092094495,1.9618605205875126,0.2054119566824455
S3,26,Local-only,0.9413312061687896,2.159161733965459,4.970788097060233,0.21299671322179023,0.12,0.88,0.9626330540534681,1.0,0.0,0.0,0.8665992816228331,0.26919196283385033,0.20067712301330634,0.3923466256231563,0.0,0.00042429997120052576,1,1,2.026442897359656,1.0,0.0,1.0588414962892019,0.13340071837716694
S3,26,Random-feasible,0.9609880126038847,1.956888898194097,4.802968087601069,0.2229271058913397,0.26,0.74,0.8719672457659234,0.9959230554794436,0.00407694452055645,1.084270937990165,0.8569615939410938,0.2620216327342224,0.20067712301330634,0.40855041085565214,0.48,0.0016231000190600753,1,1,1.8640326170732218,1.579511806216627,0.00407694452055645,0.9431277503605521,0.14303840605890616
S3,26,Max-SINR,0.4514324793381904,0.9736338883658404,2.2785727215142484,0.14021543524235314,0.76,0.24,0.17294914777159082,0.9978156578097326,0.002184342190267541,1.0279159738308528,0.9669537616424888,0.4955164289221497,0.20067712301330634,0.18486647570186968,0.95,0.001310699968598783,1,1,0.9874420057999024,0.9317677109164854,0.002184342190267541,0.2376520682362472,0.03304623835751119
S3,26,Delay-Greedy,0.4479227605660521,1.0907758401400813,2.3527808049269052,0.1282231995000266,0.56,0.44,0.23545111244141154,0.998205642701017,0.001794357298983167,1.0228050676136262,0.9580443069237818,0.5217564460902699,0.20067712301330634,0.20926791754983515,0.94,0.003656800021417439,1,1,0.9574392747756983,0.9455973695771686,0.001794357298983167,0.24028444405729152,0.04195569307621816
S3,26,Load-Aware,0.38802417317929233,0.9389679528581957,1.9583275389032948,0.11030271912009289,0.62,0.38,0.17539043959041087,0.9992842690655073,0.0007157309344928242,1.0182088024821532,0.9685328070358691,0.5530668016541613,0.20067712301330634,0.18024857235267644,0.68,0.004575000028125942,1,1,0.8785107274747636,0.7349215551385291,0.0007157309344928242,0.21318013163321536,0.03146719296413092
S3,26,Offload-then-Allocate,0.3991996466820954,0.9415901076578489,2.1828974915903743,0.11311049330479445,0.73,0.27,0.11674912965656428,0.9976410634783575,0.0023589365216425975,1.024879355138103,0.978920096705875,0.6174710601931398,0.20067712301330634,0.14674411211938826,0.94,0.004507600096985698,1,1,0.9462637817426316,0.75481664540991,0.0023589365216425975,0.1831097265460151,0.021079903294125013
S3,27,RFOTO-ABC,0.34593765077853,0.8089461585130425,1.634003623393417,0.10383479237353825,0.67,0.33,0.11933644902420343,0.9996880605735717,0.00031193942642832484,1.0155311999675423,0.978980475731015,0.6683725554118375,0.29832811864549574,0.14652928349171518,0.71,0.9159229000797495,500,1,0.726967260206124,0.9344184441524845,0.00031193942642832484,0.08327101031397144,0.021019524268985013
S3,27,Standard-ABC,0.6761903220424814,1.5359466433803013,3.731626182990242,0.1560928160409249,0.39,0.61,0.630816820099585,0.9979029966873977,0.002097003312602376,1.0471917059113842,0.8887503186748481,0.3181131873393423,0.1983054201017628,0.35380136414566643,0.39,0.989527800003998,500,1,1.4647166921131367,0.9515931525123733,0.002097003312602376,0.600661293104192,0.1112496813251519
S3,27,GA,0.5750403426346629,1.3308900817519709,3.731626182990242,0.13938878757064224,0.45,0.55,0.508591328032193,0.9982902966643025,0.00170970333569747,1.0415991352007714,0.9075856660065058,0.32552600734799575,0.1983054201017628,0.3190993024999726,0.43,0.9897078999783844,500,1,1.2607739535039637,0.8993149461471994,0.00170970333569747,0.4429820862817137,0.09241433399349419
S3,27,PSO,0.9618867191068672,2.04378395900983,4.921883958487533,0.22455798888789308,0.24,0.76,1.175130094285169,0.9998926278028303,0.0001073721971695929,1.0358008439585356,0.8476005241238367,0.19728872156183244,0.05454464619041287,0.424029555283938,0.2,1.2128071000333875,500,1,1.967722606376724,1.2081633121598299,0.0001073721971695929,1.0634006994714131,0.15239947587616332
S3,27,DE,1.3666038901347093,2.7611487491751916,9.790199612339592,0.324241251921438,0.19,0.81,1.692661102961399,0.9986293099791799,0.0013706900208201457,1.0561425259435837,0.8026185876325636,0.13455200149959454,0.061240117338024105,0.49590503698846494,0.26,0.9103700999403372,500,1,2.471999353356342,2.2366942873305407,0.0013706900208201457,1.5328742353470535,0.19738141236743645
S3,27,Local-only,0.9067593157360516,2.018642880024352,4.496118564329918,0.1830698315586413,0.15,0.85,0.9625105226424282,1.0,0.0,0.0,0.8719653067080461,0.28023097286748744,0.19757861354890804,0.3831900555289071,0.0,0.0006584000075235963,1,1,1.9627020652761813,1.0,0.0,0.9875143816928527,0.12803469329195394
S3,27,Random-feasible,1.249811547937411,2.0232550314337647,5.461734719464983,0.3337177987935436,0.3,0.7,1.2515779110111085,0.9967670208023499,0.003232979197650119,1.0651429836548951,0.8299182605132489,0.1602149492391645,0.0681946443530036,0.45270071899051856,0.53,0.0017323000356554985,1,1,1.9859632841318087,3.0207349712770424,0.003232979197650119,1.0962064978014392,0.1700817394867511
S3,27,Max-SINR,0.4260313208464661,0.8684449797442758,2.0234075962477442,0.12434868412527077,0.79,0.21,0.11653000963366339,0.998210765809261,0.0017892341907390608,1.0262583519033468,0.9756663577598119,0.6126030655166284,0.29832811864549574,0.1579257304193451,0.97,0.0013453999999910593,1,1,0.8783009625349503,1.1454357879186883,0.0017892341907390608,0.12253127540299698,0.02433364224018808
S3,27,Delay-Greedy,0.5024840583478383,1.0289938730293624,2.6228727219717616,0.13790043711463468,0.61,0.39,0.2925683164675399,0.9981942401314301,0.0018057598685698628,1.0252621894305134,0.9421788618375663,0.4926172543657415,0.22924851047982486,0.2477288803866753,0.98,0.00499439996201545,1,1,0.8971921970560256,1.4702701186305611,0.0018057598685698628,0.19444467436467486,0.05782113816243373
S3,27,Load-Aware,0.35371623143390685,0.8077282634815306,1.6219058808366464,0.10569867876414435,0.67,0.33,0.1145132693503453,0.9996826874054271,0.00031731259457302817,1.0154528016787134,0.9805119419394366,0.6908004576850467,0.29832811864549574,0.140980107926812,0.72,0.004843700095079839,1,1,0.7249362331593849,0.996337965320819,0.00031731259457302817,0.08017922847175468,0.019488058060563418
S3,27,Offload-then-Allocate,0.41653084659204215,0.8658255736064548,1.8268674259147617,0.1131641279027382,0.7,0.3,0.11900802499665569,0.9977665332722038,0.0022334667277962928,1.0274128521775643,0.9775076827033267,0.6624040764092559,0.29763218199423,0.1516900208426712,0.98,0.003541999962180853,1,1,0.8814165947323961,1.0942543212041436,0.0022334667277962928,0.11287203515304545,0.022492317296673336
S3,28,RFOTO-ABC,0.3215289647279261,0.8514972584617247,1.7741840047596433,0.09506385379002733,0.69,0.31,0.11000766433748063,0.999472270954719,0.0005277290452810157,1.011117463917915,0.9787595430477689,0.6184336730866686,0.4030941247806875,0.147313966427707,0.7,0.9313840999966487,500,1,0.7547460668969546,0.7043606624152464,0.0005277290452810157,0.09558693715803843,0.02124045695223109
S3,28,Standard-ABC,0.6747275920739534,1.4208031079764134,3.863223621027592,0.1783953830412358,0.32,0.68,0.5462747027607858,0.9966944686790892,0.003305531320910825,1.0567976631580664,0.9077832727635299,0.3630486341549118,0.2711932106826414,0.31872326417815755,0.38,0.9696172000840306,500,1,1.4384718453957765,1.0645473332784767,0.003305531320910825,0.5637356615343404,0.09221672723647012
S3,28,GA,0.48158598673680036,1.1448755116147575,2.9134732990551,0.13722736504633723,0.44,0.56,0.36902896203125274,0.9981433253914364,0.0018566746085635533,1.0436560170534135,0.9311365853579487,0.4360913881712212,0.2986714177019265,0.27194907215508596,0.41,0.9664999999804422,500,1,1.0765375657569243,0.8057973008630746,0.0018566746085635533,0.3235246122003511,0.06886341464205126
S3,28,PSO,0.9254302648469249,2.0990575379163614,5.108470198334687,0.1877682923045289,0.22,0.78,1.1949019659907838,0.9995740172130645,0.0004259827869355837,1.0448057088972664,0.8434772859255437,0.16923369751636028,0.07735887216895539,0.43077648573487404,0.24,1.098962299991399,500,1,1.9472699866366012,1.0310098673738701,0.0004259827869355837,1.041590737652554,0.15652271407445628
S3,28,DE,1.3209735777741782,2.649713087958413,8.223934361490778,0.3213253541608325,0.19,0.81,1.6498704140110956,0.9989281848846209,0.001071815115379281,1.0326545297139622,0.7863891036647639,0.1288828508180345,0.09819195957099129,0.5211862595996676,0.34,0.9312059000367299,500,1,2.375765387848784,2.2142986517490395,0.001071815115379281,1.4505257423050602,0.2136108963352361
S3,28,Local-only,0.81351018359883,1.737168208585497,4.084739019857182,0.20892249586739908,0.16,0.84,0.7589033701655872,1.0,0.0,0.0,0.8932743489277112,0.29973151216461863,0.2640250343757476,0.34565430871595465,0.0,0.00039229996036738157,1,1,1.7776641891505502,1.0,0.0,0.8123411546013966,0.10672565107228882
S3,28,Random-feasible,0.8110922131312522,1.668614248202,4.122345751936283,0.20912082161870252,0.38,0.62,0.8045683163017509,0.9977500292387903,0.002249970761209763,1.0679529499798284,0.8661677499170808,0.2936803797449596,0.09840842914181319,0.3930785859426079,0.45,0.0029271000530570745,1,1,1.6923748669357164,1.054289838260315,0.002249970761209763,0.837320755974384,0.1338322500829192
S3,28,Max-SINR,0.3714282585666625,0.805641022144696,1.8002861561361712,0.09581669184308897,0.8,0.2,0.1160659270394309,0.9989462258829129,0.0010537741170870841,1.012436981013712,0.9744340387076814,0.5279159694853975,0.40289798250956077,0.16197755547296855,0.96,0.0014650000957772136,1,1,0.8997751919019724,0.684238071664578,0.0010537741170870841,0.15921240329686984,0.025565961292318584
S3,28,Delay-Greedy,0.41199359679234787,0.9971962865977188,2.0665314050472414,0.10881194217467245,0.52,0.48,0.2244782567663044,0.9990478848548808,0.0009521151451191989,1.0125999565855526,0.9592364695531156,0.46819325469475154,0.4030941247806875,0.20614511800812058,0.95,0.0035436999751254916,1,1,0.878384256091723,0.9630826377106723,0.0009521151451191989,0.1665207380670392,0.04076353044688441
S3,28,Load-Aware,0.32828047114251346,0.8698758107548896,1.7808076695859405,0.09768311347684082,0.67,0.33,0.12383851826014806,0.9994468518806302,0.0005531481193699028,1.0113260790206526,0.9761555594777203,0.6184336730866686,0.4030941247806875,0.15629102965779726,0.7,0.00386699999216944,1,1,0.7602080480180917,0.7242451104174888,0.0005531481193699028,0.10361758749260497,0.023844440522279742
S3,28,Offload-then-Allocate,0.33605942692544605,0.7487258923302724,1.5940024821456857,0.08175576154016198,0.85,0.15,0.08756331259183062,0.998886923042688,0.0011130769573119137,1.0138166612953956,0.9805497537040874,0.5286347562344101,0.4030941247806875,0.1408405573654287,0.95,0.003468699986115098,1,1,0.845436465017967,0.6047730703227845,0.0011130769573119137,0.12337679114674929,0.019450246295912632
S3,29,RFOTO-ABC,0.3958598025338235,0.9888091910726822,2.251520138003521,0.11624006230601663,0.73,0.27,0.17125346452950926,0.999573995277506,0.0004260047224941244,1.0058356855201744,0.9683361455869193,0.5948949989842617,0.19124694629003558,0.18082930717984722,0.71,1.0208114000270143,500,1,0.8292428102159879,0.8781645474807117,0.0004260047224941244,0.20795855500503554,0.03166385441308073
S3,29,Standard-ABC,0.7324009440296599,1.7677286606285896,5.471559390253908,0.18438760868275517,0.33,0.67,0.7763004723432865,0.9971829696687351,0.002817030331264886,1.0619079283545738,0.8703328395302401,0.24591773336985734,0.15539740037712108,0.3859866773567918,0.37,0.9959453999763355,500,1,1.5254089475081567,1.0487800577507,0.002817030331264886,0.6948728734131953,0.1296671604697599
S3,29,GA,0.5888110131010321,1.3557840139125579,3.1653429798916046,0.1615178658560296,0.43,0.57,0.4621069121025039,0.9972889906493798,0.002711009350620117,1.036549146197528,0.9177455771665665,0.35995286030439344,0.19124694629003558,0.2993770327231798,0.39,1.0652655999874696,500,1,1.306965716710784,0.8674311250073452,0.002711009350620117,0.47629819950838087,0.08225442283343354
S3,29,PSO,0.9845074371589825,2.278176139747058,6.170233408037102,0.22568709490099667,0.2,0.8,1.116271805324758,0.9992992310530816,0.0007007689469184252,1.039954024485311,0.8404772572330703,0.20198000423937446,0.09581173455560778,0.4356606358022625,0.27,1.322210699901916,500,1,1.9329588098689974,1.4766514792618068,0.0007007689469184252,1.0228057903921564,0.15952274276692968
S3,29,DE,1.5045525315379555,3.304854103917933,10.35259873168916,0.36273800313213866,0.13,0.87,1.9451055613558952,0.9978604895853178,0.002139510414682079,1.090182345743343,0.7796212040239282,0.10929640110802209,0.06197661237370398,0.5316711339216824,0.26,0.9643213000381365,500,1,2.754152132606551,2.2298320772256783,0.002139510414682079,1.792219861292475,0.2203787959760718
S3,29,Local-only,0.9334085512824887,2.3050401795575963,6.02242848272562,0.19837426411293294,0.13,0.87,1.0638332325165951,1.0,0.0,0.0,0.8582201272598278,0.23495156319712168,0.19124694629003558,0.40645076316315665,0.0,0.0004731999943032861,1,1,2.0089522827753714,1.0,0.0,1.0396139987104795,0.14177987274017223
S3,29,Random-feasible,0.8848068821303755,1.9494717532487185,5.755378509891299,0.21184000408691378,0.25,0.75,0.8630290134011418,0.9961825349291845,0.003817465070815378,1.0571072089753106,0.8683362159811664,0.25076979174071384,0.19124694629003558,0.38939395836797097,0.44,0.0017385000828653574,1,1,1.7166326039354587,1.4711242211002784,0.003817465070815378,0.8578681494579234,0.1316637840188336
S3,29,Max-SINR,0.407490181766868,0.9369184310514147,2.017184627416198,0.1201279074177385,0.77,0.23,0.1549890310189924,0.9987299571148288,0.0012700428851709921,1.01892378725644,0.9697611443570845,0.581899351105953,0.19124694629003558,0.17658356738224387,0.96,0.001386399962939322,1,1,0.8445824434583062,1.0123544803118203,0.0012700428851709921,0.15880624772818752,0.030238855642915508
S3,29,Delay-Greedy,0.5036521947317492,1.1076845933816588,2.184367835563787,0.12935221753926215,0.6,0.4,0.2473130143943375,0.9987115273478355,0.0012884726521645107,1.0211338801771117,0.955827946539418,0.5045551642299025,0.19124694629003558,0.21497300753722942,0.95,0.005030700005590916,1,1,0.9265612018575422,1.3540141790143563,0.0012884726521645107,0.24810505946276,0.04417205346058195
S3,29,Load-Aware,0.3958598025338235,0.9888091910726822,2.251520138003521,0.11624006230601663,0.73,0.27,0.17125346452950926,0.999573995277506,0.0004260047224941244,1.0058356855201744,0.9683361455869193,0.5948949989842617,0.19124694629003558,0.18082930717984722,0.71,0.006058000028133392,1,1,0.8292428102159879,0.8781645474807117,0.0004260047224941244,0.20795855500503554,0.03166385441308073
S3,29,Offload-then-Allocate,0.4029742272022177,0.9270546538645642,1.9393850411759008,0.10990502761272648,0.79,0.21,0.12998880986590503,0.9985173526047643,0.0014826473952355313,1.0235515066325573,0.9760942146971224,0.6223261999035546,0.19124694629003558,0.15649686356207224,0.96,0.0038565000286325812,1,1,0.8637447195451244,0.9707412142189604,0.0014826473952355313,0.15017787163445515,0.02390578530287757
S4,0,RFOTO-ABC,0.2742800500620135,0.6274689771577427,1.536611481865258,0.08890442761028149,0.92,0.08,0.05105349602003445,0.9973574980688281,0.0026425019311718968,1.0181423786968498,0.9876865365016205,0.6771943819998806,0.4292872626404285,0.11165560953987898,0.87,0.927891599945724,375,1,0.590524858379686,0.7235138112972961,0.0026425019311718968,0.06298497544602523,0.012313463498379473
S4,0,Standard-ABC,0.7131740240294708,1.6511902853227798,4.105535230577398,0.17725801216265563,0.34,0.66,0.6980379151502646,0.9979629425688376,0.0020370574311623525,1.042254148997172,0.8812764895940813,0.28202050034382387,0.22110229992916702,0.36703905029598854,0.3,0.8980992999859154,375,1,1.4620898426955031,1.1242605158946506,0.0020370574311623525,0.6431861916971087,0.11872351040591866
S4,0,GA,0.5454546690465777,1.262303233932525,3.9942886974706755,0.1231566765551899,0.49,0.51,0.4407016816680808,0.9986723659075377,0.0013276340924621899,1.056904024421695,0.9179890921250077,0.32386029317479814,0.252580936291157,0.29889389836768765,0.37,0.8986612000735477,375,1,1.2200435386958444,0.7799206479526635,0.0013276340924621899,0.44355409671990353,0.08201090787499232
S4,0,PSO,0.8774782806402109,1.9035221728246632,4.780478105317667,0.1659468154463112,0.22,0.78,0.8762711791640112,0.9984785644557855,0.001521435544214449,1.0883988325551375,0.8631840970543874,0.27487489731563375,0.2111831078409376,0.39812236498202597,0.13,1.0582370000192896,375,1,1.890449529909932,0.936239869420829,0.001521435544214449,0.9744129807956751,0.13681590294561263
S4,0,DE,0.88599481281722,1.9935578438536714,4.814867782137093,0.16542413410294501,0.22,0.78,0.9398720554915504,0.9994821626832555,0.0005178373167445094,1.0809609530850293,0.8614156038640618,0.2501757723348584,0.09883308735349795,0.4010982800554625,0.13,0.974666399997659,375,1,1.9063190345175633,0.9341190880627878,0.0005178373167445094,0.9936238563786858,0.1385843961359382
S4,0,Local-only,0.9225117965774926,2.042452274577665,4.780478105317667,0.18099888923479274,0.15,0.85,0.9487308878445759,1.0,0.0,0.0,0.8631565893176624,0.2524807104218185,0.2111831078409376,0.39816872995162483,0.0,0.0005405000410974026,1,1,1.9865187728529587,1.0,0.0,1.021422367047609,0.13684341068233763
S4,0,Random-feasible,0.7960663216721336,1.719061243530548,4.364063046206285,0.1869133521861381,0.32,0.68,0.7547848824159186,0.9979281065430007,0.0020718934569991755,1.0473482966135046,0.8721234673671109,0.27497512318497225,0.22110229992916702,0.38291857984877725,0.29,0.002576799946837127,1,1,1.600957508970085,1.2391695894095052,0.0020718934569991755,0.761422589727414,0.12787653263288912
S4,0,Max-SINR,0.3046062348299864,0.6594656479847183,1.5851571996770963,0.0917458217871484,0.85,0.15,0.06181207130263215,0.9983919832134767,0.0016080167865232032,1.0134168850801744,0.9868076670828172,0.6449858853190163,0.4525241522514795,0.11562308256398825,0.94,0.0022094999440014362,1,1,0.6736345859079649,0.7710505051308081,0.0016080167865232032,0.07295823715396767,0.013192332917182803
S4,0,Delay-Greedy,0.3200443584308549,0.6894422463504946,1.737881864983745,0.09533058697650362,0.85,0.15,0.08264504345103489,0.9967767055933523,0.003223294406647682,1.0272366769043946,0.9809766718254639,0.6035818401472527,0.3719577284689159,0.13925599802765684,0.95,0.0044293999671936035,1,1,0.6488176071326952,0.8654084371645289,0.003223294406647682,0.09812213186196725,0.019023328174536114
S4,0,Load-Aware,0.28789941711148703,0.6346555981018904,1.5699476800382894,0.09323615267730746,0.89,0.11,0.06379569058148796,0.9973010987804409,0.0026989012195590377,1.018263245679892,0.9850810330687033,0.6108352760804474,0.44337519265183245,0.12306467158933047,0.84,0.005187600036151707,1,1,0.6180875305167043,0.7267639174605302,0.0026989012195590377,0.08634128631850041,0.014918966931296684
S4,0,Offload-then-Allocate,0.2642335703774655,0.5731360745775377,1.1704494518005384,0.07717608877488119,0.94,0.06,0.03391062766874476,0.9963388932418643,0.003661106758135768,1.0316874338406081,0.9917734532393333,0.9012538990213441,0.43596576186108554,0.09107570582038335,0.97,0.004479299997910857,1,1,0.5895036722723977,0.7073811241221962,0.003661106758135768,0.035137121301237716,0.008226546760666698
S4,1,RFOTO-ABC,0.24987265330228195,0.6205415677389321,1.3764142026161537,0.07545360170852632,0.9,0.1,0.06778389519949447,0.9974099115335477,0.0025900884664523094,1.0297630284006056,0.9855315794391614,0.6651147529216338,0.27536382191216235,0.12116447073518363,0.78,0.9333013000432402,375,1,0.538798886316567,0.647470884951269,0.0025900884664523094,0.061456072812134284,0.014468420560838635
S4,1,Standard-ABC,0.6518254095674441,1.4517464711469388,4.351359291995577,0.1540812148070494,0.43,0.57,0.5572207865238485,0.9974382714419445,0.0025617285580555515,1.0693273449272163,0.8986601689330098,0.30378739511974334,0.2328497997645052,0.33580900775587885,0.29,0.8904382000910118,375,1,1.407263252801566,0.8802074107566673,0.0025617285580555515,0.609060657527571,0.10133983106699018
S4,1,GA,0.49786409247272523,1.2170074300673184,3.453847842405025,0.13737485002352565,0.56,0.44,0.4062063483427021,0.9984880108318958,0.0015119891681042374,1.0494003653925934,0.9225513942163628,0.39350972065040873,0.19510691838433264,0.28974204248372387,0.41,0.9356536000268534,375,1,1.1006471036578092,0.7629983920418313,0.0015119891681042374,0.3853314762033273,0.07744860578363721
S4,1,PSO,0.7553655995532436,1.6911848456478336,4.5851322885776975,0.1671723858612944,0.35,0.65,0.7022727658170399,0.999300858345957,0.0006991416540429441,1.0906981663445032,0.8778090963452979,0.2792329914586721,0.19510691838433264,0.373094975017863,0.16,1.0625434999819845,375,1,1.6162314718195896,0.9547195008019287,0.0006991416540429441,0.7585253703961716,0.12219090365470209
S4,1,DE,0.8090490838041562,1.910638654241692,4.85980204050044,0.20020478472917805,0.25,0.75,0.8315897925205623,0.9988521264151897,0.0011478735848102928,1.1290234778070114,0.8673904395524917,0.27536315026775093,0.19510691838433264,0.39100301142924093,0.09,0.9803739000344649,375,1,1.729978257329124,0.9704880403292505,0.0011478735848102928,0.8434412185535973,0.13260956044750827
S4,1,Local-only,0.8505842521944742,1.9923804485800658,4.85980204050044,0.20137664393705762,0.22,0.78,0.8708924937031297,1.0,0.0,0.0,0.864400617666006,0.27536315026775093,0.19510691838433264,0.3960694281919582,0.0,0.00045060005504637957,1,1,1.829578796684819,1.0,0.0,0.8913985826926819,0.13559938233399405
S4,1,Random-feasible,0.7350096367988521,1.6108330310393284,4.5851322885776975,0.15612110779596997,0.37,0.63,0.6679653259976703,0.9967568063686107,0.003243193631389295,1.1134370344066253,0.8805698139647606,0.2792329914586721,0.2328497997645052,0.3682774755787865,0.25,0.002098300028592348,1,1,1.5791121355572215,0.9178041629617667,0.003243193631389295,0.7359912473348719,0.11943018603523936
S4,1,Max-SINR,0.24066899646394632,0.573695271911318,1.5214893176202484,0.0643012897947408,0.9,0.1,0.07636636606471871,0.9976399915165812,0.002360008483418713,1.023328006428325,0.9836428597003767,0.6629459346174658,0.27536382191216235,0.12895404439846467,0.88,0.002062999992631376,1,1,0.5587480296745253,0.5308023799208471,0.002360008483418713,0.0737442372622426,0.01635714029962332
S4,1,Delay-Greedy,0.279789920986697,0.6969878697075916,1.5234802226244517,0.07487892486011016,0.82,0.18,0.10654124209672065,0.9982208440691933,0.0017791559308066552,1.0257501923077792,0.9774868359001211,0.5936018836894138,0.27536382191216235,0.15176191911449785,0.91,0.005141500034369528,1,1,0.5935720213613787,0.6967289329295098,0.0017791559308066552,0.09261907962313103,0.022513164099878913
S4,1,Load-Aware,0.2506679748314728,0.6167924625597359,1.3764142026161537,0.0741402754508445,0.9,0.1,0.0709160599416692,0.9980389161988622,0.0019610838011378693,1.0247522046222106,0.9848948233235343,0.6651147529216338,0.27536382191216235,0.12384200575907962,0.78,0.004130299901589751,1,1,0.5371523344992309,0.6525932853632184,0.0019610838011378693,0.0633316205619395,0.015105176676465715
S4,1,Offload-then-Allocate,0.2409882131517691,0.5760789490205188,1.2362388257179664,0.06321592179470116,0.89,0.11,0.062177430854391744,0.9968713981775008,0.003128601822499276,1.033191472643509,0.9871730687708454,0.7376722407677263,0.27536382191216235,0.11398946983355292,0.92,0.003518700017593801,1,1,0.55518691968794,0.5673397203337965,0.003128601822499276,0.05816306052336641,0.01282693122915457
S4,2,RFOTO-ABC,0.2888525777066315,0.714517820948767,1.5788505373457438,0.08924545030359851,0.87,0.13,0.09203179828986649,0.997307022507769,0.0026929774922309834,1.0245114071366923,0.9815711745382519,0.6413730265111236,0.22975804830932958,0.1370212516559407,0.8,0.9829188999719918,375,1,0.6138476610710675,0.7322726421398231,0.0026929774922309834,0.08898738720073077,0.018428825461748066
S4,2,Standard-ABC,0.6350201430197647,1.437982838175048,3.769232303960021,0.16556925953881899,0.4,0.6,0.579458961829762,0.9941666734481729,0.005833326551827206,1.1017406185391674,0.8975368286413533,0.32154036043816475,0.21930787772899468,0.3378763218959389,0.32,0.9370119000086561,375,1,1.3158332730947513,1.038242036432767,0.005833326551827206,0.5351575130679976,0.10246317135864669
S4,2,GA,0.5170736913174099,1.2453352103868356,2.9618727011982995,0.13654076432388063,0.44,0.56,0.45485974016818914,0.9980534571108832,0.0019465428891167814,1.0565915625211189,0.9188652740450256,0.3736279665925996,0.22975804830932958,0.29715118558292447,0.37,0.8666414999170229,375,1,1.13249545723299,0.7882756004611174,0.0019465428891167814,0.41259587787570123,0.0811347259549744
S4,2,PSO,0.7431379158016331,1.6607883047757181,3.8124189184299695,0.17840633203622785,0.27,0.73,0.706007867956169,0.9983440991961691,0.0016559008038310773,1.0883880285271852,0.8900295256154197,0.31808727039092244,0.1801960725867705,0.3515085087782891,0.21,1.129124699975364,375,1,1.6097192307676558,0.967359539202614,0.0016559008038310773,0.7151097036434956,0.1099704743845803
S4,2,DE,0.9168974347282486,1.8818136023564553,4.635784020705987,0.24685869180148146,0.2,0.8,0.8989869000884202,0.9977745422253019,0.00222545777469799,1.1440857892068839,0.8728934360300739,0.2588432409610314,0.14386859701204696,0.38159561502716394,0.17,1.007328699924983,375,1,1.7944159277838878,1.5080508145199047,0.00222545777469799,0.8902990178154496,0.12710656396992615
S4,2,Local-only,0.8243411554303375,1.87162987610361,4.668085034428062,0.18663893398385986,0.17,0.83,0.8116586397406202,1.0,0.0,0.0,0.8881344397065499,0.31808727039092244,0.1801960725867705,0.3549023258146581,0.0,0.0004415001021698117,1,1,1.795866003501249,1.0,0.0,0.8343792820440309,0.11186556029345007
S4,2,Random-feasible,1.020678458890325,2.026034134535579,4.668085034428062,0.3424002080816651,0.29,0.71,1.1730120662636796,0.9965189995911851,0.003481000408814902,1.0880133726252017,0.8810541053651887,0.2983410053031711,0.01942669880764031,0.36742900692591035,0.22,0.0029516000067815185,1,1,1.8364740544380225,1.9545029740466036,0.003481000408814902,0.9993856595873772,0.11894589463481131
S4,2,Max-SINR,0.27710155350049,0.6821873399159063,1.9425749118586746,0.07798194618996472,0.84,0.16,0.13546711616155732,0.9978201185039111,0.002179881496088871,1.019768685375143,0.9720479840777688,0.5525481608459107,0.22975804830932958,0.16957534743765668,0.85,0.001520100049674511,1,1,0.6472433218806491,0.5272653268542912,0.002179881496088871,0.12628858125852618,0.027952015922231177
S4,2,Delay-Greedy,0.3092315627861236,0.72261393248505,1.7181966443570378,0.0942850083213577,0.85,0.15,0.11109990172534598,0.9984774853184148,0.001522514681584951,1.019953859125567,0.9772574297061386,0.5664198506675354,0.22975804830932958,0.15255107852440017,0.87,0.004841299960389733,1,1,0.6411435646280337,0.7647365076756009,0.001522514681584951,0.12207722798951558,0.022742570293861397
S4,2,Load-Aware,0.31840475828371134,0.7165527793952005,1.939772235703566,0.09426759233384029,0.84,0.16,0.12287564290916787,0.9978112612151613,0.002188738784838834,1.0234532553151696,0.9745872452864102,0.5490692787207414,0.22975804830932958,0.16147879898592787,0.78,0.005214500008150935,1,1,0.6600298498960486,0.7626346777982791,0.002188738784838834,0.13900973270380412,0.025412754713589836
S4,2,Offload-then-Allocate,0.27115605400204523,0.6341831418451751,1.5788505373457438,0.07890266339098813,0.86,0.14,0.10058005509122563,0.9977590441768688,0.002240955823131263,1.0214290860278863,0.979647967875678,0.6164957086625679,0.22975804830932958,0.14413480628875264,0.88,0.00545219995547086,1,1,0.6140472745891343,0.5759826555761681,0.002240955823131263,0.11098336414024759,0.020352032124322017
S4,3,RFOTO-ABC,0.3077233719449711,0.6565964923123143,1.3505770585503292,0.10140478392675047,0.9,0.1,0.050939670348925964,0.9989103945724499,0.0010896054275501622,1.022526636659743,0.9887540762160247,0.8128396537942938,0.38621359106324077,0.10664817412180204,0.84,1.0094725000672042,375,1,0.6045975415097504,0.9250881737088218,0.0010896054275501622,0.06362380343241551,0.011245923783975265
S4,3,Standard-ABC,0.6624235236593381,1.6141238601520942,5.161162820795347,0.20200954056549578,0.4,0.6,0.6781996576347897,0.9979620466976641,0.002037953302335842,1.0577167071762048,0.8818681782250014,0.27284499319679156,0.16506048258344375,0.3660004462900681,0.33,1.0609265000093728,375,1,1.3853676889386557,0.9886272075743734,0.002037953302335842,0.5986406254472049,0.11813182177499859
S4,3,GA,0.5155884480612243,1.252892772090117,3.445543983966894,0.17029693560912854,0.46,0.54,0.4299921456877776,0.9987149798068461,0.0012850201931538918,1.0569451653650987,0.9209936947227608,0.3658822316242497,0.2459592018879322,0.2928886537283256,0.35,1.0542415999807417,375,1,1.114521238807634,0.8884319207866679,0.0012850201931538918,0.36634160164439566,0.07900630527723917
S4,3,PSO,0.8198850833533619,1.8815832189379558,5.174865593621203,0.18796811509351344,0.27,0.73,0.8382541885255805,0.9984812767722488,0.0015187232277511786,1.0712310398694616,0.8625631765217532,0.27284499319679156,0.20702329095752528,0.39916834881310953,0.13,1.27827329991851,375,1,1.7564617508233809,0.9485334201065143,0.0015187232277511786,0.8702814578570085,0.13743682347824682
S4,3,DE,1.1298755731899905,2.3218061224613997,6.197011730293313,0.2711914082534873,0.2,0.8,1.2679391356873264,0.9993132680542456,0.000686731945754373,1.0498837965537395,0.8169014024262048,0.18314046297389489,0.10819882849612342,0.4734320860084126,0.18,1.0666550999740139,375,1,2.1635316608957553,1.6977306884547105,0.000686731945754373,1.2269236746904997,0.1830985975737952
S4,3,Local-only,0.9541168508192066,2.147064340833663,5.59277267420286,0.2135523430723528,0.18,0.82,0.9982140852922734,1.0,0.0,0.0,0.8483033009991305,0.2455077028305847,0.18314074146261497,0.4228754634112324,0.0,0.0005230000242590904,1,1,2.0450962789176392,1.0,0.0,1.0803531049586654,0.15169669900086946
S4,3,Random-feasible,0.6856833161665216,1.6552624209667428,5.161162820795347,0.2098216328570364,0.37,0.63,0.7072490542443219,0.9987739663697478,0.0012260336302521912,1.061745465137002,0.8779890631438613,0.27284499319679156,0.16506048258344375,0.37278190890548146,0.3,0.002197599969804287,1,1,1.424040880950378,1.0207890962247739,0.0012260336302521912,0.6320315369629597,0.12201093685613873
S4,3,Max-SINR,0.3889220495044952,0.7378320060783284,2.3050798659014853,0.1286586650032249,0.77,0.23,0.12691757224541553,0.9986045881848983,0.001395411815101678,1.0137710784653828,0.9731701523625882,0.49070986355091006,0.328068079263888,0.16604076016148922,0.94,0.0015246999682858586,1,1,0.7640942395786996,1.020731080305847,0.001395411815101678,0.1619410722212447,0.026829847637411808
S4,3,Delay-Greedy,0.367450438320531,0.7328211695983913,1.5099919328902764,0.11092686903239544,0.79,0.21,0.08058143322679251,0.9986930158601857,0.0013069841398143677,1.021890991576414,0.9837445575249462,0.6227522218055465,0.38621359106324077,0.12854589915613293,0.94,0.005160699947737157,1,1,0.6671119349279951,1.1779407215203046,0.0013069841398143677,0.08512653264506209,0.01625544247505384
S4,3,Load-Aware,0.3557843799979129,0.6937087314069279,1.4844108330530075,0.10175986492952468,0.88,0.12,0.08725654571722538,0.9989483015759083,0.0010516984240918049,1.0202320470274522,0.9826554439110192,0.802981414738757,0.21757480404733737,0.13285593565541934,0.83,0.005815699929371476,1,1,0.7006418851839941,0.9243186101306822,0.0010516984240918049,0.15665637633658658,0.017344556088980778
S4,3,Offload-then-Allocate,0.3296162667063647,0.6341161946090251,1.351728556078542,0.09788011482344902,0.85,0.15,0.07637593362355606,0.9985557193777097,0.001444280622290124,1.0218356917826499,0.9833115264581539,0.6727126637976759,0.38621359106324077,0.1302754980736832,0.94,0.0036174000706523657,1,1,0.6707420556940892,0.899205661407853,0.001444280622290124,0.09703110566371823,0.016688473541846105
S4,4,RFOTO-ABC,0.31503455440958583,0.6344991587347311,1.5050726333655957,0.08108191113836798,0.87,0.13,0.07837552945892677,0.9976125551950993,0.0023874448049006334,1.0332105742183062,0.9837312333331574,0.7305596832298439,0.2780158823810062,0.1285994422437309,0.84,1.0168207999086007,375,1,0.701222584211991,0.6529084119845223,0.0023874448049006334,0.155499370391613,0.016268766666842627
S4,4,Standard-ABC,0.7185254960411724,1.6299869613840725,4.679898365014939,0.18356597938238675,0.35,0.65,0.7091334248940427,0.9984750116033376,0.0015249883966623567,1.0685537547356452,0.8771950945634692,0.2773116059424816,0.18318471975514844,0.37416207064843476,0.3,0.9929796999786049,375,1,1.5059002374927823,1.0182715480228877,0.0015249883966623567,0.6823358838789266,0.12280490543653078
S4,4,GA,0.5605404743489298,1.3889166569151958,3.6926299025055482,0.17193090375082967,0.42,0.58,0.5274127984897367,0.9985242144885593,0.0014757855114405794,1.0348215225484085,0.9035964050441389,0.3176510962277054,0.213585103589607,0.32663247933639533,0.37,0.996867400011979,375,1,1.2216424072924446,0.8315211367643457,0.0014757855114405794,0.4625840226619983,0.09640359495586115
S4,4,PSO,0.783284253907747,1.8733840598160063,4.610399385719157,0.19682575911331465,0.27,0.73,0.8391898026248424,0.9987856022524173,0.0012143977475825396,1.0243547496013377,0.864200902319072,0.2778502839176168,0.14934331776946064,0.3964067896128879,0.2,1.2558344999561086,375,1,1.6959231718981482,0.9056321784342017,0.0012143977475825396,0.8113835598656958,0.13579909768092802
S4,4,DE,1.027729131397939,2.412836427019974,5.529648618203857,0.3172298149714286,0.22,0.78,1.2483235974255829,0.997102608441556,0.002897391558444058,1.113385216571962,0.8211475038633834,0.21206508439788407,0.06343570885552989,0.4666990472982811,0.19,1.0142683999147266,375,1,2.070349658264706,1.2893610994557252,0.002897391558444058,1.1573207967248902,0.17885249613661658
S4,4,Local-only,0.9073345071049372,2.1161467953126682,4.693814269732652,0.21586613517619488,0.18,0.82,0.9880749245084536,1.0,0.0,0.0,0.8521871179790732,0.274165235138082,0.18318471975514844,0.4164747344546437,0.0,0.00043810007628053427,1,1,1.9479297008976901,1.0,0.0,0.992720598309503,0.1478128820209268
S4,4,Random-feasible,0.8376275636937331,1.943802710464077,5.334481265205889,0.24384509604953647,0.3,0.7,0.8913762250664794,0.9973949697514128,0.002605030248586987,1.0787395265603221,0.8598895824080446,0.26290634036892413,0.09220124578268178,0.4036582843277863,0.32,0.0027049999916926026,1,1,1.7445692416715233,1.056252112881538,0.002605030248586987,0.8860394706204437,0.14011041759195542
S4,4,Max-SINR,0.28289462405236737,0.5989216024942435,1.505079874054738,0.07622248709397153,0.89,0.11,0.06053142770207294,0.9977551601785393,0.0022448398214605404,1.0298317415345013,0.9874843227040002,0.7649023238694067,0.2780158823810062,0.11258021497975725,0.94,0.0014389000134542584,1,1,0.6590141528033704,0.5869417012299158,0.0022448398214605404,0.1110940444333814,0.012515677295999783
S4,4,Delay-Greedy,0.3284175323767315,0.6515008848171054,1.5054305661810492,0.07985393414745463,0.85,0.15,0.08282559559282732,0.9975233104518948,0.0024766895481052533,1.0310172623415403,0.9829320412818925,0.6907583012775101,0.2780158823810062,0.13177379264156147,0.91,0.004346400033682585,1,1,0.7154820467325639,0.7126899650288508,0.0024766895481052533,0.15835197688770308,0.017067958718107512
S4,4,Load-Aware,0.3181568408909585,0.636004063799571,1.4153524559605266,0.08004462674302605,0.86,0.14,0.0854265011524726,0.9980018559281535,0.0019981440718465047,1.031951857160092,0.9820612393515062,0.5982121258001859,0.2780158823810062,0.13515338658720233,0.84,0.006582999951206148,1,1,0.7018745326714408,0.6639530586741632,0.0019981440718465047,0.16001922404132188,0.017938760648493757
S4,4,Offload-then-Allocate,0.2697566952583118,0.5855351975763633,1.2808048070486402,0.06865458509734827,0.94,0.06,0.050569105075681485,0.9972803651845489,0.002719634815451123,1.0333450768013925,0.989374675790367,0.813348899322809,0.2780158823810062,0.10363124133010858,0.94,0.0034980999771505594,1,1,0.6445480973030474,0.5412322618084695,0.002719634815451123,0.1011884242669775,0.010625324209633025
S4,5,RFOTO-ABC,0.24944477270301135,0.6561294591951082,1.3774282186487932,0.07840835487332645,0.88,0.12,0.04941000712028573,0.9974398466310264,0.002560153368973658,1.0224745180765904,0.9888644096402989,0.660515847250753,0.520356425224199,0.10611780298490651,0.87,0.9627419000025839,375,1,0.5583203757693567,0.651594011654865,0.002560153368973658,0.039772831138770046,0.01113559035970113
S4,5,Standard-ABC,0.6928769007580587,1.5045544635785892,3.704488148639607,0.1919899284492253,0.36,0.64,0.624302359124042,0.9977600853705485,0.002239914629451607,1.08910100911151,0.8931829954071777,0.32045717588030226,0.20475536923947463,0.34581989486133724,0.3,0.9790460999356583,375,1,1.4590449706978552,1.058306501438776,0.002239914629451607,0.6115965970118594,0.10681700459282228
S4,5,GA,0.5780428434527926,1.3081244386241166,3.6096621330256853,0.15616734097299173,0.45,0.55,0.48969756170909845,0.997742927911754,0.0022570720882459736,1.0955568770801465,0.9099104671886536,0.32972786096451695,0.20475536923947463,0.31465731819959214,0.35,1.0895986000541598,375,1,1.2631050414292915,0.9061700498311983,0.0022570720882459736,0.4495049251257553,0.09008953281134635
S4,5,PSO,0.7628446856007971,1.72811437226059,4.360695705225086,0.18274605724227005,0.28,0.72,0.7600466419452963,0.9988816291162661,0.0011183708837338802,1.0719599043222692,0.8775824081754866,0.3012936075469638,0.1815539803752794,0.3734891255647558,0.15,1.0247138000559062,375,1,1.6684920969201875,0.8988445763596465,0.0011183708837338802,0.7692346478655175,0.1224175918245134
S4,5,DE,0.9001688447268252,2.042423742517953,4.627936476044305,0.21536580268427916,0.21,0.79,0.9988311334116748,0.9991614551170397,0.0008385448829602681,1.0496492352371072,0.8610867008490739,0.2600536089744218,0.08698875288123037,0.40165064804677564,0.16,1.0002602000022307,375,1,1.8925523225629761,1.0915689272689648,0.0008385448829602681,0.9691628845860221,0.1389132991509261
S4,5,Local-only,0.8480150701234265,1.930807177261671,4.360695705225086,0.2137886873370017,0.17,0.83,0.8619896300582058,1.0,0.0,0.0,0.8785196882418983,0.3011158985027066,0.1815539803752794,0.3718580602323877,0.0,0.0005704000359401107,1,1,1.845593060054363,1.0,0.0,0.8735790333844817,0.1214803117581017
S4,5,Random-feasible,0.8811758262897395,1.756360474751433,4.203857336780479,0.20454476392713816,0.3,0.7,0.8867520099496672,0.9982989402577247,0.0017010597422752894,1.1074970564414122,0.8757119416789871,0.29753808183377894,0.048980130816084086,0.37673334844404294,0.24,0.002170200110413134,1,1,1.7173210038604474,1.48603648225923,0.0017010597422752894,0.8398267291565442,0.12428805832101286
S4,5,Max-SINR,0.22830373322455677,0.573865079257435,1.4478500938792476,0.06946448640571193,0.88,0.12,0.03957858283077077,0.9982345726600719,0.0017654273399281906,1.0214351988722277,0.9915572319082344,0.8845852308297205,0.520356425224199,0.09227489015049732,0.93,0.0014688000082969666,1,1,0.5576315740232385,0.5307816366913719,0.0017654273399281906,0.030636374133163596,0.008442768091765585
S4,5,Delay-Greedy,0.261036466148544,0.6732692440496452,1.3304538964063946,0.07704361457336115,0.85,0.15,0.055814728847695526,0.9977071077503912,0.0022928922496088123,1.0228862706748525,0.9877267903791663,0.6592887725242217,0.48805311423528136,0.1114706822495741,0.93,0.005079900030978024,1,1,0.5742338672345392,0.6956379131853826,0.0022928922496088123,0.043331009876219934,0.01227320962083367
S4,5,Load-Aware,0.25164855028173166,0.6572619294327273,1.526460587380818,0.08050571224968715,0.88,0.12,0.05463183207744348,0.9976540556400283,0.0023459443599715677,1.023958605492266,0.9878026078958981,0.6592887725242217,0.520356425224199,0.11112158012618238,0.86,0.004662699997425079,1,1,0.5591870319279443,0.6592302224078104,0.0023459443599715677,0.04267384500385768,0.012197392104101867
S4,5,Offload-then-Allocate,0.23013785816165053,0.5808311382415949,1.5121611619345237,0.06732797103099976,0.87,0.13,0.0374034182039083,0.9973771222667502,0.002622877733249922,1.023990932187469,0.9921634019238785,0.8615022903811587,0.520356425224199,0.0888734797904085,0.94,0.00397820002399385,1,1,0.566644114966389,0.5287514618125255,0.002622877733249922,0.029856179560424915,0.00783659807612147
S4,6,RFOTO-ABC,0.22426798876739032,0.6325310515742981,1.5602375566301387,0.08023434992880168,0.92,0.08,0.034964787313013834,0.9984049107534281,0.0015950892465718082,1.0195697377795725,0.9920813687112313,0.8344801254875004,0.4507761652578019,0.08934112440019537,0.85,1.0081110000610352,375,1,0.5166871673087456,0.5688176978665411,0.0015950892465718082,0.033066918870372206,0.007918631288768685
S4,6,Standard-ABC,0.7204610785365024,1.7021648265346052,4.684409589622677,0.22052724330648907,0.31,0.69,0.7242831348513539,0.9991780980552798,0.0008219019447202136,1.041722551158767,0.8817847625527041,0.2993604621248534,0.18802135412396598,0.3661469615513325,0.27,0.9775397999910638,375,1,1.5416686654307006,0.908303985807137,0.0008219019447202136,0.7236065932068733,0.1182152374472959
S4,6,GA,0.534894759982159,1.3584129707935813,3.782672005411526,0.18908558054755012,0.43,0.57,0.538495768257277,0.9987489157729553,0.0012510842270447864,1.048236687682297,0.9049838011084148,0.3104000919218719,0.18802135412396598,0.32402492852758036,0.34,0.9497813999187201,375,1,1.1379377401752853,0.8605173880210343,0.0012510842270447864,0.42732028022414326,0.09501619889158519
S4,6,PSO,0.8118296961504712,1.7903821180435429,4.162562074997721,0.2115299183374073,0.25,0.75,0.8255831086341672,0.9991762857556051,0.0008237142443949697,1.06370576575618,0.8786392662409652,0.2782452981265474,0.12052132159282414,0.37164970535736785,0.22,1.0437690999824554,375,1,1.7108029105326554,1.0274636966765565,0.0008237142443949697,0.8465622444123586,0.12136073375903478
S4,6,DE,1.0857334035885478,2.4363569937132956,6.023353060190945,0.25463977728556003,0.19,0.81,1.3872460713780628,0.9992304400758185,0.0007695599241813367,1.0592204394290938,0.834484924130607,0.15046257185709586,0.06198204018302253,0.44535828014795187,0.22,0.9662988999625668,375,1,2.1971058421655036,1.2815451420320971,0.0007695599241813367,1.2769759935084481,0.16551507586939296
S4,6,Local-only,0.926174675191233,2.022918888501967,4.916397310339599,0.23434034023536912,0.14,0.86,0.955867208776613,1.0,0.0,0.0,0.8781795327520178,0.28679980150851536,0.12042372785298287,0.3724504256608137,0.0,0.0004545000847429037,1,1,1.9997625884089978,1.0,0.0,1.0318438320071446,0.12182046724798223
S4,6,Random-feasible,1.0187372558364682,1.8466187547864987,5.141552966414647,0.26770810195168954,0.3,0.7,0.8899193848159856,0.9968854509597495,0.0031145490402505714,1.109857055621029,0.8639711155485026,0.27726126251244754,0.12436791996480044,0.3967947858509071,0.29,0.0020593999652191997,1,1,1.8759663207528046,1.8590275167619175,0.0031145490402505714,0.9994572226328193,0.1360288844514974
S4,6,Max-SINR,0.2118468149660072,0.565911461549172,1.4690120742525687,0.07256757178241253,0.93,0.07,0.03632963592093433,0.9980284146723369,0.001971585327663261,1.0263924591828206,0.9915383383964739,0.8680459731232946,0.4507761652578019,0.0923789605021831,0.99,0.001484300009906292,1,1,0.5233358234505293,0.4737233579155697,0.001971585327663261,0.033163156439911495,0.008461661603526127
S4,6,Delay-Greedy,0.24297156250078505,0.6855646370056933,1.7005123423960278,0.08711628225311413,0.84,0.16,0.05313423408757588,0.9981364939283879,0.0018635060716122131,1.0249062991540985,0.988274949228454,0.819627173072118,0.4507761652578019,0.10892271863064286,0.98,0.0037484000204131007,1,1,0.5444669850199376,0.6239986429619421,0.0018635060716122131,0.04449424388582004,0.011725050771545953
S4,6,Load-Aware,0.22861898220575713,0.6429511425464237,1.6099845039243883,0.08421025414226319,0.91,0.09,0.044945637128136984,0.9982232055777693,0.0017767944222306087,1.022432156589722,0.9896854335488144,0.8344801254875004,0.4507761652578019,0.1020885181533307,0.87,0.004345700028352439,1,1,0.5170232262568596,0.5841639070877206,0.0017767944222306087,0.03934418290504085,0.010314566451185558
S4,6,Offload-then-Allocate,0.2127999831717987,0.5543737578564529,1.2721605523248918,0.07001497576907117,0.93,0.07,0.043419695097896706,0.9976330897335488,0.0023669102664513318,1.0278033557735837,0.9895891958750795,0.811799289461979,0.4507761652578019,0.10256865608787777,0.98,0.004088499932549894,1,1,0.5251244698084766,0.46151503625032897,0.0023669102664513318,0.04102643044040753,0.010410804124920459
S4,7,RFOTO-ABC,0.26091858312640887,0.6561068006310635,1.543052040796031,0.09699553127774456,0.89,0.11,0.06953650745943668,0.9975117565413096,0.002488243458690376,1.0259217043080555,0.9849370314306097,0.6355071345579335,0.2995970414922582,0.12366621018582394,0.9,0.936849300051108,375,1,0.5403851265895204,0.7054426024956362,0.002488243458690376,0.06899526851014678,0.015062968569390267
S4,7,Standard-ABC,0.6409948777245513,1.523262498065279,3.438593850223561,0.1949987217825081,0.39,0.61,0.5700553200333571,0.9966145480747112,0.0033854519252890626,1.0885320576146167,0.8982291268694473,0.3205232256448176,0.2628623456739618,0.33660315579041383,0.35,0.8975134000647813,375,1,1.3910197040153383,0.8844397851758792,0.0033854519252890626,0.5785250503587768,0.10177087313055266
S4,7,GA,0.5085411593861738,1.3292016279457268,3.207265175051967,0.17912407091805613,0.48,0.52,0.4567773572826369,0.9986525725842561,0.0013474274157438415,1.0629022605617198,0.9140691844698986,0.3675763092383312,0.24527050568522785,0.3066090240214278,0.42,0.9558177998987958,375,1,1.107219970270868,0.8609952932489361,0.0013474274157438415,0.35771106007381015,0.0859308155301014
S4,7,PSO,0.7555009478239181,1.8400000028798371,4.574538474058088,0.21358810416545598,0.28,0.72,0.7784486528622182,0.9990066724956412,0.000993327504358913,1.0500795929241034,0.8736451899689041,0.3048100866493169,0.19939082089294943,0.3803017680589065,0.21,1.0732524000341073,375,1,1.6256942275442643,0.9538841154160679,0.000993327504358913,0.7473715464796226,0.12635481003109594
S4,7,DE,0.9169442280564334,2.1890923658786674,5.112200984438646,0.24346229630440322,0.17,0.83,1.036749001784711,0.9999576235013384,4.237649866148274e-05,1.0191192042877577,0.8592086056206154,0.26511297462171557,0.10954530385521209,0.4047983615453848,0.12,1.088181299972348,375,1,1.922710701515785,1.0950856124235526,4.237649866148274e-05,1.0035061054292571,0.1407913943793846
S4,7,Local-only,0.8162579334778771,2.0437124114784226,4.589763294676862,0.23491279961682618,0.14,0.86,0.8661323518789494,1.0,0.0,0.0,0.8823771919553346,0.2994718036114822,0.24527050568522785,0.36510571813000137,0.0,0.0005863000405952334,1,1,1.779502766850581,1.0,0.0,0.8149552822341284,0.1176228080446654
S4,7,Random-feasible,1.1926250413898718,2.5038569651841924,4.589763294676862,0.6154537541512962,0.33,0.67,1.3077452042312836,0.9978636780672993,0.002136321932700703,1.0905442589232566,0.8737471122790528,0.29798700417950796,0.016588223665604494,0.38012618187349645,0.27,0.002576999948360026,1,1,2.076919293072864,2.2614462873924537,0.002136321932700703,1.2592523098724218,0.12625288772094723
S4,7,Max-SINR,0.2575110280825789,0.6331062098090716,1.9835563433700594,0.08294215160424162,0.9,0.1,0.0777289803732028,0.9961965458872792,0.0038034541127208756,1.0232333145924803,0.9823580835614087,0.5746627966304378,0.2995970414922582,0.1340102349949848,0.93,0.002015399979427457,1,1,0.5753703433085751,0.6039775045387259,0.0038034541127208756,0.07865935314517342,0.017641916438591254
S4,7,Delay-Greedy,0.2765022854819033,0.6893595329197463,1.664009402285342,0.0882355993752204,0.89,0.11,0.08149363475476061,0.9964554523124511,0.003544547687548989,1.0216355083189141,0.9816357073426667,0.5753439304518564,0.2995970414922582,0.13677663935297255,0.94,0.004641599953174591,1,1,0.5614941148538743,0.7551499201341615,0.003544547687548989,0.077570861248803,0.018364292657333303
S4,7,Load-Aware,0.2617743651656726,0.6555133733446864,1.543052040796031,0.09690677421262843,0.89,0.11,0.06985227306142126,0.9975269071679602,0.0024730928320397384,1.0257103367446256,0.9849122585687056,0.6355071345579335,0.2995970414922582,0.12376941689744904,0.9,0.004429500084370375,1,1,0.5406185187563991,0.7104147242142003,0.0024730928320397384,0.06919898825336264,0.015087741431294432
S4,7,Offload-then-Allocate,0.24650016132987065,0.6024578701423796,1.783755233219256,0.07898743762306781,0.91,0.09,0.07290865815114621,0.9958158093719571,0.004184190628042879,1.0240584802070103,0.983063092845056,0.5746627966304378,0.2995970414922582,0.13125817378696053,0.94,0.0047132999170571566,1,1,0.5512399975282788,0.5806104906190179,0.004184190628042879,0.07288485662439231,0.016936907154944003
S4,8,RFOTO-ABC,0.25619888956770215,0.5771857312563401,1.4417091900964245,0.07771129425213133,0.92,0.08,0.09262000780195885,0.998290359930987,0.0017096400690131152,1.024906610748388,0.9796099410141923,0.7455354668836857,0.28417125618375727,0.1442721982911769,0.83,0.9709760000696406,375,1,0.5563951340676487,0.6408464509758645,0.0017096400690131152,0.07029080617094596,0.020390058985807702
S4,8,Standard-ABC,0.6105730073321279,1.2409883072437717,3.127018333869555,0.13650617290921285,0.38,0.62,0.5136009850094918,0.9978259583373695,0.0021740416626305683,1.0667997362320047,0.9074969691573476,0.38805331916583946,0.20574019447721875,0.3192679984855031,0.29,0.9914120000321418,375,1,1.311722563262541,0.936614914483213,0.0021740416626305683,0.511359465540347,0.09250303084265243
S4,8,GA,0.4588519753898877,1.0221034962754103,2.553551682438154,0.11808486848113638,0.52,0.48,0.3481917719565567,0.9989423699562863,0.001057630043713632,1.0554457819991345,0.932233836134473,0.40189728201746616,0.28417125618375727,0.26961498099318876,0.34,0.9573246999643743,375,1,1.0208747105998244,0.7934903124396664,0.001057630043713632,0.2969332011416395,0.06776616386552703
S4,8,PSO,0.6342352536949428,1.3615037022563918,3.218178124849751,0.13711818711505125,0.35,0.65,0.5495621545278755,0.9985390481568167,0.0014609518431832503,1.0623457724172845,0.8993719477089186,0.37312963307220515,0.28417125618375727,0.33449518049004184,0.18,1.0505451000062749,375,1,1.3984180563817648,0.8846193316096991,0.0014609518431832503,0.5462057665829916,0.1006280522910814
S4,8,DE,0.8605573307501146,1.6550060864331575,3.656382251040723,0.19565900442839054,0.26,0.74,0.8223595660867801,0.9983840586136579,0.0016159413863422122,1.1161487410418762,0.874930856611031,0.34288544489568695,0.0868067274839949,0.37808393211905256,0.15,1.03758140001446,375,1,1.7434501598591208,1.3257930684798338,0.0016159413863422122,0.8269690829109827,0.12506914338896902
S4,8,Local-only,0.7188223570615884,1.499355333792979,3.3824696493405404,0.15929050631951566,0.26,0.74,0.6225148337378584,1.0,0.0,0.0,0.8943498946716246,0.37312963307220515,0.28417125618375727,0.34370134930039015,0.0,0.00048649997916072607,1,1,1.5770729168480082,1.0,0.0,0.6348264482013197,0.10565010532837538
S4,8,Random-feasible,1.2038528328088938,2.4342701664986426,3.2542338633043593,0.38394470098892824,0.38,0.62,1.6152160868033008,0.9946361464862378,0.005363853513762309,1.1008526438455393,0.8699763943516853,0.27741221802187177,0.009999267499425903,0.3865960106847611,0.38,0.0026246000779792666,1,1,2.1608566557163837,2.043690423422019,0.005363853513762309,1.3460351752659805,0.13002360564831472
S4,8,Max-SINR,0.2752822985991667,0.5909021267485127,1.5776260073182657,0.07777512184810279,0.89,0.11,0.12038442836892864,0.9963946129155579,0.003605387084442171,1.0260838085569977,0.9760784288442687,0.744681910170064,0.20153749012584224,0.15654979120203164,0.93,0.0019632999319583178,1,1,0.616894406614811,0.6245716704642164,0.003605387084442171,0.09225453314233348,0.023921571155731347
S4,8,Delay-Greedy,0.270110746386231,0.6182139616328733,1.527758460976474,0.07913210909649736,0.9,0.1,0.09789501989723737,0.9982105394483266,0.0017894605516734653,1.0202872425398086,0.9787104037832125,0.7068901181465653,0.28417125618375727,0.14748797398084926,0.91,0.006212000036612153,1,1,0.595857863732359,0.660350506843387,0.0017894605516734653,0.07416949153512135,0.0212895962167875
S4,8,Load-Aware,0.2567913792930471,0.5697009543840945,1.4171704580672027,0.07997484495877905,0.92,0.08,0.08380200883628133,0.9973757388295498,0.0026242611704503636,1.028207416983981,0.9812091095696426,0.7499614186173684,0.28417125618375727,0.13838623514175083,0.84,0.004447199986316264,1,1,0.5519453479729076,0.6633987376710674,0.0026242611704503636,0.06380698340206542,0.01879089043035742
S4,8,Offload-then-Allocate,0.26120413876437526,0.5571591655587352,1.4682213464007252,0.07222433384735889,0.89,0.11,0.1025378245107428,0.9975908162719602,0.0024091837280396356,1.021245826618897,0.9779057862752079,0.6432206988861957,0.28417125618375727,0.15031100115557058,0.91,0.005309700034558773,1,1,0.5977062079194303,0.5801240038252687,0.0024091837280396356,0.08385206962560242,0.022094213724792144
S4,9,RFOTO-ABC,0.25786612946615844,0.6595494245607186,1.3856623660778535,0.0769683517817479,0.89,0.11,0.06993655265881299,0.9985094253120694,0.0014905746879304593,1.0290987369781726,0.9848426533176046,0.7297560523239554,0.35204423893381653,0.12405896889406923,0.84,1.0046001999871805,375,1,0.5526215813857457,0.6719373233019107,0.0014905746879304593,0.0653936747379601,0.015157346682395434
S4,9,Standard-ABC,0.6256152600722341,1.442448997936097,3.992871658327495,0.15866395985123316,0.43,0.57,0.5767787614247392,0.998448836609533,0.0015511633904670308,1.0813624354384082,0.8937537293955892,0.3418544388663182,0.23784421957908927,0.3447846430586278,0.31,1.0523338000057265,375,1,1.333494726725595,0.8998581193422477,0.0015511633904670308,0.5640627488829729,0.10624627060441083
S4,9,GA,0.5211068282856197,1.2116684186826663,3.465121659817573,0.14582464659290337,0.53,0.47,0.4110412164878979,0.9975538692764997,0.002446130723500227,1.0886506353035283,0.9202272092549035,0.37388169011035466,0.23784421957908927,0.29442850759161593,0.4,0.9941077999537811,375,1,1.1334416846810234,0.8315033054687568,0.002446130723500227,0.40226306615434354,0.07977279074509647
S4,9,PSO,0.7502662131288228,1.647686578500064,4.058629836905483,0.1703098755858013,0.32,0.68,0.7251990467300823,0.9990435878112706,0.0009564121887295396,1.1034864468214631,0.8749971341960043,0.2737165399903524,0.23784421957908927,0.3779694246368819,0.15,1.0766544999787584,375,1,1.6198207141996996,0.902721895967206,0.0009564121887295396,0.7638441515018869,0.12500286580399567
S4,9,DE,0.8844236469196498,2.067523056124459,4.248482270203462,0.20334317149617614,0.21,0.79,0.9602419541233636,0.998311026222778,0.0016889737772220615,1.1430413634445653,0.8634032085691147,0.25808639750677703,0.0785682477645998,0.3977529597243557,0.12,1.1025560999987647,375,1,1.892091178845621,0.9993945902135537,0.0016889737772220615,0.9626574008245373,0.13659679143088532
S4,9,Local-only,0.8514487369549997,1.8700387113214392,4.191139927085402,0.19963995534014115,0.21,0.79,0.811445040941102,1.0,0.0,0.0,0.8741544337271346,0.3083981545137419,0.23784421957908927,0.3794240691401011,0.0,0.0004965999396517873,1,1,1.8422331862071495,1.0,0.0,0.8880544218491299,0.12584556627286536
S4,9,Random-feasible,0.6762268238305336,1.491015169825288,3.7158243808028253,0.16703726910562078,0.35,0.65,0.5974694290251233,0.9985352748201771,0.0014647251798227913,1.0578997030416384,0.8943889174437393,0.3444450240785189,0.23784421957908927,0.3436303722641733,0.29,0.0035602999851107597,1,1,1.4548458436169094,0.9540129376404279,0.0014647251798227913,0.6131152594433537,0.10561108255626073
S4,9,Max-SINR,0.23924675455682232,0.6034484651102682,1.3880133948377076,0.06546498030399714,0.92,0.08,0.07466661595729798,0.9983123562142192,0.0016876437857806415,1.0237573191319016,0.9828311323661527,0.7044893603995147,0.35204423893381653,0.13216953856419958,0.93,0.0017016000347211957,1,1,0.5654320750724032,0.5192865088223436,0.0016876437857806415,0.06833160225254703,0.017168867633847285
S4,9,Delay-Greedy,0.27254757942289853,0.6898527355921508,1.5893600472824678,0.07649310276807976,0.88,0.12,0.07659547769868517,0.9990714683433007,0.000928531656698891,1.0215141813217454,0.9834637138701675,0.693042556561769,0.35204423893381653,0.1296700919534736,0.94,0.005733099998906255,1,1,0.5754866184619186,0.7241824153380366,0.000928531656698891,0.06952965302359498,0.01653628612983249
S4,9,Load-Aware,0.2593837142002138,0.6612537236250036,1.3856623660778535,0.07740979820224232,0.9,0.1,0.06986911699228356,0.9985093657420246,0.0014906342579753195,1.0290953391314301,0.9848403984559788,0.7297560523239554,0.35204423893381653,0.12406833831236777,0.84,0.005121800000779331,1,1,0.5534017281567306,0.6808217851342213,0.0014906342579753195,0.06535178923079896,0.015159601544021184
S4,9,Offload-then-Allocate,0.24617314982256375,0.5959716452894316,1.3880133948377076,0.06599517277546052,0.91,0.09,0.06957932092689408,0.9989344935789475,0.0010655064210526378,1.0228406480649925,0.9849609165050551,0.7245653435756377,0.35204423893381653,0.1235666254019627,0.94,0.005800000042654574,1,1,0.5642175182169771,0.5757123902746873,0.0010655064210526378,0.06517179167465642,0.015039083494944872
S4,10,RFOTO-ABC,0.2623202665905251,0.6130213315374408,1.294185508787762,0.07841904952226791,0.92,0.08,0.05599083136506599,0.9974692858774837,0.0025307141225161876,1.0246912959884051,0.9885876552525834,0.9328247538195523,0.2659653397143386,0.10744342642029309,0.84,0.9859218000201508,375,1,0.5876967290593654,0.5779373159730976,0.0025307141225161876,0.10594996957241361,0.011412344747416592
S4,10,Standard-ABC,0.6332968779195952,1.5697300579014877,5.340824922734699,0.1747996113910973,0.47,0.53,0.6034331315376751,0.9959966569471845,0.004003343052815484,1.0853911745057505,0.8908437041656371,0.27895374217890434,0.18980268093109226,0.35004480549577316,0.36,1.034481200040318,375,1,1.356110927344067,0.8864735936261684,0.004003343052815484,0.5764959762157428,0.10915629583436293
S4,10,GA,0.5149391884538502,1.2275514225711652,4.245751789283127,0.15140864429751957,0.51,0.49,0.3959771121992233,0.9985884245527167,0.001411575447283324,1.0331306700736305,0.9271071656895362,0.34520859996707765,0.2118915472933973,0.28039963874949175,0.39,0.9785124999471009,375,1,1.1360893255752462,0.8098141031513313,0.001411575447283324,0.3929140054052513,0.07289283431046378
S4,10,PSO,0.6889649752576266,1.6863179255716871,5.0135177658825505,0.19807764572185793,0.34,0.66,0.7013026872898085,0.9989755666519775,0.0010244333480225575,1.0529710777082986,0.8818033733377292,0.2800058347760701,0.19307105716242623,0.3661142753612499,0.17,1.0816597000230104,375,1,1.4736524764811831,0.9113032076558346,0.0010244333480225575,0.6636879772800418,0.11819662666227082
S4,10,DE,0.8554880694922863,2.1721918362782398,5.34215354755057,0.2468775404891538,0.32,0.68,1.036236313776581,0.99862633929684,0.00137366070315995,1.081173575643126,0.8560083140009024,0.23637478393925895,0.061883884223181064,0.410137724014035,0.18,1.069995400030166,375,1,1.7411742243559243,1.1412173135541794,0.00137366070315995,0.9085537253187262,0.14399168599909762
S4,10,Local-only,0.8547147064919967,2.078153829151776,5.340824922734699,0.22255695026220365,0.21,0.79,0.9015878091541296,1.0,0.0,0.0,0.863017068399424,0.27895374217890434,0.18980268093109226,0.3984038582999486,0.0,0.00047990004532039165,1,1,1.8363161325997295,1.0,0.0,0.9003529344079113,0.13698293160057595
S4,10,Random-feasible,1.4346943647079855,3.0149239164912807,5.581399593707309,0.5121379583942908,0.33,0.67,1.9561180939958225,0.9972656267034651,0.002734373296534813,1.097581131465103,0.8452806677316166,0.2361956373182511,0.008709224725531855,0.42783057964916604,0.24,0.0027786000864580274,1,1,2.402366016799326,2.791279696473999,0.002734373296534813,1.5666245261499585,0.1547193322683834
S4,10,Max-SINR,0.2793004972011784,0.6350376494734067,1.5332930243135063,0.07582111561780583,0.9,0.1,0.09909461303059253,0.9969200997692272,0.0030799002307728227,1.0256347000357489,0.9795585833388674,0.7682090903869763,0.2659653397143386,0.14445756434540397,0.92,0.0018265999387949705,1,1,0.637405209045144,0.5473891138181748,0.0030799002307728227,0.13663454128736688,0.02044141666113264
S4,10,Delay-Greedy,0.27960753030150154,0.6530843845259439,1.4198989465927008,0.08626428279967203,0.94,0.06,0.056870386568692165,0.9969113796622558,0.003088620337744188,1.026665656088021,0.9881937226048639,0.9175621511000827,0.2659653397143386,0.10930384667452157,0.94,0.0051571999210864305,1,1,0.6337999926562079,0.6041064392503537,0.003088620337744188,0.11261160229230924,0.011806277395136067
S4,10,Load-Aware,0.27106965422935214,0.6203094530308042,1.2652085776808861,0.08299810195476677,0.92,0.08,0.059269184202022845,0.9974313504714357,0.002568649528564243,1.0254945397308601,0.9880156434622942,0.8711391008972473,0.2659653397143386,0.11013502380466993,0.83,0.004903799970634282,1,1,0.6105310160488727,0.5838880070498128,0.002568649528564243,0.11416926309317331,0.011984356537705798
S4,10,Offload-then-Allocate,0.25531728910730805,0.5759302059569009,1.2672136235385738,0.07143174542208473,0.93,0.07,0.06032526596833133,0.9963475865866593,0.003652413413340687,1.02709224107197,0.9873750809828938,0.9119715742030562,0.2659653397143386,0.11307672437227975,0.95,0.003619799972511828,1,1,0.6022648976271258,0.49868294278774755,0.003652413413340687,0.10929761098852153,0.012624919017106162
S4,11,RFOTO-ABC,0.2924169751837499,0.6617835884382146,1.7259062981246727,0.0867248943581726,0.88,0.12,0.09644729303725147,0.9983995416047512,0.0016004583952488993,1.0180606441773146,0.9787583728962517,0.5710411547388983,0.30921723321014444,0.14731811224892996,0.85,1.0215363999595866,375,1,0.6358601987492066,0.6837667888197153,0.0016004583952488993,0.10952228571551584,0.02124162710374833
S4,11,Standard-ABC,0.6697354667217419,1.4735327256388604,4.0830869091802215,0.15705093800051528,0.4,0.6,0.609785854423406,0.9975599490448929,0.002440050955107137,1.0549968002437295,0.891615372811753,0.30729940992032817,0.21823531635496204,0.34865433562632425,0.29,0.9280352999921888,375,1,1.4168669422166296,0.9634805850131416,0.002440050955107137,0.6170037565854192,0.10838462718824704
S4,11,GA,0.5242233958962104,1.2503750240809581,3.1464888436847422,0.1568476355734802,0.48,0.52,0.43643631667631566,0.9990736688489826,0.0009263311510172179,1.0465436026016222,0.9175893796276793,0.3808401200530978,0.2684695259864583,0.2996866537976439,0.36,0.9016048999037594,375,1,1.1490352858032078,0.8378692983826957,0.0009263311510172179,0.3949492816078101,0.08241062037232072
S4,11,PSO,0.8292530757553782,1.7610676661047677,4.829751077113008,0.217515541948467,0.24,0.76,0.8014862401399384,0.9995989457405214,0.00040105425947869035,1.0319134083199044,0.8778450027213087,0.29135561706094326,0.17750995484103352,0.37303252384342833,0.14,1.0116485999897122,375,1,1.6858504797342488,1.249844191623769,0.00040105425947869035,0.8076414665382052,0.12215499727869128
S4,11,DE,0.8847040895978965,1.8792336705923374,5.421294590241207,0.19917582462965427,0.25,0.75,0.9350700404312723,0.9991530490336654,0.0008469509663344898,1.0673064319648469,0.8581104735936549,0.2475279963716322,0.11041800288785357,0.4066338872599965,0.16,0.9968927999725565,375,1,1.8324030301176752,1.0937019540906698,0.0008469509663344898,0.964380879202634,0.1418895264063451
S4,11,Local-only,0.8654259313777478,1.928499418752855,5.0417012414460105,0.20092058245701858,0.15,0.85,0.8837278259488204,1.0,0.0,0.0,0.8793001459621731,0.27074120534245105,0.21823531635496204,0.3704970887918383,0.0,0.00043429993093013763,1,1,1.8761275260589698,1.0,0.0,0.9131562870293253,0.1206998540378269
S4,11,Random-feasible,0.6857332489259502,1.5168626614528182,4.0830869091802215,0.16618634894594259,0.38,0.62,0.6406612745851729,0.9970694006692333,0.00293059933076662,1.067745322934979,0.8872292424253806,0.30729940992032817,0.21823531635496204,0.3565170672229952,0.28,0.00148760003503412,1,1,1.4444705536067342,0.986924356501931,0.00293059933076662,0.6363008941865235,0.1127707575746194
S4,11,Max-SINR,0.3078681200747071,0.6700732249089928,1.7690750637551342,0.08684471319111715,0.87,0.13,0.1088987475564159,0.9984563953457629,0.001543604654237104,1.0155667104107304,0.9755366988487679,0.5582297171943725,0.30921723321014444,0.1583564382025494,0.93,0.0018438000697642565,1,1,0.7094860129047923,0.6351614313731201,0.001543604654237104,0.12497674415603506,0.024463301151232075
S4,11,Delay-Greedy,0.31201645400350236,0.7017924617498223,1.7304674482165057,0.0897968701677776,0.82,0.18,0.09854078749837118,0.9980757313475312,0.0019242686524686902,1.0210444913233725,0.9793386132638564,0.5869706900044032,0.30921723321014444,0.1452490479129252,0.91,0.005465899943374097,1,1,0.6727107985327073,0.7509800846065423,0.0019242686524686902,0.11083071975371567,0.020661386736143594
S4,11,Load-Aware,0.29464937228336946,0.6609181731996573,1.7259062981246727,0.08716631639251257,0.88,0.12,0.09644729303725147,0.9983691806629724,0.0016308193370276403,1.0181779375011064,0.9787589804617443,0.5710411547388983,0.30921723321014444,0.14731595967100772,0.85,0.0057879999512806535,1,1,0.6349725645772025,0.7000889527469731,0.0016308193370276403,0.10952228571551584,0.021241019538255745
S4,11,Offload-then-Allocate,0.27817596050404136,0.6269393705473076,1.382772122599562,0.07848689487265538,0.9,0.1,0.07591242121608292,0.9979752712074438,0.002024728792556161,1.021899034599608,0.9830833707219999,0.7230404857011843,0.30921723321014444,0.1311782222758418,0.92,0.0038530000019818544,1,1,0.662212978258529,0.5782306180207608,0.002024728792556161,0.09178273234433482,0.016916629278000084
S4,12,RFOTO-ABC,0.2750669461235685,0.6272882720608102,1.281214289189214,0.06898389776319672,0.9,0.1,0.09677570812594016,0.9973285509909904,0.0026714490090097,1.013968849519524,0.9803571526479786,0.6976265883217013,0.22304695821583487,0.1415500607042692,0.84,0.9500619999598712,375,1,0.5983442913670776,0.6412234687594889,0.0026714490090097,0.10326654425308263,0.019642847352021375
S4,12,Standard-ABC,0.6649821755247418,1.4402315494835733,4.302920887974465,0.14365488767411094,0.38,0.62,0.615356885177477,0.9974790888042393,0.002520911195760601,1.0956533707295555,0.8928087318526327,0.28052071089396813,0.22259760685230573,0.3464978067129153,0.34,0.9209129000082612,375,1,1.4028888785568365,0.9694163143727629,0.002520911195760601,0.6090585450734446,0.10719126814736735
S4,12,GA,0.5018169240376276,1.1912673869965256,3.7292006187170688,0.11593614027643294,0.47,0.53,0.46245256938590257,0.9959451763293736,0.0040548236706262055,1.1025953025407567,0.9172857886206333,0.34565089899502843,0.22259760685230573,0.300287831794934,0.4,0.9893866000929847,375,1,1.110166393636801,0.7768090297350498,0.0040548236706262055,0.37814349890855836,0.08271421137936674
S4,12,PSO,0.7382929336394591,1.7080551769489931,5.273005183633447,0.16516130857097053,0.28,0.72,0.7628827590857093,0.9982518885516342,0.0017481114483658433,1.075598270343739,0.8783796116774549,0.25893766456759915,0.1308027642656528,0.3721020558817402,0.19,1.0645110999466851,375,1,1.601203543096251,0.9512210702235347,0.0017481114483658433,0.7068648271752449,0.12162038832254507
S4,12,DE,0.877775889532167,1.9104825406660408,5.631589067506317,0.1558222626168099,0.25,0.75,1.0101187435365788,0.9985443553588985,0.00145564464110151,1.0753905553336955,0.8615083554922371,0.24973912251085764,0.056717008913224835,0.4009424494025106,0.13,1.0427958000218496,375,1,1.8928447192432527,0.9398771487740831,0.00145564464110151,0.9700730472034267,0.13849164450776286
S4,12,Local-only,0.8004010870182346,1.8173670942003708,5.273005183633447,0.16785629996637405,0.18,0.82,0.8065444484882656,1.0,0.0,0.0,0.8798179039453203,0.25893766456759915,0.22259760685230573,0.36959278906694154,0.0,0.0007706000469624996,1,1,1.7467085009122112,1.0,0.0,0.7827865895279196,0.12018209605467967
S4,12,Random-feasible,0.6965078465503126,1.4630706351707858,4.302920887974465,0.15006657723688913,0.37,0.63,0.6188164108806381,0.9965433268646787,0.003456673135321291,1.106488630266187,0.8929899372050277,0.28052071089396813,0.22259760685230573,0.34616968027443573,0.34,0.0027117999270558357,1,1,1.4317847559373527,1.126221529415341,0.003456673135321291,0.611542336429453,0.10701006279497227
S4,12,Max-SINR,0.29736383294898683,0.6261094457602957,1.654206892797325,0.0687342903577467,0.87,0.13,0.11849333161587333,0.9975944910079718,0.002405508992028158,1.0200791355809078,0.9750913414807069,0.5529236054036896,0.22304695821583487,0.15982787281654026,0.9,0.001500000013038516,1,1,0.6529186426139252,0.6694105760641055,0.002405508992028158,0.11802074123836027,0.024908658519293136
S4,12,Delay-Greedy,0.29744160358381977,0.6520456364758067,1.4026813166993897,0.07208965301413808,0.88,0.12,0.08776285505898979,0.9978415673777424,0.002158432622257658,1.0182099266184448,0.9830741671262776,0.7050507148566617,0.22304695821583487,0.131214515795598,0.92,0.005258499993942678,1,1,0.6151299004307301,0.7752603081297055,0.002158432622257658,0.09759808320468617,0.016925832873722402
S4,12,Load-Aware,0.27830652090326247,0.6300130680541747,1.3337167111567676,0.06922443648561845,0.9,0.1,0.0991623129817747,0.997320933808251,0.0026790661917491278,1.0139784297237657,0.9797331123684831,0.6893848663947346,0.22304695821583487,0.14382673995676343,0.84,0.005189500050619245,1,1,0.6001793098835035,0.6566263910014368,0.0026790661917491278,0.1047675535963748,0.02026688763151685
S4,12,Offload-then-Allocate,0.27071759398377704,0.5726233116771868,1.4201736305243606,0.06063181181754071,0.92,0.08,0.08038634249118186,0.9972545391071987,0.002745460892801199,1.0200414449567436,0.9838288191643649,0.7050507148566617,0.22304695821583487,0.1282068107149792,0.91,0.004052700009196997,1,1,0.6027628953339136,0.6252817991450972,0.002745460892801199,0.09303932389851434,0.01617118083563507
S4,13,RFOTO-ABC,0.27347660443413513,0.5722241357630782,1.807745972398626,0.07525749186412303,0.89,0.11,0.060633355647792424,0.9982153274685694,0.0017846725314304857,1.0229754047494457,0.9862546402999185,0.6437411354996666,0.4704506979659272,0.11805476604359741,0.83,0.937135599902831,375,1,0.6330966345094742,0.5826550929465953,0.0017846725314304857,0.10154177361391584,0.013745359700081505
S4,13,Standard-ABC,0.6840038543827286,1.427444879532044,4.1100722174315365,0.1622827653627697,0.38,0.62,0.6247769621073851,0.9966175997682077,0.003382400231792402,1.098254633146196,0.8918604981708338,0.29178546982944376,0.1776670330182742,0.348211987401136,0.27,0.9679384001065046,375,1,1.4696079127614148,0.9588210815090723,0.003382400231792402,0.6235252345811231,0.1081395018291662
S4,13,GA,0.5201923140795184,1.1324507047883225,2.932300039699713,0.12278814965728684,0.49,0.51,0.3744824341119654,0.9976609966847841,0.002339003315215881,1.0540380758735344,0.931287310968527,0.3952223822695254,0.22078600488445363,0.27162930945751873,0.43,0.9354778999695554,375,1,1.1449013861103836,0.8753883013616833,0.002339003315215881,0.3675360733196233,0.06871268903147298
S4,13,PSO,0.7506355781654017,1.631574035995521,3.8247926815741744,0.16732657915621638,0.27,0.73,0.7468084480906134,0.9991409136549081,0.000859086345091874,1.0882797340658015,0.8754347291498917,0.28659209720490075,0.22078600488445363,0.3772129575211187,0.15,1.1625783999916166,375,1,1.6349319568083605,0.8983951292140692,0.000859086345091874,0.7531468467386662,0.12456527085010827
S4,13,DE,0.9115645388289395,1.8026472008183254,4.153944470275888,0.20494195221438116,0.23,0.77,0.9005648557463957,0.9986175336809642,0.0013824663190358365,1.104251768875242,0.8595343469838007,0.22940870381952752,0.1283582686774708,0.40425318788935355,0.17,1.0116423000581563,375,1,1.8772843968752382,1.2434483160155223,0.0013824663190358365,0.9375194039662577,0.1404656530161993
S4,13,Local-only,0.8638908979327347,1.8485536951359105,4.318754874517947,0.19239845724049695,0.17,0.83,0.8663165184424004,1.0,0.0,0.0,0.8692810968330497,0.26512778059962583,0.1776670330182742,0.3877832800035099,0.0,0.0005504000000655651,1,1,1.8788488047007568,1.0,0.0,0.8982834451300117,0.13071890316695034
S4,13,Random-feasible,0.7270882573024287,1.5485663917768204,3.8259045926078508,0.15353283733744633,0.33,0.67,0.7156994906820557,0.9965077926973619,0.003492207302638105,1.0826610567047592,0.8753064960336403,0.26540656138690916,0.22078600488445363,0.377434711815191,0.29,0.002132499939762056,1,1,1.5910192573624926,0.8121629248003411,0.003492207302638105,0.752426148745091,0.1246935039663597
S4,13,Max-SINR,0.2753290792412849,0.5406465569835462,1.807745972398626,0.07091593915401483,0.92,0.08,0.06674521303094703,0.9979137572000496,0.002086242799950376,1.0217962348964218,0.9841606199024416,0.5960411403984932,0.4562524645115837,0.12686332761813587,0.91,0.001578599913045764,1,1,0.6497902866263907,0.5585216412446272,0.002086242799950376,0.10524042329347749,0.015839380097558364
S4,13,Delay-Greedy,0.27769420463237504,0.5932546918765912,1.8249254729924007,0.07612681392249067,0.89,0.11,0.06393491722190481,0.9982880829314107,0.0017119170685894025,1.0231273653035682,0.9857600810416391,0.6437411354996666,0.4704506979659272,0.12018994744077706,0.9,0.0038796999724581838,1,1,0.6421251427468709,0.5921087485002847,0.0017119170685894025,0.10347294165257043,0.014239918958360853
S4,13,Load-Aware,0.2735171732637088,0.570916420661211,1.807745972398626,0.07483286622786349,0.89,0.11,0.060633355647792424,0.9981942667139346,0.0018057332860654074,1.0231240629720897,0.9862551709654893,0.6437411354996666,0.4704506979659272,0.11805245539826864,0.83,0.004076899960637093,1,1,0.6324578804850349,0.5839625915105429,0.0018057332860654074,0.10154177361391584,0.013744829034510686
S4,13,Offload-then-Allocate,0.2676269549146615,0.5235225526088828,1.807745972398626,0.06870179257958531,0.92,0.08,0.07453118652921051,0.9979528603481314,0.002047139651868554,1.0237533660038933,0.9826903210055261,0.5960411403984932,0.3366959329447839,0.13271993727466636,0.9,0.003513299976475537,1,1,0.6309744159799316,0.5289543709815077,0.002047139651868554,0.11013726197163062,0.017309678994473887
S4,14,RFOTO-ABC,0.24049958926671822,0.5948915361012612,1.2423123312848818,0.06364388707148043,0.94,0.06,0.07285479067009618,0.998198516601641,0.0018014833983588641,1.0166405572973989,0.9832910156872098,0.8949065604472443,0.2942302783738989,0.13035688982634616,0.85,0.9256409000372514,375,1,0.5378880976255627,0.5707108653518748,0.0018014833983588641,0.07021716292382413,0.01670898431279022
S4,14,Standard-ABC,0.6304615730835834,1.3801511074629966,4.487670763751944,0.18180105236537966,0.47,0.53,0.5049350655271408,0.9943384188141148,0.005661581185885327,1.107136293236671,0.9031303656799163,0.3147189604397606,0.2352371052011293,0.32750550757600605,0.37,0.9779752000467852,375,1,1.2846478117782172,1.1179372854492227,0.005661581185885327,0.5037850637458247,0.09686963432008366
S4,14,GA,0.5100825638251745,1.1542216127052487,3.5843434428724823,0.1542651926061432,0.57,0.43,0.369684801473851,0.9972767244935254,0.0027232755064745063,1.0802376773425832,0.9253732812572223,0.3729244156260267,0.2897868724917851,0.28398061502100697,0.39,0.9359361999668181,375,1,1.111107474115803,0.8446230708158972,0.0027232755064745063,0.37549428704451043,0.07462671874277771
S4,14,PSO,0.9427265844251653,2.1213560470373287,5.31845478184624,0.23613429623100538,0.27,0.73,1.112486996572824,0.9976007689130918,0.002399231086908272,1.1069929348195415,0.8236134206658624,0.21435222745992963,0.10236555732252635,0.4627762490156662,0.25,0.9483658999670297,375,1,1.8520173556860806,1.364601995750416,0.002399231086908272,0.9923764520943215,0.1763865793341376
S4,14,DE,0.8903417066781271,1.8139919856489786,4.939586892454007,0.2053548349689331,0.31,0.69,0.8506045865060827,0.9969672554990504,0.0030327445009495826,1.189503497867268,0.8575282454982736,0.28972948448020097,0.10677888391270343,0.40760562562227326,0.14,1.0089117999887094,375,1,1.7217681040105557,1.5061895524330813,0.0030327445009495826,0.847975742940308,0.14247175450172644
S4,14,Local-only,0.8273406016461252,1.9791527829293931,4.802043937613922,0.19723875482662254,0.24,0.76,0.8654181524358371,1.0,0.0,0.0,0.8542058238250241,0.28972948448020097,0.25208868991945466,0.41313198917242133,0.0,0.0004572999896481633,1,1,1.7799682448712395,1.0,0.0,0.8419176560082757,0.14579417617497592
S4,14,Random-feasible,0.70462462942199,1.589573416866794,4.535861021618604,0.17784409050993616,0.42,0.58,0.6710565736870184,0.9942793973800144,0.005720602619985392,1.1433792913179177,0.8750507710791017,0.28972948448020097,0.25208868991945466,0.3778767437386311,0.36,0.0021078999852761626,1,1,1.4824609504117352,0.9705599456013236,0.005720602619985392,0.6741555804669034,0.12494922892089833
S4,14,Max-SINR,0.27718150655775325,0.6116178027512451,1.9341155168635977,0.06675628726263817,0.87,0.13,0.12249264652915798,0.9974275408393215,0.0025724591606784285,1.0156177966636877,0.9726337173880923,0.4472346446630384,0.2942302783738989,0.16773868863341376,0.94,0.00220770004671067,1,1,0.621207783328106,0.59177909108119,0.0025724591606784285,0.1139730513585055,0.027366282611907655
S4,14,Delay-Greedy,0.2503282885971103,0.6165838746910814,1.3851006699193245,0.06521910191533035,0.93,0.07,0.08490343030794147,0.9970995150465768,0.0029004849534232124,1.0243697091663708,0.9804391774678078,0.5200140625640439,0.2942302783738989,0.14124829948938983,0.93,0.006191499996930361,1,1,0.5544567780504015,0.5806123687578598,0.0029004849534232124,0.08443207360127,0.019560822532192157
S4,14,Load-Aware,0.2637592063883626,0.628536154731011,1.7095592088140146,0.06448612332835377,0.92,0.08,0.10790451533467582,0.9983298770201116,0.0016701229798885098,1.0150843247001848,0.9756315023222937,0.4674297108560515,0.2897868724917851,0.1580416191447319,0.84,0.0049986999947577715,1,1,0.5767311320404038,0.5797455103130242,0.0016701229798885098,0.11450119033469741,0.024368497677706324
S4,14,Offload-then-Allocate,0.2276064244225775,0.5514510548589076,1.147806682333394,0.05762991801772586,0.94,0.06,0.07445263025524214,0.9965880988855176,0.003411901114482385,1.0293440190708834,0.9829007425977544,0.7734330455068552,0.2942302783738989,0.1318966585684961,0.94,0.0038458999479189515,1,1,0.5399080610219045,0.4754813610971647,0.003411901114482385,0.07223974467717345,0.017099257402245605
S4,15,RFOTO-ABC,0.25698389447250763,0.642812689104,1.4748986106684776,0.08129363363863669,0.92,0.08,0.09490920515466751,0.9976258860150573,0.002374113984942766,1.0239173994576405,0.9806914171397395,0.71543923165336,0.2035325760767026,0.14031658710613792,0.85,1.0005249000387266,375,1,0.5545786236261714,0.6578337340356063,0.002374113984942766,0.06517227293838496,0.019308582860260493
S4,15,Standard-ABC,0.7373355387934549,1.7002700464756157,4.648497766415125,0.16269829190146612,0.31,0.69,0.7793639981925589,0.9975277427726935,0.0024722572273064448,1.1170907298987691,0.8668075062587942,0.2621283798585601,0.2035325760767026,0.3919932090992737,0.24,0.9911973000271246,375,1,1.5703001145826263,0.958845499431579,0.0024722572273064448,0.7218414389056776,0.1331924937412058
S4,15,GA,0.5940435563277243,1.364041230723683,4.132698839948436,0.13892480272260094,0.47,0.53,0.5641328618421521,0.9976524205432596,0.0023475794567404573,1.0511110476447534,0.8939064026051682,0.2972519160480121,0.2035325760767026,0.3445074070414206,0.36,0.9527836999623105,375,1,1.3032842857153828,0.795621634734745,0.0023475794567404573,0.5299827367523763,0.10609359739483182
S4,15,PSO,0.7660713547828035,1.8474131022902192,4.648497766415125,0.16768206394235213,0.28,0.72,0.8790853220181996,0.9991037574429579,0.0008962425570421539,1.0700427182941166,0.8560103933950687,0.260089164723776,0.1990117698506304,0.41013426444565043,0.18,1.133711599977687,375,1,1.6203981824697846,0.9750540508782648,0.0008962425570421539,0.7717440481258783,0.14398960660493132
S4,15,DE,0.9315534412727985,2.11703894997104,5.4780852282172345,0.18786524503890104,0.23,0.77,1.0760626390318948,0.9990404130714396,0.0009595869285602255,1.0671494606965548,0.8337350420962278,0.22835709063394277,0.10788602330977347,0.44656670061068965,0.15,1.0334599999478087,375,1,1.9217507848234032,1.1171397635202063,0.0009595869285602255,1.0336524778705556,0.16626495790377216
S4,15,Local-only,0.9268759366442664,2.1126872259284792,5.351696327873422,0.17842965570585995,0.16,0.84,1.0220513631217942,1.0,0.0,0.0,0.8467752600991462,0.24837513290477967,0.18317831305083643,0.4253832313230153,0.0,0.0005117000546306372,1,1,1.982841369767224,1.0,0.0,1.032727532869329,0.15322473990085383
S4,15,Random-feasible,0.8208718565526939,1.7681749624916483,4.648497766415125,0.14826492497250207,0.35,0.65,0.8660205277822038,0.9963052764855572,0.003694723514442654,1.0629805177019458,0.8495514269690186,0.26080720398578805,0.18317831305083643,0.4208227398613803,0.25,0.0029476999770849943,1,1,1.7482513378028244,0.8559073403754127,0.003694723514442654,0.928466761552561,0.15044857303098136
S4,15,Max-SINR,0.22850140244192538,0.5626525656718283,1.370334275230071,0.06500598885521579,0.91,0.09,0.09327421348343341,0.9972610914494879,0.0027389085505119502,1.0200139324949717,0.9801675946590322,0.6612533210765141,0.2193805027612207,0.14224516878894233,0.9,0.0015988999512046576,1,1,0.5677443177781927,0.4404320182144946,0.0027389085505119502,0.06791151101582181,0.01983240534096775
S4,15,Delay-Greedy,0.2521866396323828,0.6576033701996131,1.476289438603236,0.07795980408346578,0.88,0.12,0.0949001383128449,0.9975501762942455,0.002449823705754388,1.0178287036177311,0.9809996728639129,0.8054000707834682,0.2035325760767026,0.1391701540414094,0.9,0.006830600090324879,1,1,0.560229946909961,0.6166491571059385,0.002449823705754388,0.06516706210975126,0.019000327136087125
S4,15,Load-Aware,0.2570263371308208,0.6436167676399169,1.4748986106684776,0.0812822292532002,0.92,0.08,0.09490920515466751,0.9976272636072058,0.0023727363927943433,1.0239169054666744,0.9806914998763158,0.71543923165336,0.2035325760767026,0.14031628056114695,0.85,0.0058865000028163195,1,1,0.5546704911491871,0.6579654920787751,0.0023727363927943433,0.06517227293838496,0.019308500123684236
S4,15,Offload-then-Allocate,0.2240055102353187,0.559012398077941,1.1107759629453076,0.06563810926787653,0.94,0.06,0.0820568662759894,0.9968427471671691,0.003157252832830857,1.0209570780162334,0.9818939234982594,0.9310108917559132,0.2356478867752956,0.13579378364822697,0.91,0.004141799989156425,1,1,0.5573097249953191,0.4458949941577907,0.003157252832830857,0.05778587128397224,0.018106076501740564
S4,16,RFOTO-ABC,0.26273010058926144,0.5946316889731749,1.082526183647133,0.07376951264592027,0.89,0.11,0.04852488058221783,0.999437157261991,0.000562842738008954,1.017251002530309,0.9900427359523252,0.8864752293985693,0.3409985437608876,0.10028663080357075,0.79,0.9088599999668077,375,1,0.5828195265493654,0.6857571099397033,0.000562842738008954,0.050221977224846184,0.00995726404767483
S4,16,Standard-ABC,0.649625829218643,1.4767670613562054,4.201356617861897,0.15530603975192045,0.39,0.61,0.6269017357862406,0.9984565772715744,0.0015434227284254764,1.0646355009164128,0.8895641439020652,0.2763046463692156,0.23357393808630622,0.35234362361634186,0.28,0.9539400000358,375,1,1.3949930837330746,0.9071870206206758,0.0015434227284254764,0.5917017689275904,0.11043585609793483
S4,16,GA,0.5019561568365486,1.1974645880413621,4.043798393892657,0.13848839891794368,0.53,0.47,0.40224416164673643,0.9981248202253223,0.0018751797746776467,1.0643587853953973,0.9227413077033552,0.346321939853863,0.25883082226444004,0.289356801416177,0.4,1.0654127000598237,375,1,1.101604594892662,0.8586674643277579,0.0018751797746776467,0.3431641946591487,0.07725869229664484
S4,16,PSO,0.7650291069537618,1.7171392435867328,4.668484182242645,0.1773132885924616,0.32,0.68,0.7850640574380257,0.9971933747994858,0.00280662520051422,1.0987273666787838,0.8686530569099521,0.2594417678624777,0.1915313587010849,0.3888542130275497,0.23,0.9727375999791548,375,1,1.636429085009759,0.9483209786012626,0.00280662520051422,0.7736412896300908,0.1313469430900479
S4,16,DE,0.8668441628453198,1.9052240443852568,4.664318512593219,0.19664516692660755,0.22,0.78,0.9490330072477274,0.9989189958685649,0.0010810041314349883,1.1155221774661555,0.8618583477180487,0.25789968110131817,0.09571913285349844,0.40035418889857777,0.11,0.9577539999736473,375,1,1.8398427115335696,1.0551701022971767,0.0010810041314349883,0.9106820837950853,0.1381416522819513
S4,16,Local-only,0.8565510451885325,1.934499426302378,4.547211283976327,0.18128235502511825,0.18,0.82,0.8901352808493997,1.0,0.0,0.0,0.8691795226884592,0.26930403741165637,0.1915313587010849,0.38795657951745977,0.0,0.0004467000253498554,1,1,1.8560283631696766,1.0,0.0,0.8916835311975291,0.13082047731154078
S4,16,Random-feasible,0.8612015960856892,1.721231781988915,4.55646066333525,0.25820073762694834,0.37,0.63,0.8144728360612757,0.998313672429457,0.001686327570542927,1.0509014819613487,0.865559309627464,0.23987629595621718,0.09756864434758224,0.39410954302576673,0.33,0.0022284999722614884,1,1,1.6545124160792204,1.4656125542228589,0.001686327570542927,0.8289129594498651,0.13444069037253603
S4,16,Max-SINR,0.252557129247863,0.5658458787812964,1.0441287038473754,0.07282622249235822,0.89,0.11,0.05445978258890156,0.9991370055740707,0.000862994425929412,1.0134663206449916,0.9888487584485974,0.796490819025233,0.3409985437608876,0.10619319204106473,0.89,0.001651700004003942,1,1,0.590058867585347,0.5944891740356603,0.000862994425929412,0.05609500451312384,0.011151241551402569
S4,16,Delay-Greedy,0.27831954746473797,0.6442909890683269,1.3286364171516203,0.07817238710390924,0.85,0.15,0.06861472539434593,0.9991605819045496,0.0008394180954503583,1.0193605903250016,0.9856342302553153,0.7966571414690405,0.3409985437608876,0.12072759849019817,0.88,0.0075286999344825745,1,1,0.6178096558041444,0.6838714948024023,0.0008394180954503583,0.07585464085019486,0.014365769744684731
S4,16,Load-Aware,0.29764003394676675,0.6150186996371834,1.227771789402868,0.07460608584596519,0.87,0.13,0.10292138896134538,0.9994791205818917,0.0005208794181081844,1.0154779465239197,0.979388756002129,0.6712756781312775,0.23357393808630622,0.14506897596775667,0.76,0.0049848000053316355,1,1,0.6379381565582429,0.6966858651745946,0.0005208794181081844,0.12182701019085798,0.020611243997870954
S4,16,Offload-then-Allocate,0.2477521210330371,0.5670858886680932,1.134391335327063,0.06858096732523031,0.89,0.11,0.051393107943642276,0.9989488159307724,0.0010511840692274922,1.0194267946826585,0.989336175660293,0.8365609113989143,0.3409985437608876,0.10382084193426105,0.89,0.004346300032921135,1,1,0.5898640504590714,0.5673387763583853,0.0010511840692274922,0.05350192599883946,0.010663824339707029
S4,17,RFOTO-ABC,0.2445021799927438,0.6075743300147401,1.324785013295385,0.07361818381668236,0.84,0.16,0.027823061564773575,0.9980042144560228,0.0019957855439771167,1.026899044688504,0.9958546658502747,0.8127287469084009,0.6694529225241307,0.06451813290868813,0.88,1.0056198999518529,375,1,0.5501950171014595,0.6667065706587745,0.0019957855439771167,0.023705931549234158,0.004145334149725288
S4,17,Standard-ABC,0.6739924506272469,1.5074584688991468,4.122612022646399,0.15025481141103758,0.34,0.66,0.6583972218728182,0.9968599063605683,0.0031400936394317515,1.11700520143819,0.8860486325531416,0.3049911637533138,0.21209466566773152,0.35861709711791057,0.26,1.0137545000761747,375,1,1.4692997436137734,0.8789743461116014,0.0031400936394317515,0.628402555848593,0.11395136744685841
S4,17,GA,0.5328502421768613,1.1511406748474564,2.704318332800472,0.14142813843150537,0.46,0.54,0.39165019684260516,0.9975174375488808,0.0024825624511192,1.0624541179341747,0.9293715178498718,0.39686896169433605,0.21209466566773152,0.27567365047280723,0.39,1.0217470000497997,375,1,1.1971017502757926,0.8330932489327827,0.0024825624511192,0.3900801298210106,0.07062848215012818
S4,17,PSO,0.7524346844121601,1.6392902694292164,4.829896399582213,0.16480894126304002,0.32,0.68,0.7203664634416834,0.9981148478199472,0.0018851521800527893,1.0941386245236755,0.8798811890913688,0.29502822519974903,0.19349781120933365,0.36948217853900867,0.18,1.147947399993427,375,1,1.6213571786344894,0.8994021629200805,0.0018851521800527893,0.7751608529728815,0.12011881090863119
S4,17,DE,0.8923145957339461,1.9537475977660257,4.829896399582213,0.17556185010679118,0.25,0.75,0.9847676486298844,0.9983525335604155,0.001647466439584525,1.090938366724383,0.8550356506562505,0.24718458076891497,0.08009958982008965,0.41175463235827053,0.18,1.0403194000246003,375,1,1.8637090381860284,1.0832744235808347,0.001647466439584525,0.9672881078433381,0.14496434934374947
S4,17,Local-only,0.8793871780823593,1.982738040367975,4.829896399582213,0.1948858219479982,0.15,0.85,0.9343686041217879,1.0,0.0,0.0,0.866102605397591,0.2510620298112953,0.19349781120933365,0.3931890284206672,0.0,0.0006037000566720963,1,1,1.8954358168585614,1.0,0.0,0.9417744587094304,0.13389739460240901
S4,17,Random-feasible,0.882319486234469,1.8471494248769311,5.37262298681312,0.17546883959798698,0.27,0.73,0.8674215177645016,0.9963117465577485,0.0036882534422517156,1.1237802365700842,0.8610779878237259,0.2354379188894384,0.1580425383710892,0.4016652763256856,0.23,0.0029439000645652413,1,1,1.8008747481004574,1.2180939672284072,0.0036882534422517156,0.9112430064408085,0.1389220121762741
S4,17,Max-SINR,0.2913669888541994,0.6001724475669142,1.4541284819319589,0.07345080569649866,0.86,0.14,0.05983178644992857,0.9984935631510697,0.001506436848930216,1.0220305087343888,0.9902398620486101,0.8305591869002854,0.2220954176978225,0.09927908723283163,0.98,0.002096800017170608,1,1,0.6494624506218799,0.7296672607476276,0.001506436848930216,0.07114391609636343,0.009760137951389858
S4,17,Delay-Greedy,0.2839414929590708,0.6569958154759468,1.5761883113219908,0.08059157964400857,0.83,0.17,0.055898969205892976,0.9987171619190915,0.001282838080908415,1.019080399578773,0.9893485923440157,0.7165575059413757,0.5116286689790059,0.10375973004854809,0.97,0.005543399951420724,1,1,0.5981518132809952,0.8032979719979977,0.001282838080908415,0.04821826029817193,0.010651407655984269
S4,17,Load-Aware,0.2581181882306687,0.6255961894197017,1.5452372869958713,0.07446184582533713,0.82,0.18,0.036907504655372354,0.9981046323582278,0.0018953676417721077,1.0249260130077458,0.9944845194213209,0.7771643309320503,0.6694529225241307,0.07447193980993048,0.87,0.006562600028701127,1,1,0.5805906068969817,0.6826744533029302,0.0018953676417721077,0.037451891583309846,0.005515480578679122
S4,17,Offload-then-Allocate,0.24296557212706008,0.5252985653425002,1.197561731090044,0.06522591125429017,0.96,0.04,0.03053166244919977,0.9985500566679996,0.0014499433320004985,1.0199217942783323,0.9938208977937294,0.97723158935073,0.3101225877592204,0.07885125809650782,0.98,0.004427100066095591,1,1,0.5643599899863692,0.6045912025132705,0.0014499433320004985,0.039880161024546126,0.006179102206270604
S4,18,RFOTO-ABC,0.2573218600435847,0.6953885131173732,1.8253244549705678,0.08952493544717238,0.85,0.15,0.07803245419393874,0.9964646838373388,0.003535316162661124,1.0200710155625667,0.9830178170541853,0.581094782079393,0.3486147750574256,0.1314365233124327,0.81,0.9313075999962166,375,1,0.5875957036231763,0.6224010175209219,0.003535316162661124,0.05523356334099182,0.01698218294581466
S4,18,Standard-ABC,0.6502591098567014,1.477906722020662,3.2575269029751834,0.18273889630445403,0.35,0.65,0.5955238526626125,0.9967595621575889,0.0032404378424111977,1.1009091396920814,0.9018088738939669,0.3187932965134,0.1589016429630238,0.3299733517050908,0.3,1.0057738999603316,375,1,1.4023643404909614,0.9765017318325365,0.0032404378424111977,0.5512640338987737,0.09819112610603309
S4,18,GA,0.4989546727818748,1.228020212562669,3.1994465103850116,0.14470741610157203,0.44,0.56,0.4411747820229129,0.9992339942857685,0.0007660057142315124,1.0396109273914222,0.9208630805320258,0.3679648787410135,0.2205543479090271,0.29315144522751135,0.39,0.9953820999944583,375,1,1.1156613840287446,0.7872965308026533,0.0007660057142315124,0.35968443236499276,0.07913691946797419
S4,18,PSO,0.7649352072039636,1.841079864822188,4.4482195089083705,0.21831574569954587,0.25,0.75,0.8621209642422383,0.9993377292749355,0.0006622707250644966,1.043812082641381,0.882310043040197,0.28741233462218535,0.06403461555411387,0.36522381670030213,0.2,0.9813043000176549,375,1,1.6214343495787755,1.0347456302169458,0.0006622707250644966,0.7463153103509775,0.117689956959803
S4,18,DE,0.9471059309193796,2.029011206384717,5.754032281136228,0.27102562552853554,0.22,0.78,1.0468032993721483,0.9990440517092533,0.0009559482907467642,1.113765914080114,0.8686918866157439,0.22044171109662333,0.06251827955820367,0.3887880413519953,0.13,1.0364591999677941,375,1,1.8060316479776488,1.6939063166698682,0.0009559482907467642,0.8864986590347969,0.13130811338425608
S4,18,Local-only,0.7879839993105561,1.8688892325401654,4.14472141683611,0.20237751881493454,0.15,0.85,0.8163659475363858,1.0,0.0,0.0,0.8916199184061708,0.28835499545829996,0.1589016429630238,0.34864613563458796,0.0,0.0005162999732419848,1,1,1.7255384873277821,1.0,0.0,0.7613694609581448,0.10838008159382917
S4,18,Random-feasible,0.7821018332698253,1.6477390229873057,4.4482195089083705,0.23588840506664505,0.32,0.68,0.7239992676359246,0.9981672109520103,0.0018327890479895336,1.07509692569951,0.8927541190207291,0.28835499545829996,0.12022007415635867,0.34659666474722306,0.28,0.002844699891284108,1,1,1.5979514823150918,1.2478090692332706,0.0018327890479895336,0.7159566493982926,0.1072458809792709
S4,18,Max-SINR,0.2827923364761949,0.664049926215625,1.8095791339107754,0.08998099605436226,0.88,0.12,0.07000055255982479,0.9975678842939303,0.002432115706069681,1.0155569368615223,0.9847248380254984,0.6822068239782759,0.3486147750574256,0.12454762943482699,0.93,0.0017100999830290675,1,1,0.6415091978795965,0.7129179042608772,0.002432115706069681,0.05079861571910009,0.015275161974501628
S4,18,Delay-Greedy,0.29656431412675277,0.7496963446706963,1.9271767624732932,0.10042142434670245,0.78,0.22,0.09208516150400299,0.996608255059895,0.0033917449401047184,1.0201779412638678,0.9810892579035247,0.5830306920156567,0.3486147750574256,0.13883533917786547,0.94,0.005651900079101324,1,1,0.6212647124206058,0.8229226249047032,0.0033917449401047184,0.05717912793361448,0.018910742096475253
S4,18,Load-Aware,0.257773268542393,0.6973618066508983,1.8253244549705678,0.08963537910603366,0.85,0.15,0.07803245419393874,0.9964486053887893,0.0035513946112106765,1.020033886675141,0.9830186780952699,0.581094782079393,0.3486147750574256,0.13143313362029008,0.81,0.0048949000192806125,1,1,0.5892165003624749,0.6226885027238312,0.0035513946112106765,0.05523356334099182,0.016981321904730118
S4,18,Offload-then-Allocate,0.2739199717512649,0.6375575417575778,1.4856549504866983,0.08897521350238252,0.9,0.1,0.05707861550388237,0.9962592940216985,0.003740705978301394,1.0212687627152826,0.9873452208167854,0.7055683452040251,0.3486147750574256,0.11321208051191313,0.94,0.004899900057353079,1,1,0.6156714528149746,0.7131450304575666,0.003740705978301394,0.041535983622975066,0.01265477918321456
S4,19,RFOTO-ABC,0.24794779790772753,0.6247044270805391,1.1186552231666624,0.08619585246409749,0.94,0.06,0.023420184964556872,0.9984547208064568,0.0015452791935432254,1.0210128842025221,0.9947919015841963,0.9724824167951678,0.49729079788152597,0.07235582015607404,0.89,0.9873189999489114,375,1,0.5425114821260916,0.6940869439726529,0.0015452791935432254,0.02846646071691008,0.005208098415803719
S4,19,Standard-ABC,0.6741979670342795,1.5663001188110794,3.917423387001452,0.20254019238837415,0.35,0.65,0.6371456947903222,0.9952735864395933,0.004726413560406618,1.0824206572698085,0.8898412414039866,0.3357557390872941,0.20197038975682438,0.3518465131885534,0.37,1.0996922999620438,375,1,1.4059583118167012,1.073879495757871,0.004726413560406618,0.5766294728597606,0.11015875859601343
S4,19,GA,0.5285529694635367,1.2940849210396892,3.200426380669872,0.16018396740291496,0.48,0.52,0.457262993498982,0.9957542945990457,0.004245705400954425,1.0729590230838766,0.9150656490840878,0.3894969704960623,0.20866776152830216,0.30466008562884905,0.4,0.9727313999319449,375,1,1.169952531959611,0.8239841419557458,0.004245705400954425,0.3955116858507775,0.08493435091591217
S4,19,PSO,0.9478862187424368,2.338001366903396,7.14619252486956,0.21544316192902088,0.18,0.82,1.1902061203268102,0.9984118334193889,0.0015881665806112067,1.0541352533934052,0.8411398548104467,0.17934596899035127,0.08903985262607537,0.43458363880720174,0.23,1.1095821000635624,375,1,1.989630987758143,1.0758791604573426,0.0015881665806112067,1.0597997705589777,0.15886014518955327
S4,19,DE,0.9826724266792268,2.4060984661666436,5.644872675098647,0.25555718324723614,0.11,0.89,1.1986246847143116,0.9996899949112169,0.00031000508878319843,1.077975625546268,0.8601339205170985,0.21091518968586728,0.06115200554223269,0.40324887392093217,0.14,1.130435699946247,375,1,2.0503232691155766,1.2007021977664802,0.00031000508878319843,1.0757774671806752,0.13986607948290153
S4,19,Local-only,0.9121254490603752,2.1649802249580326,5.424380970235356,0.21415219698335775,0.1,0.9,0.9790931304086216,1.0,0.0,0.0,0.873416155533629,0.23159495535145308,0.17852438990542674,0.3806961899227053,0.0,0.0006025999318808317,1,1,1.9778669963553572,1.0,0.0,0.9946844932063211,0.12658384446637105
S4,19,Random-feasible,0.825416359256139,1.8215228111965514,5.0372432981514494,0.19222295939743916,0.27,0.73,0.7909297079807824,0.9972766427151717,0.0027233572848282795,1.0893582163346114,0.8755540618637608,0.23635114717832656,0.17134773047080876,0.3770065359753174,0.29,0.0029138000681996346,1,1,1.7241493989086445,1.0464136425907085,0.0027233572848282795,0.8728216038518803,0.12444593813623916
S4,19,Max-SINR,0.2634613972890376,0.6180258666848416,1.599738670653787,0.09424331767484505,0.89,0.11,0.05433454876509008,0.9983433812044877,0.0016566187955121292,1.0192982727951654,0.9880228027864618,0.7000166123823904,0.3941810190015766,0.1101017232509725,0.94,0.0018706000410020351,1,1,0.5802839788469333,0.6786652312553507,0.0016566187955121292,0.057850858191474085,0.011977197213538182
S4,19,Delay-Greedy,0.25808274481493365,0.6391120160928392,1.2436993922781612,0.08820366280008309,0.93,0.07,0.028218101866888876,0.997527255188518,0.002472744811481873,1.0196815656543503,0.9935623524807525,0.9433146581334294,0.49729079788152597,0.08049446782791299,0.95,0.004465900012291968,1,1,0.5552204134299555,0.7329850607946337,0.002472744811481873,0.031478744992264926,0.006437647519247469
S4,19,Load-Aware,0.2489488991808224,0.6217984134915218,1.1288993673204784,0.08563929530254281,0.93,0.07,0.02454844315232201,0.9983058472597008,0.0016941527402992162,1.0217025504757637,0.9944896883001598,0.972111532104937,0.49729079788152597,0.07443684218493106,0.89,0.004887900082394481,1,1,0.5406462884343416,0.7021398578462674,0.0016941527402992162,0.029203884369044156,0.005510311699840176
S4,19,Offload-then-Allocate,0.23882817682040797,0.5687931838458535,1.188155153215603,0.07830063938302605,0.94,0.06,0.02491079023609697,0.9973536373467401,0.0026463626532598895,1.0196237880802956,0.9943900951006239,0.9036754040933557,0.49729079788152597,0.07511027544797887,0.95,0.00488769996445626,1,1,0.5562178250663723,0.6061185247247958,0.0026463626532598895,0.02994073431814858,0.0056099048993760725
S4,20,RFOTO-ABC,0.2695837127492095,0.6274883649566795,1.342979789617534,0.07251768793649255,0.9,0.1,0.07936548972005354,0.9981530435017337,0.001846956498266119,1.017820941637597,0.982818463160391,0.6693918045311451,0.2959153383480984,0.13221914686055866,0.89,0.9860171000473201,375,1,0.5724741041868316,0.6819131211155738,0.001846956498266119,0.0849263868382838,0.01718153683960899
S4,20,Standard-ABC,0.6206057240338787,1.3624220464598493,3.086201746595088,0.17055493218946663,0.38,0.62,0.5676083858855465,0.9988064901680128,0.0011935098319870662,1.0657648789065433,0.9027385637997155,0.31760216894317944,0.17544566301066813,0.32823836557803676,0.33,0.9840152999386191,375,1,1.3090444571559663,1.0136001459309043,0.0011935098319870662,0.5059066818352455,0.09726143620028449
S4,20,GA,0.5063017118435472,1.222349912253432,2.8476442734102614,0.14490931775111893,0.43,0.57,0.4486687666558965,0.9984792867454587,0.0015207132545413714,1.0751993572870753,0.9195239383262795,0.37528506359581815,0.2421924425703526,0.29583655564378375,0.32,1.0720180999487638,375,1,1.1166599611503798,0.8253327706396552,0.0015207132545413714,0.3638450162321505,0.08047606167372046
S4,20,PSO,0.7697058649460353,1.6617390824684306,3.8983219643312865,0.18907285997898218,0.28,0.72,0.7935762060413286,0.9999258156221977,7.418437780231213e-05,1.0225628233446047,0.8824259983869716,0.29473372767582456,0.09076412136843122,0.36501986682116905,0.13,1.1905420999974012,375,1,1.6802568376211036,0.9067399601895572,7.418437780231213e-05,0.7839188975792448,0.11757400161302844
S4,20,DE,0.8846091262904237,2.0792117405699826,4.581203886500626,0.190328611009318,0.25,0.75,1.1337865184227534,0.999649118703129,0.00035088129687097734,1.0293706839387997,0.8542715097564948,0.1999349230173332,0.07450537485960995,0.41302303286787945,0.21,1.015282499953173,375,1,1.8645861546494171,1.034296945435964,0.00035088129687097734,0.9655543840670993,0.1457284902435052
S4,20,Local-only,0.7997386550167274,1.720633580336205,3.8983219643312865,0.20131491045247532,0.18,0.82,0.7937666296556695,1.0,0.0,0.0,0.8894290360569519,0.30219733007538185,0.20452978581772333,0.3525858638725574,0.0,0.00044680002611130476,1,1,1.7461383898617349,1.0,0.0,0.7864736518393463,0.1105709639430481
S4,20,Random-feasible,1.2142898107820845,2.1381021780067386,4.2161556304449554,0.31560911475961295,0.32,0.68,1.4052267572295418,0.997491636314652,0.0025083636853481662,1.0912111508909728,0.8727769169544133,0.2718614637447412,0.0212696193106415,0.38179596310818104,0.27,0.0022640000097453594,1,1,2.029954477536822,2.6540532471969467,0.0025083636853481662,1.1564322764977182,0.12722308304558672
S4,20,Max-SINR,0.2651319448973547,0.5705432843896399,1.52409355419813,0.06511070951931826,0.88,0.12,0.10231279265007118,0.9989152027784666,0.001084797221533571,1.0129836381835822,0.977132775754007,0.5688054580932389,0.2959153383480984,0.15297833677847728,0.93,0.0014500999823212624,1,1,0.6274237950921698,0.5149459906946063,0.001084797221533571,0.10954821775566251,0.022867224245992968
S4,20,Delay-Greedy,0.27903115701343373,0.6475269626523057,1.381795842390932,0.07340037353389328,0.88,0.12,0.08215026577081481,0.9982916158499308,0.001708384150069121,1.0172973950737416,0.982440329452449,0.6699023209195365,0.2959153383480984,0.13369189854241922,0.94,0.005647899932228029,1,1,0.610443195786696,0.6597678356486528,0.001708384150069121,0.09791822122926107,0.017559670547551032
S4,20,Load-Aware,0.27543159561737635,0.6213054040416292,1.3512172965833076,0.07148172202205569,0.89,0.11,0.08588273802036567,0.9982234436029143,0.0017765563970857845,1.0183250519185814,0.9813748813062878,0.6520493444478623,0.2959153383480984,0.13776282997044004,0.88,0.005619100062176585,1,1,0.5950505767260604,0.6563315732861856,0.0017765563970857845,0.1002805454378376,0.018625118693712195
S4,20,Offload-then-Allocate,0.22302117406054,0.525422259749459,1.2633603855721147,0.05891027137211721,0.9,0.1,0.060101668334121436,0.9979918160752298,0.0020081839247703182,1.0186516797882121,0.9876967213824113,0.7546763949491831,0.2959153383480984,0.11160884748212871,0.95,0.004670600057579577,1,1,0.5448327270301677,0.4862431226877591,0.0020081839247703182,0.04651758128896737,0.012303278617588731
S4,21,RFOTO-ABC,0.2531736635111767,0.6334689551418008,1.6260794630850688,0.1034467971388681,0.86,0.14,0.057865615739378935,0.9981661455988519,0.001833854401148256,1.0208889152432001,0.9877850902071568,0.620198371209708,0.5414519294338428,0.11120233300106497,0.79,0.9691192000173032,375,1,0.5361605271498702,0.7067184911947935,0.001833854401148256,0.0437070027813359,0.012214909792843232
S4,21,Standard-ABC,0.602460896140148,1.342879863292334,3.526641245443865,0.18927772593462142,0.42,0.58,0.5085036267804286,0.9957224925024856,0.004277507497514477,1.0951107169237075,0.90877697388159,0.3371346738904712,0.22698202236585804,0.31682801774103975,0.34,1.035378300002776,375,1,1.2663170839930122,1.066764092473542,0.004277507497514477,0.4453122234143971,0.09122302611841004
S4,21,GA,0.4719128243909423,1.208845797612594,3.232356346055016,0.1582481446141588,0.53,0.47,0.43589436664497017,0.9973121540130495,0.00268784598695048,1.063496467067911,0.9159206754406654,0.36488070843571346,0.22698202236585804,0.30298119611748325,0.34,0.977373700006865,375,1,1.0254744462538548,0.814097592899268,0.00268784598695048,0.3211204240451926,0.08407932455933464
S4,21,PSO,0.7520650846097789,1.549127149376987,4.079075205233263,0.1900844983458332,0.32,0.68,0.7133974677818002,0.9983255842719819,0.0016744157280181515,1.0872090473664462,0.8798854875961949,0.3255919487367536,0.1834655054322236,0.36947466493754755,0.15,1.1100879999576136,375,1,1.6181703587867886,0.9606882080984225,0.0016744157280181515,0.7402688147685761,0.12011451240380511
S4,21,DE,0.8757631628344246,1.7957877681090266,4.278545355069794,0.2387125338382024,0.29,0.71,0.9415739908170042,0.9988329964627153,0.001167003537284842,1.0475616658166897,0.8551182387851506,0.22624541517225027,0.1274926972084544,0.41161744594584043,0.21,0.9506868999451399,375,1,1.7854147534975138,1.205101882944075,0.001167003537284842,0.9067141085150021,0.1448817612148494
S4,21,Local-only,0.7610650275997128,1.7076641070346823,4.133368467636456,0.20891880014155118,0.26,0.74,0.7481448172429985,1.0,0.0,0.0,0.879757831279936,0.32969661989105337,0.22698202236585804,0.36969776888247574,0.0,0.00043270003516227007,1,1,1.651423356501444,1.0,0.0,0.7206914526653692,0.12024216872006399
S4,21,Random-feasible,0.7173400808294101,1.5001611548949905,4.133368467636456,0.21701763744573774,0.4,0.6,0.6286562112048876,0.9986682883239669,0.0013317116760329906,1.055992003278002,0.8910758036408853,0.327144036983253,0.15928107541183312,0.34962691386605527,0.18,0.003205199958756566,1,1,1.5255920446761684,1.0131628629351583,0.0013317116760329906,0.669450673724082,0.10892419635911466
S4,21,Max-SINR,0.27866352988891774,0.6429830413221768,1.6255796918550238,0.10130169451707012,0.88,0.12,0.08028272372030361,0.9964918159928395,0.003508184007160412,1.0379603692783272,0.9845832224249536,0.6551199741566529,0.22698202236585804,0.12513263441113362,0.91,0.0018740999512374401,1,1,0.6003478705133948,0.7091635462599771,0.003508184007160412,0.07675150753553357,0.015416777575046448
S4,21,Delay-Greedy,0.3186877477814515,0.7087148352274006,1.8809268506322125,0.12078337911825639,0.74,0.26,0.10276457397634702,0.9966118794773209,0.003388120522679079,1.0366824833208281,0.9786324820695175,0.5587856006060875,0.3856470374742451,0.14776351899777024,0.92,0.004915200057439506,1,1,0.6003558293187539,0.9795682680755498,0.003388120522679079,0.07112319378528946,0.021367517930482527
S4,21,Load-Aware,0.2599305435598684,0.6423228214163391,1.6462041565317223,0.10437958471587068,0.83,0.17,0.06568029148816361,0.997819119355083,0.002180880644916967,1.026510089614451,0.9858582307576557,0.6123215764434669,0.5414519294338428,0.1197690596795777,0.79,0.004713200032711029,1,1,0.5478032937188246,0.7193424872624363,0.002180880644916967,0.050083622101846956,0.014141769242344338
S4,21,Offload-then-Allocate,0.2577404722357591,0.596142302420565,1.404208547976033,0.09920387619020649,0.89,0.11,0.0543228974718922,0.996618142253137,0.003381857746863012,1.0348576460321466,0.9880595108954137,0.7168995018197767,0.38969317682003163,0.10993082996406191,0.91,0.003968600067310035,1,1,0.576357732260104,0.6598992691581145,0.003381857746863012,0.04879481552782131,0.011940489104586338
S4,22,RFOTO-ABC,0.3360428605067951,0.804461124227961,2.4014378575530353,0.10348499841753664,0.81,0.19,0.146433221119263,0.9988421563971361,0.0011578436028639061,1.0222115525671285,0.9683762117084501,0.4511025625909381,0.3181136367367212,0.1807111254956185,0.83,1.0179615000961348,375,1,0.7057188286193012,0.7753575127385572,0.0011578436028639061,0.15333755790752385,0.03162378829154988
S4,22,Standard-ABC,0.7454211066664818,1.7946057902653234,4.991799939579329,0.17100913563356307,0.3,0.7,0.8068144665110663,0.9983521922902431,0.0016478077097568766,1.075634295352088,0.8638065069035227,0.2705148435177115,0.16275380946869883,0.39707262214207917,0.3,1.019649300025776,375,1,1.5686351586000928,1.0139809622519027,0.0016478077097568766,0.7216263486890009,0.13619349309647732
S4,22,GA,0.5954633537391041,1.4826337025361227,4.26463023677797,0.158832329585257,0.4,0.6,0.5781932898761344,0.9969305023527419,0.0030694976472580003,1.0633691471844546,0.8947071165520685,0.31100734281130465,0.20969794050721638,0.3430512954129688,0.4,1.0578315000748262,375,1,1.2671557775388207,0.8853099842774543,0.0030694976472580003,0.5178803186645575,0.10529288344793153
S4,22,PSO,0.8196132282627966,1.904110620815369,4.991799939579329,0.19929913677624275,0.22,0.78,0.9231214218335628,0.9993362120535804,0.0006637879464196938,1.032020015706161,0.8538487008907174,0.2753892194128369,0.1554228784322069,0.4137241563512053,0.16,1.0705064999638125,375,1,1.7485211207631635,0.9646518503218314,0.0006637879464196938,0.8629188722722186,0.1461512991092826
S4,22,DE,0.8979627405864274,2.1298597382658824,5.813810525240853,0.22155157250091814,0.19,0.81,0.9896165696289856,0.9992039543746025,0.0007960456253974235,1.070154067361121,0.8473239507222772,0.2644262507978346,0.16699714297085266,0.4244834041265859,0.18,1.0993612998863682,375,1,1.8363980767279777,1.1933693106463807,0.0007960456253974235,0.9471888331629515,0.15267604927772283
S4,22,Local-only,0.8941368934442011,2.207216250220283,5.1043058629093725,0.204314047689166,0.1,0.9,1.0477768182294414,1.0,0.0,0.0,0.8541456275669194,0.2691053550750008,0.16275380946869883,0.41323182898382504,0.0,0.0004680999554693699,1,1,1.925716543342598,1.0,0.0,0.9633184069743577,0.14585437243308064
S4,22,Random-feasible,1.3726964703452007,3.3081047631529152,5.111817681007056,0.5163045806801821,0.26,0.74,1.9942485121041573,0.9973627086888043,0.0026372913111957896,1.077950612920059,0.8297387742680907,0.22498720651496085,0.009055897641327094,0.4529885087022395,0.33,0.0037435999838635325,1,1,2.3423807203620224,2.6273648922574058,0.0026372913111957896,1.4677196571762339,0.17026122573190927
S4,22,Max-SINR,0.3554034714970533,0.7869087490387282,2.4014378575530353,0.10600240994769239,0.8,0.2,0.1628654970054403,0.9989937350981611,0.0010062649018388215,1.019416249765513,0.9655255306799222,0.4002488898129742,0.3181136367367212,0.18895870930979866,0.92,0.0015384999569505453,1,1,0.7677234252621071,0.770918231298757,0.0010062649018388215,0.16984982843333413,0.034474469320077805
S4,22,Delay-Greedy,0.3629923829774249,0.8710914552586612,2.4014378575530353,0.10857143927505968,0.73,0.27,0.17607310170641136,0.9991343063723105,0.0008656936276895478,1.0181720460014008,0.9645209836432347,0.4511025625909381,0.3181136367367212,0.19179176027194147,0.91,0.005550099886022508,1,1,0.7403719946797621,0.8675243163506058,0.0008656936276895478,0.16910298270336327,0.035479016356765314
S4,22,Load-Aware,0.3360428605067951,0.804461124227961,2.4014378575530353,0.10348499841753664,0.81,0.19,0.146433221119263,0.9988421563971361,0.0011578436028639061,1.0222115525671285,0.9683762117084501,0.4511025625909381,0.3181136367367212,0.1807111254956185,0.83,0.004932899959385395,1,1,0.7057188286193012,0.7753575127385572,0.0011578436028639061,0.15333755790752385,0.03162378829154988
S4,22,Offload-then-Allocate,0.33101363174516024,0.7533386517052244,2.4014378575530353,0.09155306996970503,0.88,0.12,0.14079858295781542,0.9985485142986861,0.001451485701313916,1.0222784311300412,0.9682103632673627,0.39929661473713585,0.3181136367367212,0.18119988561001804,0.93,0.0038059999933466315,1,1,0.7320862830761181,0.7091640131550452,0.001451485701313916,0.14623486541086225,0.03178963673263735
S4,23,RFOTO-ABC,0.2609169882233009,0.6378720241193866,1.3084928806792753,0.08510073607780676,0.91,0.09,0.05966172155989795,0.9987569392050891,0.0012430607949109852,1.024240640129235,0.9883453094274539,0.8325113194404776,0.24434306174025294,0.10859154723310413,0.86,0.9062533000251278,375,1,0.5779390014176952,0.6801295640738558,0.0012430607949109852,0.04966395005173843,0.01165469057254609
S4,23,Standard-ABC,0.6391341170214191,1.4388645858911522,3.8577346130693084,0.16056347004239904,0.41,0.59,0.6228528043869396,0.9975902854699393,0.002409714530060615,1.0868864242973393,0.8837124208736273,0.29890844483845824,0.24434306174025294,0.3627531439697637,0.31,0.9567293000873178,375,1,1.3525386710081786,0.9500296429387367,0.002409714530060615,0.5622796922143836,0.11628757912637266
S4,23,GA,0.5240999890101152,1.270142168898664,3.5216892386060032,0.14616266078341672,0.48,0.52,0.478279453416798,0.9988512689634351,0.0011487310365648463,1.0423780284720845,0.9066032715710285,0.3678196282885001,0.24434306174025294,0.3209646408576466,0.42,0.9302128000417724,375,1,1.1593942992401975,0.7763844564585857,0.0011487310365648463,0.4142179610384771,0.09339672842897151
S4,23,PSO,0.7521733453250534,1.7260352412501951,4.107849524476493,0.18722673686497798,0.27,0.73,0.8434020454185904,0.9991498986920853,0.0008501013079147646,1.072195993618076,0.8607184084040871,0.286903641659022,0.1632207852315473,0.4022687673685113,0.18,0.952490699943155,375,1,1.608471657924649,0.9490432680018579,0.0008501013079147646,0.7465467265705703,0.1392815915959129
S4,23,DE,0.8700657038588413,1.9617233866598738,4.6257221964639745,0.23446219720342143,0.22,0.78,1.0209021557664184,0.9984053099056002,0.001594690094399742,1.09282818311837,0.8419320851566799,0.24342201669891408,0.14635793443544495,0.43329465525461375,0.17,1.0252724000019953,375,1,1.7967403439592373,1.1287794100222155,0.001594690094399742,0.9101383244812871,0.15806791484332006
S4,23,Local-only,0.8467671092019379,1.9344131160199673,4.275765575184513,0.21305496747069427,0.15,0.85,0.9199270423232397,1.0,0.0,0.0,0.863129647384384,0.2953197928962086,0.24434306174025294,0.3982141388768115,0.0,0.0005861999234184623,1,1,1.8340158259350599,1.0,0.0,0.870930399303322,0.13687035261561598
S4,23,Random-feasible,0.7541137134908197,1.6571976950927243,3.8804853022829264,0.18432160773353765,0.28,0.72,0.7733905418560738,0.9965890820467678,0.003410917953232134,1.0948306611657808,0.8680481399766704,0.2953197928962086,0.24434306174025294,0.38988439482553416,0.22,0.0027040999848395586,1,1,1.626894372244782,0.9289916177121812,0.003410917953232134,0.7502656607146052,0.1319518600233296
S4,23,Max-SINR,0.28381570137495377,0.6246699384508054,1.3500391270166718,0.08786872880541473,0.91,0.09,0.07424138151347201,0.9989814030740309,0.0010185969259689132,1.017157998690629,0.9847693761119047,0.8580553025190452,0.24434306174025294,0.12436311154097363,0.95,0.0014913000632077456,1,1,0.6250582927712782,0.7128205865572474,0.0010185969259689132,0.07255890892055596,0.015230623888095263
S4,23,Delay-Greedy,0.28409933829863643,0.6785825148833972,1.515416431739345,0.09220123850107315,0.86,0.14,0.06431519216839669,0.9983794535075191,0.0016205464924809198,1.0235660334972836,0.9876297366502725,0.8682380038788104,0.24434306174025294,0.11191605521315062,0.95,0.005180899985134602,1,1,0.5991531862163753,0.7866363601785573,0.0016205464924809198,0.056543755667215076,0.012370263349727462
S4,23,Load-Aware,0.2690479565885224,0.6502970399519511,1.3089344635879574,0.091137164698353,0.91,0.09,0.06661484436154758,0.9984682113856033,0.001531788614396754,1.0282395814583372,0.9866012669313013,0.8002154424784527,0.24434306174025294,0.11653624846133097,0.86,0.005949400016106665,1,1,0.5856628127049717,0.7046971839090236,0.001531788614396754,0.058446032570967144,0.013398733068698654
S4,23,Offload-then-Allocate,0.2617196256550694,0.6077490571748007,1.3277243572723043,0.0806828329713165,0.91,0.09,0.059531511581465246,0.9980808123116321,0.0019191876883676417,1.0238553716193062,0.9884101348187214,0.8303084296062221,0.24434306174025294,0.10828557253538881,0.96,0.003574300091713667,1,1,0.5929579750981154,0.6539280323684157,0.0019191876883676417,0.05307443884165164,0.01158986518127858
S4,24,RFOTO-ABC,0.2996202540400515,0.6822788981046766,1.7214272561408723,0.08465428384657907,0.81,0.19,0.09000728034920101,0.9984860476944094,0.001513952305590618,1.012540572816902,0.9801957197041211,0.5769495878380035,0.38745911522085097,0.14214223220937258,0.8,0.9560861999634653,375,1,0.6287525366136472,0.7714361885628943,0.001513952305590618,0.09377303638682238,0.019804280295878884
S4,24,Standard-ABC,0.6508886167933587,1.38984197713024,3.4898811021090355,0.14640704224134188,0.4,0.6,0.6029975742007359,0.9991033124173778,0.0008966875826221466,1.0615066845775258,0.8911434750159797,0.358670506295687,0.25351054987668376,0.34950501951496193,0.24,1.0546887000091374,375,1,1.3958855952472125,0.927159988985427,0.0008966875826221466,0.5853416134784565,0.10885652498402032
S4,24,GA,0.5537678916116726,1.1916613303668597,3.231739136398257,0.13042040676303884,0.51,0.49,0.4539089426409263,0.9988142432914257,0.0011857567085743858,1.0621863578936264,0.912368269526863,0.38937107295638745,0.25351054987668376,0.3099171484614054,0.35,0.9999915999360383,375,1,1.205088639738283,0.8738147061847492,0.0011857567085743858,0.4321664593468168,0.08763173047313699
S4,24,PSO,0.7711456270922583,1.6151967903591424,3.5413042753315933,0.15838355321958722,0.31,0.69,0.8065674286076951,0.9980422500067657,0.001957749993234356,1.090145560878799,0.8687550847409595,0.28071472239365014,0.14104352066487755,0.38868033077818454,0.18,1.0297919000731781,375,1,1.6590089918920559,0.9611751380493032,0.001957749993234356,0.768555284497384,0.13124491525904047
S4,24,DE,0.916784234686189,1.886229858509498,4.9950632381508795,0.18539615324091724,0.27,0.73,1.0725333962462558,0.9988227615255042,0.0011772384744958898,1.0858163685340456,0.8426977770319454,0.2524847025336116,0.10071207656113801,0.43204750935101627,0.16,1.0229621999897063,375,1,1.9116788118617165,1.0778701774328059,0.0011772384744958898,1.0134128958629265,0.15730222296805463
S4,24,Local-only,0.8516713099220274,1.872301472456414,4.190579273345296,0.17631285423274703,0.21,0.79,0.9042750390566218,1.0,0.0,0.0,0.8627644027858495,0.2686248578751401,0.18008677767515335,0.3988295048058431,0.0,0.0010435000294819474,1,1,1.836265940906962,1.0,0.0,0.8880779404526575,0.13723559721415046
S4,24,Random-feasible,0.7741695172741403,1.6856420066110156,4.215869087921752,0.1763640819645248,0.32,0.68,0.7984382457099136,0.9985648662189064,0.001435133781093616,1.1173301822367274,0.8662450783982112,0.2685425734717842,0.18008677767515335,0.3929474687178849,0.16,0.0031291000777855515,1,1,1.626541879955439,1.0586370557327656,0.001435133781093616,0.7535528957155144,0.1337549216017888
S4,24,Max-SINR,0.3079092347767887,0.6110478245186463,1.67561847518759,0.08282579056294186,0.86,0.14,0.08562459284736997,0.9985686873250045,0.0014313126749955695,1.0139038027994536,0.9809176925866052,0.588141793618768,0.38745911522085097,0.13947589601278185,0.88,0.0014289000537246466,1,1,0.6581457163738067,0.7785967280134387,0.0014313126749955695,0.09373875133725165,0.019082307413394783
S4,24,Delay-Greedy,0.3753485319436366,0.7821892670524826,1.8625927596377772,0.10052213340974843,0.76,0.24,0.15011612810301345,0.9980284910193902,0.0019715089806098584,1.0161724218552584,0.9685076481556099,0.5265868055843286,0.26869543245737143,0.18032295685910163,0.89,0.0053038999903947115,1,1,0.7037703165457643,1.061474540633401,0.0019715089806098584,0.1402664685576193,0.03149235184439014
S4,24,Load-Aware,0.3243378884200013,0.7278917689892644,1.728996259824468,0.0882366638347309,0.81,0.19,0.11999552884335149,0.9981892595244258,0.0018107404755741885,1.0115297174067905,0.9739354888399845,0.5528141464446157,0.26869543245737143,0.1635911089738169,0.81,0.005706600029952824,1,1,0.6566756609637758,0.8323121810546232,0.0018107404755741885,0.12420128500698689,0.026064511160015513
S4,24,Offload-then-Allocate,0.3054835042936165,0.5880889653857352,1.71792362208509,0.07971146047310432,0.9,0.1,0.06517610498027983,0.9966761095953451,0.0033238904046548846,1.0223063448729464,0.9851088561513461,0.6737850073891131,0.38745911522085097,0.12294812720194545,0.9,0.004061599960550666,1,1,0.6561380109289425,0.7812217118472649,0.0033238904046548846,0.08546918050424833,0.014891143848653865
S4,25,RFOTO-ABC,0.29045117085372685,0.606468771351126,1.5765290423789302,0.07931144826211169,0.85,0.15,0.07664464293336057,0.9981414467101394,0.0018585532898604117,1.026639019231433,0.9830104292861022,0.5726076339920116,0.43871258014073,0.13146560366308174,0.84,1.0042739999480546,375,1,0.5987656847841988,0.7994987243547723,0.0018585532898604117,0.07165917895761811,0.01698957071389784
S4,25,Standard-ABC,0.6562873180039046,1.3619898610260126,3.7484020660687833,0.15773900189265,0.31,0.69,0.5839304503868865,0.9991074453504707,0.0008925546495293546,1.0764246153721706,0.8989598350764164,0.3090594647940538,0.20212136105236536,0.33525624707363527,0.23,1.0360738999443129,375,1,1.4283341623713812,0.9420096224465133,0.0008925546495293546,0.5702711935025555,0.10104016492358359
S4,25,GA,0.5220267328628517,1.0661833756207881,2.7666498292374877,0.14969911621194829,0.48,0.52,0.33906601118695867,0.9984137790695005,0.0015862209304995834,1.0499894324684331,0.9378361427222722,0.41634340383797286,0.2135028868839879,0.25745746838712363,0.42,0.9615562999388203,375,1,1.1380577177842894,0.9354548833998956,0.0015862209304995834,0.35020899251614385,0.062163857277727774
S4,25,PSO,0.695893664515862,1.5576477770594062,4.454613460493086,0.16802532157173442,0.26,0.74,0.673548360815974,0.9992729409592837,0.0007270590407164168,1.028749782779312,0.8914538852689167,0.31974883821164984,0.20212136105236536,0.3489455790835401,0.13,1.5120994000462815,375,1,1.5141859286612784,0.947297888950971,0.0007270590407164168,0.6353006799603634,0.10854611473108333
S4,25,DE,0.9311914803001605,1.832348060981483,4.707935178981946,0.19847769919162164,0.22,0.78,0.9745003594178209,0.9990738252079173,0.0009261747920828157,1.0745980904849988,0.8557872349208462,0.22859516901594393,0.1010596449127077,0.4105054713108366,0.13,1.0224388000788167,375,1,1.91697247617434,1.1887936391468228,0.0009261747920828157,1.0072486626570494,0.14421276507915382
S4,25,Local-only,0.7983549503066787,1.773314938734932,4.454613460493086,0.17694940776730342,0.18,0.82,0.8253399167132924,1.0,0.0,0.0,0.8736048289165168,0.2887087946339635,0.20212136105236536,0.38037128879019017,0.0,0.0004491000436246395,1,1,1.7360380720094375,1.0,0.0,0.7815446265671874,0.1263951710834832
S4,25,Random-feasible,1.0147316496145804,1.8255737273760233,4.707935178981946,0.269955666420689,0.29,0.71,1.280317247815613,0.9970287948217075,0.0029712051782924687,1.0664459754708158,0.8774474907270684,0.26980983897447613,0.01583247220736446,0.3737236104255105,0.3,0.0034336999524384737,1,1,1.8479680867816806,1.8836274595698912,0.0029712051782924687,1.0048735662283133,0.1225525092729316
S4,25,Max-SINR,0.2779374760878792,0.5492197547311115,1.2616150298556184,0.07231532647390551,0.87,0.13,0.07612320256116899,0.9976138371572486,0.0023861628427514023,1.0273828673915895,0.9830928987609721,0.682444348571447,0.3655856300379485,0.13114063947896684,0.94,0.002150300075300038,1,1,0.6301505719700974,0.6636653369166848,0.0023861628427514023,0.07134693921379083,0.016907101239027944
S4,25,Delay-Greedy,0.33250793447240373,0.6571572236722247,1.4262086277374912,0.0817586765154047,0.82,0.18,0.10205956407603844,0.997866886156796,0.0021331138432040485,1.0276095021836569,0.9777718365774352,0.5314975210370623,0.33241495806640237,0.15077628158545842,0.92,0.005526999942958355,1,1,0.6692070386323916,0.8713776362670864,0.0021331138432040485,0.12295472836886953,0.02222816342256484
S4,25,Load-Aware,0.31793455018356803,0.6403051041179119,1.5680008726806807,0.08278542954967533,0.85,0.15,0.09618511628856843,0.9978262737149004,0.0021737262850996353,1.031033561877345,0.9785566394793141,0.5314975210370623,0.33241495806640237,0.14803126133874905,0.84,0.0049075999995693564,1,1,0.653191354199202,0.8075079237189668,0.0021737262850996353,0.11943709496319885,0.02144336052068585
S4,25,Offload-then-Allocate,0.26723267126181777,0.5379733404646676,1.1663204547552541,0.06776944097434527,0.89,0.11,0.06944165960809565,0.9974314337771262,0.0025685662228737607,1.0315767256703952,0.9841391265004926,0.6825049823397552,0.43871258014073,0.12695075892245403,0.93,0.004783899988979101,1,1,0.6146258319037079,0.6256457679596084,0.0025685662228737607,0.06734601528979482,0.015860873499507377
S4,26,RFOTO-ABC,0.26100684852415884,0.6609678182191148,1.6792236501677773,0.08337924925937693,0.86,0.14,0.07462369165223319,0.998158820715293,0.0018411792847069564,1.015524061619384,0.9838739328800041,0.6292493119694952,0.3912625123230796,0.12802491741690725,0.81,1.0064793999772519,375,1,0.5934960491678088,0.627440199837945,0.0018411792847069564,0.06291864132629653,0.01612606711999587
S4,26,Standard-ABC,0.6660154211200663,1.5022360138805513,3.9771521273927672,0.1865591952232097,0.35,0.65,0.611736165216636,0.9981149097144335,0.0018850902855664785,1.0720250995884602,0.8920608845973983,0.36409533679534023,0.2005002528426198,0.3478501371549414,0.29,1.0381268000928685,375,1,1.4438264192780612,0.9520055267268637,0.0018850902855664785,0.5827604076960716,0.1079391154026017
S4,26,GA,0.4990596616268882,1.1810234198937117,3.3348201034641303,0.15233065190964187,0.52,0.48,0.3673804928443494,0.9979616211497939,0.0020383788502060375,1.0533434329588753,0.928914071680051,0.41337835653650606,0.24291804722582522,0.27663303959774094,0.39,0.9893450000090525,375,1,1.0905559938091007,0.846881425033343,0.0020383788502060375,0.35327153760631197,0.07108592831994898
S4,26,PSO,0.8015055189138596,1.8598613245988012,4.933440477052873,0.19387904644800258,0.29,0.71,0.8715607330317248,0.9990535131265655,0.0009464868734345721,1.0634876731429856,0.8663818562990734,0.24258217726121004,0.09223600711885921,0.39271549994678345,0.2,1.0325900000752881,375,1,1.7091940358744837,0.9880948738204968,0.0009464868734345721,0.8230430397693528,0.13361814370092662
S4,26,DE,0.8857858828768005,2.0093509751495717,4.929717940143641,0.2146405113315402,0.25,0.75,0.9384947546879105,0.9995552612755535,0.0004447387244464285,1.102012806082817,0.8623936892074255,0.2454335307855276,0.069295432276426,0.3994536472858066,0.08,1.0001313999528065,375,1,1.8803034035255897,1.0215763036656818,0.0004447387244464285,0.9669747683271016,0.13760631079257446
S4,26,Local-only,0.8552164571751,1.9329658065430775,4.881223526448117,0.2117156546296508,0.22,0.78,0.8615914786764854,1.0,0.0,0.0,0.8670887832085629,0.2505935018046701,0.16082404926784521,0.3915155654061056,0.0,0.0004408999811857939,1,1,1.8497036549715005,1.0,0.0,0.8914154436540368,0.13291121679143714
S4,26,Random-feasible,0.7329377901994452,1.5995112603571684,4.204856932618981,0.17707611250336716,0.38,0.62,0.6895900481165653,0.9988000370564478,0.0011999629435520908,1.071691184229535,0.8796767900937685,0.2505935018046701,0.16082404926784521,0.3698393676674236,0.22,0.0025189999723806977,1,1,1.5798636562144925,0.9050542198487739,0.0011999629435520908,0.7357010763754431,0.12032320990623147
S4,26,Max-SINR,0.2762967089496461,0.6355566797776193,2.0400399990535987,0.08409939836694265,0.85,0.15,0.08933344700826719,0.9975958249637893,0.0024041750362107117,1.0125229643934675,0.9804369456920866,0.6004234867237301,0.3912625123230796,0.14125651783432983,0.89,0.0018279999494552612,1,1,0.6115838022222801,0.6547650257755429,0.0024041750362107117,0.08708284549726156,0.019563054307913386
S4,26,Delay-Greedy,0.2823353447943351,0.6673189247043885,1.722558158181905,0.07964361801047123,0.84,0.16,0.09142277243021064,0.9989578549903535,0.001042145009646408,1.0168334687841138,0.980124183714185,0.6012296389448,0.3709956934591012,0.14240391669307062,0.88,0.004353899974375963,1,1,0.6068507235023843,0.6982747190681983,0.001042145009646408,0.09076661845483086,0.01987581628581503
S4,26,Load-Aware,0.2715409426236596,0.6368399605694357,1.6951839207924668,0.07740004738678147,0.9,0.1,0.08065721346572603,0.9992093590775157,0.0007906409224844991,1.0117105159605357,0.9815575544671493,0.6012296389448,0.3709956934591012,0.1370728270025499,0.83,0.005015600007027388,1,1,0.5810991063883698,0.6821445803006267,0.0007906409224844991,0.08407993586819446,0.018442445532850682
S4,26,Offload-then-Allocate,0.2364287629440534,0.5684247717014927,1.5348041775446521,0.0714511219575054,0.92,0.08,0.051826904921719395,0.997152897926124,0.002847102073875816,1.0226484738355193,0.9881921424212863,0.7495698856917925,0.3912625123230796,0.1093112485864023,0.9,0.0034895999124273658,1,1,0.563939661072328,0.5394230800582224,0.002847102073875816,0.048759146462623366,0.01180785757871372
S4,27,RFOTO-ABC,0.3214307659238612,0.6736937098952709,1.9122133488125743,0.0771154789621059,0.88,0.12,0.16920901655291046,0.9990240791930154,0.0009759208069846815,1.0150073623196838,0.9708791989671756,0.5048244493903481,0.11807983753190703,0.17318850379784234,0.83,0.969266900094226,375,1,0.7141791639412072,0.6176510802710021,0.0009759208069846815,0.18270003432635398,0.02912080103282444
S4,27,Standard-ABC,0.7261283669434602,1.569458891474987,3.6896235488137155,0.1662722498643891,0.31,0.69,0.7565912584925992,0.9997011540042996,0.00029884599570034087,1.0422454711251852,0.8793021433609798,0.3047116701696833,0.11807983753190703,0.37049360239549867,0.19,0.9825241999933496,375,1,1.5639103912912584,0.9123146452832362,0.00029884599570034087,0.7205564985326679,0.12069785663902022
S4,27,GA,0.571043493564062,1.2966008779669866,3.3674858687932034,0.1622079835365977,0.38,0.62,0.5491492048020689,0.9980594662691005,0.0019405337308995429,1.0478384600753212,0.9085415371634247,0.3543793442816269,0.11807983753190703,0.31727770483225404,0.35,0.9870737999444827,375,1,1.249745863065419,0.8482259270846051,0.0019405337308995429,0.4690650502534012,0.09145846283657533
S4,27,PSO,0.8276613480880525,1.805797615309199,4.812256244025992,0.16843943403246275,0.23,0.77,0.9099267977542924,0.9991558279818611,0.0008441720181389201,1.0386725623928226,0.8658332722877686,0.2825960682549531,0.11807983753190703,0.3936454884212003,0.17,1.0710104000754654,375,1,1.7991484363154162,0.8825676871918681,0.0008441720181389201,0.9007809694798229,0.13416672771223137
S4,27,DE,0.9669341212095363,1.995851863299821,5.065483037089125,0.20220959634274024,0.17,0.83,1.05467623421095,0.9992969049064654,0.0007030950935346491,1.0971848200552996,0.8563819344548304,0.27624878453955043,0.11807983753190703,0.4095159181824796,0.11,0.9437555000185966,375,1,2.0083846827876712,1.138921951201022,0.0007030950935346491,1.0892653159279315,0.14361806554516965
S4,27,Local-only,0.9151579513480682,2.011580839556575,4.760861618704292,0.1958547452459133,0.13,0.87,0.9902796321146667,1.0,0.0,0.0,0.8698899095913694,0.2825960682549531,0.11807983753190703,0.386743784492849,0.0,0.0004591000033542514,1,1,1.9798983306626063,1.0,0.0,1.0026674204844885,0.13011009040863064
S4,27,Random-feasible,1.0365300536438453,1.8049167504287615,4.8860587108120415,0.22237943271540547,0.26,0.74,0.9376109792572307,0.9969811923563566,0.003018807643643473,1.1399700365173546,0.8639482734339312,0.23861526171201436,0.10269257851122827,0.396833345430264,0.22,0.0025894000427797437,1,1,1.8315409605252622,2.186152504401994,0.003018807643643473,0.9188416693543672,0.1360517265660688
S4,27,Max-SINR,0.31606971102060993,0.6518787203327657,1.9153607253155354,0.0692215276161101,0.88,0.12,0.18166394732745828,0.9989065356455795,0.0010934643544205326,1.0099904510545035,0.9680397003563168,0.4690949571448198,0.11807983753190703,0.18170163570695272,0.85,0.0017912000184878707,1,1,0.739076778154558,0.5113075012352586,0.0010934643544205326,0.19836661391698016,0.03196029964368319
S4,27,Delay-Greedy,0.3710976110562477,0.7498066861752308,2.0923166126744,0.073217989263513,0.85,0.15,0.21218831017205367,0.9993279926355142,0.0006720073644858027,1.0104909758237877,0.9629443210458718,0.4587562038414653,0.11807983753190703,0.19616738347197685,0.85,0.005344899953342974,1,1,0.828002385023802,0.5933550191622348,0.0006720073644858027,0.2776040344397823,0.0370556789541282
S4,27,Load-Aware,0.36345192360283046,0.7327276642502312,2.0923166126744,0.07036191404609435,0.87,0.13,0.21348499258967826,0.9992742154780399,0.0007257845219601266,1.0104136574252003,0.9623728764079953,0.4587562038414653,0.11807983753190703,0.19773284851679804,0.81,0.004985800012946129,1,1,0.8122478567756974,0.5666389631499562,0.0007257845219601266,0.2784195579728796,0.03762712359200471
S4,27,Offload-then-Allocate,0.3117016190893456,0.6402931366039709,1.9153607253155354,0.06641473589515531,0.88,0.12,0.17808937389623591,0.9989965182748128,0.001003481725187162,1.0132205791583195,0.9690180628300099,0.4690949571448198,0.11807983753190703,0.17880857749268442,0.86,0.004032099968753755,1,1,0.7358696261395669,0.49237741334899615,0.001003481725187162,0.19611845452627427,0.030981937169990093
S4,28,RFOTO-ABC,0.2817331003017022,0.7137618875862117,1.7899607471416552,0.07909332617225533,0.86,0.14,0.12607858335117683,0.998735915764805,0.0012640842351948423,1.0236957562683702,0.9742707533658413,0.5919945939466907,0.24270715411424443,0.1625076096258639,0.83,0.9929458999540657,375,1,0.6330561460106097,0.5931429774046793,0.0012640842351948423,0.12154165338474052,0.025729246634158653
S4,28,Standard-ABC,0.6542390388223803,1.5514096036397418,3.915255238277507,0.17152509915153785,0.37,0.63,0.6483700230026536,0.9971069934849439,0.0028930065150560235,1.0912694235775116,0.8832011668477125,0.296455011207738,0.24270715411424443,0.36365489263307293,0.34,0.9629157999297604,375,1,1.4247218562405477,0.8425836192686806,0.0028930065150560235,0.6142904223843482,0.11679883315228745
S4,28,GA,0.5602429182879881,1.4186962217757193,4.17711167996144,0.16182948002789538,0.45,0.55,0.5288106906987641,0.9970418299229271,0.00295817007707295,1.0846626758192597,0.9019274455130349,0.2958626037376284,0.24270715411424443,0.3297523827725666,0.35,0.9716074999887496,375,1,1.2032635826723146,0.8687241739279089,0.00295817007707295,0.45526351736905507,0.09807255448696506
S4,28,PSO,0.7289301446643592,1.8518386915876375,4.634174334173686,0.1853304354652147,0.26,0.74,0.8427896623325583,0.9982028660346565,0.0017971339653434547,1.0516715055990635,0.8612556220492414,0.24277147327029816,0.1895612938608313,0.4013669997912806,0.24,1.0155101999407634,375,1,1.556728040000657,0.9634061682355528,0.0017971339653434547,0.6962645037727188,0.13874437795075856
S4,28,DE,0.7792579449908013,1.8878520760857367,4.159320444843239,0.2022214212085337,0.2,0.8,0.807352672666847,0.9996481252596425,0.000351874740357413,1.0761777000772292,0.8690265899159026,0.2871999691024722,0.24270715411424443,0.3882174343654352,0.11,1.0013021000195295,375,1,1.6945781733582381,0.9750052508628212,0.000351874740357413,0.7585849102445299,0.13097341008409735
S4,28,Local-only,0.8228843825501156,2.0166818257364554,4.289749838851569,0.20678335744337786,0.15,0.85,0.8919042044102042,1.0,0.0,0.0,0.8636658179727802,0.28050828589213717,0.24270715411424443,0.3973100151826269,0.0,0.0005330999847501516,1,1,1.7899833237596876,1.0,0.0,0.8197536972244429,0.1363341820272198
S4,28,Random-feasible,0.7487184186429668,1.8345197030629927,4.289749838851569,0.19473193500481323,0.27,0.73,0.82095556683668,0.9978779483864944,0.0021220516135057764,1.1252984379062765,0.8603609041940842,0.28050828589213717,0.24270715411424443,0.40286837829477823,0.22,0.002181099960580468,1,1,1.608843888050006,0.923171370859021,0.0021220516135057764,0.746645865232095,0.13963909580591582
S4,28,Max-SINR,0.29946237202630444,0.7045069117628698,1.62794724499443,0.07866547426401191,0.83,0.17,0.1359383250202309,0.9982376192361677,0.0017623807638323119,1.0189763281714752,0.9718725923141727,0.5601602133657126,0.24270715411424443,0.17012188516615417,0.86,0.0019097999902442098,1,1,0.6837305413242342,0.6125402174018251,0.0017623807638323119,0.12830846711732627,0.028127407685827333
S4,28,Delay-Greedy,0.3052892232041824,0.7621484648337877,1.8749343835818664,0.08498742094524042,0.84,0.16,0.13660436756360725,0.9981906311321027,0.0018093688678972619,1.0261150259997214,0.9719655546861345,0.5782742082688528,0.24270715411424443,0.16983239989799923,0.89,0.006377700017765164,1,1,0.6726913440402696,0.6698473925616861,0.0018093688678972619,0.12828895095681128,0.028034445313865453
S4,28,Load-Aware,0.2817331003017022,0.7137618875862117,1.7899607471416552,0.07909332617225533,0.86,0.14,0.12607858335117683,0.998735915764805,0.0012640842351948423,1.0236957562683702,0.9742707533658413,0.5919945939466907,0.24270715411424443,0.1625076096258639,0.83,0.0056579000083729625,1,1,0.6330561460106097,0.5931429774046793,0.0012640842351948423,0.12154165338474052,0.025729246634158653
S4,28,Offload-then-Allocate,0.28546049797373585,0.6793588995603004,1.6011451154836898,0.07587286950252263,0.89,0.11,0.12401333716056481,0.9976936637646218,0.0023063362353782013,1.0281449907982525,0.9739881499567772,0.5911827309441937,0.24270715411424443,0.16342134641754077,0.89,0.005123399896547198,1,1,0.6611849741214875,0.5716451018961536,0.0023063362353782013,0.1202177776215277,0.026011850043222817
S4,29,RFOTO-ABC,0.26188039530429263,0.6414176849291257,1.4059859464363889,0.08397716911812612,0.87,0.13,0.05313712103511057,0.9983930261254571,0.0016069738745428208,1.018773409298925,0.9889770528352427,0.7482754407039416,0.44495216227117007,0.10557370318535345,0.82,0.948205400025472,375,1,0.56587458649985,0.732929005227132,0.0016069738745428208,0.03399024418255284,0.011022947164757269
S4,29,Standard-ABC,0.6441476002249455,1.5044820240309784,4.0367850704157675,0.1708061420207065,0.33,0.67,0.5869741557132726,0.9981294614631654,0.0018705385368346583,1.0831908701922088,0.9043513212553262,0.31068570783255145,0.18247088317395202,0.3252152474192043,0.28,1.012961499975063,375,1,1.3815608481093993,0.9823306690536607,0.0018705385368346583,0.5467455132819143,0.09564867874467375
S4,29,GA,0.5322928574554628,1.3189421436075903,3.7652169206325836,0.14828279424678598,0.48,0.52,0.47002898874953225,0.9971767918650528,0.0028232081349471873,1.090197759418281,0.9153687435896971,0.3242614909318664,0.18247088317395202,0.304065645564786,0.34,1.0792894000187516,375,1,1.1463816292228675,0.8826432467783273,0.0028232081349471873,0.4001665321778482,0.08463125641030289
S4,29,PSO,0.7649451325288357,1.7321671934580545,4.688338317245187,0.17711665715641575,0.29,0.71,0.8002056435030142,0.9989597733891245,0.001040226610875411,1.1013322180231326,0.8747388121247623,0.2596419114529566,0.1324821005358158,0.3784156287288259,0.16,1.0981474000727758,375,1,1.6382336224701644,0.9867741461908538,0.001040226610875411,0.7534935259168225,0.12526118787523766
S4,29,DE,0.7964028391147084,1.7611197628707194,5.096403983900214,0.22730366718128925,0.25,0.75,0.7838377398387112,0.998765621486367,0.0012343785136328211,1.0786500357497504,0.8812041495849412,0.26018880746980394,0.15566117744312663,0.36716592426282096,0.15,1.0344890999840572,375,1,1.5947801628848048,1.3704281564994505,0.0012343785136328211,0.6963092866144174,0.1187958504150588
S4,29,Local-only,0.7704035887487534,1.8900646812793713,5.123368474033878,0.19238060984809124,0.19,0.81,0.8174023143705493,1.0,0.0,0.0,0.8814846806073379,0.2614250529110501,0.18247088317395202,0.3666737845815174,0.0,0.0004822999471798539,1,1,1.6742874916697112,1.0,0.0,0.7362176716897044,0.11851531939266213
S4,29,Random-feasible,0.6789648870917168,1.6727901524605793,5.69702540341233,0.1812369348650179,0.35,0.65,0.711745301123965,0.9977065768241808,0.002293423175819029,1.115177269488202,0.8811573530113719,0.2538019701169855,0.18247088317395202,0.3672479864631988,0.2,0.0022583999671041965,1,1,1.4523484105014675,0.92516261298987,0.002293423175819029,0.6352732433376453,0.11884264698862812
S4,29,Max-SINR,0.2752033024293592,0.6221548831012267,1.533050148147744,0.08710759815243778,0.89,0.11,0.05050215605100068,0.998405455197345,0.001594544802654777,1.0191338931257334,0.9888485818495995,0.7156168792497578,0.40159314318764666,0.10619404239584247,0.95,0.0014937999658286572,1,1,0.6099898507048972,0.739017540845811,0.001594544802654777,0.03944634777268886,0.01115141815040055
S4,29,Delay-Greedy,0.3244445046735537,0.6945474289184854,1.7031828689283361,0.09567081488135738,0.76,0.24,0.06815749977239531,0.9987837625540286,0.0012162374459715342,1.0162817166379141,0.9875457518840851,0.6845918646709994,0.5172579149157122,0.11230010031716933,0.92,0.005113299936056137,1,1,0.6160381634069784,1.0463240563061542,0.0012162374459715342,0.04549988267721773,0.01245424811591489
S4,29,Load-Aware,0.2630038415200397,0.6416486831579299,1.430297768408117,0.08265033709257594,0.85,0.15,0.059045804867481635,0.9983981724557733,0.0016018275442267204,1.0188550542859314,0.9878603535727876,0.7348300034682648,0.44495216227117007,0.11085498842956112,0.82,0.004510700004175305,1,1,0.5690080611226415,0.7278927625492719,0.0016018275442267204,0.03770639753624533,0.012139646427212436
S4,29,Offload-then-Allocate,0.26908860986421795,0.5987780839104722,1.3665639226558808,0.08089426720508165,0.88,0.12,0.04016581838154188,0.9983565382099963,0.0016434617900035853,1.017919683698067,0.9920423490583066,0.745017408163929,0.5172579149157122,0.08956273278697795,0.93,0.004385699983686209,1,1,0.5950225343385446,0.732612798798433,0.0016434617900035853,0.0356748658422485,0.007957650941693428
S5,0,RFOTO-ABC,0.3165428139812046,0.8137383542077226,1.7233317285527021,0.10049616140468355,0.7466666666666667,0.25333333333333335,0.10192869600117452,0.9986427819554656,0.0013572180445344622,1.0176995147090948,0.9794334580847577,0.6019314828014333,0.34938623820554726,0.14490826934013837,0.7133333333333334,1.1865475999657065,375,1,0.7282311963586535,0.7390991378199185,0.0013572180445344622,0.08105487728944091,0.02056654191524232
S5,0,Standard-ABC,0.7264337347872615,1.572350104738881,3.917860723677673,0.17713539300945189,0.32666666666666666,0.6733333333333333,0.6833812380565926,0.9982129872833622,0.0017870127166378185,1.0877351253317469,0.8847489406758527,0.3011448329881066,0.19731056606306738,0.36092123708586743,0.2733333333333333,1.2394809999968857,375,1,1.559645756152249,0.964160107815051,0.0017870127166378185,0.6970128725399677,0.11525105932414725
S5,0,GA,0.6444184941843255,1.5407568208916012,3.8694060801918426,0.17135006482055443,0.36666666666666664,0.6333333333333333,0.6271530159991028,0.9988477661145354,0.001152233885464781,1.0903779635654098,0.8912153450762511,0.3423921474626283,0.17672431910400535,0.3493755359152859,0.24666666666666667,1.261189499986358,375,1,1.4001106155523808,0.9207425776826422,0.001152233885464781,0.5589252345127148,0.10878465492374889
S5,0,PSO,0.8707875284558463,2.021106500441597,5.1596260601924335,0.1871637338620829,0.22666666666666666,0.7733333333333333,1.0580739133028305,0.9990920792294941,0.0009079207705059878,1.048396046721051,0.844686594906832,0.20867170426980913,0.12081398026691227,0.42880186899940037,0.16666666666666666,1.3794703000457957,375,1,1.8499525253042346,0.9948945509590955,0.0009079207705059878,0.9423464782713878,0.15531340509316804
S5,0,DE,1.2166340756491438,2.599191348724669,7.363888840441642,0.29822794922134266,0.19333333333333333,0.8066666666666666,1.4871829470630344,0.9986164429101715,0.001383557089828576,1.0743727623617607,0.8282667459291412,0.14136350034729706,0.029363785957561395,0.4553465883237418,0.15333333333333332,1.2678992999717593,375,1,2.430602373252694,1.414618256733308,0.001383557089828576,1.4830161771895187,0.17173325407085882
S5,0,Local-only,0.8641310709326833,1.9577171782894986,4.471093134337371,0.19488242810423137,0.17333333333333334,0.8266666666666667,0.9070493382787336,1.0,0.0,0.0,0.868296488596757,0.27081357254191857,0.17672431910400535,0.3894616098140419,0.0,0.0004949000431224704,1,1,1.8750407348524478,1.0,0.0,0.9024614420363396,0.131703511403243
S5,0,Random-feasible,0.8751084692988962,1.8548217596003225,5.279047018419334,0.2182468558689598,0.28,0.72,0.8794980275242036,0.9984900014949075,0.0015099985050925269,1.064126390317454,0.8602563410846444,0.24903981166282801,0.1489185153101888,0.40304367844436145,0.26,0.003898399998433888,1,1,1.7099474125574627,1.4841571914906853,0.0015099985050925269,0.814937955590423,0.13974365891535556
S5,0,Max-SINR,0.3771756479028291,0.8169552128732219,1.913959431046946,0.10715356056470648,0.76,0.24,0.13808943234244891,0.997680204305885,0.002319795694115038,1.0262613941650283,0.971268316911281,0.5491152288447466,0.2644710646599491,0.1719930597652378,0.9066666666666666,0.0022450999822467566,1,1,0.8518999554296247,0.8483658720340624,0.002319795694115038,0.12868826655273063,0.028731683088718984
S5,0,Delay-Greedy,0.38733498885621165,0.9313835343795703,2.0425880622761885,0.11938578905030729,0.5866666666666667,0.41333333333333333,0.17939833035108171,0.9976251941827409,0.002374805817258862,1.0301415710347006,0.9677195873740254,0.5476940156378353,0.20325386094319972,0.18263952666243863,0.9266666666666666,0.006449699983932078,1,1,0.8141207423201865,0.9695198552365292,0.002374805817258862,0.13223920773335074,0.032280412625974586
S5,0,Load-Aware,0.33173543593834093,0.8232819923444317,1.729824480394824,0.10220307701519024,0.7333333333333333,0.26666666666666666,0.12148033841858198,0.9989932540782693,0.0010067459217308317,1.0159075443251036,0.9753043253439124,0.589524923595035,0.34938623820554726,0.15912571658260294,0.6933333333333334,0.007217499893158674,1,1,0.7560819542233972,0.7401308630249857,0.0010067459217308317,0.111158470183938,0.024695674656087574
S5,0,Offload-then-Allocate,0.3440664869841007,0.7701414319909798,1.5928501777711088,0.09941673480905115,0.78,0.22,0.08906952721853886,0.9969972871683461,0.0030027128316537643,1.0312547268855534,0.9822251676258552,0.63580083072625,0.25797332631440795,0.13452321186692145,0.9266666666666666,0.005686999997124076,1,1,0.8052197297592423,0.7874306894339429,0.0030027128316537643,0.08552073482698491,0.01777483237414479
S5,1,RFOTO-ABC,0.2860793514728354,0.6923503657460158,1.5156559013975486,0.0815669709392458,0.8266666666666667,0.17333333333333334,0.06535710902781589,0.9994618599857991,0.0005381400142007253,1.0131275330147151,0.9861347950490208,0.6820480941129128,0.33308339560183636,0.1185755111220383,0.7266666666666667,1.148663999978453,375,1,0.6557869973916772,0.6759061825776502,0.0005381400142007253,0.0742370639711262,0.013865204950979204
S5,1,Standard-ABC,0.6557089223743516,1.452154047029886,4.0112168292495465,0.1896040094187842,0.3933333333333333,0.6066666666666667,0.596541665683788,0.9971826972654031,0.0028173027345969057,1.0747612655065992,0.89353657532721,0.28040945720901816,0.18660869076395845,0.3451787478556214,0.26666666666666666,1.1028946000151336,375,1,1.3742164844379139,1.0813280897502302,0.0028173027345969057,0.5336904542180034,0.10646342467279002
S5,1,GA,0.5537013226472592,1.3144865870241085,3.8439206792062435,0.1532441656198769,0.4666666666666667,0.5333333333333333,0.4848594120663571,0.9987648133919239,0.001235186608075982,1.0473260801220625,0.9098756105630533,0.3064275763178426,0.21678098663323586,0.3147242127381576,0.31333333333333335,1.2262621000409126,375,1,1.2262948680309729,0.8330876728800988,0.001235186608075982,0.4335950358813759,0.09012438943694667
S5,1,PSO,0.7532667358809674,1.7320490652868883,5.296974927996833,0.19091436699391479,0.3,0.7,0.749830911647722,0.9990171473500802,0.00098285264991975,1.1308588693701913,0.8819475989222891,0.2766171102016338,0.07613860900838941,0.3658609192374461,0.1,1.2725066998973489,375,1,1.6500948452422803,0.9453515275217721,0.00098285264991975,0.724143459001964,0.11805240107771087
S5,1,DE,1.0779318532314435,2.318925784236727,6.402535067232348,0.23106779565415725,0.26,0.74,1.2541771629490976,0.9996287200066395,0.00037127999336042866,1.0489708642561875,0.8349162723473474,0.2009904914842648,0.047876304997371215,0.4446626692823606,0.15333333333333332,1.1309755000984296,375,1,2.2229256562428255,1.1742348592175937,0.00037127999336042866,1.2849135805661123,0.16508372765265256
S5,1,Local-only,0.7654765319554101,1.7973204409444554,5.115515500057892,0.20272992814636165,0.24666666666666667,0.7533333333333333,0.7615648589273923,1.0,0.0,0.0,0.8768019746115286,0.2711055656313278,0.21678098663323586,0.37484447495579437,0.0,0.00048120005521923304,1,1,1.675151850864379,1.0,0.0,0.7128354617241786,0.12319802538847135
S5,1,Random-feasible,0.8133715806596764,1.6450144559735462,5.090003976285016,0.20062246944360407,0.3466666666666667,0.6533333333333333,0.7480100358997209,0.9986318686423692,0.0013681313576307827,1.0844041275208114,0.8729059231894374,0.26214707510559493,0.10309783957079248,0.3815741409833456,0.18666666666666668,0.0022012999979779124,1,1,1.6568686922398197,1.2302157729313217,0.0013681313576307827,0.7811372154676511,0.12709407681056262
S5,1,Max-SINR,0.29549994589435563,0.661758433034143,1.70443099611639,0.07776615842590508,0.84,0.16,0.06644745796998347,0.9977293474276864,0.0022706525723137066,1.0248884125520428,0.986443844132291,0.6946993353874008,0.33308339560183636,0.11722819912891799,0.92,0.0017149000195786357,1,1,0.7104837353824458,0.6340018934656857,0.0022706525723137066,0.08116469653708887,0.013556155867708974
S5,1,Delay-Greedy,0.32132346547650714,0.7496652189379286,1.6010857500584263,0.08648250494852525,0.72,0.28,0.09289085374156329,0.9990980443728676,0.0009019556271323855,1.015566942217161,0.9826904982299287,0.6223221827037159,0.33308339560183636,0.1327192458815462,0.9066666666666666,0.00633219990413636,1,1,0.7035174447256307,0.7992911548713674,0.0009019556271323855,0.09109445869382868,0.01730950177007129
S5,1,Load-Aware,0.28859020507888183,0.6997487597993874,1.5197197065418808,0.0831334756994135,0.8066666666666666,0.19333333333333333,0.07017089451489782,0.9994476850892723,0.0005523149107277973,1.0143292933400143,0.9854993589621711,0.6718271668166771,0.33308339560183636,0.12130129233078205,0.7266666666666667,0.006990699912421405,1,1,0.659947186599054,0.6801451959828861,0.0005523149107277973,0.07718427957546208,0.014500641037828887
S5,1,Offload-then-Allocate,0.2827530557966344,0.6362516680697468,1.5197197065418808,0.07341095989007562,0.8933333333333333,0.10666666666666667,0.055425746492747396,0.9982829436608479,0.001717056339152001,1.0181175252968269,0.987798692613873,0.7294304734222753,0.33308339560183636,0.1111396335988807,0.9133333333333333,0.005948599893599749,1,1,0.6914142103871628,0.6005784445012907,0.001717056339152001,0.0705565165956025,0.012201307386127014
S5,2,RFOTO-ABC,0.3317956357235484,0.7323668014172895,1.6508934879270647,0.09171816125761562,0.8333333333333334,0.16666666666666666,0.11374137770155021,0.9985407920767813,0.0014592079232187128,1.0202522120921564,0.9757942674518483,0.5859107600952334,0.31584779708665117,0.15749979178909254,0.6933333333333334,1.18707089999225,375,1,0.7193416036489906,0.8023263826976725,0.0014592079232187128,0.11075430375913363,0.024205732548151726
S5,2,Standard-ABC,0.6762739417133191,1.3682584927752706,3.6822360110101675,0.17236273143579622,0.35333333333333333,0.6466666666666666,0.5855119527670498,0.9981979199433776,0.0018020800566224259,1.0936024263200688,0.8973053956510101,0.3435766027192112,0.23212260179924163,0.3383013052429829,0.20666666666666667,1.1663296000333503,375,1,1.4253390481104549,1.0740431609098129,0.0018020800566224259,0.5722723955422419,0.10269460434898992
S5,2,GA,0.5826202717312178,1.2689272581818807,3.6822360110101675,0.15568978164897124,0.41333333333333333,0.5866666666666667,0.5323851157792007,0.9989578301170008,0.0010421698829992325,1.0673220256158888,0.9028220800353743,0.3435766027192112,0.21397912923089993,0.32808223401468295,0.24666666666666667,1.1873933000024408,375,1,1.2727276379975787,0.892336979707264,0.0010421698829992325,0.46321077321775916,0.09717791996462566
S5,2,PSO,0.8724079044328266,1.8392519025181098,4.987949582922101,0.21552351854693427,0.23333333333333334,0.7666666666666667,0.9998253496511851,0.9987309422771765,0.0012690577228235418,1.0404569915084088,0.8522373508591776,0.21151229078397352,0.11795779971260503,0.41639168874583227,0.17333333333333334,1.2265009001130238,375,1,1.7966084038401995,1.2168282371933477,0.0012690577228235418,0.8732534359123463,0.14776264914082238
S5,2,DE,0.9501271646916299,2.107304050735785,5.388475570325365,0.25797479926189176,0.22,0.78,1.1895084422654532,0.9994989453213334,0.000501054678666549,1.0515467799602485,0.8409193423332241,0.19973683704806902,0.043778384645555175,0.43494217098362026,0.16666666666666666,1.1510449000634253,375,1,1.9336666060731384,1.2503170363521587,0.000501054678666549,1.0208025925390873,0.15908065766677593
S5,2,Local-only,0.7726121826672343,1.7185907341739786,4.416433118747565,0.18867267928135373,0.22666666666666666,0.7733333333333333,0.802298359764512,1.0,0.0,0.0,0.8754867363366394,0.2983507549513492,0.2086396782443917,0.3771230025417955,0.0,0.0004949999274685979,1,1,1.6791353198165964,1.0,0.0,0.7366054526543246,0.12451326366336057
S5,2,Random-feasible,0.7117112802158748,1.432582335584266,3.6822360110101675,0.1747317880992363,0.36,0.64,0.6561494566659767,0.9984814029784567,0.0015185970215432236,1.07248738791663,0.8848096383203252,0.3213453673570354,0.2261683123751547,0.36081380743904495,0.24,0.00368019996676594,1,1,1.4947225715590369,1.0948249992703396,0.0015185970215432236,0.624898455117219,0.11519036167967478
S5,2,Max-SINR,0.3248219385648128,0.7024311434524851,1.8899857150833768,0.08653348080463084,0.8133333333333334,0.18666666666666668,0.10602860444742644,0.998857998047988,0.001142001952012098,1.0183228585030462,0.978184978871896,0.619608551256992,0.31584779708665117,0.14933696616900544,0.8933333333333333,0.0019950999412685633,1,1,0.7407478971587789,0.725489482403857,0.001142001952012098,0.10924355341968602,0.021815021128103962
S5,2,Delay-Greedy,0.3535070147965764,0.7990883493540988,1.6716840435573657,0.0972403135370227,0.7466666666666667,0.25333333333333335,0.11471304769719927,0.9984886786490771,0.0015113213509226845,1.0223929067584747,0.9773552764607203,0.6381498147970918,0.3376701943394303,0.15221493988232224,0.92,0.005779400002211332,1,1,0.7436629456561124,0.9361142720603065,0.0015113213509226845,0.09390065908970366,0.02264472353927971
S5,2,Load-Aware,0.33286426793176205,0.7322996911392624,1.6332616024480582,0.09191100254332409,0.8333333333333334,0.16666666666666666,0.11364987464962795,0.998536794457655,0.0014632055423450259,1.0207973585777634,0.9758030698812727,0.5859107600952334,0.31584779708665117,0.15747044148554762,0.6933333333333334,0.006211600033566356,1,1,0.719110773204779,0.8099361307689632,0.0014632055423450259,0.110695897555779,0.024196930118727256
S5,2,Offload-then-Allocate,0.330631426577107,0.7098206751523676,1.7317851357358491,0.08954827637627896,0.82,0.18,0.09331185170193462,0.9986019529419863,0.0013980470580138079,1.0212807584904982,0.9805982612955316,0.6242294626226792,0.3376701943394303,0.1406613451441019,0.92,0.006479400093667209,1,1,0.7522973113660818,0.7621200561587239,0.0013980470580138079,0.10019688037801973,0.019401738704468374
S5,3,RFOTO-ABC,0.3223567140328224,0.7372980119650414,1.5476194550831894,0.09616556983223402,0.8133333333333334,0.18666666666666668,0.0976661367297942,0.9982091558302606,0.001790844169739505,1.02349994173326,0.9788417024614485,0.5697580724912923,0.3275964766295341,0.14702260998632577,0.6666666666666666,1.1254595000064,375,1,0.7099442919921108,0.7359299465597625,0.001790844169739505,0.12379694234439878,0.021158297538551474
S5,3,Standard-ABC,0.6918062904019777,1.4901689816546109,3.7262789056634165,0.16374439006090902,0.3933333333333333,0.6066666666666667,0.6170517845831784,0.998344387694591,0.0016556123054090096,1.0885306993448607,0.8867312173853102,0.3059894437477395,0.2018021634712213,0.35740376022647613,0.25333333333333335,1.252889099996537,375,1,1.47039799564137,1.0108868421594555,0.0016556123054090096,0.6210093012577267,0.11326878261468976
S5,3,GA,0.6247001084581993,1.4066956327973787,3.7262789056634165,0.15241108385844404,0.41333333333333333,0.5866666666666667,0.5314434991610981,0.9992639405170364,0.0007360594829635514,1.0420418757485026,0.9017461160165414,0.3252177327273422,0.22248799093581417,0.3300902703204584,0.2866666666666667,1.090816400013864,375,1,1.3802829605313933,0.8436404590140176,0.0007360594829635514,0.5527920199165477,0.09825388398345858
S5,3,PSO,0.8927978033270514,1.9162082095453414,5.207338589441539,0.18636700282589197,0.2866666666666667,0.7133333333333334,0.9571685389712832,0.9992057819821706,0.0007942180178294238,1.0876579038329162,0.8526166382215449,0.24653494490077027,0.0741328729280666,0.41576442643141354,0.12666666666666668,1.3261666999896988,375,1,1.8288776882465436,1.2129140830943754,0.0007942180178294238,0.9254996837237003,0.14738336177845512
S5,3,DE,1.0719311665335747,2.03921922778285,4.894729405354617,0.2296353830733408,0.25333333333333335,0.7466666666666667,1.089764725768773,0.9988223917252324,0.0011776082747676074,1.1059109781832186,0.8378853945136862,0.2225684933120176,0.10323251558694305,0.43986434694200244,0.10666666666666667,1.2017314999829978,375,1,2.058154498048169,1.6550774389936884,0.0011776082747676074,1.1383128547783135,0.16211460548631385
S5,3,Local-only,0.8320621188013654,1.8735356611177012,4.65296600963223,0.18522351098824064,0.24,0.76,0.8302878392864852,1.0,0.0,0.0,0.8639589649046095,0.283589013481224,0.2018021634712213,0.3968152974621622,0.0,0.0004897000035271049,1,1,1.7952709492182264,1.0,0.0,0.851352904930001,0.13604103509539045
S5,3,Random-feasible,0.9058783682537603,1.7207097498740211,4.65296600963223,0.203044344253124,0.3466666666666667,0.6533333333333333,0.8287029047397553,0.9969602611644217,0.0030397388355783072,1.093234861274843,0.8563742282563698,0.2633533971326643,0.12492834320734157,0.4095287474398259,0.32666666666666666,0.0029545999132096767,1,1,1.741353919948498,1.5732859603816336,0.0030397388355783072,0.8495807227229222,0.14362577174363023
S5,3,Max-SINR,0.3358830948574889,0.7211941083795608,1.8058870932660613,0.09414440673554694,0.84,0.16,0.08752452400531467,0.998145878379775,0.001854121620224983,1.0175901230766051,0.9806821961113201,0.5968541072998835,0.3275964766295341,0.14035074781109003,0.92,0.0023030999582260847,1,1,0.7730450232909808,0.7240757589835041,0.001854121620224983,0.12296792111948461,0.019317803888679874
S5,3,Delay-Greedy,0.3845508398779037,0.843928939532345,2.0097030619024583,0.10246408395054493,0.6866666666666666,0.31333333333333335,0.12493151479532254,0.9983406097378349,0.0016593902621650865,1.022106390143087,0.9750697562887629,0.5461813696223466,0.3275964766295341,0.15989887896451696,0.9133333333333333,0.0063218999421224,1,1,0.8096395600475532,0.9285587394096342,0.0016593902621650865,0.1551428973818071,0.024930243711237088
S5,3,Load-Aware,0.3325892361183542,0.7435268209021992,1.692255305249515,0.09623972195462721,0.8066666666666666,0.19333333333333333,0.10405809367509361,0.9982055743493504,0.0017944256506497217,1.0237122805788603,0.9773588276485925,0.5402233177873728,0.3275964766295341,0.1522027275871403,0.66,0.009167000069282949,1,1,0.7344664510096897,0.7350442555839876,0.0017944256506497217,0.13984369618197054,0.0226411723514075
S5,3,Offload-then-Allocate,0.34389329584112877,0.7435983479809959,1.9015603412163213,0.09057837697659459,0.84,0.16,0.09339851552779234,0.9984471993836249,0.001552800616375274,1.0227631907725985,0.979792832676537,0.5941064835380501,0.3275964766295341,0.14361030008756043,0.92,0.004974499926902354,1,1,0.798818454230126,0.7211201992557538,0.001552800616375274,0.1307160686937588,0.02020716732346295
S5,4,RFOTO-ABC,0.37452769246037765,0.934508769300157,1.996725536130472,0.1132391539771041,0.72,0.28,0.17424115177911698,0.9991151260675591,0.0008848739324408461,1.0129703511241828,0.9632646304979972,0.46512417813855117,0.34012380168742024,0.19528523077426044,0.6933333333333334,1.1197295000310987,375,1,0.7948984248264401,0.8630129324750557,0.0008848739324408461,0.16265546468288256,0.036735369502002846
S5,4,Standard-ABC,0.7725533701287431,1.7403206253552912,4.452489935635408,0.24947123432257068,0.29333333333333333,0.7066666666666667,0.7293620743945388,0.997372491053185,0.002627508946814975,1.0696135901048942,0.8813100668274362,0.3013669783641161,0.16703737824085665,0.3669801528351852,0.3,1.2408082000911236,375,1,1.5197914108835187,1.374291699426233,0.002627508946814975,0.6725310829147242,0.11868993317256382
S5,4,GA,0.6406950543641223,1.5870920893482,4.15104086583644,0.17387268370671705,0.34,0.66,0.6490412162167044,0.9995529279531615,0.00044707204683847333,1.0298685475575622,0.8878683190462356,0.3368734655536074,0.22156320415237896,0.35537746610917675,0.26666666666666666,1.4076669999631122,375,1,1.3861261977753894,0.8874944271850044,0.00044707204683847333,0.5765206971603678,0.11213168095376436
S5,4,PSO,0.8882416970769881,2.031877436642522,5.145525044299796,0.2121962370920748,0.17333333333333334,0.8266666666666667,0.9399790388897273,0.9986719184009225,0.001328081599077541,1.0761310770417192,0.8698894697291013,0.2688253881211347,0.11071681142423884,0.3867445360025343,0.15333333333333332,1.275874299928546,375,1,1.8499504605361685,1.1973173136909963,0.001328081599077541,0.9054971561153848,0.1301105302708987
S5,4,DE,1.2239351975217316,2.722449373626938,6.885598306419447,0.27705225989673765,0.16666666666666666,0.8333333333333334,1.5580647616988619,0.99939086866555,0.0006091313344498773,1.0577768555173004,0.8201498248124688,0.1336789662963982,0.0468597770146134,0.4682834770396883,0.20666666666666667,1.2024105000309646,375,1,2.2578069806902517,2.002970967746199,0.0006091313344498773,1.3277538185688766,0.1798501751875312
S5,4,Local-only,0.8431970613998943,2.0725684745841964,4.519817072127634,0.22093299018824145,0.12666666666666668,0.8733333333333333,0.9218408909444948,1.0,0.0,0.0,0.8810986583733257,0.29836797333962023,0.20963398802723346,0.36735089944315286,0.0,0.00048429996240884066,1,1,1.8382393474958783,1.0,0.0,0.8632080931276942,0.11890134162667432
S5,4,Random-feasible,0.9633697397140953,1.9703524070894936,4.630784201814193,0.2640674837052616,0.25333333333333335,0.7466666666666667,0.9578525209437397,0.9982535768014356,0.001746423198564424,1.0781444598763137,0.8642701376417737,0.29269355358541516,0.05061273578340552,0.396289851392587,0.28,0.003119700006209314,1,1,1.8258341817851655,1.6679091319975408,0.001746423198564424,0.9440642418989044,0.13572986235822626
S5,4,Max-SINR,0.36741235881149603,0.854637579613462,1.993971427776311,0.10848705081825244,0.7866666666666666,0.21333333333333335,0.1344566854202587,0.9983137960551638,0.001686203944836216,1.0252693700031044,0.9706455147289382,0.5008252125304099,0.3460923222974262,0.17390293377983804,0.8466666666666667,0.0023541999980807304,1,1,0.8058617064349008,0.8598144882302171,0.001686203944836216,0.12893738155444695,0.02935448527106177
S5,4,Delay-Greedy,0.4097137745999202,0.9677994614681938,2.0347282654864607,0.1274392274888052,0.6266666666666667,0.37333333333333335,0.17397365371778575,0.9986602548798317,0.0013397451201683408,1.0201934079538335,0.965297759167763,0.4755129351983169,0.3460923222974262,0.18960426870439737,0.8466666666666667,0.0077148000709712505,1,1,0.8220611475531543,1.0510860267346098,0.0013397451201683408,0.16424919421028403,0.03470224083223705
S5,4,Load-Aware,0.4031581537575039,0.9549942423567829,2.106951212471923,0.12057695317300501,0.68,0.32,0.18628286426772675,0.9989062454020086,0.001093754597991478,1.0146910129678874,0.9614488247904618,0.4634321326494354,0.2737226529360466,0.2002422536466179,0.6866666666666666,0.0074248999590054154,1,1,0.838670755096452,0.9102001117038069,0.001093754597991478,0.2038360841071637,0.03855117520953821
S5,4,Offload-then-Allocate,0.3617721572228465,0.8491819212184541,1.853220840533594,0.10486048199086496,0.8133333333333334,0.18666666666666668,0.11983039478638213,0.9982837781947217,0.0017162218052783225,1.0242231479879003,0.9737181934688479,0.5312776357368437,0.3460923222974262,0.1642899375996047,0.8666666666666667,0.0058296999195590615,1,1,0.8044312756048713,0.8417808135890029,0.0017162218052783225,0.12044680377019922,0.026281806531152085
S5,5,RFOTO-ABC,0.34856160055554103,0.8098670942091456,1.9534443702502986,0.10310806286435176,0.7666666666666667,0.23333333333333334,0.13261649813892232,0.9987047289026407,0.001295271097359496,1.0125417379178976,0.9724346222797015,0.536881576535217,0.30619308658434763,0.16836498169601175,0.7133333333333334,1.237963299965486,375,1,0.7337206625334185,0.8704485354668435,0.001295271097359496,0.1206811748985728,0.027565377720298545
S5,5,Standard-ABC,0.6852692333023587,1.5314629354398983,4.08585816569607,0.14921564374959567,0.36666666666666664,0.6333333333333333,0.6624141191339687,0.9981422843274843,0.001857715672515685,1.078025795823312,0.8833121107863494,0.3011871162715787,0.18853234951566453,0.3634593114215289,0.2733333333333333,1.2864089999347925,375,1,1.4640417876489566,0.9803987069637484,0.001857715672515685,0.617297015316026,0.11668788921365059
S5,5,GA,0.6152456922094187,1.4630601052994743,3.9012088033949475,0.149360642018682,0.36666666666666664,0.6333333333333333,0.5979925333817409,0.998423203241108,0.0015767967588919162,1.0579139287977635,0.8955617043017299,0.31163157087307325,0.18853234951566453,0.34149325564256316,0.29333333333333333,1.2430161000229418,375,1,1.3464561689971308,0.9001989366690236,0.0015767967588919162,0.510482823013054,0.10443829569827012
S5,5,PSO,0.9924882544946235,2.158525901690852,5.761373058605143,0.2236962421569785,0.24,0.76,1.175306109289724,0.9974447509017913,0.00255524909820869,1.1084691099021353,0.8239034488477591,0.20190241484407986,0.11277065446618433,0.4623142338287396,0.20666666666666667,1.1872362000867724,375,1,2.009789984367,1.248677069914171,0.00255524909820869,1.10325466169308,0.17609655115224088
S5,5,DE,1.4979106769833967,3.13573688753224,10.38850604707983,0.33795441230921025,0.17333333333333334,0.8266666666666667,2.064665549771263,0.9978811097726972,0.0021188902273028454,1.0859238727331362,0.7795212831054033,0.08759437825269001,0.0512591997431475,0.5318257335989495,0.21333333333333335,1.2367606000043452,375,1,2.8048723289298447,1.9881556917453513,0.0021188902273028454,1.859894621637931,0.22047871689459675
S5,5,Local-only,0.830633591120044,1.9499830449198066,5.026061403584418,0.18099203276801534,0.18,0.82,0.9097691142930394,1.0,0.0,0.0,0.8666129138046001,0.281379232204245,0.18853234951566453,0.39232349247320075,0.0,0.0009527000365778804,1,1,1.797332922860859,1.0,0.0,0.8451691899020768,0.13338708619539985
S5,5,Random-feasible,1.857177050128607,2.058810543958911,4.557482474668152,0.30113339208009515,0.3466666666666667,0.6533333333333333,1.816370414261844,0.9969673305003486,0.0030326694996514183,1.109516804790556,0.8528889473998771,0.25492454027232264,0.006468581414632863,0.41531384419884015,0.3333333333333333,0.002484699944034219,1,1,2.351467503955565,5.855838894059827,0.0030326694996514183,1.4730445929631721,0.14711105260012292
S5,5,Max-SINR,0.5512775862275261,0.9568492369083208,2.4838636883070824,0.1607112837242964,0.6533333333333333,0.3466666666666667,0.3256958657198119,0.9976760651627651,0.002323934837234869,1.0234392922266768,0.9484587671636331,0.43636083586205315,0.07074448250163139,0.23311390179986727,0.9466666666666667,0.0017524000722914934,1,1,0.9953727377588861,1.5073758086030788,0.002323934837234869,0.27252823441776297,0.05154123283636691
S5,5,Delay-Greedy,0.4302660873692254,0.8903590518790889,1.8747121239592623,0.1191749680731003,0.6533333333333333,0.3466666666666667,0.16561022153814586,0.998024086712143,0.001975913287857127,1.0181400028094945,0.9686993322549871,0.5197965732102267,0.2510128266024207,0.17975554705156202,0.8866666666666667,0.007050900021567941,1,1,0.8194379907199202,1.2177638902252326,0.001975913287857127,0.1506068933445484,0.031300667745012944
S5,5,Load-Aware,0.358023912594102,0.8037954494460433,2.1385654651678285,0.10648114556784409,0.78,0.22,0.15783836544276317,0.9992123383325197,0.0007876616674805044,1.0101441029224008,0.9664888999098641,0.47406759326285625,0.30619308658434763,0.18620695883834545,0.6733333333333333,0.008147900109179318,1,1,0.7535080040862656,0.8520708916445795,0.0007876616674805044,0.14660832191532897,0.033511100090135915
S5,5,Offload-then-Allocate,0.3707964603989226,0.7861267233136677,1.833044136374115,0.11040930464736057,0.7733333333333333,0.22666666666666666,0.09609215604669273,0.9974502936206363,0.0025497063793636712,1.0180938043565968,0.9815592251981229,0.6806457259883485,0.23721896251809663,0.13706650138544008,0.9133333333333333,0.0051574999233707786,1,1,0.7830946478707419,0.992388292719415,0.0025497063793636712,0.0915539881086824,0.018440774801877113
S5,6,RFOTO-ABC,0.31003545799608745,0.792484522534685,1.8289956153540126,0.10236663339121177,0.74,0.26,0.07850063088844231,0.9985149553351429,0.0014850446648570226,1.02060769997046,0.9858940694671418,0.6943466871540872,0.46133583413654405,0.11961502717936352,0.7533333333333333,1.0583318000426516,375,1,0.6897082980158384,0.7836652592782056,0.0014850446648570226,0.0705827843499873,0.014105930532858246
S5,6,Standard-ABC,0.7559100820172713,1.5761353570849421,3.6355135229007134,0.19247332972724776,0.3,0.7,0.7080524221915255,0.9965244498432463,0.0034755501567537064,1.0941380666793095,0.879342201687692,0.30301052261582184,0.2142306802787999,0.37042367827187617,0.2866666666666667,1.3210391000611708,375,1,1.5421233908803038,1.219670114028748,0.0034755501567537064,0.674539749658745,0.12065779831230805
S5,6,GA,0.5960132666890019,1.4054118392740453,3.517765941418673,0.16542115679678357,0.3466666666666667,0.6533333333333333,0.5658091683175009,0.9992897984246069,0.0007102015753931301,1.057733947063421,0.9014068413071779,0.3410050420966495,0.23838244426518826,0.33072190842039606,0.2733333333333333,1.0486960000125691,375,1,1.3075541505306103,0.8644922273609865,0.0007102015753931301,0.4980795233327976,0.09859315869282215
S5,6,PSO,0.849086798206623,1.8402275567943003,4.385550864323871,0.2244045737910035,0.2,0.8,0.8832922709158475,0.9993348599443747,0.0006651400556251256,1.0709079365775807,0.8672966107183699,0.2662623793391115,0.1459658526089932,0.39116247276307875,0.12666666666666668,1.3014805000275373,375,1,1.7540647282397615,1.2155158146241367,0.0006651400556251256,0.8328188301987707,0.13270338928163006
S5,6,DE,1.0273813519853467,2.3017589316598532,5.501820191959077,0.23810047062290246,0.2,0.8,1.2839222256633143,0.9979685447518908,0.0020314552481093756,1.1254792111314322,0.83656952383805,0.1826546663002075,0.055241597289322146,0.44199311407203146,0.15333333333333332,1.2077710999874398,375,1,2.006708591467909,1.5165847022116952,0.0020314552481093756,1.0931825452508035,0.16343047616194994
S5,6,Local-only,0.8208514300255355,1.8973451349905015,4.385550864323871,0.2013252656236301,0.14666666666666667,0.8533333333333334,0.8665680478721276,1.0,0.0,0.0,0.8733959209023614,0.29801707794340054,0.2142306802787999,0.3807310264229705,0.0,0.000519599998369813,1,1,1.779057515521439,1.0,0.0,0.8283857571221203,0.1266040790976386
S5,6,Random-feasible,0.8305806986947576,1.752458894001871,4.688342824708848,0.22017814644287265,0.26,0.74,0.8388778057704951,0.9984051718216465,0.0015948281783535133,1.0846448126690487,0.8641868533268028,0.2662481231369194,0.1722853229801775,0.3964305163886448,0.23333333333333334,0.002225699950940907,1,1,1.7163874868654578,1.127498723261024,0.0015948281783535133,0.846672323410357,0.13581314667319722
S5,6,Max-SINR,0.3337009445859324,0.7646263137410908,1.8246030717174113,0.10317785065928452,0.8266666666666667,0.17333333333333334,0.08676703573054353,0.9978353714210124,0.0021646285789875485,1.0222590342755085,0.9814970780988659,0.6393272832219973,0.34009327508472126,0.13730161712167,0.9333333333333333,0.0017755000153556466,1,1,0.7735800819713208,0.7531233265696089,0.0021646285789875485,0.09651624442677313,0.018502921901134117
S5,6,Delay-Greedy,0.37596796618530914,0.9016533554866252,2.0849777672913756,0.1163855473249464,0.6,0.4,0.13919253774355006,0.9978530581041215,0.0021469418958784212,1.0229576493635553,0.9751036743080416,0.6010735782909855,0.3571847699659644,0.15978729028045768,0.9666666666666667,0.006408700020983815,1,1,0.7692969262581077,1.014062946090517,0.0021469418958784212,0.10948182189694088,0.024896325691958432
S5,6,Load-Aware,0.3130908965655843,0.7970218617774065,1.869327391399534,0.10523162932151092,0.7066666666666667,0.29333333333333333,0.08694695472352851,0.9984188013332209,0.0015811986667789105,1.0219299255646912,0.9844944068258747,0.6745203245719836,0.46133583413654405,0.1254982199688722,0.7333333333333333,0.006087000016123056,1,1,0.6921781226581417,0.79007667522824,0.0015811986667789105,0.07557114362935326,0.015505593174125254
S5,6,Offload-then-Allocate,0.3277898588147162,0.7631212512731353,1.7059182930567482,0.10025039743601451,0.82,0.18,0.06446873153717841,0.9973000812876995,0.0026999187123003783,1.0243215566235306,0.9867509835960915,0.6800435646075275,0.44624994326378536,0.11587454315534193,0.9666666666666667,0.005871800007298589,1,1,0.7666327868026442,0.7634186498062456,0.0026999187123003783,0.07636611376028768,0.01324901640390852
S5,7,RFOTO-ABC,0.3439879892385627,0.812856756405869,2.2430653504339286,0.0896930446023483,0.84,0.16,0.12960704424950184,0.9987677850172565,0.0012322149827434707,1.0293128323022318,0.9733970835078238,0.5250592789222749,0.20930577655102311,0.16531779545708666,0.7466666666666667,1.1767602999461815,375,1,0.7401020607614636,0.7666475965558741,0.0012322149827434707,0.15891381637776233,0.026602916492176165
S5,7,Standard-ABC,0.7385039999000106,1.5873064990374561,4.3626347338469165,0.1749785277765362,0.37333333333333335,0.6266666666666667,0.6856039574264343,0.997549255146028,0.002450744853972035,1.0902738118173856,0.8795674850547539,0.28351162747233777,0.16000038578647563,0.370030305794109,0.2866666666666667,1.1530919999349862,375,1,1.5424771671218642,1.0792341162880528,0.002450744853972035,0.6897782578550211,0.1204325149452461
S5,7,GA,0.6069373440192701,1.3936977358516045,4.30984808175564,0.141915905977697,0.44666666666666666,0.5533333333333333,0.5289880663340644,0.9981771851872414,0.0018228148127585426,1.05826571999038,0.9027297552411437,0.30351430349857716,0.20930577655102311,0.3282548303175507,0.38,1.2404304000083357,375,1,1.3149422672855122,0.8794049346666968,0.0018228148127585426,0.5253437492860297,0.09727024475885626
S5,7,PSO,0.817764345091849,1.8335812107159892,4.866269962296401,0.17926334480330008,0.25333333333333335,0.7466666666666667,0.8522123746731148,0.9992750467416788,0.0007249532583213348,1.0655524883582448,0.8686380000852524,0.27165829864210583,0.09402403944277626,0.3888798706898828,0.17333333333333334,1.2386781999375671,375,1,1.734705811388137,1.0557715060093555,0.0007249532583213348,0.8234915028181401,0.13136199991474762
S5,7,DE,1.0666118600891399,2.2092682454856134,6.515372837188248,0.2386569972631885,0.22666666666666666,0.7733333333333333,1.2146881133308565,0.9992113941949288,0.0007886058050712933,1.0871596200780727,0.8283366699442621,0.19442219243963343,0.08700783812692571,0.45523466243763666,0.16666666666666666,1.1845961000071838,375,1,2.064438964581254,1.5890417630409577,0.0007886058050712933,1.1449545352732309,0.17166333005573786
S5,7,Local-only,0.8333764701333626,1.8804216686186312,4.867391292390349,0.1765962395373026,0.20666666666666667,0.7933333333333333,0.851922025871279,1.0,0.0,0.0,0.8695519288989285,0.2813246024140696,0.20930577655102311,0.3873210222796243,0.0,0.00047660002019256353,1,1,1.8064070439043887,1.0,0.0,0.8488299939684186,0.13044807110107148
S5,7,Random-feasible,0.891275568737217,1.7521172202812234,4.764676938162709,0.1844924743902698,0.3,0.7,0.8257460580455553,0.9985046345576537,0.0014953654423461792,1.082492698177482,0.861856187860141,0.27165829864210583,0.12571672448874455,0.4003578203324667,0.26,0.002861900022253394,1,1,1.7623659707743042,1.4081089379000362,0.0014953654423461792,0.8737883617967499,0.13814381213985905
S5,7,Max-SINR,0.370169418870593,0.8068217019975483,2.464707025047726,0.09131841154241394,0.8333333333333334,0.16666666666666666,0.14928006470111874,0.9984026137054453,0.001597386294554765,1.0238168856255985,0.9690472308262104,0.47834178617789574,0.20930577655102311,0.1787216980645212,0.9,0.0029377000173553824,1,1,0.8086276219871598,0.7674866119388283,0.001597386294554765,0.1917085157919977,0.03095276917378964
S5,7,Delay-Greedy,0.3868844129226982,0.8810870603626179,2.2430653504339286,0.09567230185234912,0.7866666666666666,0.21333333333333335,0.15059799638725124,0.9986091339570282,0.0013908660429718374,1.0261074577908262,0.9695756621235776,0.5250592789222749,0.20930577655102311,0.1771412540935739,0.9133333333333333,0.0061672000447288156,1,1,0.7914643420886738,0.9397669163084811,0.0013908660429718374,0.17284586425679954,0.030424337876422403
S5,7,Load-Aware,0.3539958771872988,0.8170532035545922,2.464707025047726,0.09209348463678216,0.84,0.16,0.13749486123938795,0.9983985846742928,0.0016014153257071946,1.033419598468004,0.9713179842570708,0.4942201137309051,0.20930577655102311,0.17183994300198802,0.7466666666666667,0.0059068999253213406,1,1,0.7429972286955928,0.8172447420105303,0.0016014153257071946,0.1641490931409611,0.028682015742929168
S5,7,Offload-then-Allocate,0.35515566760903855,0.7880970434322372,2.2430653504339286,0.08550238411963484,0.84,0.16,0.1312288715400783,0.9980199515165096,0.001980048483490415,1.0282215909982766,0.9729163123149799,0.5250592789222749,0.20930577655102311,0.16684613707070461,0.9133333333333333,0.005396099993959069,1,1,0.7880744077697426,0.7518567069508098,0.001980048483490415,0.16359998709812149,0.02708368768502012
S5,8,RFOTO-ABC,0.30295146019812014,0.7834567369700614,1.6261686077557347,0.09002402841351104,0.8333333333333334,0.16666666666666666,0.09891966233228987,0.9989921973319741,0.0010078026680257145,1.0093402332916186,0.9797583262573166,0.6689318297969729,0.28563839040471023,0.14373539567102403,0.7533333333333333,1.0756184000056237,375,1,0.6622224267426906,0.748117155591803,0.0010078026680257145,0.08776187431467751,0.020241673742683375
S5,8,Standard-ABC,0.6882951349878996,1.62465243774895,4.127856417410897,0.1768850117801131,0.32666666666666666,0.6733333333333333,0.6883832646190559,0.9980708870879517,0.0019291129120483823,1.0738225779087633,0.8843534293989025,0.30114864223548476,0.19734263534636715,0.36162083710659476,0.30666666666666664,1.1593592000426725,375,1,1.478944314300038,0.9630190312678549,0.0019291129120483823,0.6254935742005496,0.11564657060109751
S5,8,GA,0.571882705679997,1.4134456886855393,4.021176996261185,0.15644288121507088,0.36666666666666664,0.6333333333333333,0.5162256284865854,0.998977073967565,0.0010229260324349395,1.0370799679751748,0.9087264382519555,0.33828307404027846,0.22548941575814893,0.3169245755613574,0.32666666666666666,1.2449054999742657,375,1,1.2561073048693787,0.8859528122471754,0.0010229260324349395,0.4442693526275294,0.09127356174804446
S5,8,PSO,0.7948757779633134,1.8773536823010288,4.502393588894355,0.1831346302541557,0.25333333333333335,0.7466666666666667,0.9048905507806281,0.9983292810611535,0.0016707189388464538,1.1046925175127933,0.86403642372618,0.2640450420976485,0.09011860919396827,0.396684530244734,0.2,1.2022365999873728,375,1,1.6571627292454099,1.11669752722116,0.0016707189388464538,0.7694071453597788,0.13596357627382005
S5,8,DE,1.123691827482075,2.3357531704843963,5.47899804396147,0.30810984114524603,0.16666666666666666,0.8333333333333334,1.2551275082937388,0.9986237360571073,0.0013762639428927228,1.0643361307829533,0.8419563403737022,0.21000868653166896,0.06754812346441787,0.4332551690861426,0.12666666666666668,1.1224278999725357,375,1,1.9869390997552872,2.2682880293998617,0.0013762639428927228,1.050928185603003,0.15804365962629785
S5,8,Local-only,0.8143545978576698,1.9524414136425647,4.406350228831412,0.19178730088000648,0.14,0.86,0.8712029934517379,1.0,0.0,0.0,0.8744877006853681,0.28292652004465146,0.19734263534636715,0.3788491262825647,0.0,0.0005167999770492315,1,1,1.7765847843236269,1.0,0.0,0.8055262275182736,0.12551229931463193
S5,8,Random-feasible,0.8461946430915244,1.6815842309740003,4.220068038113831,0.22011398641275168,0.32,0.68,0.7840698100913629,0.9977882953086524,0.0022117046913475475,1.0807630223574256,0.8754202991722755,0.3004024114121083,0.0697826813836459,0.3772379146319874,0.3333333333333333,0.0032736000139266253,1,1,1.5823448876545028,1.6676653617073218,0.0022117046913475475,0.7253172834374888,0.12457970082772452
S5,8,Max-SINR,0.31017352333257026,0.7446514870069924,1.613321311768615,0.08710712700478881,0.8466666666666667,0.15333333333333332,0.0930497845507803,0.9975478199626359,0.0024521800373641014,1.017148457354634,0.9803563114557272,0.630611397660126,0.28563839040471023,0.14155315229640897,0.92,0.00176470004953444,1,1,0.7107256316712423,0.6987224042057686,0.0024521800373641014,0.09698706197912271,0.019643688544272786
S5,8,Delay-Greedy,0.36581588515309155,0.8681041577168944,2.0103238432141386,0.10380846222688274,0.74,0.26,0.13017661730362778,0.9990449587033322,0.0009550412966677454,1.013816697408041,0.9743892422886159,0.6099268790654139,0.28563839040471023,0.16212312766631512,0.9333333333333333,0.005404900060966611,1,1,0.7146854729326111,1.04186908708713,0.0009550412966677454,0.10732612776331252,0.025610757711384102
S5,8,Load-Aware,0.3061043896226826,0.79130786321942,1.5636430664085477,0.09064431951142204,0.8133333333333334,0.18666666666666668,0.1047438247474713,0.9991095490842135,0.0008904509157864589,1.0101235894191558,0.9788638738494568,0.630611397660126,0.28563839040471023,0.14694389448427347,0.7466666666666667,0.006336999940685928,1,1,0.666239982500493,0.7554267383356834,0.0008904509157864589,0.0915274965658724,0.021136126150543166
S5,8,Offload-then-Allocate,0.3154503268925908,0.7453970167194431,1.7822573200560543,0.08637769297391958,0.8666666666666667,0.13333333333333333,0.0876354918994049,0.9988262290298325,0.0011737709701674743,1.0155649321276286,0.9817993574205625,0.7543328152793031,0.28563839040471023,0.13615449660596207,0.9333333333333333,0.005352300009690225,1,1,0.7167834598135245,0.7371298648989432,0.0011737709701674743,0.09088052649367605,0.018200642579437543
S5,9,RFOTO-ABC,0.3488115058246101,0.844010014447651,1.9042285313524079,0.11169218730396459,0.7066666666666667,0.29333333333333333,0.1313169772944606,0.9990510082783466,0.0009489917216534583,1.0151782691233433,0.9729422816831179,0.5612568365802573,0.3936347538327873,0.16676390150007525,0.7066666666666667,1.0921264999778941,375,1,0.738640674352288,0.8945238965045307,0.0009489917216534583,0.10289718667598195,0.027057718316882085
S5,9,Standard-ABC,0.7301078844181259,1.6148931116556688,3.8604648622848363,0.18837643462668174,0.34,0.66,0.6966563729353485,0.9989945440740587,0.0010054559259414268,1.0477759808871714,0.8842690124886704,0.3019952868317699,0.15628106912253045,0.36177006367088843,0.32,1.2125459999078885,375,1,1.5282139127235124,1.0949187067413477,0.0010054559259414268,0.6650234436566315,0.1157309875113296
S5,9,GA,0.5883517223495696,1.4335127354044779,3.5873441543864697,0.16365615022614097,0.35333333333333333,0.6466666666666666,0.548538132221032,0.9987988104400015,0.0012011895599984997,1.0470827653515122,0.9058286472038605,0.3548177016282619,0.20819830394126065,0.32243069467493174,0.30666666666666664,1.150326699949801,375,1,1.2892195541007252,0.8794132678737687,0.0012011895599984997,0.4790756112476092,0.09417135279613953
S5,9,PSO,0.9491532139475148,2.2082094991792833,5.1226186763843735,0.21845088282113723,0.16666666666666666,0.8333333333333334,1.0875603933130873,0.9991663481081533,0.000833651891846657,1.059173075656599,0.8543789967617461,0.22920774595436427,0.0637189216988808,0.41284471331300376,0.18666666666666668,1.2466906999470666,375,1,1.9666015979722586,1.2005133939516506,0.000833651891846657,1.0216636979903808,0.1456210032382539
S5,9,DE,1.0511351816020535,2.475036738790585,5.987623159888357,0.24052071817406206,0.12666666666666668,0.8733333333333333,1.3377843784993888,0.9989090409750452,0.0010909590249548555,1.0526898651905747,0.8373095136727188,0.19700546240748495,0.05373227651749341,0.4407964272474178,0.13333333333333333,1.2010526999365538,375,1,2.1071156849476034,1.3985373135328893,0.0010909590249548555,1.159815594324545,0.16269048632728123
S5,9,Local-only,0.826260847626337,1.9917122371075955,4.815128097495897,0.1938105770420772,0.11333333333333333,0.8866666666666667,0.8992453794172722,1.0,0.0,0.0,0.8766427736481363,0.280068774122674,0.17633097520971017,0.3751206474666489,0.0,0.0004916000179946423,1,1,1.8005760812197968,1.0,0.0,0.8304529734744333,0.12335722635186375
S5,9,Random-feasible,0.9243277229395624,1.9091564835482533,5.020876995727018,0.24138906022818002,0.19333333333333333,0.8066666666666666,0.9344188797102113,0.9984528822421229,0.001547117757877201,1.0901756503043614,0.869580192034537,0.2561902477441812,0.09862709341775147,0.3872727674073666,0.22666666666666666,0.002230399986729026,1,1,1.7634897329742425,1.6535984228277356,0.001547117757877201,0.8621725261017861,0.13041980796546304
S5,9,Max-SINR,0.4689951688280862,0.8855270169547128,2.097728762249136,0.14135108537130484,0.7466666666666667,0.25333333333333335,0.19764502067584436,0.9989242826247325,0.0010757173752674576,1.0203312555483846,0.9671202103371529,0.5133523109836097,0.09819786634720348,0.18438444728943243,0.9333333333333333,0.0017300000181421638,1,1,0.9041677109097342,1.2698527391879015,0.0010757173752674576,0.18931287319194728,0.0328797896628471
S5,9,Delay-Greedy,0.4387274443539263,0.9969233929621579,2.3155953713230524,0.13641763460658582,0.5666666666666667,0.43333333333333335,0.23196829339839922,0.9991063641253053,0.0008936358746947722,1.0197515284951923,0.9557737105208374,0.4842161201749577,0.30200655741369453,0.2151110458542762,0.9133333333333333,0.006488200044259429,1,1,0.8377330004748433,1.2208759268987892,0.0008936358746947722,0.15740053841433493,0.04422628947916263
S5,9,Load-Aware,0.35724162592228736,0.8484116809808738,2.1188196506294057,0.10864426120278847,0.6866666666666666,0.31333333333333335,0.14988209318733997,0.9993990824353108,0.0006009175646891466,1.0101545916339545,0.9688292535483505,0.5368583696423688,0.3936347538327873,0.17937007073083017,0.6733333333333333,0.007761899963952601,1,1,0.7627978941492517,0.8647609884491442,0.0006009175646891466,0.12812883454767016,0.031170746451649523
S5,9,Offload-then-Allocate,0.36669010315731543,0.8397860344193708,1.983139424723661,0.11569762721272783,0.7333333333333333,0.26666666666666666,0.10305745541837806,0.9989788696165556,0.0010211303834442471,1.0220969607702408,0.9794117626941174,0.5902069548583397,0.44274061959227884,0.14498628596613408,0.9133333333333333,0.006993400049395859,1,1,0.8200837408765729,0.904478763259073,0.0010211303834442471,0.09081956710696025,0.02058823730588255
S5,10,RFOTO-ABC,0.32125987235877707,0.7595987619230573,1.5833652018419877,0.10037724751783929,0.7466666666666667,0.25333333333333335,0.08405010459892677,0.9984235831180873,0.001576416881912759,1.0092247567628472,0.9844921139210479,0.6974190946373507,0.28272553367625786,0.12550764486699964,0.7066666666666667,1.1528742000227794,375,1,0.7017575666399976,0.8045914656492749,0.001576416881912759,0.08996117825264435,0.015507886078952149
S5,10,Standard-ABC,0.7218126790698127,1.5138287291322914,4.005606055709629,0.17140914932273674,0.3333333333333333,0.6666666666666666,0.6361486966126562,0.9951640077003245,0.004835992299675621,1.096828758456603,0.893850634413517,0.2959907054514666,0.091399051715605,0.3446086901837024,0.35333333333333333,1.2038229999598116,375,1,1.5170177122371786,1.091986609387293,0.004835992299675621,0.6474826252180664,0.10614936558648302
S5,10,GA,0.6160669916964793,1.3923392971874406,3.584598851699528,0.16523132830373868,0.36,0.64,0.5175302129889051,0.9963131442506491,0.003686855749350899,1.077968995694517,0.9084628101259361,0.3119148474548058,0.2732825054741511,0.3174279842755176,0.31333333333333335,1.218668199959211,375,1,1.359339389632666,0.8826915394370503,0.003686855749350899,0.5174418549671018,0.0915371898740639
S5,10,PSO,0.8917843196153915,1.9308471856945422,4.863889620388101,0.21744724197937007,0.22,0.78,0.960408191061642,0.9993878219628907,0.0006121780371093292,1.0634154919328733,0.8575298433981384,0.2696696867920869,0.10131113439174837,0.40760296009495445,0.18666666666666668,1.1809220999712124,375,1,1.8125296224778271,1.2853173511526415,0.0006121780371093292,0.8974454089013494,0.14247015660186158
S5,10,DE,0.9700346738135118,2.05262997251364,5.064264331716405,0.23426755344262887,0.19333333333333333,0.8066666666666666,1.011508677454526,0.9984456941933049,0.0015543058066951473,1.0902745958442464,0.8566127946348422,0.2696696867920869,0.07600801181336235,0.40913150340203475,0.13333333333333333,1.2080583000788465,375,1,1.9417275663929499,1.402108354132802,0.0015543058066951473,1.0098703485169658,0.1433872053651578
S5,10,Local-only,0.7857141168044565,1.7874269623469847,4.250346161309477,0.19560506207825185,0.17333333333333334,0.8266666666666667,0.7514615808350443,1.0,0.0,0.0,0.884604045626746,0.28652966337383634,0.26671374423403443,0.361177619313482,0.0,0.0005247999215498567,1,1,1.717205101750732,1.0,0.0,0.7564137928431416,0.115395954373254
S5,10,Random-feasible,1.3054241146752077,2.112355454038993,5.064264331716405,0.3252754619003294,0.3333333333333333,0.6666666666666666,1.2157256997554766,0.9960028093705159,0.003997190629484085,1.082507314010584,0.8493999758984278,0.22286770116096555,0.02673287050359837,0.42107203431475365,0.41333333333333333,0.002856199978850782,1,1,2.2782950405642275,2.3242605907819445,0.003997190629484085,1.4552872967029065,0.15060002410157225
S5,10,Max-SINR,0.3584317302039494,0.7301510740628501,1.4004737685635982,0.10366102076742029,0.8266666666666667,0.17333333333333334,0.0825930160573426,0.9979281425961068,0.002071857403893184,1.0091755563212572,0.9833077763604117,0.7367690325158279,0.28272553367625786,0.1302903829227684,0.96,0.001993000041693449,1,1,0.7882369161410915,0.8831810878643425,0.002071857403893184,0.10390853184923306,0.016692223639588333
S5,10,Delay-Greedy,0.3850450075345264,0.861529231001374,1.9278870814630211,0.11463520972489931,0.6133333333333333,0.38666666666666666,0.12537912707475904,0.9986217094053651,0.0013782905946348855,1.0072842015837677,0.978192798667812,0.6490287066920472,0.28272553367625786,0.14930960135878793,0.9533333333333334,0.006715799914672971,1,1,0.7771024256803658,1.0471654860342812,0.0013782905946348855,0.12059135956215049,0.021807201332188053
S5,10,Load-Aware,0.32443874271596923,0.7572442163222306,1.5961416424324122,0.10276329252396581,0.7533333333333333,0.24666666666666667,0.09372938539800993,0.9988118751005591,0.0011881248994409543,1.0074246888519833,0.982251849346081,0.654412388617681,0.28272553367625786,0.13442038213378563,0.6933333333333334,0.008828899939544499,1,1,0.7036360878866257,0.8043522797607013,0.0011881248994409543,0.09990812480892627,0.017748150653918993
S5,10,Offload-then-Allocate,0.34495765583729393,0.7476820462316689,1.7557097101337806,0.09404408302975575,0.8333333333333334,0.16666666666666666,0.08597768890400329,0.9981802130785343,0.0018197869214657757,1.0097398912510336,0.9825954249366016,0.679883930622804,0.28272553367625786,0.13308966850383994,0.9533333333333334,0.0068014999851584435,1,1,0.7734377461041231,0.8245844857279235,0.0018197869214657757,0.0997436112330867,0.01740457506339843
S5,11,RFOTO-ABC,0.3259297979376302,0.7762328071778872,1.5740773756993782,0.10164368852565593,0.82,0.18,0.0913435744130763,0.9977598354904204,0.0022401645095795858,1.0224858818874631,0.9811032503187792,0.6559511438623705,0.27916838033698765,0.13878297656191216,0.7333333333333333,1.0611901000374928,375,1,0.7244494919163648,0.7795606032223528,0.0022401645095795858,0.09840315648434822,0.018896749681220792
S5,11,Standard-ABC,0.746615752015937,1.6091533700771334,3.9828652252746797,0.19060132270561111,0.3333333333333333,0.6666666666666666,0.6720059383275625,0.9968045585451281,0.00319544145487214,1.0866998318848562,0.8857169382666307,0.3099528664707541,0.13925425540956649,0.3592058975427009,0.26,1.1388114999281242,375,1,1.5994502656832033,0.971103839250726,0.00319544145487214,0.7332242486261897,0.11428306173336933
S5,11,GA,0.6180882420897945,1.4917187596795614,3.9828652252746797,0.1786456322200895,0.38666666666666666,0.6133333333333333,0.579053084318869,0.999402790179195,0.0005972098208049625,1.0469558955891198,0.8954433440306693,0.33592994839260254,0.27042959990386345,0.34170929001139766,0.25333333333333335,1.2609550999477506,375,1,1.3430987798824234,0.8803244736673741,0.0005972098208049625,0.5378477428380878,0.10455665596933073
S5,11,PSO,0.9488951920570183,2.0609042479732245,4.916790356558423,0.22173401311728222,0.24,0.76,1.040776512620699,0.9982313323060464,0.001768667693953699,1.0857374845535555,0.8433098244702979,0.2445663871559765,0.10966288315395603,0.4310496567681411,0.18,1.1801295999903232,375,1,1.968619144546997,1.1314478398018029,0.001768667693953699,1.0526638803270103,0.1566901755297021
S5,11,DE,1.2536614924546903,2.4337823172913393,7.023983447806446,0.30492541981902543,0.17333333333333334,0.8266666666666667,1.393488484841407,0.9973659833744959,0.002634016625504227,1.0930008764689079,0.8225937763129824,0.15721278640626757,0.07233309585017572,0.46439947069400606,0.19333333333333333,1.1994625999359414,375,1,2.345830870744348,1.9357809366814118,0.002634016625504227,1.398795589552953,0.17740622368701764
S5,11,Local-only,0.8650864305271168,1.974505584351945,4.597643368519331,0.21063629123406652,0.18,0.82,0.9039803171763344,1.0,0.0,0.0,0.8682460974521196,0.27695861388836035,0.13925425540956649,0.389547412493686,0.0,0.0007592999609187245,1,1,1.8652909454865136,1.0,0.0,0.916002435093225,0.13175390254788044
S5,11,Random-feasible,2.4820363634133287,2.1873089640948695,5.432278243807213,0.32023562968469105,0.3333333333333333,0.6666666666666666,1.537682268356364,0.9951483554556776,0.004851644544322465,1.127054657794222,0.8526438229791167,0.24838551672068798,0.01214875650781149,0.4157194536055853,0.32666666666666666,0.0029992000199854374,1,1,2.5650649920047477,9.234675527946745,0.004851644544322465,1.7299801230325331,0.14735617702088333
S5,11,Max-SINR,0.34603168764655595,0.7957926665653802,1.7307489207837983,0.10633919318531648,0.7733333333333333,0.22666666666666666,0.08870866948623703,0.9973377049699108,0.0026622950300892027,1.0306431269839889,0.9819366247353224,0.6443026195949196,0.332448565525415,0.13563061243398086,0.9666666666666667,0.0018654000014066696,1,1,0.7814443356091425,0.8403353651877742,0.0026622950300892027,0.0855133346815391,0.018063375264677606
S5,11,Delay-Greedy,0.3839678998841814,0.8953822134370417,1.8689293581613817,0.10474373639975523,0.6266666666666667,0.37333333333333335,0.13527008944392432,0.9980516593892756,0.0019483406107243283,1.0250032628180739,0.9750993726320505,0.5861358411569458,0.27916838033698765,0.15980144647624522,0.9466666666666667,0.006741999997757375,1,1,0.8100181876557576,0.9567492650572247,0.0019483406107243283,0.13530480393728428,0.024900627367949513
S5,11,Load-Aware,0.33600161250666594,0.8001929748069523,1.7886224210549821,0.10386482035722368,0.8066666666666666,0.19333333333333333,0.12455655470768189,0.9982360945327222,0.00176390546727766,1.025877797763584,0.9743901353332467,0.514994244764304,0.24688488539643333,0.16212022673984333,0.7066666666666667,0.006770999985747039,1,1,0.7363797973121583,0.7835098055856523,0.00176390546727766,0.12074372618923987,0.0256098646667533
S5,11,Offload-then-Allocate,0.3328618062477775,0.7796662903483764,1.7324777213499962,0.09602153069711857,0.7933333333333333,0.20666666666666667,0.06726339844753954,0.9971209910682931,0.002879008931707012,1.0307051921489376,0.9867749925765077,0.7263124692038121,0.3877481349907682,0.11576809711565936,0.9733333333333334,0.005930999992415309,1,1,0.7579838442802382,0.8388861366850398,0.002879008931707012,0.05989348710038684,0.013225007423492308
S5,12,RFOTO-ABC,0.35475720113398956,0.8063599178867986,1.707966407395764,0.10582410011203133,0.6933333333333334,0.30666666666666664,0.09350401078331458,0.9990944707745757,0.000905529225424293,1.0147246285999925,0.9829726724526248,0.6512887941494259,0.47106685284192684,0.13161413175380632,0.6533333333333333,1.1558504999848083,375,1,0.7487438562888973,0.9668062327224095,0.000905529225424293,0.07926038870485055,0.017027327547375237
S5,12,Standard-ABC,0.7810202457476573,1.637293542247604,4.8155648342599875,0.16803891019763,0.36666666666666664,0.6333333333333333,0.7606836848038434,0.9986652728968429,0.0013347271031570918,1.0605904684310414,0.8670418821770746,0.26641618770242703,0.20866916451397896,0.39159522820110354,0.23333333333333334,1.3502863999456167,375,1,1.6597945441684834,0.994193732332735,0.0013347271031570918,0.7869275470462238,0.13295811782292544
S5,12,GA,0.6896506046676156,1.5554190671023513,4.53687457031403,0.1553863437499666,0.41333333333333333,0.5866666666666667,0.6473429661371252,0.9975460437962351,0.0024539562037649296,1.0652347687593717,0.8856323606421703,0.2746012692409493,0.18331003292614098,0.3593559499272475,0.32,1.242571499897167,375,1,1.4754764457316893,0.9654210532810703,0.0024539562037649296,0.6332895923924214,0.11436763935782968
S5,12,PSO,0.963162382262748,2.0146519935181635,5.912307242578056,0.19357643069180938,0.25333333333333335,0.7466666666666667,1.061328839368147,0.999437494162077,0.0005625058379230411,1.0426317419977758,0.8386065796308959,0.23090279972814304,0.08485337400036301,0.43869610654550406,0.16,1.4675006000325084,375,1,1.999713840534838,1.1397827552766258,0.0005625058379230411,1.0717799784583775,0.1613934203691041
S5,12,DE,1.4324451480009244,2.8486539199527328,8.476133329928624,0.3005817707548981,0.20666666666666667,0.7933333333333333,1.7827862201991866,0.9991081841104403,0.0008918158895595507,1.0638874028775054,0.7888586475243439,0.10393758351067922,0.05079383858786465,0.5173530982001371,0.21333333333333335,1.2112273999955505,375,1,2.618042749982288,2.1536310503463234,0.0008918158895595507,1.6921609476165747,0.21114135247565613
S5,12,Local-only,0.9227762597860343,2.02110495001176,5.3967246031774625,0.19119088160266187,0.20666666666666667,0.7933333333333333,0.9973316835316912,1.0,0.0,0.0,0.8462090916512929,0.257077652940725,0.18331003292614098,0.4263109496471176,0.0,0.0004885999951511621,1,1,1.9735472255673066,1.0,0.0,1.025283268567606,0.15379090834870712
S5,12,Random-feasible,1.399052578322813,2.0619380681624495,5.912307242578056,0.31436345237808905,0.3333333333333333,0.6666666666666666,1.2369206405114777,0.9970176042290768,0.0029823957709231726,1.0847679356844093,0.8536089942952803,0.22743545299485393,0.025060435631688995,0.4141214308980896,0.2733333333333333,0.00332909997086972,1,1,2.022170943418585,3.8920652050433726,0.0029823957709231726,1.1485797268070732,0.14639100570471975
S5,12,Max-SINR,0.4288833279985955,0.8467604157058417,1.9119163650009476,0.12585919781552798,0.6666666666666666,0.3333333333333333,0.12982987902787865,0.9983645425050706,0.0016354574949292888,1.0166220035790472,0.9757051603317376,0.5828016311494982,0.2644028615430422,0.15779662774385766,0.9733333333333334,0.0020985999144613743,1,1,0.879250162894186,1.148770572525123,0.0016354574949292888,0.13113553578822146,0.024294839668262402
S5,12,Delay-Greedy,0.48565821159822764,0.9740171678823705,2.249163946275407,0.13825378135098818,0.5666666666666667,0.43333333333333335,0.19933221106473997,0.9983621829054664,0.0016378170945337482,1.019000646616977,0.9622087145502327,0.5129554845435702,0.2743770007457325,0.1981806229765045,0.96,0.0068392000393942,1,1,0.8893675453182883,1.427677176654221,0.0016378170945337482,0.17267397013660254,0.03779128544976729
S5,12,Load-Aware,0.37569018600956444,0.8149027190681373,1.707966407395764,0.1040268166224954,0.7,0.3,0.11170549067549108,0.9991560543404133,0.000843945659586723,1.0148575534819555,0.9788070653215554,0.6036265917356911,0.2743770007457325,0.1471455057367263,0.6466666666666666,0.007687799981795251,1,1,0.7947930155814311,0.9508489181150751,0.000843945659586723,0.12406746025304545,0.02119293467844463
S5,12,Offload-then-Allocate,0.3916450196607803,0.785310799490608,1.6512279791071551,0.11456104390430717,0.7666666666666667,0.23333333333333334,0.08339133390427396,0.997866842046717,0.0021331579532829375,1.0219382932116177,0.9840494017668825,0.6534198519847183,0.46243254851068727,0.12731513567972313,0.9733333333333334,0.005236299941316247,1,1,0.8275602643013592,1.0540497441476562,0.0021331579532829375,0.0953130825506715,0.015950598233117508
S5,13,RFOTO-ABC,0.33310300991056524,0.7663974645276438,1.7000528202289575,0.0979415591885893,0.7466666666666667,0.25333333333333335,0.09857884127542181,0.9994045433035452,0.0005954566964547665,1.0181244558545581,0.9805754987843821,0.6177163557687487,0.3375435858210573,0.14074546788362938,0.7266666666666667,1.1287927000084892,375,1,0.7034347593768229,0.8979033246616072,0.0005954566964547665,0.07810421938193932,0.019424501215617895
S5,13,Standard-ABC,0.7568610704562746,1.5839049433525,3.982642718059638,0.17483179880032368,0.32666666666666666,0.6733333333333333,0.723254417863198,0.9989862801142849,0.0010137198857149462,1.0610741378123343,0.8757332904226635,0.2919458097985194,0.20315025325685768,0.376696399976751,0.26666666666666666,1.1393186999484897,375,1,1.5836915829204874,1.0797655302940263,0.0010137198857149462,0.720522379073221,0.12426670957733654
S5,13,GA,0.6938017385673066,1.4987086102696379,3.954128794841195,0.16380483094426684,0.38666666666666666,0.6133333333333333,0.633734558458437,0.9982520917245917,0.001747908275408303,1.0471109498731523,0.887490250092459,0.31127868276579496,0.22326048823202793,0.35605188090391404,0.32,1.2891181000741199,375,1,1.4797115360569615,0.9902230190838732,0.001747908275408303,0.6324574301970897,0.11250974990754103
S5,13,PSO,1.0070526959907402,2.102244728353021,5.141367739550394,0.18088846086864904,0.22,0.78,1.1238240398194863,0.997620979078104,0.002379020921895909,1.1047441684124253,0.8389415940083464,0.2249494138724391,0.06926316517032068,0.438153045605764,0.18,1.4121816999977455,375,1,2.0983230107223587,1.1030469271994243,0.002379020921895909,1.1695213565884384,0.16105840599165355
S5,13,DE,1.52750323481737,2.672737765698066,7.266842336356526,0.29503197229957656,0.19333333333333333,0.8066666666666666,1.7807593683101397,0.9991514737638103,0.0008485262361896647,1.0588137783930487,0.7924004099650701,0.11862885388527776,0.057034685153790614,0.5118478695678512,0.2,1.1192423000466079,375,1,2.841366851650105,2.0805698155348993,0.0008485262361896647,1.895065623288526,0.2075995900349299
S5,13,Local-only,0.9223046260222633,1.9894561706780955,4.893563016011882,0.180604394913529,0.18,0.82,0.9841596415419341,1.0,0.0,0.0,0.8577796588668919,0.25271491466173307,0.20315025325685768,0.4071861395376006,0.0,0.0004944999236613512,1,1,1.9837064428039772,1.0,0.0,1.020179856605211,0.1422203411331081
S5,13,Random-feasible,1.2861632283857467,2.1813942379553644,4.788324668107019,0.35435459161436145,0.31333333333333335,0.6866666666666666,1.3072379061011623,0.9984218062190883,0.0015781937809117963,1.070838902227692,0.8408162376283926,0.2297064968195395,0.026735889090753168,0.43510977247150484,0.3466666666666667,0.002383699989877641,1,1,2.05799885286352,3.0074238021542885,0.0015781937809117963,1.1854269669392,0.15918376237160736
S5,13,Max-SINR,0.35811257185117146,0.7727817419525994,1.7949343663542572,0.09867485013311757,0.8,0.2,0.11074261073339105,0.9987616624811727,0.0012383375188274044,1.0174578593251964,0.9777359583907642,0.5901581341592766,0.22701365632183054,0.1509006841182284,0.9466666666666667,0.0023007000563666224,1,1,0.8003008054258103,0.8526184080138829,0.0012383375188274044,0.1062293421899424,0.022264041609235785
S5,13,Delay-Greedy,0.3789694928199684,0.8456033056275227,1.8101230706630322,0.11304162987214521,0.6666666666666666,0.3333333333333333,0.11549907588239708,0.9989479014234496,0.0010520985765503006,1.018922160791609,0.9798695376719597,0.6571304705739308,0.3375435858210573,0.14333186320318062,0.9466666666666667,0.00617980002425611,1,1,0.7629537760103116,1.0886178765426395,0.0010520985765503006,0.08683351308591397,0.020130462328040277
S5,13,Load-Aware,0.3357640958829136,0.7695998645040467,1.7000528202289575,0.09925733169710148,0.7533333333333333,0.24666666666666667,0.10125353946773746,0.9991481281220196,0.0008518718779803317,1.0222603208012717,0.9799346600650343,0.6177163557687487,0.3375435858210573,0.1430950798818528,0.7266666666666667,0.005810100003145635,1,1,0.7047144528308522,0.9096336547458369,0.0008518718779803317,0.07984103638993646,0.02006533993496573
S5,13,Offload-then-Allocate,0.3295839660862081,0.7097663545234163,1.651671806289335,0.09464585544356471,0.8333333333333334,0.16666666666666666,0.07163024126479418,0.998807280327628,0.0011927196723719817,1.0192589732566952,0.9846131153963149,0.6455779077218863,0.3375435858210573,0.12500936241565616,0.9466666666666667,0.006543900002725422,1,1,0.7513389345211958,0.8184786591575852,0.0011927196723719817,0.06572342782897683,0.015386884603685091
S5,14,RFOTO-ABC,0.39156732521456644,0.850521021236557,2.6877314443388696,0.09332506140616058,0.7466666666666667,0.25333333333333335,0.22029295868736165,0.9989902366022504,0.001009763397749633,1.0157146927014318,0.9554607618476012,0.36112487218085615,0.261677112859184,0.21590612544442456,0.66,1.0911722999298945,375,1,0.8153627467777382,0.8374584755987666,0.001009763397749633,0.22090011511162855,0.0445392381523988
S5,14,Standard-ABC,0.7518713424692854,1.5851446110026097,4.621673291875991,0.1351620648637963,0.3333333333333333,0.6666666666666666,0.7685533073160398,0.9978956784336152,0.0021043215663847986,1.0810379023178718,0.8677434803069034,0.27722510882698403,0.19859450172958756,0.3904027475030813,0.17333333333333334,1.1322983000427485,375,1,1.6095216140673625,0.9251831691009382,0.0021043215663847986,0.7618164852802506,0.1322565196930966
S5,14,GA,0.629777383381375,1.3699459109607148,3.8479430028831167,0.1294935982889114,0.4,0.6,0.591942533392865,0.9976892549288608,0.0023107450711390945,1.066988526357632,0.8912358685845198,0.3171084778629547,0.261677112859184,0.34933855507402656,0.2733333333333333,1.1708919000811875,375,1,1.360006869349753,0.9013618151530196,0.0023107450711390945,0.5511785001777357,0.10876413141548025
S5,14,PSO,0.8785317982772707,1.824593825124379,4.773239222524978,0.1641633096597128,0.24,0.76,0.9541657214724552,0.9995320660070423,0.000467933992957601,1.0485856597100505,0.8567703506792516,0.27215124102915544,0.07121080771274076,0.4088690619213886,0.13333333333333333,1.2651367000071332,375,1,1.8726580659407284,0.9856468490939996,0.000467933992957601,0.9637688809251395,0.14322964932074844
S5,14,DE,1.1661310284259927,2.194632778429101,5.532708154939282,0.2026255014565302,0.22666666666666666,0.7733333333333333,1.3221090036357719,0.9977856590079978,0.002214340992002294,1.0962964943225721,0.8233096189199495,0.19260685970602034,0.06264414846616756,0.46326005991275176,0.18666666666666668,1.1826355999801308,375,1,2.196608178587021,1.803111313034411,0.002214340992002294,1.2782634458546713,0.17669038108005053
S5,14,Local-only,0.8757052317252019,1.8194339257363497,4.621673291875991,0.1658867511942696,0.18,0.82,0.9071720421934426,1.0,0.0,0.0,0.8643223696820559,0.27722510882698403,0.19859450172958756,0.39620162121932884,0.0,0.0006547999801114202,1,1,1.892730362885861,1.0,0.0,0.9286839858241805,0.1356776303179441
S5,14,Random-feasible,0.8318460404275366,1.6460326640860563,4.621673291875991,0.1723197392599769,0.32666666666666666,0.6733333333333333,0.8146215542624191,0.9975031393339869,0.0024968606660130763,1.108898189692093,0.8621044974637304,0.27722510882698403,0.11194799791805746,0.3999402332641517,0.22666666666666666,0.0031331999925896525,1,1,1.7324647816147012,1.1302606980182073,0.0024968606660130763,0.8320281712299492,0.1378955025362696
S5,14,Max-SINR,0.38694289883066973,0.8081497111280318,2.5006361853009746,0.09221981071926327,0.8333333333333334,0.16666666666666666,0.17261852592211277,0.9959023007427728,0.0040976992572271664,1.022252594986518,0.963487727493356,0.38675882399436456,0.261677112859184,0.19466879403716814,0.9066666666666666,0.0017902000108733773,1,1,0.8525330853710185,0.7900136768532716,0.0040976992572271664,0.19604478092992916,0.03651227250664402
S5,14,Delay-Greedy,0.4333563380776395,0.9139554239738523,2.6877314443388696,0.10131059315079098,0.7133333333333334,0.2866666666666667,0.2391600080943531,0.9975984574378589,0.002401542562141243,1.0224347312629678,0.9514181953685961,0.36112487218085615,0.261677112859184,0.22597016107388884,0.9,0.006508699967525899,1,1,0.8606139895087557,1.011184788642465,0.002401542562141243,0.23503017278776783,0.048581804631403935
S5,14,Load-Aware,0.3980900488981652,0.848026697855063,2.6877314443388696,0.0927529363886997,0.74,0.26,0.22856919399246223,0.9990225061317786,0.0009774938682215483,1.0153886023064984,0.9537875717258165,0.36112487218085615,0.261677112859184,0.22011698990702483,0.6466666666666666,0.007061199983581901,1,1,0.8306988513155651,0.8330420763260702,0.0009774938682215483,0.2333266464223661,0.04621242827418348
S5,14,Offload-then-Allocate,0.3890282517392679,0.8190709160988736,2.6877314443388696,0.0883396955544876,0.86,0.14,0.18401169347263835,0.9968508426955075,0.003149157304492621,1.0246450972586234,0.9611318188081418,0.36112487218085615,0.261677112859184,0.2010970185294168,0.9,0.006050999974831939,1,1,0.8483934313995227,0.8019302536396731,0.003149157304492621,0.20072118881503614,0.0388681811918582
S5,15,RFOTO-ABC,0.31319562035442905,0.7747996895337901,1.8702959096280343,0.09743562477601356,0.7533333333333333,0.24666666666666667,0.11500797776550187,0.9985048469932117,0.001495153006788253,1.009059394228943,0.9758657414497489,0.5329402364321515,0.30536495665236846,0.15726133007791343,0.66,1.1040049999719486,375,1,0.7332079763753985,0.6818094081778854,0.001495153006788253,0.09481218260000514,0.024134258550251086
S5,15,Standard-ABC,0.6178092286184633,1.4602623874394507,4.360754836372588,0.16419744271675227,0.38666666666666666,0.6133333333333333,0.5636942266156649,0.9958971959729152,0.004102804027085021,1.0528418735257785,0.8982196666093857,0.30642895153385014,0.16004061793038193,0.3366205728150788,0.32,1.1126338000176474,375,1,1.3354832408512418,0.9410299074223528,0.004102804027085021,0.5067852859131632,0.10178033339061432
S5,15,GA,0.5753948086399795,1.3121499362681759,3.579386886939123,0.14793120278960012,0.3933333333333333,0.6066666666666667,0.4953950156970562,0.9984926065339013,0.0015073934660987586,1.0409259910574762,0.909363965958975,0.32861175860250336,0.24563987142371727,0.31570508453186485,0.28,1.1471652999753132,375,1,1.2746166776569234,0.8617046606223417,0.0015073934660987586,0.45435222533209585,0.09063603404102505
S5,15,PSO,0.8734212375997064,2.0032165128321364,7.014224246289181,0.21036422947950112,0.28,0.72,1.0379889876881951,0.9967479382473584,0.003252061752641494,1.0212573397228346,0.8508453745941258,0.19391239137733587,0.06773535252866991,0.41869043712296533,0.20666666666666667,1.2225351000670344,375,1,1.7706863894918492,1.254646248757119,0.003252061752641494,0.8781163870070674,0.1491546254058742
S5,15,DE,1.0219533404434853,2.168508989969467,7.517808229710816,0.2212133643486977,0.21333333333333335,0.7866666666666666,1.278092103631794,0.9980075157427052,0.0019924842572946956,1.0886005635735772,0.8338126387901083,0.13568509345701935,0.07623555134454105,0.44644170604225025,0.15333333333333332,1.1568242000648752,375,1,2.0870833590700073,1.2297395656339893,0.0019924842572946956,1.1615798591917694,0.16618736120989175
S5,15,Local-only,0.7510519711114743,1.776581350208495,4.797591412947046,0.17912721313893737,0.2,0.8,0.7615217276852472,1.0,0.0,0.0,0.8793625411122754,0.29460554728179345,0.19420754241759794,0.370388172017247,0.0,0.0005171999800950289,1,1,1.636019629983772,1.0,0.0,0.69580577912949,0.12063745888772459
S5,15,Random-feasible,0.7519565771331954,1.680804829756788,4.85191344089201,0.17887214534104734,0.34,0.66,0.7846890394308889,0.9967675415267354,0.003232458473264617,1.0576182719651932,0.8701551750297691,0.2913824671922377,0.0719066936253225,0.3862904477265894,0.26666666666666666,0.0032993999775499105,1,1,1.56956703248218,1.0863165546880185,0.003232458473264617,0.7059764814770403,0.12984482497023087
S5,15,Max-SINR,0.3442895873488396,0.7563772117331191,1.845379586604369,0.09870972540949384,0.8266666666666667,0.17333333333333334,0.11295241629703633,0.9979875920461991,0.002012407953800813,1.0114925884457338,0.9752886850353581,0.5329402364321515,0.2894410187477174,0.15917737381391633,0.9066666666666666,0.001818799995817244,1,1,0.7862217527844585,0.7901168871481362,0.002012407953800813,0.10042974898019227,0.02471131496464185
S5,15,Delay-Greedy,0.3954191628454693,0.8797638005014085,2.1828286149128964,0.125211651560092,0.6466666666666666,0.35333333333333333,0.1502293960924569,0.9965038722913208,0.003496127708679296,1.022621877427733,0.9727154006439045,0.5466564096907346,0.18319503757706118,0.16748113467182618,0.92,0.007214899989776313,1,1,0.7951697569015632,1.093742538280404,0.003496127708679296,0.11109370973147109,0.027284599356095507
S5,15,Load-Aware,0.33794602769166665,0.7830632107405545,1.9749537727739421,0.10347797930467108,0.7466666666666667,0.25333333333333335,0.13272959175528026,0.9982664410134099,0.0017335589865900788,1.0144767477467243,0.972535769827394,0.5329402364321515,0.30536495665236846,0.16804706171319056,0.6333333333333333,0.0067875999957323074,1,1,0.7725772495548555,0.711730140074021,0.0017335589865900788,0.1343033918745628,0.02746423017260602
S5,15,Offload-then-Allocate,0.35225770464846345,0.7634676293655304,1.8853682214411485,0.10427823121966528,0.8066666666666666,0.19333333333333333,0.11164092576510967,0.9967001914338073,0.0032998085661928383,1.0191689554634948,0.9752190988761307,0.5329402364321515,0.3014038862379114,0.15940702198046033,0.9133333333333333,0.0074610000010579824,1,1,0.7871271497531321,0.8371377930556804,0.0032998085661928383,0.10211260548003744,0.024780901123869326
S5,16,RFOTO-ABC,0.3115824305782254,0.8521174617255582,1.849079669101736,0.10719518827837468,0.7333333333333333,0.26666666666666666,0.11071611015867859,0.9990417014558514,0.0009582985441486155,1.0218642189430172,0.9786235219949746,0.6017633014383955,0.28584964439374105,0.14779517329017672,0.7266666666666667,1.1239600999979302,375,1,0.7125023697492996,0.7162001574914683,0.0009582985441486155,0.0905147324303867,0.0213764780050254
S5,16,Standard-ABC,0.7649733464208326,1.6995638314728545,4.195896580662057,0.18660816682291687,0.26666666666666666,0.7333333333333333,0.725231440285325,0.9980931657742773,0.001906834225722771,1.1157187216679632,0.8789635360420174,0.30920878888580877,0.2531626943439532,0.37108438883525463,0.25333333333333335,1.0979853000026196,375,1,1.6288804079730437,1.0327695097547016,0.001906834225722771,0.7372039261020977,0.12103646395798262
S5,16,GA,0.6383889082312914,1.5478733289556124,3.7642023983689548,0.17543643654825125,0.32,0.68,0.6143138847829412,0.9988744974717808,0.001125502528219146,1.0655776626527809,0.8931118667614689,0.345823146472198,0.2531626943439532,0.3459487902365583,0.26666666666666666,1.3207131000235677,375,1,1.3930491510054694,0.8754203493529658,0.001125502528219146,0.5702209903422225,0.10688813323853108
S5,16,PSO,0.8838148276771511,1.9802494514682727,4.4516417254346,0.2132463066357089,0.21333333333333335,0.7866666666666666,0.9758075109774598,0.9986778167971689,0.0013221832028312427,1.0539778145443375,0.8631944556450585,0.26579331975640963,0.05702334226932828,0.39810490468804355,0.19333333333333333,1.115963999996893,375,1,1.8554771710175182,1.0705885049569,0.0013221832028312427,0.9542879635417163,0.13680554435494152
S5,16,DE,1.3053932024811088,2.8215291553473687,7.859740785959493,0.3220616113194914,0.16,0.84,1.6715421969117612,0.9987610787916236,0.001238921208376375,1.0585628041053987,0.8089568333573358,0.10508403948345954,0.05151302256043243,0.4859628609176992,0.18666666666666668,1.1653324000071734,375,1,2.4198731305576664,1.9584600776291208,0.001238921208376375,1.5110065958369971,0.1910431666426642
S5,16,Local-only,0.8516671897646553,1.9746526250191323,4.137838200588557,0.20859009213291302,0.11333333333333333,0.8866666666666667,0.8916948041099558,1.0,0.0,0.0,0.87497589451044,0.29644451582508563,0.2531626943439532,0.3780061222329621,0.0,0.0004944999236613512,1,1,1.8525748026806514,1.0,0.0,0.8790794930842335,0.12502410548956
S5,16,Random-feasible,0.7772816962532688,1.741088297869237,4.195896580662057,0.18669648973520064,0.24666666666666667,0.7533333333333333,0.7504869020020922,0.9982161406529554,0.0017838593470446502,1.115684506910599,0.8763438929797022,0.30920878888580877,0.2531626943439532,0.3756388502830673,0.23333333333333334,0.0023900000378489494,1,1,1.6575986657705277,1.026921587390932,0.0017838593470446502,0.7597544151181737,0.12365610702029783
S5,16,Max-SINR,0.37238186571152326,0.8292846166844947,1.758982930814453,0.11068708954958277,0.7266666666666667,0.2733333333333333,0.13092806933488446,0.9977524693336772,0.0022475306663227767,1.0222986944556498,0.9757663394282556,0.6181967129756998,0.2012452957260074,0.15759288066889685,0.9333333333333333,0.0026291999965906143,1,1,0.8565377500812674,0.7518513087455623,0.0022475306663227767,0.16554070664138337,0.024233660571744364
S5,16,Delay-Greedy,0.3552165504124908,0.9498196369645738,2.2906181817636884,0.11219467996941125,0.64,0.36,0.15159241583527386,0.9985077255145901,0.0014922744854097704,1.0233795671858548,0.9706262452863701,0.5543644025161756,0.28584964439374105,0.1739617295596052,0.92,0.006683800020255148,1,1,0.7754275919749509,0.8441088274575265,0.0014922744854097704,0.12015524078399042,0.029373754713629907
S5,16,Load-Aware,0.3195998737028379,0.8695151809962386,1.9112475047908175,0.10758352088323354,0.72,0.28,0.12623535813328865,0.9991593304835483,0.000840669516451605,1.0205698861375567,0.9756534652974704,0.5724535538208894,0.28584964439374105,0.157968604726212,0.7133333333333334,0.006831999984569848,1,1,0.7257160713160122,0.7184784651755689,0.000840669516451605,0.10631588795531875,0.024346534702529565
S5,16,Offload-then-Allocate,0.3032074627366806,0.7578927752949282,1.6790887741967755,0.09314545752209004,0.8266666666666667,0.17333333333333334,0.06359958500927415,0.9980033234823744,0.0019966765176256357,1.0270106940178951,0.986966720934134,0.7034508478442304,0.4395536061392031,0.1149147013241025,0.9333333333333333,0.005798500031232834,1,1,0.7438843971392364,0.6594408530662986,0.0019966765176256357,0.06386363331408651,0.013033279065866044
S5,17,RFOTO-ABC,0.3422054966850077,0.8118432561659694,1.4685915293752416,0.09805670445062095,0.7466666666666667,0.25333333333333335,0.13127003556413647,0.9986645520327295,0.001335447967270295,1.0167850293671186,0.9764049758750669,0.6610407227302973,0.19496137588586737,0.1554516087558844,0.6866666666666666,1.0869936000090092,375,1,0.7456509580562436,0.8188718091263381,0.001335447967270295,0.11662257035920834,0.023595024124933084
S5,17,Standard-ABC,0.7930843901849974,1.7531632427968051,4.500640736151366,0.19154563101316496,0.3,0.7,0.7612589261817605,0.9986608553664943,0.0013391446335057223,1.076403012773959,0.8795328033813056,0.2831966102277189,0.07142945318242831,0.37009087836426324,0.25333333333333335,1.0308134000515565,375,1,1.6702757982924914,1.0642365202047441,0.0013391446335057223,0.7901682166466304,0.12046719661869443
S5,17,GA,0.6191103863087488,1.4820936265325402,3.911737089628757,0.16459239968517742,0.37333333333333335,0.6266666666666667,0.5523708753159609,0.9983745691164294,0.0016254308835707354,1.0507392677011038,0.9022460111617477,0.3325165210671607,0.19496137588586737,0.32915826048097624,0.31333333333333335,1.0342879999661818,375,1,1.3459132906221907,0.9673989977058305,0.0016254308835707354,0.490136117979498,0.09775398883825226
S5,17,PSO,0.7986550827602473,1.8965710780607756,4.61182701688014,0.17786262603751637,0.20666666666666667,0.7933333333333333,0.8432799330457936,0.9991203567963945,0.0008796432036054107,1.0312152115773798,0.8739993026597652,0.27699668821251616,0.10100771426027663,0.3796915493177239,0.12,1.2338651000754908,375,1,1.7326342055156516,0.9557148964262067,0.0008796432036054107,0.8122530547025881,0.12600069734023478
S5,17,DE,1.1826509018704152,2.5300200433103996,6.511875646309651,0.2777145216692434,0.19333333333333333,0.8066666666666666,1.4536472552858215,0.9980835363258866,0.0019164636741131964,1.0717000579832738,0.825118800487643,0.15947426943831275,0.048208316482084596,0.4603766839027973,0.2,1.1263352000387385,375,1,2.2148736224033456,1.8776748129203853,0.0019164636741131964,1.2826632066793797,0.17488119951235703
S5,17,Local-only,0.8224310591909668,1.8946546518598402,4.35265778428181,0.1858130283982123,0.15333333333333332,0.8466666666666667,0.8374666898379973,1.0,0.0,0.0,0.877402128675964,0.27699668821251616,0.19496137588586737,0.3738024322595778,0.0,0.0007730999495834112,1,1,1.7906313016720252,1.0,0.0,0.8255342122974205,0.12259787132403599
S5,17,Random-feasible,0.9154121764529082,1.8745571173894553,4.8799730358021876,0.2701446513411531,0.28,0.72,0.8967931250886639,0.9970410472896343,0.002958952710365718,1.090732099410452,0.8653080985546887,0.26579642860959024,0.05841830829967334,0.39453483771999653,0.24666666666666667,0.0023521999828517437,1,1,1.7009249528259365,1.7616412381365136,0.002958952710365718,0.8205567070683089,0.1346919014453113
S5,17,Max-SINR,0.3477828480891647,0.7731068571849435,1.5009226542818133,0.0901861006263303,0.8533333333333334,0.14666666666666667,0.10302278983977364,0.9987061056120468,0.0012938943879531799,1.0129672088423152,0.9808493384784368,0.6683070872399252,0.19496137588586737,0.1397303472838645,0.9266666666666666,0.0017788999248296022,1,1,0.7750833592475133,0.8354173661357528,0.0012938943879531799,0.10227210100439349,0.019150661521563195
S5,17,Delay-Greedy,0.4074253409398889,0.8589133286805839,1.6777889197462756,0.10272187992772906,0.72,0.28,0.12777467794641814,0.9986831622488258,0.0013168377511742534,1.0131207673421458,0.977604865076873,0.6617185131801272,0.19496137588586737,0.15135443964584575,0.92,0.006352300057187676,1,1,0.7844927858378901,1.1954262435980025,0.0013168377511742534,0.11346228060804835,0.022395134923126947
S5,17,Load-Aware,0.34616667449053473,0.8181346059895741,1.6900045350792776,0.0991519763414262,0.7333333333333333,0.26666666666666666,0.14238827176541713,0.9987053058078156,0.0012946941921842166,1.0171091926332019,0.974219581458405,0.6042304479583005,0.19496137588586737,0.16267340404402167,0.6666666666666666,0.007441699970513582,1,1,0.7495600121877901,0.8246007917325011,0.0012946941921842166,0.12384220425614387,0.025780418541594963
S5,17,Offload-then-Allocate,0.35693594044990795,0.7703720658468113,1.5561523716387027,0.09005540031307788,0.8466666666666667,0.15333333333333332,0.09832114108381887,0.9984848251781909,0.0015151748218091014,1.0148254804050092,0.981905788247015,0.7265131242706353,0.19496137588586737,0.13574846397756998,0.9266666666666666,0.0051380000077188015,1,1,0.7735075043500041,0.9036938936241877,0.0015151748218091014,0.09995125436587651,0.01809421175298498
S5,18,RFOTO-ABC,0.3492571194499166,0.7738723074123588,1.7399568161450463,0.10017133222105871,0.7933333333333333,0.20666666666666667,0.10776876324349804,0.9992394294863862,0.0007605705136137631,1.0099792993081398,0.9781063000440462,0.6411959260025438,0.264969279324968,0.14961204281316262,0.6733333333333333,1.0939152999781072,375,1,0.7668914176808097,0.8078562914600306,0.0007605705136137631,0.13167860885837526,0.021893699955953805
S5,18,Standard-ABC,0.726715859479642,1.5635349934184617,4.353936258076466,0.16626846259625175,0.32666666666666666,0.6733333333333333,0.6894984169472277,0.9983817539267841,0.001618246073215801,1.093091564450683,0.8820446130601427,0.2928460079216303,0.2140273250722599,0.3656904457407262,0.21333333333333335,1.1288968999870121,375,1,1.5691997068876158,0.9581587386373129,0.001618246073215801,0.6907006588260776,0.1179553869398573
S5,18,GA,0.6300602934721087,1.4153341353108377,3.8089472043574966,0.15731086947767248,0.36,0.64,0.5933692916484362,0.9987853237104396,0.0012146762895603495,1.038740308259947,0.8945218094985209,0.33746039240234,0.2140273250722599,0.3433885963992374,0.26666666666666666,1.4155868999660015,375,1,1.3720722148343902,0.8942485491195066,0.0012146762895603495,0.5473611742498047,0.10547819050147911
S5,18,PSO,1.0507701023209073,2.0978799537147994,6.371593820034287,0.22372325717270083,0.22,0.78,1.243500010265632,0.9980293311512797,0.0019706688487203415,1.1357511013030985,0.8335690467998749,0.15961105841550755,0.07089089085751031,0.4468340503924916,0.14,1.2175866999896243,375,1,2.142485563126615,1.2453626657978423,0.0019706688487203415,1.211942139679258,0.16643095320012513
S5,18,DE,1.3091791333004523,2.4278186413162,7.041935102634544,0.2420821379525672,0.22,0.78,1.6474160154739166,0.9993363698076606,0.0006636301923393847,1.0452723998129851,0.7986935673124059,0.11960745992558167,0.07189435032538985,0.5020404765107277,0.20666666666666667,1.1554606000427157,375,1,2.502764608548676,1.716764677023824,0.0006636301923393847,1.5825783546724104,0.20130643268759407
S5,18,Local-only,0.813061244884485,1.8017512968801406,4.737820996244187,0.18778088184182773,0.18666666666666668,0.8133333333333334,0.8284976706778662,1.0,0.0,0.0,0.8747691194601118,0.27790860798242856,0.2140273250722599,0.3783632919622802,0.0,0.0004854999715462327,1,1,1.763179062275026,1.0,0.0,0.8139273889389806,0.12523088053988818
S5,18,Random-feasible,0.8526370974756253,1.6866001974465787,5.213725750976125,0.18881719094815003,0.29333333333333333,0.7066666666666667,0.8580225860535128,0.997770311066115,0.002229688933884777,1.0796828723683431,0.8587508597487281,0.230544511476798,0.12843048320300093,0.4055639218628053,0.31333333333333335,0.003369100042618811,1,1,1.7094095125455104,1.3173871238104637,0.002229688933884777,0.8241733677728422,0.1412491402512719
S5,18,Max-SINR,0.4133600669053266,0.8327485810817958,2.243121258342807,0.11210164476831926,0.7133333333333334,0.2866666666666667,0.14729941654098128,0.9987736380558613,0.0012263619441387592,1.0169939113967634,0.9704051818084206,0.5186918475702291,0.264969279324968,0.17463499846117808,0.92,0.003669800003990531,1,1,0.8687982178856622,0.9953296526863687,0.0012263619441387592,0.16870627765356427,0.029594818191579386
S5,18,Delay-Greedy,0.41254435575377846,0.8917765123773679,1.93942527403826,0.10762757793196888,0.6466666666666666,0.35333333333333333,0.15370615251083006,0.9987895554482404,0.0012104445517596492,1.0164888354335937,0.9710334910989867,0.561146634091759,0.264969279324968,0.17271536457173106,0.9133333333333333,0.006134800030849874,1,1,0.8555451572442678,1.0265015054734457,0.0012104445517596492,0.16038310150476298,0.028966508901013266
S5,18,Load-Aware,0.3507546871794846,0.7750400140894649,1.7635547560196962,0.09987499335746947,0.7733333333333333,0.22666666666666666,0.11065476914250344,0.9992347168801113,0.0007652831198886541,1.009864654894649,0.9776858462685898,0.6411959260025438,0.264969279324968,0.15107428460326397,0.6733333333333333,0.0071004999335855246,1,1,0.7663821689605526,0.8151251240067209,0.0007652831198886541,0.13356078661859616,0.022314153731410213
S5,18,Offload-then-Allocate,0.37464161392694334,0.8107598864460145,2.054429586146722,0.09869495725792132,0.7466666666666667,0.25333333333333335,0.1152897094148544,0.9986222861794561,0.001377713820543823,1.0172665535908287,0.9774068561012708,0.6171627451526064,0.264969279324968,0.15203747336090226,0.92,0.006142399972304702,1,1,0.8438293315178859,0.8343264626920177,0.001377713820543823,0.1394831891790046,0.02259314389872924
S5,19,RFOTO-ABC,0.3548376182289208,0.7277215023421013,1.748254278729327,0.10131951890191934,0.7533333333333333,0.24666666666666667,0.10364591818183047,0.9990876120125385,0.0009123879874614131,1.015859302907366,0.9783639019384719,0.5313704448908547,0.47661603697446187,0.14870968727767786,0.6733333333333333,1.1212843999965116,375,1,0.7586571487698364,0.8980401210114479,0.0009123879874614131,0.108157682312092,0.02163609806152811
S5,19,Standard-ABC,0.6734890821798336,1.3223529258345523,3.6787650146350424,0.17898649481760637,0.36,0.64,0.5356872449449309,0.9973291138744954,0.002670886125504662,1.0856566174371185,0.9040961584946814,0.37767432315764476,0.1986901510542507,0.3256946988102746,0.25333333333333335,1.1766797000309452,375,1,1.4392901169444752,1.055728447701958,0.002670886125504662,0.5615501293500891,0.09590384150531861
S5,19,GA,0.6101069566865787,1.2956900139790057,3.7235254850416357,0.15729672396719513,0.36666666666666664,0.6333333333333333,0.5323931461244077,0.9990121103205829,0.0009878896794170097,1.0769307032764137,0.9037129425649109,0.3736057952649517,0.1986901510542507,0.3264139464906119,0.26,1.167218100046739,375,1,1.3298208749494025,0.903572922802778,0.0009878896794170097,0.5099006519106585,0.09628705743508914
S5,19,PSO,0.7861247236455906,1.6882979143521262,4.288534496686726,0.17521029945852318,0.22666666666666666,0.7733333333333333,0.8078844851000925,0.999783979552965,0.00021602044703491991,1.0339086471594827,0.8742035927184918,0.30617742517463264,0.12412155977778798,0.3793392886618632,0.09333333333333334,1.4396876000100747,375,1,1.7008364238886062,0.976395918717106,0.00021602044703491991,0.7821742587369604,0.1257964072815082
S5,19,DE,1.0117515464258242,2.0580960614050787,5.052409142667218,0.20073692347468158,0.21333333333333335,0.7866666666666666,1.2277680333497225,0.9995225464981267,0.0004774535018732617,1.0581306639585895,0.8374704089594642,0.1555924626394225,0.057978410577565795,0.4405360829704925,0.19333333333333333,1.1799223000416532,375,1,2.090040808750464,1.1594029276925881,0.0004774535018732617,1.1634239029114606,0.16252959104053577
S5,19,Local-only,0.7860664104460564,1.6770311639368374,4.064966422785659,0.18283645395455342,0.19333333333333333,0.8066666666666666,0.762376656927037,1.0,0.0,0.0,0.882293927145815,0.33352648219360154,0.1986901510542507,0.3652521576215626,0.0,0.0007439000764861703,1,1,1.7135090099700594,1.0,0.0,0.7601329881016554,0.117706072854185
S5,19,Random-feasible,0.7695971840425327,1.3903659813310278,3.7235254850416357,0.19647862193076782,0.35333333333333333,0.6466666666666666,0.6060642010731989,0.9974079519614876,0.0025920480385123704,1.0759755401914486,0.893047789771692,0.3333183665800995,0.1986901510542507,0.34606488345879166,0.25333333333333335,0.0029651999939233065,1,1,1.5174716487947615,1.4473844483693794,0.0025920480385123704,0.6262414537859474,0.10695221022830803
S5,19,Max-SINR,0.4358223299197604,0.7826492748637491,1.9853706879641155,0.10837098958341397,0.6733333333333333,0.32666666666666666,0.14316390764304507,0.9983330380916592,0.0016669619083409064,1.0199066866950548,0.9722537990021639,0.5267401987728781,0.3539362668636433,0.16893200618025703,0.9133333333333333,0.0017208000645041466,1,1,0.9005553423099757,1.1021182812026753,0.0016669619083409064,0.16348171852208615,0.02774620099783609
S5,19,Delay-Greedy,0.43440261312549305,0.8191639845141158,1.905870575202627,0.10795031048534275,0.6466666666666666,0.35333333333333333,0.1640267746765025,0.9986457490485929,0.001354250951407264,1.0181846484456785,0.9681648262720992,0.5168274659476702,0.4135501014175284,0.18133388316603422,0.8933333333333333,0.006564800045453012,1,1,0.8364526924548723,1.2247682135263502,0.001354250951407264,0.1461123269334237,0.03183517372790079
S5,19,Load-Aware,0.3571085876787728,0.7306169683023241,1.748254278729327,0.10094446302305836,0.7533333333333333,0.24666666666666667,0.11554265809043922,0.9994858382578958,0.0005141617421041207,1.015403204850587,0.9756690360349707,0.5239160675685945,0.4068245947520002,0.15791682240927418,0.6533333333333333,0.0074254999635741115,1,1,0.7629391305164257,0.891276904806374,0.0005141617421041207,0.11571916954213991,0.024330963965029317
S5,19,Offload-then-Allocate,0.38492064343390675,0.7246075997541769,1.72458402521149,0.09271982458285857,0.76,0.24,0.09498784491955024,0.9983800352291036,0.0016199647708965551,1.0206712091671803,0.9802656326590558,0.5762166949345195,0.4642715112278683,0.14188605559365502,0.9,0.0064400999108329415,1,1,0.8382435771152441,0.9502912595969402,0.0016199647708965551,0.11812764864093526,0.019734367340944248
S5,20,RFOTO-ABC,0.3586548958106459,0.7835620267869139,1.7625286427856857,0.09221693428928293,0.76,0.24,0.1297565486775631,0.9990387727308644,0.0009612272691357545,1.015246621781458,0.9738166180044594,0.5265504958411575,0.2586808874141646,0.16397373161249545,0.6866666666666666,1.1498096999712288,375,1,0.785346049828723,0.8033139535581133,0.0009612272691357545,0.15080615026635955,0.0261833819955406
S5,20,Standard-ABC,0.708083006827221,1.4896491091872566,4.265321818945937,0.15892752463993626,0.38,0.62,0.6354083153755791,0.9974951959554165,0.002504804044583542,1.063011302090687,0.8890752500608546,0.29134281834884423,0.17124414866567622,0.3532197419194016,0.29333333333333333,1.2019041000166908,375,1,1.5435967901565721,0.8895685437421166,0.002504804044583542,0.6864354177078884,0.11092474993914536
S5,20,GA,0.6111220006226366,1.3646039135168844,3.7535783978008674,0.13946723194017963,0.4533333333333333,0.5466666666666666,0.5355525134263037,0.9986371225215868,0.0013628774784132298,1.041010904039536,0.9008377209491376,0.3305508285735432,0.17124414866567622,0.3317798207819937,0.34,1.082308700075373,375,1,1.3530896128088328,0.8117261080747101,0.0013628774784132298,0.5437750554236392,0.09916227905086239
S5,20,PSO,0.9106600396114964,1.8880429508517746,4.978102356425173,0.1897562085348678,0.23333333333333334,0.7666666666666667,0.9734163684186609,0.998072560144008,0.0019274398559918303,1.0657848930536382,0.8553363050326394,0.22034309636707297,0.10275640741631925,0.4112551255450491,0.16666666666666666,1.1693106999155134,375,1,1.8962659167596552,1.1665307627656583,0.0019274398559918303,0.9581156151617258,0.14466369496736065
S5,20,DE,1.1291446192260444,2.1115283847568525,5.875646025591772,0.2694061362625569,0.24,0.76,1.2095050991090868,0.9982927614033743,0.0017072385966257768,1.080156684874385,0.8426209398123016,0.19548295299722984,0.06461439252918433,0.43217272053366246,0.14666666666666667,1.2009721999056637,375,1,2.1978459436754947,1.5744135805001498,0.0017072385966257768,1.278291157938673,0.15737906018769843
S5,20,Local-only,0.860007590081514,1.8665974328636412,4.612202695637794,0.18723646728100088,0.19333333333333333,0.8066666666666666,0.8725844253222738,1.0,0.0,0.0,0.8691947193286753,0.25393508745105786,0.17124414866567622,0.3879306542998677,0.0,0.0014423999236896634,1,1,1.8622137172405318,1.0,0.0,0.8993334746827294,0.1308052806713247
S5,20,Random-feasible,0.9931160122114001,1.732417261969256,4.505077900851047,0.2599989625927824,0.30666666666666664,0.6933333333333334,0.9026336857959055,0.9961299892924292,0.0038700107075706858,1.0832273877404701,0.863216702066769,0.25120898558807214,0.05743452165852483,0.39806740526209783,0.38666666666666666,0.003034000052139163,1,1,1.790600672878997,2.0018174463454925,0.0038700107075706858,0.895606920833313,0.13678329793323096
S5,20,Max-SINR,0.43152741697239466,0.8148044460552638,2.2081203549472668,0.10495378073076979,0.76,0.24,0.16620813152752226,0.9986311863428387,0.0013688136571614355,1.0173657698237022,0.9659504777461556,0.4171423423317471,0.2586808874141646,0.18774919369278695,0.8933333333333333,0.003279200056567788,1,1,0.8869815845776285,1.0070678782960245,0.0013688136571614355,0.21336259205629965,0.03404952225384439
S5,20,Delay-Greedy,0.4100512797464496,0.8682485881064482,2.166650671754063,0.09945769764776692,0.6866666666666666,0.31333333333333335,0.1585716745128727,0.9981512674960054,0.0018487325039945686,1.020422145650144,0.9697132193073669,0.5469664760119676,0.2586808874141646,0.1767278110818274,0.88,0.009326500003226101,1,1,0.8545179953582696,0.9498139387408511,0.0018487325039945686,0.19614770596424272,0.03028678069263313
S5,20,Load-Aware,0.37239630131486834,0.7891296960085037,1.8424947256595443,0.0908188468424641,0.7733333333333333,0.22666666666666666,0.14870522378050802,0.9992612863655481,0.0007387136344518175,1.0142850417730054,0.9692234160415855,0.43020632577786705,0.2586808874141646,0.1781961258680345,0.68,0.007535699987784028,1,1,0.8109651328517342,0.7840063900880847,0.0007387136344518175,0.18915931707227795,0.03077658395841454
S5,20,Offload-then-Allocate,0.36325412659819417,0.7477578276939918,1.7307112368335964,0.08669114101161571,0.84,0.16,0.09622272625481426,0.9977114707640037,0.0022885292359961975,1.0242583018018812,0.9805491892359518,0.6337765018168554,0.2586808874141646,0.14084264156578835,0.8933333333333333,0.006593500031158328,1,1,0.8195819277038512,0.7992405262465276,0.0022885292359961975,0.14038895309378305,0.0194508107640482
S5,21,RFOTO-ABC,0.3115426564758441,0.7742497609301912,1.654047763838331,0.10246896329995143,0.82,0.18,0.0965909632892917,0.9987268596770502,0.0012731403229497772,1.0133465080234278,0.9798560431491061,0.6046031068937591,0.34217536412889493,0.14338088395857232,0.6933333333333334,1.0394661999307573,375,1,0.7236355244509862,0.689088447699789,0.0012731403229497772,0.0959771464636205,0.020143956850893874
S5,21,Standard-ABC,0.7136908117291613,1.566822545439671,4.226950245722754,0.1991246399499278,0.34,0.66,0.6536448697203853,0.9957651190248733,0.004234880975126758,1.0795921257716175,0.8860479208331752,0.32676286508455327,0.23632928417905422,0.3586183610758654,0.3,1.2842004001140594,375,1,1.508829629201753,1.0478959002600698,0.004234880975126758,0.6454369252786537,0.11395207916682482
S5,21,GA,0.6104960800983301,1.3769929681105741,3.332107087975949,0.1761384580263889,0.42,0.58,0.5321001835426759,0.998773730251354,0.0012262697486462167,1.0558671571061435,0.9016833821250008,0.33274222529810166,0.2728393693901285,0.33020711913273465,0.2733333333333333,1.073987599927932,375,1,1.344450079277896,0.8478502663160825,0.0012262697486462167,0.5288530948018588,0.09831661787499923
S5,21,PSO,0.8465684486112907,1.8531100986475963,4.447934321852185,0.2156516386139396,0.29333333333333333,0.7066666666666667,0.9114503302143269,0.9986795152077325,0.0013204847922673993,1.08020968950504,0.8666073847975797,0.2940525347497417,0.046333607510504166,0.3923328750061025,0.12666666666666668,1.1076827999204397,375,1,1.7706855770977301,1.131372378016142,0.0013204847922673993,0.8556728335824808,0.1333926152024203
S5,21,DE,1.2426001930551878,2.516514132881103,6.330838705580526,0.3212675254682521,0.22,0.78,1.520450910932508,0.9983015819473682,0.0016984180526318803,1.0524913966077925,0.8224759512152416,0.1306757771301251,0.05946684230663214,0.4645869355325059,0.2,1.1185129000805318,375,1,2.3892778527239305,1.665638836197555,0.0016984180526318803,1.473866454065327,0.17752404878475836
S5,21,Local-only,0.812595128471267,1.8570402489228088,4.226950245722754,0.21453120570409395,0.21333333333333335,0.7866666666666666,0.8179733652727945,1.0,0.0,0.0,0.8720881691956697,0.3105612894182274,0.27084421256700114,0.3829791757213499,0.0,0.0005360998911783099,1,1,1.7600125599838619,1.0,0.0,0.8136208554186081,0.12791183080433033
S5,21,Random-feasible,0.8083643343027139,1.7323958455826884,4.323683741189789,0.2112451002289616,0.31333333333333335,0.6866666666666666,0.7891142340527942,0.9973559905307665,0.0026440094692336126,1.084499938113903,0.8657240331081744,0.28629637036541855,0.16129670637681126,0.393830554717908,0.22,0.004474699962884188,1,1,1.690571738591692,1.0876963984470422,0.0026440094692336126,0.8075869718404558,0.13427596689182564
S5,21,Max-SINR,0.36329606456992636,0.7938411242516539,1.7567825211141355,0.10934398407659754,0.7733333333333333,0.22666666666666666,0.12306870068811125,0.998006490904804,0.0019935090951960577,1.020717626210698,0.9739842030305995,0.534173496718297,0.3245359612895226,0.16343407551829028,0.9133333333333333,0.0029000999638810754,1,1,0.8358716742694072,0.7476084270586318,0.0019935090951960577,0.15154324231732205,0.026015796969400484
S5,21,Delay-Greedy,0.3810337865802645,0.9067004384482459,2.182180681388494,0.11490823536474118,0.72,0.28,0.14825137068443212,0.9984797554511374,0.0015202445488624698,1.015751629950591,0.9705552058418698,0.5354464973521589,0.27937016527241465,0.1741783369524937,0.8866666666666667,0.005821999977342784,1,1,0.8031807189214961,0.9309946746780793,0.0015202445488624698,0.14347455045874594,0.029444794158130172
S5,21,Load-Aware,0.328468435080659,0.8134701793930933,1.9035174379355861,0.10020693567864057,0.8,0.2,0.13379628238007102,0.9989989424483576,0.0010010575516424577,1.0114202286731584,0.9722073170278712,0.571468316924335,0.27937016527241465,0.1690774908154153,0.68,0.0072475000051781535,1,1,0.7565475614144006,0.671745032219637,0.0010010575516424577,0.13680270375186188,0.02779268297212878
S5,21,Offload-then-Allocate,0.3389932050135935,0.7631872436677736,1.7506097208587326,0.10365404955443297,0.8533333333333334,0.14666666666666667,0.0950050263587236,0.9980958058840287,0.0019041941159713709,1.018226653396558,0.9794217472115211,0.6027870660186565,0.34217536412889493,0.14495038642730385,0.8933333333333333,0.006460599950514734,1,1,0.7793793622038276,0.7457697827049852,0.0019041941159713709,0.1152612812616906,0.020578252788478912
S5,22,RFOTO-ABC,0.3514381112895358,0.8200816023779885,1.794068145671098,0.10098063814922331,0.7333333333333333,0.26666666666666666,0.1266091940482893,0.9988697570180863,0.0011302429819136858,1.0085234086354025,0.9752468358409774,0.6238398711691829,0.24592246942726112,0.15931552022894324,0.7,1.0474539999850094,375,1,0.752962268936356,0.8592817664968198,0.0011302429819136858,0.12146502344275054,0.024753164159022623
S5,22,Standard-ABC,0.8179602485921698,1.694626172196085,4.638996527034982,0.16932336578759807,0.3,0.7,0.7430383227323322,0.9974661056426741,0.0025338943573259766,1.083344255613889,0.8725307236207225,0.2786360972540494,0.2003455725436717,0.3822191092475465,0.21333333333333335,1.1878562000347301,375,1,1.7396832017037678,0.9950004083419091,0.0025338943573259766,0.8566488663463385,0.12746927637927752
S5,22,GA,0.6170300748636254,1.470900131583755,4.450608173227212,0.16897407191658842,0.37333333333333335,0.6266666666666667,0.5696697163108834,0.9985592377743611,0.0014407622256388327,1.0491178556212661,0.8972502518629366,0.327231377691054,0.24592246942726112,0.3384025200605772,0.29333333333333333,1.0908097000792623,375,1,1.3341918849225993,0.9074731257136371,0.0014407622256388327,0.5266420804409708,0.10274974813706339
S5,22,PSO,1.0442096567019343,2.168292997429432,5.294462305992077,0.25483739682545536,0.19333333333333333,0.8066666666666666,1.1227452908328477,0.9990153748048751,0.0009846251951248094,1.0858466546825727,0.844090420752816,0.22507338145652456,0.06332152591208924,0.429775756974689,0.13333333333333333,1.2235827000113204,375,1,2.0835008668626487,1.4147767075526674,0.0009846251951248094,1.1501382877090782,0.15590957924718396
S5,22,DE,1.258411243442468,2.4839420980643383,6.941048838523,0.2983128015102284,0.18,0.82,1.542197441082485,0.999195086615869,0.0008049133841310267,1.052735185535548,0.8098209905100168,0.16703861289525498,0.05331153436152856,0.48460375594284283,0.23333333333333334,1.2043767999857664,375,1,2.363140320716259,1.8589238198100755,0.0008049133841310267,1.4403990247662728,0.19017900948998323
S5,22,Local-only,0.9084680968798979,2.0295226408577305,4.986467115874211,0.19518925505515047,0.15333333333333332,0.8466666666666667,0.9204483822868132,1.0,0.0,0.0,0.8628798565223554,0.2716127270813491,0.2003455725436717,0.3986350341567399,0.0,0.0005778999766334891,1,1,1.9616923468444274,1.0,0.0,0.9899079545885776,0.13712014347764456
S5,22,Random-feasible,1.4350816060506968,2.292549902651573,4.8714128879803615,0.4439467974718017,0.28,0.72,1.1759213220311884,0.9981595776488547,0.0018404223511453135,1.0862119191351725,0.8669948442301545,0.2632246069494084,0.019570658806249905,0.3916751159314195,0.22666666666666666,0.0037438999861478806,1,1,2.593540626643478,2.2605659182203772,0.0018404223511453135,1.7091708152842595,0.1330051557698455
S5,22,Max-SINR,0.37467680027531564,0.7808238845885438,1.66624500976771,0.10297683754013781,0.8066666666666666,0.19333333333333333,0.08976102275751555,0.9980183191935108,0.0019816808064892655,1.014783135488707,0.9823964575153193,0.7686878134820384,0.24592246942726112,0.13386179443956112,0.94,0.001741299987770617,1,1,0.843911894504702,0.8729131474659189,0.0019816808064892655,0.11889994798100942,0.017603542484680657
S5,22,Delay-Greedy,0.4165138567583222,0.9112123007767579,2.133401751102646,0.11480543859874852,0.6266666666666667,0.37333333333333335,0.1564600250316201,0.998371530095593,0.0016284699044070816,1.013780695987714,0.9699749229216389,0.5240669597746161,0.24592246942726112,0.17593887565130287,0.9266666666666666,0.006905499962158501,1,1,0.8384481809819861,1.087147623772484,0.0016284699044070816,0.1560008496172701,0.030025077078361107
S5,22,Load-Aware,0.36254449913150877,0.8192703515672582,1.9624721903066014,0.10292837138451755,0.7333333333333333,0.26666666666666666,0.12260595179955895,0.9989096776368767,0.0010903223631234143,1.0099633423498466,0.9751877000814231,0.5743928479867002,0.24592246942726112,0.15951054671363746,0.7,0.006730500026606023,1,1,0.7720098016588466,0.8749921461807929,0.0010903223631234143,0.13741326931706777,0.02481229991857692
S5,22,Offload-then-Allocate,0.3437024130515999,0.7721265900160537,1.8538191117652518,0.09891030153854873,0.8333333333333334,0.16666666666666666,0.07657136539256343,0.9979000822624227,0.0020999177375774303,1.014979388973271,0.9848738043542448,0.7565076645762203,0.24592246942726112,0.12392946177347605,0.94,0.0051395000191405416,1,1,0.7981376237898472,0.7951836166189569,0.0020999177375774303,0.08880620686766283,0.015126195645755236
S5,23,RFOTO-ABC,0.3631013340667054,0.9035157314767851,2.405475562003285,0.12186285639153832,0.76,0.24,0.1670480992695991,0.9991362175000639,0.0008637824999359197,1.0196470125817676,0.9644764054639535,0.46201261453411524,0.2856226578518732,0.19191664741277747,0.6733333333333333,1.056233000010252,375,1,0.8150904704124828,0.758896723317809,0.0008637824999359197,0.15997164914207676,0.03552359453604648
S5,23,Standard-ABC,0.7339142295304037,1.7425487614788164,4.9844272900934214,0.19254758177952713,0.32666666666666666,0.6733333333333333,0.7532470286130453,0.9984242469484765,0.001575753051523506,1.0941821017834688,0.8713705129111452,0.28299273018919807,0.1701977001514074,0.38421015483358734,0.22666666666666666,1.1765718999085948,375,1,1.5750503643491043,0.9544057238685694,0.001575753051523506,0.7095248247568376,0.1286294870888548
S5,23,GA,0.6126743349690896,1.546454963427056,4.787562158424302,0.18822660412268824,0.41333333333333333,0.5866666666666667,0.5996222061252722,0.9990054535633677,0.0009945464366323924,1.0577741292807548,0.8897142577158804,0.3039188796823155,0.23649926315582562,0.35207436947075593,0.2866666666666667,1.0654470000881702,375,1,1.336788809725553,0.8874780427979312,0.0009945464366323924,0.5144546219522691,0.11028574228411958
S5,23,PSO,0.8089203916813003,1.976288037081754,5.267749520671898,0.21145640721833184,0.26666666666666666,0.7333333333333333,0.8866516042566616,0.9998865339006666,0.00011346609933347611,1.047400857219672,0.8554449197976175,0.2672368591086448,0.1701977001514074,0.4110746102879435,0.11333333333333333,1.2858018000843003,375,1,1.734760576799827,0.9560113836517717,0.00011346609933347611,0.8404903387334142,0.1445550802023825
S5,23,DE,1.1438420943106498,2.480387746046188,6.938719559606845,0.3055954974571782,0.21333333333333335,0.7866666666666666,1.3018560115199145,0.9991563785726902,0.000843621427309836,1.0800016351691952,0.8267636964562628,0.19700430520816256,0.07303848207239859,0.45775042374551084,0.12666666666666668,1.2055453000357375,375,1,2.2851933764136034,1.4014338140856584,0.000843621427309836,1.34469803310951,0.1732363035437372
S5,23,Local-only,0.8732744409919557,2.118221726454404,5.091697963269114,0.22465699381455106,0.19333333333333333,0.8066666666666666,0.954190225642927,1.0,0.0,0.0,0.8551043604401164,0.27163309580333983,0.1701977001514074,0.4116405004856874,0.0,0.000506000011228025,1,1,1.882611227216384,1.0,0.0,0.9235491530155093,0.1448956395598836
S5,23,Random-feasible,0.9424443103428857,2.1077169647943954,5.295836243346851,0.34671568913954104,0.31333333333333335,0.6866666666666666,1.0341895710277664,0.9980359844358463,0.001964015564153588,1.0719616133057241,0.8573487528263724,0.26156606045566194,0.03556766938635072,0.4079049975993223,0.2866666666666667,0.0021141000324860215,1,1,1.8496952336399346,1.4654005476233272,0.001964015564153588,0.9536797184021124,0.14265124717362765
S5,23,Max-SINR,0.40602050819614116,0.9330287366420379,2.4510295089241017,0.13120710270763478,0.7133333333333334,0.2866666666666667,0.19715633291860363,0.9986702122757359,0.001329787724264065,1.0224387757643159,0.9590753514571737,0.41805042852824076,0.2831509960863553,0.20656946008702762,0.8933333333333333,0.0017211000667884946,1,1,0.9106593037032115,0.803050487673857,0.001329787724264065,0.20597381717193192,0.04092464854282629
S5,23,Delay-Greedy,0.40646042146969114,1.0082076555066,2.55094881727051,0.12912256972082767,0.66,0.34,0.2110849951295725,0.9989578457526185,0.0010421542473816059,1.021657452587845,0.9576583391544962,0.47639401774790424,0.2856226578518732,0.21027064513965088,0.8866666666666667,0.006975100026465952,1,1,0.8746771430150497,0.8965900072785443,0.0010421542473816059,0.18697181859138073,0.04234166084550384
S5,23,Load-Aware,0.3773644212944431,0.9340329749460826,2.405475562003285,0.12447061896109221,0.74,0.26,0.187289425238584,0.9990316305028512,0.0009683694971489887,1.0224040594097352,0.9611336587009462,0.4419052510898506,0.24787561382529835,0.20109206635993412,0.6733333333333333,0.006619099993258715,1,1,0.8418911611813877,0.7649134866002351,0.0009683694971489887,0.1845239316590921,0.03886634129905375
S5,23,Offload-then-Allocate,0.3693506184613235,0.8877013910617313,2.241850582640506,0.11502891474959412,0.7933333333333333,0.20666666666666667,0.14423348019302853,0.9985279610975565,0.0014720389024435805,1.024270403933018,0.9686917489293289,0.49319164364731827,0.2856226578518732,0.17977802442996427,0.8866666666666667,0.0053524000104516745,1,1,0.8664836931688675,0.7218231874389641,0.0014720389024435805,0.1578622864486905,0.031308251070671145
S5,24,RFOTO-ABC,0.3733855684959149,0.8994416950681248,1.9739661543988187,0.11136280893353635,0.6533333333333333,0.3466666666666667,0.17309445579962487,0.9992491165689319,0.0007508834310681056,1.0140578083683058,0.9667818480605321,0.5230005061193234,0.248264946968157,0.18536318785037417,0.6866666666666666,1.0487313999328762,375,1,0.8066124891002824,0.8376373910358246,0.0007508834310681056,0.1638157523533475,0.033218151939467866
S5,24,Standard-ABC,0.7441246217300596,1.6696480455922658,4.299849742734117,0.1669483206371534,0.29333333333333333,0.7066666666666667,0.7714893131596828,0.9978327442839039,0.0021672557160960265,1.0796248557837258,0.8769026971413436,0.260887287803465,0.161416151804916,0.3746696941034567,0.26,1.0674550000112504,375,1,1.5641010124890147,1.0417090851293467,0.0021672557160960265,0.7117798370655446,0.12309730285865639
S5,24,GA,0.616746410217273,1.3512315223563616,3.4775567457464365,0.15943663464508215,0.36666666666666664,0.6333333333333333,0.5355533669880961,0.9980755840745594,0.0019244159254404865,1.0623097183658186,0.9058971754713868,0.32603144560137204,0.2602313972423371,0.3223011660773723,0.29333333333333333,1.0445796999847516,375,1,1.333562713810446,0.9675171359274628,0.0019244159254404865,0.4949114180446478,0.09410282452861318
S5,24,PSO,0.9229751670205046,2.0043949425434904,5.08593398344871,0.221310494238375,0.18666666666666668,0.8133333333333334,1.0503826511659873,0.9983752996393022,0.001624700360698029,1.0858899144659426,0.85933426388778,0.2311859961566695,0.06960845047279055,0.40458809296250947,0.16666666666666666,1.2206712000770494,375,1,1.933486294127827,1.1368049051883282,0.001624700360698029,0.9906322288853043,0.14066573611222
S5,24,DE,1.281431345626145,2.5027149714632797,7.764536611621864,0.3158783285587867,0.14,0.86,1.5695449138160222,0.9993739996010976,0.0006260003989024206,1.0267068880486987,0.8219202089377015,0.1400918962285914,0.04014676054650235,0.4654708508024597,0.16,1.149299000040628,375,1,2.415889402848259,1.8964832148313864,0.0006260003989024206,1.4645973758009876,0.17807979106229854
S5,24,Local-only,0.8327420506097298,1.8482332178135403,4.299849742734117,0.19257474294513766,0.13333333333333333,0.8666666666666667,0.8689932023374359,1.0,0.0,0.0,0.8808807828339005,0.27753277730221343,0.161416151804916,0.36773278217266175,0.0,0.0004811999388039112,1,1,1.8155214269600934,1.0,0.0,0.8439752451791663,0.11911921716609952
S5,24,Random-feasible,1.0674300327122588,1.9938938138267062,4.362014908987701,0.35572940108025847,0.20666666666666667,0.7933333333333333,1.0127245425715377,0.9950502481118083,0.004949751888191638,1.174635496053249,0.8653160623857884,0.260887287803465,0.06027401116413226,0.39452135838171787,0.26,0.002999599906615913,1,1,1.8433839970022332,2.334900803037233,0.004949751888191638,0.9406254879453823,0.1346839376142116
S5,24,Max-SINR,0.4048857133050332,0.8631972819957366,2.1191385354205607,0.11487497425707995,0.7333333333333333,0.26666666666666666,0.15397830602804685,0.9987710675020458,0.0012289324979543152,1.016262773262465,0.968688276050464,0.5327005031228613,0.248264946968157,0.17978831740594967,0.94,0.0023781999479979277,1,1,0.8845089017335338,0.9281186972217995,0.0012289324979543152,0.15839255278543415,0.03131172394953596
S5,24,Delay-Greedy,0.4342690777470322,0.9972317891123768,2.853866415704385,0.12520241207053245,0.5733333333333334,0.4266666666666667,0.22543394697248004,0.9987075417744145,0.0012924582255855015,1.0150444432810621,0.9584583383914549,0.484932040801766,0.248264946968157,0.2081878172564169,0.9266666666666666,0.006415799958631396,1,1,0.8690551763871079,1.07023156679335,0.0012924582255855015,0.19992323097941553,0.04154166160854511
S5,24,Load-Aware,0.37710058057167467,0.909309624812361,2.267422423511494,0.11124331075299561,0.6333333333333333,0.36666666666666664,0.1824638858715712,0.9994726198325246,0.0005273801674755329,1.0123765011409058,0.9647795084696571,0.5125561611846741,0.248264946968157,0.19106611408019514,0.6866666666666666,0.007116399938240647,1,1,0.809420620445832,0.8389585141274348,0.0005273801674755329,0.1740523943122198,0.0352204915303429
S5,24,Offload-then-Allocate,0.36699024351718923,0.8236873279044642,2.1191385354205607,0.10027298818063424,0.8066666666666666,0.19333333333333333,0.12464977660832725,0.9984674942780177,0.0015325057219822765,1.0177471956820625,0.9746056781776901,0.5629516196536978,0.248264946968157,0.1614186983424413,0.9333333333333333,0.006374999997206032,1,1,0.833563966830372,0.8208675861268718,0.0015325057219822765,0.12541385789128998,0.02539432182230994
S5,25,RFOTO-ABC,0.37948622610054683,0.8822455207096802,2.0648654805675997,0.1254960419483865,0.68,0.32,0.13120396158502626,0.998728027161067,0.001271972838932906,1.0300507278562923,0.9751754026716165,0.607292105537881,0.32672212439136256,0.15955107592220547,0.6333333333333333,1.1100988999241963,375,1,0.8221775550617896,0.9271092999542162,0.001271972838932906,0.12358943269969183,0.02482459732838349
S5,25,Standard-ABC,0.8150134314975038,1.6556690144723165,4.86449490637438,0.18718456487510646,0.32666666666666666,0.6733333333333333,0.6949502252999082,0.997266683403964,0.00273331659603607,1.0745246851196102,0.8796081276596307,0.28065939290318753,0.21116278478903666,0.3699593157401466,0.31333333333333335,1.0615711000282317,375,1,1.6728241719203227,1.2237357129499566,0.00273331659603607,0.7785663496186681,0.1203918723403693
S5,25,GA,0.6356121730206343,1.4273640949544275,3.7834733018355013,0.1527921555414112,0.3933333333333333,0.6066666666666667,0.5580632253883122,0.9979423562772274,0.0020576437227728187,1.0825745935768227,0.8992217564062314,0.3309710887887391,0.21116278478903666,0.3347726649592621,0.26,1.0840921000344679,375,1,1.3791760797884662,0.9374408943064596,0.0020576437227728187,0.5386950145757158,0.10077824359376863
S5,25,PSO,0.9688906868762202,2.048602444486502,5.538405111184587,0.21873433019887642,0.24666666666666667,0.7533333333333333,1.0862710546700272,0.9983068319216867,0.0016931680783132171,1.0702079586509137,0.8356977209233956,0.21226484916929567,0.08548705686973276,0.4434015275431248,0.22,1.291506899986416,375,1,1.9399055820398767,1.350694883828005,0.0016931680783132171,1.0253043332595873,0.16430227907660444
S5,25,DE,1.2518863561211984,2.531152753799,6.2672998797171955,0.2533893976507564,0.18666666666666668,0.8133333333333334,1.4978956622383899,0.999620144139685,0.00037985586031494674,1.0335821050027494,0.8109492519625805,0.17957788215436815,0.0589763877961579,0.4828279040290024,0.18666666666666668,1.1782836000202224,375,1,2.4538486031562754,1.553322445411509,0.00037985586031494674,1.5079690205709086,0.1890507480374195
S5,25,Local-only,0.8738227928660602,1.931273422773966,4.915579216662748,0.18216200804152205,0.2,0.8,0.88277361426884,1.0,0.0,0.0,0.86310669322534,0.28817585794334494,0.21116278478903666,0.39825282481210217,0.0,0.0007200000109151006,1,1,1.8806980870052283,1.0,0.0,0.9324571003942168,0.13689330677466005
S5,25,Random-feasible,0.9224749556448992,1.73010613349279,4.769773720425674,0.20908649825852482,0.34,0.66,0.8248453246771587,0.9986335328692534,0.0013664671307465064,1.079130207933375,0.8606969554083077,0.2860402427622344,0.08820887009083116,0.40230475977212254,0.2733333333333333,0.0023478000657632947,1,1,1.734121991813591,1.69267280810675,0.0013664671307465064,0.8554991454423433,0.1393030445916923
S5,25,Max-SINR,0.45581796734144236,0.912990515839035,2.4228064192805063,0.13341148729037444,0.68,0.32,0.18103279098755468,0.9982741430304153,0.0017258569695847708,1.0196768562138852,0.9621226174117031,0.5029951311985998,0.32672212439136256,0.19841512195617703,0.9266666666666666,0.0026657000416889787,1,1,0.9804703258789376,1.0185840180055024,0.0017258569695847708,0.20754401755488458,0.03787738258829687
S5,25,Delay-Greedy,0.4727538192686142,1.033260346321393,2.320990064018968,0.1401899093054567,0.56,0.44,0.23260962575618205,0.9976102603183968,0.002389739681603126,1.0234256498200227,0.956167035958331,0.5007533364820437,0.32672212439136256,0.21410831614673423,0.9066666666666666,0.006200800067745149,1,1,0.925781554392266,1.2520076265190965,0.002389739681603126,0.18581757660044934,0.04383296404166903
S5,25,Load-Aware,0.38169054052880863,0.8821925869157965,2.1240983613199425,0.12479184042951455,0.6866666666666666,0.31333333333333335,0.13191994624557643,0.9989036948558941,0.0010963051441059846,1.0263419469807074,0.9745055736057978,0.5801825516053759,0.32672212439136256,0.16174484901712863,0.6266666666666667,0.0066952999914065,1,1,0.8243284344358163,0.9270407457128349,0.0010963051441059846,0.13003558029991136,0.025494426394202185
S5,25,Offload-then-Allocate,0.40305668163526304,0.8459125983073946,1.8809272330400808,0.11581603715650517,0.7,0.3,0.12372201883964914,0.9972495672259337,0.00275043277406627,1.025560033053041,0.9756459960410916,0.556473144749337,0.32672212439136256,0.15799343917894643,0.9133333333333333,0.005018500029109418,1,1,0.9072845697831093,0.8928938062606966,0.00275043277406627,0.15239312440692676,0.02435400395890841
S5,26,RFOTO-ABC,0.37789682581352463,0.8377002153255501,2.27753805203438,0.10652483458270053,0.7,0.3,0.15864902722318686,0.998434221690014,0.0015657783099859931,1.0183978280734363,0.9687156497739201,0.5399707759175318,0.28944645092041527,0.1797071727226643,0.7133333333333334,0.9509810999734327,375,1,0.7721158862970424,0.9291166696935903,0.0015657783099859931,0.1619781823572652,0.03128435022607989
S5,26,Standard-ABC,0.730879347511485,1.6388170739962327,4.4665861652500265,0.1755311790083931,0.34,0.66,0.696586283307078,0.9986909276429894,0.0013090723570107026,1.0680361589801848,0.8790204262256688,0.30179053753426727,0.24926302492205804,0.3709851634263041,0.2866666666666667,1.247499099932611,375,1,1.5439858215900675,0.9923689915712077,0.0013090723570107026,0.7104751713629407,0.12097957377433122
S5,26,GA,0.6471401345266286,1.5018369228195745,3.9630341864002094,0.1499323938423298,0.37333333333333335,0.6266666666666667,0.631514400212236,0.9989103781209042,0.0010896218790957856,1.0496874605237456,0.8857734933236925,0.3175561885290448,0.24926302492205804,0.35910554207669926,0.32,1.2989103000145406,375,1,1.3902775555409637,0.9132644083050799,0.0010896218790957856,0.5809167360734416,0.11422650667630752
S5,26,PSO,0.975589527949361,2.058438405008579,5.016787400174372,0.2242053432804317,0.18666666666666668,0.8133333333333334,1.0207546381213426,0.9995166826129714,0.0004833173870285871,1.0538061128457925,0.843723940842213,0.26402613230502137,0.16825857336380193,0.4303740125455472,0.19333333333333333,1.2629909999668598,375,1,1.9308106895407033,1.4902914427836746,0.0004833173870285871,0.983220267182241,0.15627605915778697
S5,26,DE,1.2094942765211463,2.4151985582020137,5.666229925843348,0.26469179788611663,0.18666666666666668,0.8133333333333334,1.4882669360844332,0.9993697097352602,0.0006302902647397583,1.0677536431281174,0.8118594473368302,0.17183577924706367,0.04095870031615961,0.4813941222741916,0.19333333333333333,1.1315201999386773,375,1,2.269688413642384,1.8666195490067654,0.0006302902647397583,1.3349283992284482,0.18814055266316976
S5,26,Local-only,0.8926168911059098,2.0470946638471967,4.949266340065397,0.19465232947125863,0.15333333333333332,0.8466666666666667,0.9475576255275663,1.0,0.0,0.0,0.8630359356119457,0.2913605960692154,0.24926302492205804,0.39837206590286833,0.0,0.00046799995470792055,1,1,1.9259841839618974,1.0,0.0,0.9623049418289091,0.1369640643880543
S5,26,Random-feasible,0.8459225487379438,1.7140541186887481,4.4665861652500265,0.202650764371315,0.29333333333333333,0.7066666666666667,0.8039898007376426,0.9982821596567605,0.0017178403432395147,1.067941590123464,0.8658057325781462,0.2901541645166482,0.12170144203808242,0.39369214830109667,0.30666666666666664,0.002199699985794723,1,1,1.692386282390812,1.3076380437422217,0.0017178403432395147,0.8248302535879266,0.1341942674218538
S5,26,Max-SINR,0.37241570579131883,0.8254204274331968,1.937905741153879,0.09926414365457414,0.8133333333333334,0.18666666666666668,0.13275277521878645,0.9985987064376237,0.0014012935623763881,1.0166998652809938,0.9730962605805171,0.5593501611094475,0.2557235806106465,0.16627556113056272,0.9066666666666666,0.0021010999334976077,1,1,0.8051985340825756,0.8531552521424633,0.0014012935623763881,0.155307859295631,0.026903739419482875
S5,26,Delay-Greedy,0.44905217405583264,0.9380661105335624,2.4382783895262143,0.123100101860981,0.66,0.34,0.19735201431676597,0.9982178640976997,0.0017821359023001992,1.017532412125864,0.9605136456145857,0.5191260816641246,0.28944645092041527,0.20275508267252418,0.94,0.008398800040595233,1,1,0.8381926481087245,1.2465546178463163,0.0017821359023001992,0.1849657560537275,0.03948635438541426
S5,26,Load-Aware,0.3797436005078288,0.844811781088421,2.5185134216973317,0.1070483909673264,0.7,0.3,0.16464225890788897,0.9984386378360527,0.001561362163947202,1.0190586724805217,0.967083932680841,0.5284285557880315,0.28944645092041527,0.1844895990371432,0.7133333333333334,0.005959899979643524,1,1,0.7742001492488773,0.9307098920653467,0.001561362163947202,0.16534958742057682,0.03291606731915897
S5,26,Offload-then-Allocate,0.3834398627374562,0.8259517118151285,2.1204045192980985,0.10489387694847933,0.8,0.2,0.11836243119948632,0.9977378624026016,0.0022621375973984896,1.018909868665423,0.975435466107695,0.6263403816537972,0.28944645092041527,0.15869198511315855,0.94,0.005324500030837953,1,1,0.8231597239337778,0.9136989065295662,0.0022621375973984896,0.14583195268500568,0.02456453389230495
S5,27,RFOTO-ABC,0.3906846104417518,0.8645810036004794,2.2394938148747383,0.10171075981033938,0.7266666666666667,0.2733333333333333,0.2056583367809202,0.9984554591856606,0.0015445408143394013,1.0171038093317426,0.9557290662103182,0.419532889476049,0.27840989449265735,0.2152246172352245,0.66,1.1248559999512509,375,1,0.8262170891747401,0.8480654658852362,0.0015445408143394013,0.1998838801358446,0.04427093378968183
S5,27,Standard-ABC,0.7696240052394968,1.6561314444814446,4.442206165253197,0.1590050028471029,0.3,0.7,0.7708720308581437,0.9986112990533585,0.0013887009466414287,1.0479157064614657,0.8678488562848803,0.29976561877783797,0.20665843671145506,0.39022349591334854,0.3,1.1341309000272304,375,1,1.6339828039294653,1.0184354496867525,0.0013887009466414287,0.7530503002300859,0.1321511437151197
S5,27,GA,0.6442885022737016,1.4500246712570863,4.114088679325784,0.1614720995410575,0.3933333333333333,0.6066666666666667,0.6167957757792276,0.9988653325514015,0.001134667448598387,1.0454413865383105,0.8883155142919783,0.31756946062653946,0.1873448756344364,0.35457882850199873,0.31333333333333335,1.1319280999014154,375,1,1.3832004075305335,0.9350691899142308,0.001134667448598387,0.5649936622320424,0.1116844857080217
S5,27,PSO,0.812070164412708,1.8154575243423987,4.21250216368572,0.17711635545831422,0.22666666666666666,0.7733333333333333,0.8948020463413153,0.9995370855281623,0.0004629144718374878,1.0489757516777922,0.8616264388718747,0.2879593990981426,0.15261948241137854,0.4007440201437782,0.15333333333333332,1.3373320000246167,375,1,1.7408966280630458,0.983853626322872,0.0004629144718374878,0.8336773855397175,0.13837356112812527
S5,27,DE,1.5428639829946473,2.913004239088641,7.987979370736672,0.3340095765649491,0.15333333333333332,0.8466666666666667,2.0602311461468017,0.9982660971721204,0.0017339028278796334,1.0726969124135193,0.7776893962026259,0.09947439578844965,0.03377687167586413,0.5346591460668002,0.22,1.1463613999076188,375,1,2.7232358671724066,2.5762059013861767,0.0017339028278796334,1.767723039433748,0.2223106037973741
S5,27,Local-only,0.8702454526388529,1.9762984357322084,4.39899017248213,0.18263248868715892,0.16666666666666666,0.8333333333333334,0.9514280275411509,1.0,0.0,0.0,0.8596328960912466,0.2885408289294718,0.1873448756344364,0.404088188771134,0.0,0.0006606000242754817,1,1,1.8830967323440593,1.0,0.0,0.9136648158661,0.1403671039087534
S5,27,Random-feasible,1.460576528316305,2.1657291269598895,5.00469799329727,0.3280961582640697,0.2866666666666667,0.7133333333333334,1.4291013682401008,0.9962832073247088,0.003716792675291394,1.091492361414767,0.8281875505051636,0.20156864681245132,0.04098539697884363,0.45547334435672726,0.3466666666666667,0.003977800020948052,1,1,2.0715662364711083,4.135111549729566,0.003716792675291394,1.1836120431192376,0.17181244949483643
S5,27,Max-SINR,0.4516137912254737,0.8805079428076078,2.2325464478398693,0.12143585837563833,0.7066666666666667,0.29333333333333333,0.1897520092114083,0.9983836488740137,0.0016163511259864231,1.018214569921705,0.9599966368921,0.43420202697762256,0.2891839030034067,0.20413308375927527,0.9066666666666666,0.0031171999871730804,1,1,0.8990315688520216,1.1409235370610993,0.0016163511259864231,0.19757437504768427,0.04000336310789998
S5,27,Delay-Greedy,0.4877395681034858,0.9550874332370036,2.2394938148747383,0.13576683379693352,0.62,0.38,0.21325140593252281,0.9964714832361803,0.00352851676381962,1.0310349771304974,0.9578167343585803,0.41782689499330405,0.24570156601329557,0.20985962316525972,0.92,0.0055701000383123755,1,1,0.8752305797003309,1.4137749441401808,0.00352851676381962,0.1993299534335965,0.04218326564141972
S5,27,Load-Aware,0.39235296463781716,0.8585102073563786,2.2394938148747383,0.10374979248917683,0.7333333333333333,0.26666666666666666,0.1931592745805375,0.9981262473546023,0.0018737526453978747,1.022302496941214,0.9578207426920687,0.425567444573728,0.27840989449265735,0.20984921320489494,0.6733333333333333,0.007687799981795251,1,1,0.8200872740591931,0.8839691674311613,0.0018737526453978747,0.19213652753230162,0.04217925730793126
S5,27,Offload-then-Allocate,0.4351703780584312,0.8212131931591263,2.101503713011046,0.11559014045639855,0.7933333333333333,0.20666666666666667,0.15982636255627256,0.9954823074957673,0.00451769250423287,1.0343597504078548,0.9648213255753196,0.45467185606115124,0.2891839030034067,0.19094851633099658,0.92,0.005189499934203923,1,1,0.8572791397516197,1.1475203959831461,0.00451769250423287,0.1701687762340229,0.03517867442468037
S5,28,RFOTO-ABC,0.3596649894904403,0.8133608184194501,1.9445786201939013,0.10353095120001297,0.7466666666666667,0.25333333333333335,0.15423907052161703,0.9988350263457634,0.0011649736542366355,1.011785882336434,0.9680328229855042,0.4638690145891336,0.27259674808276213,0.18172182988700014,0.7066666666666667,1.1531381000531837,375,1,0.7716419371326635,0.8735721258992548,0.0011649736542366355,0.12276246015745815,0.03196717701449581
S5,28,Standard-ABC,0.7562361111918144,1.6142639850788867,4.3699736068353126,0.20765995397272927,0.26,0.74,0.7170756684630535,0.9969279399075407,0.003072060092459315,1.0828343170518349,0.8837403929217588,0.2957509881335357,0.1805902312802669,0.36270377239537377,0.2733333333333333,1.2305393998976797,375,1,1.544154104717491,1.2403468189789393,0.003072060092459315,0.6643688363414912,0.11625960707824123
S5,28,GA,0.5979345225962854,1.3294631977094598,3.7475464041717683,0.16902604984361908,0.3933333333333333,0.6066666666666667,0.5178042861420565,0.9987008454747326,0.001299154525267418,1.04898053041028,0.9087799591283993,0.3465328604838189,0.1805902312802669,0.3168223132812778,0.31333333333333335,1.0149322000797838,375,1,1.3100910846331462,0.9207950426318708,0.001299154525267418,0.47339863202969856,0.09122004087160074
S5,28,PSO,0.7947930794401916,1.8949937242766957,4.520442173282926,0.21689477084635903,0.23333333333333334,0.7666666666666667,0.8806485502008475,0.9986472873688292,0.0013527126311705813,1.0446389928220046,0.8708281413401565,0.274885957448934,0.06368173944942745,0.38513920252314293,0.18,1.241248399950564,375,1,1.6859854977262216,1.082363341359946,0.0013527126311705813,0.7651835299177348,0.12917185865984349
S5,28,DE,1.0480016495225013,2.0573929273072222,5.617730542503158,0.2639062421753791,0.16666666666666666,0.8333333333333334,1.145711270467889,0.9970206984105668,0.002979301589433163,1.0895509445633962,0.8501422502715837,0.1825890325851317,0.0716657859271098,0.4198496576041034,0.16666666666666666,1.1405358000192791,375,1,1.9482648667625124,1.8856883530659252,0.002979301589433163,1.0200306283793417,0.14985774972841626
S5,28,Local-only,0.7845572952551916,1.8043276878975785,4.408864313369834,0.19629694460099503,0.15333333333333332,0.8466666666666667,0.8278367935070977,1.0,0.0,0.0,0.8831898522715383,0.28741495055143335,0.1805902312802669,0.36367483575971177,0.0,0.0005027999868616462,1,1,1.7140501127824064,1.0,0.0,0.754092979601283,0.11681014772846166
S5,28,Random-feasible,0.7960853753515637,1.799978918399363,4.667048457458169,0.24220713447264014,0.3,0.7,0.8259177145782951,0.9969846338924727,0.003015366107527307,1.0796876901900454,0.8830337817262078,0.27951338975157075,0.054874648274310024,0.3639498670612508,0.2733333333333333,0.002932799980044365,1,1,1.6343545248213147,1.2001990456072895,0.003015366107527307,0.7572755253702691,0.11696621827379217
S5,28,Max-SINR,0.37678683815075936,0.821943491703495,2.135283539483171,0.10948109772848916,0.76,0.24,0.14508556694163635,0.9983803897377955,0.0016196102622044975,1.0181577055971476,0.9702694782054262,0.5183369893808858,0.27259674808276213,0.17504716470606185,0.9,0.0020987000316381454,1,1,0.824780831441627,0.901084334636494,0.0016196102622044975,0.12258191909300623,0.029730521794573805
S5,28,Delay-Greedy,0.42671116140192433,0.90893622061292,2.270488789031658,0.11889617828045171,0.6333333333333333,0.36666666666666664,0.18144066837573936,0.9982251039971546,0.0017748960028453587,1.017916693238345,0.9648825303580716,0.5183369893808858,0.27259674808276213,0.1907762844097688,0.8866666666666667,0.0067631000420078635,1,1,0.8505326578071434,1.147305467830544,0.0017748960028453587,0.14543830851479406,0.03511746964192841
S5,28,Load-Aware,0.3713894019956646,0.8230339126885876,2.0222877139565556,0.10308406183000521,0.7266666666666667,0.2733333333333333,0.17358981500672127,0.9989286623689168,0.0010713376310832394,1.0104576630356759,0.9639049932443952,0.4638690145891336,0.27259674808276213,0.19351135266353403,0.68,0.007513199932873249,1,1,0.796177045416118,0.8658567163186317,0.0010713376310832394,0.14735245861713195,0.03609500675560484
S5,28,Offload-then-Allocate,0.3769486840798911,0.8099556466197311,1.8931613724228114,0.1073904997421282,0.7266666666666667,0.2733333333333333,0.14125393837252848,0.9979914932322758,0.0020085067677242793,1.0198722126623576,0.9719465870822832,0.5754466875849735,0.27259674808276213,0.16989150066203554,0.8933333333333333,0.007318299962207675,1,1,0.8201981563185512,0.9253278982225304,0.0020085067677242793,0.11396098790268566,0.02805341291771679
S5,29,RFOTO-ABC,0.32545996795738136,0.7861049522126815,1.5857865830769562,0.0960042380370927,0.7466666666666667,0.25333333333333335,0.09439714821733211,0.9990289727666948,0.0009710272333052447,1.017955110961895,0.9821881127625482,0.6711305922817251,0.2928338833012042,0.13466589807527915,0.7133333333333334,1.1204284999985248,375,1,0.7160044135240579,0.8063573768080705,0.0009710272333052447,0.09055707809150987,0.01781188723745175
S5,29,Standard-ABC,0.7878480870164626,1.554908356878446,4.0935709123135045,0.17059004266976946,0.3466666666666667,0.6533333333333333,0.7004197143048236,0.9983166616617279,0.0016833383382720698,1.0842457087801343,0.8787635504535432,0.28636044661597176,0.19636691009598464,0.3714330865710714,0.2866666666666667,1.2402696999488398,375,1,1.6438849172338088,1.0720144880423148,0.0016833383382720698,0.7902101976081609,0.12123644954645685
S5,29,GA,0.6210316759551545,1.3256268306664512,3.6560175424837738,0.13932520293759215,0.43333333333333335,0.5666666666666667,0.5413380562991406,0.9987409517942748,0.001259048205725209,1.0515913562695418,0.9003515066976865,0.3249963094799929,0.25235491294526063,0.33268201280981796,0.32666666666666666,1.3172039999626577,375,1,1.3420144992123206,0.8732039351415308,0.001259048205725209,0.5573935089774106,0.09964849330231351
S5,29,PSO,0.9121032681475466,1.8535125953485185,4.514132892615547,0.1963402961180609,0.26,0.74,0.8873727327250623,0.9994696916797671,0.0005303083202331275,1.066255728266523,0.8580789156780669,0.27809046074550875,0.16049100062195595,0.40668658308078814,0.17333333333333334,1.3614351999713108,375,1,1.8794678893097556,1.236227847194528,0.0005303083202331275,0.941631577714368,0.14192108432193307
S5,29,DE,1.3394443194548211,2.5190050597170632,6.716333802246781,0.29100885518772124,0.18666666666666668,0.8133333333333334,1.5742583542783724,0.9982714870560653,0.0017285129439345466,1.0726651904862647,0.802913013392602,0.14402672150815765,0.06961049597943665,0.49544417442706207,0.20666666666666667,1.1633019000291824,375,1,2.476497028681991,2.030879372050806,0.0017285129439345466,1.5431176235872237,0.19708698660739798
S5,29,Local-only,0.9103658406169873,1.931034985066031,4.443102708092229,0.1890641183838874,0.18666666666666668,0.8133333333333334,0.9172745731248316,1.0,0.0,0.0,0.8617522806353066,0.27809046074550875,0.2106988145998955,0.40053250526748513,0.0,0.0005104999290779233,1,1,1.960715972348702,1.0,0.0,0.9977987585004313,0.13824771936469338
S5,29,Random-feasible,1.9394355719299672,2.240954087692666,4.366125559042295,0.4144104365735213,0.3,0.7,1.5686638032515345,0.9972548291210226,0.0027451708789773734,1.1054188802069715,0.8601414997494631,0.27809046074550875,0.009192914933971563,0.4032361713120428,0.29333333333333333,0.003925899975001812,1,1,2.6272419756090266,5.5314169130983215,0.0027451708789773734,1.7255389273983448,0.13985850025053692
S5,29,Max-SINR,0.3704614806087096,0.74598734944548,1.661879543184775,0.0938333167504763,0.8,0.2,0.10934167030638084,0.997625766522035,0.0023742334779647757,1.0237767466995389,0.9780067494284749,0.6279637429199754,0.2580989324234222,0.1499594314312083,0.9133333333333333,0.002453099936246872,1,1,0.7984292159769398,0.921598093570628,0.0023742334779647757,0.11536251319023477,0.021993250571525125
S5,29,Delay-Greedy,0.4351494148378729,0.8937473405330145,1.992550191525128,0.11860277594249102,0.6333333333333333,0.36666666666666664,0.16782451610655613,0.9983768576138882,0.00162314238611184,1.0239331195586416,0.9682144057303589,0.5124249716662388,0.2928338833012042,0.18118798604374886,0.9466666666666667,0.005725999944843352,1,1,0.7998499133014241,1.3103716147779296,0.00162314238611184,0.13415490671263572,0.031785594269641115
S5,29,Load-Aware,0.337827094051359,0.7838423478408997,1.5653453171933525,0.09564335823300472,0.7466666666666667,0.25333333333333335,0.11358910571571226,0.9989945197838754,0.0010054802161246982,1.018005701425673,0.9778430997437974,0.6394463168055531,0.2928338833012042,0.15052890886650377,0.6866666666666666,0.0074986000545322895,1,1,0.7395754679692832,0.8047494390388149,0.0010054802161246982,0.11478472048624244,0.02215690025620265
S5,29,Offload-then-Allocate,0.36228532853034184,0.7270732692081606,1.3387852642594107,0.09454292395526918,0.84,0.16,0.07635322150409396,0.9979960247496967,0.002003975250303326,1.0265265912010486,0.9843695067986273,0.6651412947469175,0.2928338833012042,0.12601065382496643,0.9466666666666667,0.005197599995881319,1,1,0.7808615829926501,0.9582910644460314,0.002003975250303326,0.08232361634003224,0.015630493201372664
S6,0,RFOTO-ABC,0.3463883903995117,0.8896928001929186,1.9971224803463,0.1091555744201337,0.735,0.265,0.14721056673756355,0.9977404035408788,0.0022595964591212874,1.0236703394352904,0.9706729968251918,0.5352179628698897,0.2051849825882203,0.173819048818441,0.7,1.4583004000596702,375,1,0.761146710354963,0.7877625749646608,0.0022595964591212874,0.13234542719210546,0.029327003174808186
S6,0,Standard-ABC,0.7620187313589257,1.7597606773866554,4.367010334164438,0.19895658591872112,0.27,0.73,0.7527962999019464,0.9969773748436139,0.003022625156385969,1.1253241360119919,0.8810325090197316,0.2820585596438174,0.1591133318858567,0.3674668651245075,0.2,1.42488730000332,375,1,1.6116420446342268,1.0441606279644884,0.003022625156385969,0.7361379093095132,0.11896749098026838
S6,0,GA,0.6596448776896345,1.6275698832234458,4.370757009770151,0.17277194428142706,0.36,0.64,0.6698333537201284,0.9988605243509113,0.0011394756490886837,1.0487559040885552,0.8836175336820399,0.2918463261829461,0.1591133318858567,0.36292059618646305,0.26,1.4109685000730678,375,1,1.4312099711635498,0.8661499951147558,0.0011394756490886837,0.6169384822160878,0.11638246631796012
S6,0,PSO,0.927825524694876,2.1823253494347643,5.463306788017285,0.2333098692691374,0.215,0.785,1.0858889869237054,0.9989217043730987,0.001078295626901346,1.0605544513762737,0.8440600311655603,0.23653595636835148,0.09339005338188425,0.4298253779749075,0.16,1.686814000015147,375,1,1.9177229881773823,1.1791162097937715,0.001078295626901346,0.9916827669236741,0.15593996883443972
S6,0,DE,0.8967494580369807,2.04539626371554,5.051021896983385,0.21260875964196377,0.19,0.81,0.962650898285097,0.9989155258965488,0.0010844741034512495,1.1302750466542384,0.8610257681292612,0.26098371929368447,0.12274762529684805,0.4017529428955524,0.09,1.5308753999415785,375,1,1.8923724725182423,1.092670614513634,0.0010844741034512495,0.954770872516296,0.13897423187073876
S6,0,Local-only,0.8552162968744037,2.0448696266741853,4.559901088210097,0.20924285198557932,0.15,0.85,0.910668823155482,1.0,0.0,0.0,0.8711160170431738,0.28849072408872156,0.1591133318858567,0.38464622527998116,0.0,0.0005688999081030488,1,1,1.855464597147101,1.0,0.0,0.8880702005764178,0.12888398295682624
S6,0,Random-feasible,1.037107970486164,2.109110943530872,5.042293513506297,0.2948980213844858,0.265,0.735,1.0141636770378362,0.9984757704559223,0.0015242295440777353,1.0947440265748822,0.8626355780795899,0.2819407928893836,0.025282760092809737,0.39904644708641007,0.165,0.004755100002512336,1,1,1.8421111838705775,2.127548572283555,0.0015242295440777353,0.9461535179164375,0.1373644219204101
S6,0,Max-SINR,0.39973912844896436,0.9102433290734245,2.441735434585258,0.12273586666700548,0.74,0.26,0.1722486456735475,0.9982306633384342,0.001769336661565723,1.0226107059274625,0.9644019447730583,0.5132564044503367,0.2051849825882203,0.19212509599414557,0.9,0.005349499988369644,1,1,0.879185743316542,0.8711623900187473,0.001769336661565723,0.1742990340026496,0.035598055226941705
S6,0,Delay-Greedy,0.4026727109532585,0.9874138167358808,2.1739870358973565,0.12189605830184608,0.63,0.37,0.1812609306240419,0.9973494928004837,0.0026505071995162528,1.027082859673066,0.966797393262502,0.5392794962105182,0.2051849825882203,0.18531832038987717,0.915,0.008013400016352534,1,1,0.8235637632806487,1.0143542393557257,0.0026505071995162528,0.15647256711683827,0.033202606737497975
S6,0,Load-Aware,0.3615289533687734,0.9286970072346401,2.168742497652063,0.10874441407328231,0.735,0.265,0.17179066310733743,0.997869517638988,0.002130482361011933,1.0269350211917732,0.9659744717635999,0.512070521186356,0.2051849825882203,0.18768069952245328,0.695,0.008671400020830333,1,1,0.7901499645846465,0.7791378345323267,0.002130482361011933,0.16636344534040148,0.03402552823640015
S6,0,Offload-then-Allocate,0.3513546301064992,0.8505112596440284,1.9517798033312794,0.10624852984155156,0.78,0.22,0.11972024689261854,0.9974446612355906,0.0025553387644093716,1.0302201906889548,0.9761256495006042,0.5691003283644435,0.2051849825882203,0.15639141904876694,0.92,0.00843350007198751,1,1,0.7993310615073135,0.7916596842686551,0.0025553387644093716,0.11472276704632521,0.02387435049939579
S6,1,RFOTO-ABC,0.3749486596122237,0.8596824218871011,2.324230885565039,0.117560385505958,0.705,0.295,0.168207801380115,0.9989133175653939,0.0010866824346062005,1.023396147902685,0.9659779491183461,0.47918465960183027,0.2848660264583458,0.18767077115106756,0.65,1.3370526999933645,375,1,0.8172092818328826,0.8270585120004168,0.0010866824346062005,0.1650676729390848,0.03402205088165389
S6,1,Standard-ABC,0.7809127468604609,1.6091625802644183,4.640074076191641,0.17318633176872997,0.315,0.685,0.740349721822285,0.9976233603770879,0.002376639622911968,1.0897350789821967,0.8790832288056201,0.28948310495066387,0.12402877014696305,0.37087560996200375,0.205,1.5535704999929294,375,1,1.637345280128926,1.0960467125557214,0.002376639622911968,0.7542263053645273,0.12091677119437994
S6,1,GA,0.696308489055487,1.4998927902347827,4.423687926167206,0.17068669016605698,0.34,0.66,0.6369746642874885,0.9984057499494141,0.001594250050585993,1.0724228972268992,0.8932289489138338,0.303208681147934,0.12402877014696305,0.34573660584110966,0.245,1.390852399985306,375,1,1.4889724898777956,0.9892041608208274,0.001594250050585993,0.6374009391594875,0.10677105108616625
S6,1,PSO,0.8743318218270488,1.8376276705180934,4.640074076191641,0.18624468347488465,0.225,0.775,0.9095746372511345,0.9991195339436516,0.0008804660563484307,1.0675480890089535,0.8648158047959832,0.26173961509052107,0.07347001480933994,0.3953676678950794,0.105,1.4690269000129774,375,1,1.8751218119122695,1.013892769010225,0.0008804660563484307,0.9320549240223021,0.1351841952040168
S6,1,DE,1.1306873804896551,2.2831749592846653,5.528976466296258,0.2631036109737781,0.22,0.78,1.2866725333781852,0.9988735056162921,0.0011264943837080766,1.1054777510807425,0.8509141355292626,0.19866151849187688,0.04287553357503582,0.4185770036599435,0.14,1.4227469000034034,375,1,2.1676270091727554,1.7278343934286813,0.0011264943837080766,1.2280691625392475,0.14908586447073735
S6,1,Local-only,0.8775839866482605,1.8720386308378907,4.690327490373864,0.18577317985374556,0.18,0.82,0.8906323958983055,1.0,0.0,0.0,0.8681951791920328,0.2712831784212624,0.12402877014696305,0.3896341036315948,0.0,0.0005783999804407358,1,1,1.9000128501134093,1.0,0.0,0.9312402039948522,0.13180482080796718
S6,1,Random-feasible,0.8432139219570203,1.7059857526085964,4.59082381232784,0.17829156556031872,0.26,0.74,0.8128304037160955,0.9983270622137508,0.0016729377862491534,1.0968379489132,0.8697797602758991,0.2792472117972468,0.12402877014696305,0.3869319539940814,0.135,0.0033496000105515122,1,1,1.809320020399805,0.987207432176251,0.0016729377862491534,0.891740714059066,0.1302202397241009
S6,1,Max-SINR,0.42533428578681226,0.8480292426448929,2.324230885565039,0.1179647385909388,0.73,0.27,0.1904594169490936,0.9982380406031297,0.0017619593968702606,1.0180122796564073,0.9611294548067097,0.4782339611493695,0.2617094232777775,0.2011033812140138,0.89,0.0028258999809622765,1,1,0.8942536026402814,0.9772008386020086,0.0017619593968702606,0.19603114271229224,0.03887054519329025
S6,1,Delay-Greedy,0.44104649611069086,0.9737227735978561,2.238036991548809,0.13321731670967218,0.57,0.43,0.20247766716091992,0.9980079421693339,0.001992057830666071,1.0224087523580467,0.9631699057278365,0.5686750924483913,0.2696563274880682,0.1955464621080344,0.895,0.008436599979177117,1,1,0.8802771468076738,1.124614520077381,0.001992057830666071,0.18544842276082998,0.03683009427216355
S6,1,Load-Aware,0.37565867814437526,0.8596014390481127,2.302138279621978,0.11847982193143274,0.7,0.3,0.1699016367874013,0.9989063503041962,0.0010936496958039415,1.0234526763656848,0.9658155427425584,0.47918465960183027,0.2848660264583458,0.18813398272524376,0.645,0.01063939998857677,1,1,0.8167720195358181,0.8306535123809254,0.0010936496958039415,0.16608499150201955,0.03418445725744157
S6,1,Offload-then-Allocate,0.3905274175655436,0.8217206740463044,2.120820610364205,0.11356589377761939,0.775,0.225,0.14273534399270837,0.9975028096056837,0.002497190394316274,1.0233446152997705,0.9702866379452864,0.5669729370752378,0.2848660264583458,0.17499509348017397,0.9,0.007360599935054779,1,1,0.8537494112037609,0.9021976760018768,0.002497190394316274,0.1472158839090061,0.029713362054713643
S6,2,RFOTO-ABC,0.3695805296768863,0.851869772527577,2.356850679976254,0.10258815900183653,0.745,0.255,0.16703289753519374,0.999179843185796,0.0008201568142039195,1.0174627753331469,0.9669041080760636,0.5384078454448444,0.2329102208181386,0.18501005920818123,0.63,1.421990800066851,375,1,0.8141379247999965,0.7682006703270474,0.0008201568142039195,0.18275013110559568,0.03309589192393636
S6,2,Standard-ABC,0.7184587215174068,1.5266756236264718,4.193357954096573,0.19086358681204998,0.34,0.66,0.6322654404908042,0.997670285791425,0.002329714208574929,1.0930554133769461,0.8906144429193863,0.3291913977224519,0.1271961048930052,0.35045731119023366,0.21,1.3024383999872953,375,1,1.5191027400100463,1.0591549333213743,0.002329714208574929,0.6517440804515282,0.1093855570806137
S6,2,GA,0.6321672632378126,1.4288880589890764,4.002654324575335,0.16465995281131462,0.4,0.6,0.5547401090912607,0.9969953968533132,0.0030046031466868972,1.0917834839063998,0.9018550825974041,0.33511954262282806,0.1271961048930052,0.3298872483005996,0.265,1.3132731999503449,375,1,1.3758085668840467,0.9038222707354708,0.0030046031466868972,0.5492764906670141,0.0981449174025959
S6,2,PSO,0.7738767914796151,1.72772431300442,4.333853593684775,0.19361109584509373,0.265,0.735,0.7594882276032151,0.9985213416110835,0.0014786583889164185,1.1498258396590597,0.880589400244302,0.3062725024315428,0.10876783292184357,0.3682431806606958,0.1,1.8123924999963492,375,1,1.6660408568776996,0.9923837925122515,0.0014786583889164185,0.7612067469688577,0.11941059975569801
S6,2,DE,0.9920998156523936,2.239682622210761,5.6963814691157815,0.2473136032359799,0.225,0.775,1.1795403809985536,0.9981555349128581,0.0018444650871417723,1.0794098224011832,0.8416220481155804,0.18235348293268186,0.06333898800711658,0.4337992622642397,0.14,1.4447778000030667,375,1,2.056407706624306,1.1438754480632298,0.0018444650871417723,1.1291639439469656,0.1583779518844196
S6,2,Local-only,0.8132649274527912,1.787517198106909,4.333853593684775,0.20010595086102653,0.2,0.8,0.7860512355164957,1.0,0.0,0.0,0.879861798753445,0.3064336124858658,0.1271961048930052,0.3695160710287156,0.0,0.0005731999408453703,1,1,1.76547687977786,1.0,0.0,0.8154999092853719,0.12013820124655505
S6,2,Random-feasible,0.78506472878492,1.7343363135659888,4.333853593684775,0.2251529288319903,0.29,0.71,0.7776087907057356,0.9977066589273188,0.0022933410726811527,1.1228570915195022,0.8782737988471329,0.2974459206770567,0.06738878384684047,0.3722863139774671,0.205,0.0028457000153139234,1,1,1.6440661491879296,1.093924879746882,0.0022933410726811527,0.764967444553756,0.12172620115286714
S6,2,Max-SINR,0.43167608476561664,0.8533974933201673,2.225243724423876,0.11151461174208958,0.725,0.275,0.19096928125747664,0.9979105312373651,0.0020894687626349163,1.0281781486021766,0.9612957297347673,0.47689149412951914,0.2329102208181386,0.20065543852875534,0.86,0.0022125999676063657,1,1,0.9093484451852625,0.9591816381503884,0.0020894687626349163,0.21695277381772363,0.03870427026523271
S6,2,Delay-Greedy,0.43211638966171073,0.9202420049052545,2.350766708114074,0.11795819344424434,0.675,0.325,0.18664771313591608,0.9982998017547127,0.0017001982452873642,1.0249742586940251,0.9643268126599004,0.5077069819225152,0.2329102208181386,0.19233522778257392,0.86,0.00774450006429106,1,1,0.8547721104957846,1.112658398073477,0.0017001982452873642,0.18333433830668255,0.03567318734009961
S6,2,Load-Aware,0.3695805296768863,0.851869772527577,2.356850679976254,0.10258815900183653,0.745,0.255,0.16703289753519374,0.999179843185796,0.0008201568142039195,1.0174627753331469,0.9669041080760636,0.5384078454448444,0.2329102208181386,0.18501005920818123,0.63,0.009139400091953576,1,1,0.8141379247999965,0.7682006703270474,0.0008201568142039195,0.18275013110559568,0.03309589192393636
S6,2,Offload-then-Allocate,0.3839415806832202,0.8007121111150544,2.0568788760487915,0.10054281467056522,0.795,0.205,0.14319717001016347,0.997499862167642,0.002500137832357928,1.0284899242926882,0.9713434228333713,0.5384078454448444,0.2329102208181386,0.17176147300730285,0.86,0.009526500012725592,1,1,0.8465795918218593,0.8449962253013277,0.002500137832357928,0.1629949391643613,0.028656577166628727
S6,3,RFOTO-ABC,0.34192723030091965,0.8096408279964956,1.8506369070326407,0.1073430605777848,0.745,0.255,0.13582358671270314,0.9986337162962579,0.001366283703742141,1.0159831432229907,0.9727423562607362,0.5353767242117836,0.27755435336324336,0.16739606395788084,0.6,1.3704966000514105,375,1,0.7478194261817561,0.802176865637945,0.001366283703742141,0.1211357624326035,0.02725764373926376
S6,3,Standard-ABC,0.6933677016194102,1.536807611618526,4.484112397273143,0.16373431675292222,0.375,0.625,0.6334505229088458,0.9994173129265792,0.0005826870734208983,1.0560983228064436,0.890249019691956,0.2771032675439127,0.17227522217971145,0.35111424700115634,0.195,1.5462375999195501,375,1,1.4791610440889529,1.0040770250654658,0.0005826870734208983,0.6255468095058456,0.10975098030804398
S6,3,GA,0.5776906748540693,1.3250122002539388,3.6428101153887127,0.15912545929722555,0.435,0.565,0.4831380533716313,0.9989681580077451,0.0010318419922550387,1.0477879450146417,0.9122442360502698,0.34358871651139067,0.24081682486775574,0.3101574815972776,0.26,1.472608899930492,375,1,1.249786686478235,0.9503500888170965,0.0010318419922550387,0.4372870276841427,0.08775576394973017
S6,3,PSO,0.7639482562222425,1.6888147265456082,4.732879572176497,0.1894843385041967,0.3,0.7,0.7395939998732192,0.9983196216357932,0.0016803783642068437,1.0873596970789254,0.8786980719316202,0.26843560988667897,0.1636856984248665,0.3715472192094724,0.125,1.5593889999436215,375,1,1.6077064085298827,1.1018875978020584,0.0016803783642068437,0.7128285981454594,0.1213019280683798
S6,3,DE,1.0198118312236915,2.2239370100615132,5.508757710138206,0.21648359938540981,0.305,0.695,1.180192346513994,0.9983392865350931,0.0016607134649069865,1.0671614091900816,0.8521660601597102,0.18992040752546066,0.050356746399888956,0.4165095455262213,0.165,1.4708096999675035,375,1,1.998370607976614,1.5046697143881955,0.0016607134649069865,1.088045953609135,0.1478339398402898
S6,3,Local-only,0.7694656820189515,1.7637245963703228,4.7817661493032135,0.18701531978675592,0.26,0.74,0.7402541830939162,1.0,0.0,0.0,0.8819317258498988,0.26843560988667897,0.17227522217971145,0.36588880745001046,0.0,0.0005843999097123742,1,1,1.6710049448035424,1.0,0.0,0.7360168187822028,0.11806827415010124
S6,3,Random-feasible,0.7435820966691576,1.5722473922207358,4.507139450899764,0.1751574393808718,0.36,0.64,0.6637537159918062,0.9980683346358614,0.0019316653641385812,1.0854642093553177,0.887200634274041,0.26637468519100466,0.17227522217971145,0.35656803441893054,0.225,0.004250099998898804,1,1,1.5182219074873424,1.219281095250446,0.0019316653641385812,0.655312870312134,0.11279936572595906
S6,3,Max-SINR,0.3928584714467976,0.8274342230487775,1.579648148685699,0.11531512860213987,0.8,0.2,0.1195581194531119,0.9973624935556807,0.002637506444319277,1.0241607312079335,0.9750654017437008,0.4812975133246986,0.23418194030284628,0.15991320013430332,0.91,0.0021915999241173267,1,1,0.8364014175160936,0.9920435855544036,0.002637506444319277,0.12273555282921955,0.02493459825629918
S6,3,Delay-Greedy,0.4607687038041791,0.9568212288958486,1.9620170712804303,0.13507121350141665,0.575,0.425,0.1999038523314922,0.9974820821505918,0.0025179178494083277,1.0242294796791196,0.9633960128169962,0.4571486754594089,0.22573149213681215,0.19492241121275655,0.925,0.008598199929110706,1,1,0.851421327819663,1.349464257599535,0.0025179178494083277,0.15799820624800362,0.03660398718300384
S6,3,Load-Aware,0.3501638364269871,0.8135383950351783,1.8924250759931407,0.10612124220499357,0.74,0.26,0.14833114058271119,0.9987007397613747,0.001299260238625245,1.0148526601257424,0.9697389502747835,0.4618024752691302,0.27755435336324336,0.17665037948484394,0.585,0.008753499947488308,1,1,0.7653107027765305,0.7925492554258221,0.001299260238625245,0.1406190516498946,0.030261049725216482
S6,3,Offload-then-Allocate,0.39164567651489035,0.8253359752584692,1.8424937733423477,0.11144896990892143,0.775,0.225,0.10887886791214202,0.9972567940424191,0.002743205957581065,1.025855090983313,0.9781265203434181,0.6446545868983568,0.27755435336324336,0.1495413927595132,0.935,0.008324200054630637,1,1,0.8285318925602697,1.0355064990875424,0.002743205957581065,0.10142826148675241,0.02187347965658193
S6,4,RFOTO-ABC,0.36750554190148615,0.8341031707124015,1.8700401620254077,0.09896962227888303,0.69,0.31,0.15176920147293813,0.998510430096667,0.0014895699033330362,1.0219299769151742,0.9693849152051972,0.5177044016734809,0.2999834280936215,0.17771316627659936,0.615,1.5251917999703437,375,1,0.7978194351860939,0.844855751067287,0.0014895699033330362,0.14572857497993072,0.030615084794802794
S6,4,Standard-ABC,0.7702307956693013,1.7041346226749425,5.023195741919899,0.17315494610149565,0.31,0.69,0.7642527487171926,0.998244214489403,0.001755785510597005,1.0913682879786222,0.8708492490561166,0.27956672178422737,0.1806766702865826,0.3851030666580193,0.19,1.4050577000016347,375,1,1.6306532179691073,1.0457050961310166,0.001755785510597005,0.7439518280546804,0.1291507509438834
S6,4,GA,0.6148923684098871,1.4288833578891809,3.7479658430562615,0.1564006818472263,0.375,0.625,0.5666260497055235,0.9984238421075227,0.0015761578924771535,1.0654540835173238,0.9000561039790004,0.35781494923113544,0.20212849771619606,0.3332294273575033,0.265,1.327127999975346,375,1,1.3157289408479238,0.9583441740583554,0.0015761578924771535,0.5076067644300297,0.09994389602099962
S6,4,PSO,0.8614199474696704,1.9230341291058641,5.208316743361192,0.1924978396535094,0.245,0.755,0.9540270511461674,0.9990164989714673,0.0009835010285327095,1.1055376226422298,0.8593371863053466,0.2428646214626902,0.06175737018900966,0.40458320220570837,0.14,1.7055683000944555,375,1,1.7960716393645602,1.1179374336334675,0.0009835010285327095,0.8936612012944233,0.1406628136946534
S6,4,DE,1.0829423206714222,2.394747116705597,5.851130783843361,0.27010705899409343,0.22,0.78,1.307085306622513,0.9988914753158249,0.001108524684175145,1.097879040800623,0.8378243921219276,0.21507588250951368,0.04745207243724892,0.43996311391184106,0.13,1.4785679000196978,375,1,2.1034255027678777,1.578219761688597,0.001108524684175145,1.183219738430469,0.1621756078780724
S6,4,Local-only,0.8435153027636246,1.9366997305458002,5.1986551142626976,0.180122658850305,0.185,0.815,0.8967459203373107,1.0,0.0,0.0,0.8658648208430905,0.27801373651218597,0.1806766702865826,0.3935920332991759,0.0,0.0005806999979540706,1,1,1.8254750981530499,1.0,0.0,0.8681050054073031,0.13413517915690953
S6,4,Random-feasible,1.1450699295969156,2.0397791917803785,5.533235632158376,0.3081025208381948,0.24,0.76,1.0989662221477008,0.9983767660564672,0.0016232339435327675,1.09645070136567,0.8519898488515684,0.225594762466245,0.05127584289806686,0.41680079714615215,0.255,0.006037599989213049,1,1,1.9252246405988624,2.5476942604165385,0.0016232339435327675,1.0363338436949916,0.14801015114843163
S6,4,Max-SINR,0.40763774057871827,0.811426177150335,1.6915425538034032,0.10572758004911352,0.775,0.225,0.1139397817007184,0.997497813285595,0.002502186714405058,1.035450056537185,0.975586869543846,0.5454402470785932,0.2999834280936215,0.15818990406969496,0.915,0.002868899959139526,1,1,0.8484778895353031,1.0734822524766625,0.002502186714405058,0.12133409364835604,0.02441313045615401
S6,4,Delay-Greedy,0.4455019813010395,0.9709731137288122,2.2238357235829818,0.12392926089401646,0.555,0.445,0.20897180562527282,0.9976339318840501,0.0023660681159497926,1.0342874132248228,0.9620027210554869,0.5276753076911286,0.20725632203184213,0.1987412872029321,0.9,0.007918199989944696,1,1,0.8651060974801517,1.2050472840063795,0.0023660681159497926,0.1691822354607111,0.0379972789445131
S6,4,Load-Aware,0.3790038312339241,0.824721551785298,1.9052605215548026,0.09837425755621719,0.705,0.295,0.17002342064409548,0.9983051682918758,0.0016948317081242241,1.0227965836483701,0.9658711968873082,0.5117291934492181,0.21992191107424847,0.1879753583267885,0.6,0.010459599900059402,1,1,0.8182959644936619,0.8451145417352944,0.0016948317081242241,0.1688174881667434,0.03412880311269184
S6,4,Offload-then-Allocate,0.38992021780359576,0.8106894399176716,1.9568859111128214,0.10169039806548259,0.8,0.2,0.12091749631865077,0.9975584740042168,0.002441525995783129,1.0353349900713653,0.9741772122204979,0.5668107948235867,0.2888360137729359,0.16281056365039387,0.91,0.00860960001591593,1,1,0.8411266596427319,0.9571574547625502,0.002441525995783129,0.12681284524979325,0.025822787779502088
S6,5,RFOTO-ABC,0.35605065882344966,0.7781968786405848,1.7473773262349583,0.09417011031723357,0.75,0.25,0.12958607583007434,0.9992422085867955,0.0007577914132044411,1.020469649599733,0.9739183355506912,0.5584079901833405,0.2666886194185411,0.16364637161511988,0.645,1.516923800110817,375,1,0.7495546966162427,0.9148315598072356,0.0007577914132044411,0.10949377099306534,0.026081664449308817
S6,5,Standard-ABC,0.6914271064146906,1.4544882562710866,4.501241743235185,0.160832399037188,0.345,0.655,0.6187913575925634,0.998428986007184,0.0015710139928161026,1.0667165316905656,0.8919380997101389,0.30142161881755997,0.20775057688563167,0.3480718828132171,0.245,1.43575459998101,375,1,1.4717531950541791,1.0369114492136395,0.0015710139928161026,0.6057144097082303,0.10806190028986107
S6,5,GA,0.6198196359730345,1.3790815136905628,4.141433689252627,0.13927734249391877,0.36,0.64,0.5592614984150499,0.9985194481701545,0.0014805518298455355,1.0759387378550922,0.9018622811420656,0.33408570021826356,0.20838111335572027,0.32987383359861927,0.255,1.4385794000700116,375,1,1.3623521645360621,0.8830162351581279,0.0014805518298455355,0.527049565482562,0.09813771885793443
S6,5,PSO,0.8129457029772788,1.716190582944364,4.637043584793814,0.18003000413265333,0.23,0.77,0.8094610156238375,0.9988405196943901,0.0011594803056099439,1.1063474870694636,0.8755845913126903,0.27538320255170307,0.1047322769678099,0.37695371706511155,0.1,1.7024055999936536,375,1,1.737010560395795,1.0397110005621053,0.0011594803056099439,0.8153688217191832,0.12441540868730971
S6,5,DE,1.1748939748075153,2.2176957070544354,5.3736575033123115,0.25451645254012867,0.2,0.8,1.376424076502076,0.9985457501986446,0.0014542498013554572,1.0913522930032515,0.8376083734175622,0.16255706225060973,0.03382157295025613,0.4403128001392016,0.175,1.4253393000690266,375,1,2.1711695518257423,1.959349734693855,0.0014542498013554572,1.2541981307974588,0.16239162658243778
S6,5,Local-only,0.7875551190364926,1.7230657171426498,4.637043584793814,0.17158115547373698,0.18,0.82,0.7727245197670404,1.0,0.0,0.0,0.8824360053618417,0.3017397388631019,0.20838111335572027,0.3650022630680728,0.0,0.0008139000274240971,1,1,1.7189205256584372,1.0,0.0,0.7607615537046382,0.11756399463815825
S6,5,Random-feasible,0.9279314560021306,1.5175522000451496,4.222086206251281,0.2038303604589423,0.305,0.695,0.7542303310871807,0.997088824758058,0.0029111752419419424,1.0851431157590286,0.8885939134776489,0.3009141482818549,0.04305174753230612,0.3540811378539721,0.275,0.004012100049294531,1,1,1.6405603155729653,2.0850406341658965,0.0029111752419419424,0.7509685358290548,0.11140608652235107
S6,5,Max-SINR,0.46041370699494716,0.8463943726705427,2.245045765766592,0.1170839479509699,0.745,0.255,0.19054423941774007,0.9980563710644245,0.0019436289355755447,1.0228801916403385,0.9634109787907892,0.522216397217722,0.1901569287129307,0.1948810452764499,0.935,0.0022061000345274806,1,1,0.8873053020410238,1.2555558595257126,0.0019436289355755447,0.17750769434935038,0.036589021209210815
S6,5,Delay-Greedy,0.4254198066884992,0.8620851920437582,2.0087893405146335,0.10737046618395621,0.655,0.345,0.1460391286808585,0.9977445705781508,0.0022554294218493313,1.0291532825882066,0.972339164052706,0.5628538203942494,0.2666886194185411,0.16866453025903405,0.925,0.00829410005826503,1,1,0.8014420715086834,1.276332080096788,0.0022554294218493313,0.11603706208138459,0.02766083594729396
S6,5,Load-Aware,0.35949091674548095,0.7935149355951034,1.9449734340445466,0.09079893622520602,0.75,0.25,0.14414543081282327,0.9994882376586673,0.0005117623413325684,1.017429276486353,0.9706268247485591,0.46914241380775673,0.2666886194185411,0.1739599617345822,0.63,0.008381100022234023,1,1,0.7644141909418213,0.8798924799849854,0.0005117623413325684,0.12758067302518097,0.029373175251440897
S6,5,Offload-then-Allocate,0.3732176114943853,0.7631649441632433,1.6516514903875055,0.09258741413172565,0.8,0.2,0.10217256775050457,0.9976708375781925,0.0023291624218075772,1.0289653452724037,0.979164144319973,0.618343127756159,0.2666886194185411,0.14587400924737512,0.925,0.007110600010491908,1,1,0.7959909047506588,0.979891876781046,0.0023291624218075772,0.09457957181279256,0.020835855680026993
S6,6,RFOTO-ABC,0.41338744393376575,0.9546392514404998,2.194040673937412,0.11670259145965672,0.645,0.355,0.18859709495766416,0.9982152712122724,0.0017847287877276314,1.022975109764317,0.9637007365322245,0.4816411150862783,0.24297342377971048,0.19407867165906134,0.66,1.30116110004019,375,1,0.8881544549595272,0.9253242706599519,0.0017847287877276314,0.18699341726871724,0.036299263467775456
S6,6,Standard-ABC,0.8046764570809691,1.7000133733310048,5.083460050605997,0.18163665098498682,0.3,0.7,0.7820802167332545,0.9976494320442606,0.002350567955739356,1.0906191191378272,0.8697053336522792,0.2855372532854826,0.16525930954163626,0.38705907313836446,0.22,1.404103499953635,375,1,1.6822315848398477,1.0744332476389293,0.002350567955739356,0.8117570407274468,0.1302946663477208
S6,6,GA,0.6752984296451517,1.518099069205537,4.113542746245314,0.16777612667450836,0.33,0.67,0.6605507049675233,0.9980705339984985,0.0019294660015013582,1.0734494972471404,0.8864419005951131,0.3140842465711793,0.19842785400152563,0.3579183127795938,0.255,1.4292680999496952,375,1,1.4377565018807008,0.9553798787925996,0.0019294660015013582,0.6205308569802137,0.11355809940488693
S6,6,PSO,0.9003597998849684,1.9878913542474834,5.274338078337617,0.20055348867158734,0.21,0.79,1.005714268296328,0.9988047162361312,0.0011952837638689107,1.0914042459238065,0.8501673515010011,0.24276486485194632,0.10114740443483802,0.41980829607712344,0.16,1.7007368999766186,375,1,1.8938998998473942,1.0638255134480141,0.0011952837638689107,0.9783881755131763,0.1498326484989989
S6,6,DE,1.0707271017903501,2.228097678677561,6.7203967959185285,0.21897598760448939,0.17,0.83,1.2263356561331298,0.9987255564621403,0.0012744435378596187,1.0888094353739624,0.8383582997231199,0.19834805893427007,0.07674545820830676,0.4390984164965914,0.12,1.440739499987103,375,1,2.155883358536449,1.3545662721506102,0.0012744435378596187,1.2162807103381694,0.16164170027688007
S6,6,Local-only,0.8922425923739208,1.9931377757512359,5.2123458244062455,0.18963287402910686,0.145,0.855,0.9513848469888895,1.0,0.0,0.0,0.8621170369130272,0.27907885876370625,0.19435545567928716,0.39991914024792574,0.0,0.0008058999665081501,1,1,1.92642661848106,1.0,0.0,0.9598139731624397,0.1378829630869728
S6,6,Random-feasible,0.9438831970444895,1.896503342433116,5.2712966447396115,0.22493208003308482,0.255,0.745,0.9622969153085744,0.9969353072890245,0.0030646927109756494,1.1037858495513033,0.8541405795954794,0.27763015638746164,0.050320667136265484,0.4132402009497358,0.265,0.003759699990041554,1,1,1.8332260544478678,1.516031787214309,0.0030646927109756494,0.9427202549900118,0.1458594204045206
S6,6,Max-SINR,0.45509595493680566,0.9110992653624003,2.1963030174315104,0.11518335591012682,0.78,0.22,0.1960535991844064,0.9976839779447737,0.002316022055226405,1.0248689858476268,0.9594652254459115,0.4123475734394222,0.22146149601589507,0.2055413768980041,0.88,0.002624899963848293,1,1,0.9608876079309079,1.007440152078808,0.002316022055226405,0.22885843819239537,0.04053477455408849
S6,6,Delay-Greedy,0.4855462906174886,1.0252790208235305,2.5307993455834885,0.12589814800501156,0.62,0.38,0.21746778050539972,0.9975476364696783,0.0024523635303217712,1.023261129118679,0.9579461044792384,0.43386395332765815,0.22146149601589507,0.20952342168711155,0.875,0.008232800057157874,1,1,0.9576453935482708,1.2180037068767537,0.0024523635303217712,0.22654331665891705,0.04205389552076155
S6,6,Load-Aware,0.42107752231525175,0.9568940534450863,2.043678990993749,0.11362822951690771,0.66,0.34,0.20123474078179102,0.9984391915490403,0.0015608084509598262,1.019677570212524,0.9611504480514077,0.47229888779281465,0.22146149601589507,0.20104687216980974,0.645,0.009016399970278144,1,1,0.9103158370944626,0.890170987953212,0.0015608084509598262,0.2153332814646938,0.0388495519485923
S6,6,Offload-then-Allocate,0.4328788095076629,0.8988336349772902,1.9931981120066116,0.11259378909003136,0.785,0.215,0.17155717525202926,0.9969506749640324,0.0030493250359676766,1.0246786746101357,0.9643566271447253,0.4484338441388109,0.22146149601589507,0.19225186528980032,0.885,0.007770200027152896,1,1,0.9308760381976914,0.9557387651189474,0.0030493250359676766,0.20337045701965292,0.035643372855274746
S6,7,RFOTO-ABC,0.3399062809974629,0.892688319448106,2.0112222765956442,0.1096154385610597,0.7,0.3,0.13667629178150872,0.9991866557921348,0.0008133442078651576,1.0209499257589671,0.9724782960487199,0.5422972161367227,0.33256578797507436,0.16822777491464347,0.67,1.3817917999112979,375,1,0.7777150023330983,0.7121656676987271,0.0008133442078651576,0.13744702330045674,0.027521703951280063
S6,7,Standard-ABC,0.7347045723053712,1.701198609717691,4.353289921433314,0.21009456733254822,0.315,0.685,0.6969158236333592,0.9981319522247637,0.0018680477752362245,1.0869004203409516,0.8842709318239528,0.32275756868954414,0.10387031000520275,0.36176667116581407,0.235,1.4463698999024928,375,1,1.5751292518861022,0.9856318475504183,0.0018680477752362245,0.7013780496793144,0.11572906817604722
S6,7,GA,0.6193963284662308,1.5576525891221422,3.980161961040786,0.20464578635401132,0.355,0.645,0.5821598599260714,0.9988371935282145,0.0011628064717853247,1.0514905606294929,0.8966687767836662,0.35141430570977567,0.23236063863452494,0.33946871903983583,0.255,1.460770000005141,375,1,1.3460285620603967,0.9219549945019082,0.0011628064717853247,0.515454775996153,0.10333122321633381
S6,7,PSO,0.9184057437034165,2.031321052581613,5.029605374882621,0.26546450872800054,0.195,0.805,0.9788527489993676,0.9992068893160113,0.0007931106839886693,1.0753201069921392,0.8621272971726998,0.2722840484519648,0.07840953799784008,0.3999018807596837,0.145,1.4881819000001997,375,1,1.845299769226743,1.3661027421013279,0.0007931106839886693,0.9253034500825552,0.13787270282730024
S6,7,DE,1.080899246501022,2.4883963103996343,7.980334268999734,0.2743881101274326,0.195,0.805,1.3257583853170218,0.9982695090726988,0.001730490927300985,1.1028738645143024,0.8345247303860261,0.19169083109116358,0.05300480717381456,0.44529410226524335,0.17,1.3748049000278115,375,1,2.1535772089307677,1.4225673491935853,0.001730490927300985,1.2158098130469444,0.16547526961397385
S6,7,Local-only,0.8325423793221995,1.9487781824028718,4.885920192602374,0.23328423779870275,0.18,0.82,0.8267906084314492,1.0,0.0,0.0,0.8776514493065297,0.3035643542667372,0.20978422115297793,0.37336910387315037,0.0,0.0006161000346764922,1,1,1.8071813485922261,1.0,0.0,0.84957903828049,0.12234855069347028
S6,7,Random-feasible,0.8281686468153514,1.7540262948501146,4.373765442609636,0.2257696465300514,0.27,0.73,0.7720257633055533,0.9982209672020005,0.0017790327979995096,1.0930736308904245,0.8732917945458377,0.30665035031167975,0.14933996482448936,0.3809102683691736,0.195,0.004947900073602796,1,1,1.7321197656683496,1.1411634962163821,0.0017790327979995096,0.8184085743523299,0.12670820545416228
S6,7,Max-SINR,0.3432035967470981,0.8327613274933928,1.9019130625210179,0.10191532104681153,0.78,0.22,0.10346289850402657,0.9989835075458412,0.0010164924541588454,1.0187661153875467,0.9783862285993535,0.5861645002644565,0.33256578797507436,0.14863124353113366,0.92,0.002112500020302832,1,1,0.8088703281350857,0.74638341690258,0.0010164924541588454,0.10233255190804354,0.021613771400646464
S6,7,Delay-Greedy,0.4060609379942612,0.9898603807616656,2.4482571016951415,0.11817768227528822,0.575,0.425,0.17749599850422634,0.9986553145260385,0.0013446854739615948,1.018202054247665,0.9677589355359342,0.5436579761624459,0.33256578797507436,0.1825244678786645,0.905,0.007668999955058098,1,1,0.8385611578114885,1.0007912199976543,0.0013446854739615948,0.1647874751093547,0.03224106446406583
S6,7,Load-Aware,0.35305462495966133,0.8909781307923972,2.302895584218046,0.11055051446835223,0.71,0.29,0.1546255502800182,0.9992139220042611,0.0007860779957389769,1.0172719624561022,0.9679458180228558,0.49210173754595593,0.32685756376318764,0.1819771357733332,0.635,0.009088100050576031,1,1,0.8046135426783039,0.7087338869320476,0.0007860779957389769,0.16250325341823535,0.03205418197714416
S6,7,Offload-then-Allocate,0.3439817636812711,0.8246853557219831,1.8996186123996048,0.09734972108139991,0.79,0.21,0.09503299988775493,0.9982545723650105,0.0017454276349895032,1.01962272134526,0.9801451099838188,0.6040137236429249,0.33256578797507436,0.14232741252821574,0.915,0.006493999972008169,1,1,0.806045011331636,0.7499490009325014,0.0017454276349895032,0.10660336671624704,0.019854890016181237
S6,8,RFOTO-ABC,0.33395553041095694,0.7517339207736318,1.6804939479706835,0.10234869764362901,0.78,0.22,0.09775326712118694,0.9988231164765279,0.0011768835234722203,1.0200602338985636,0.9801490617187448,0.6173339435797242,0.30490236554436184,0.1423129611656042,0.65,1.342340699979104,375,1,0.7212785520735115,0.8375554549714554,0.0011768835234722203,0.09915822679991218,0.01985093828125517
S6,8,Standard-ABC,0.712238256914094,1.5549080263365591,4.038952149886444,0.16787629547604552,0.325,0.675,0.6197792759548267,0.9992922701044483,0.0007077298955516559,1.0743385534855132,0.8911711002605727,0.31295772248554343,0.2068526173466842,0.3494552521193045,0.155,1.5103880000533536,375,1,1.5404089250515198,0.9723609213720021,0.0007077298955516559,0.6592640260215571,0.10882889973942733
S6,8,GA,0.6229188173451525,1.4178666321839575,3.8380298993841557,0.15399404559652102,0.36,0.64,0.5229012564751598,0.998656818868337,0.001343181131663113,1.0716017132520357,0.9070109203097841,0.3479882619973334,0.2068526173466842,0.3201914396212841,0.215,1.569001100026071,375,1,1.3833689722274074,0.8731436671790169,0.001343181131663113,0.5275521041263325,0.09298907969021586
S6,8,PSO,0.8943233387790649,1.952609036829599,4.92797912916149,0.2139462379500781,0.23,0.77,0.9317174750755735,0.9984841577704199,0.001515842229580176,1.0987085812718398,0.8641718132814891,0.24863407770252202,0.08065595433475099,0.39645591619503384,0.16,1.5789004999678582,375,1,1.8197227813764594,1.3069461549604773,0.001515842229580176,0.8906932949487427,0.13582818671851093
S6,8,DE,1.0392446508999662,2.1840204186289593,5.976924381898751,0.27051949204621367,0.23,0.77,1.1543091246152775,0.9984082361491692,0.0015917638508308274,1.0769482824448482,0.8397899462961276,0.2043575854031942,0.055842458429129396,0.4367767852074815,0.13,1.4397614999907091,375,1,1.9754480510961374,1.7312610758766402,0.0015917638508308274,1.0453744636747562,0.16021005370387242
S6,8,Local-only,0.8020156957440551,1.805497282117987,4.181029650552048,0.1925445237343549,0.21,0.79,0.7568823661755317,1.0,0.0,0.0,0.8801225500392665,0.3119312559340324,0.2068526173466842,0.36906016690861626,0.0,0.0005821000086143613,1,1,1.7484845551940555,1.0,0.0,0.7876517578057245,0.11987744996073346
S6,8,Random-feasible,0.7765100087720692,1.5614259703606705,3.97238164958302,0.18921932078699163,0.31,0.69,0.620248357082351,0.9988821463890318,0.0011178536109681747,1.095384724821162,0.8923314686806461,0.32286798088391055,0.2068526173466842,0.3473611868705973,0.2,0.0056689000921323895,1,1,1.5906600435759752,1.2757176263832628,0.0011178536109681747,0.6844540140019577,0.10766853131935394
S6,8,Max-SINR,0.3521258350770684,0.7668378720051149,1.7899991816033212,0.10130952598899592,0.805,0.195,0.09883664288249192,0.9980345758000285,0.001965424199971372,1.0202698198386817,0.9798462171471121,0.6143275292672737,0.30490236554436184,0.14341656860210225,0.905,0.0027001999551430345,1,1,0.7723323375948101,0.8644732334762049,0.001965424199971372,0.10382245355603056,0.020153782852887936
S6,8,Delay-Greedy,0.39010646966656665,0.8262405597983872,1.807240743709769,0.10936494806765537,0.72,0.28,0.12207515661980035,0.9980191333618547,0.0019808666381453894,1.0214732641432043,0.9755961854269009,0.5780119042308488,0.30490236554436184,0.15815896397039525,0.905,0.009012300055474043,1,1,0.7732207489516261,1.0928573051297747,0.0019808666381453894,0.1152637645823997,0.024403814573099147
S6,8,Load-Aware,0.3346929224193862,0.7553225350809405,1.6825607936312688,0.10268967307233705,0.78,0.22,0.09874628688631674,0.9987428049180529,0.001257195081947085,1.0199573844087189,0.9800254743852196,0.6173339435797242,0.30490236554436184,0.142764278406151,0.65,0.009891900001093745,1,1,0.7202350777208966,0.8426805638317693,0.001257195081947085,0.09993780222316104,0.019974525614780414
S6,8,Offload-then-Allocate,0.33771258052632974,0.735434606518186,1.642713880884697,0.09595181248475776,0.815,0.185,0.08245314720576237,0.9982857848094376,0.0017142151905624832,1.022152607104218,0.9829946548477763,0.7184017189298012,0.30490236554436184,0.13152767626799575,0.905,0.009940700023435056,1,1,0.753906252965894,0.8254801431093841,0.0017142151905624832,0.09008140403001051,0.01700534515222374
S6,9,RFOTO-ABC,0.33583842007849113,0.7994981465436538,1.6625866869782728,0.10406522630936559,0.765,0.235,0.08215054013625764,0.9974465140011304,0.0025534859988695174,1.026815122714229,0.9839685920624145,0.6776611926052958,0.3520943385472492,0.1276424744158028,0.675,1.3416594999143854,375,1,0.7513689562466701,0.8029323633299903,0.0025534859988695174,0.0985636725076531,0.016031407937585507
S6,9,Standard-ABC,0.7970713965696111,1.7071029254256944,4.647138592891968,0.21060628859660135,0.35,0.65,0.7357430284583094,0.9971602243625938,0.002839775637406242,1.1079337453673928,0.8779196829310463,0.2898256937367131,0.07559856171969334,0.37290261705847366,0.255,1.4634894999908283,375,1,1.549675027253066,1.4392910127194822,0.002839775637406242,0.699515940642392,0.12208031706895373
S6,9,GA,0.6569437500525862,1.5177933446379404,4.450985187079128,0.16699774840309944,0.385,0.615,0.5922086258235368,0.998999467004287,0.001000532995712966,1.061240971218896,0.8936181242079533,0.31513260620472244,0.19513341242682408,0.34503077816935224,0.21,1.5007288999622688,375,1,1.4303113397821214,0.8827216329246835,0.001000532995712966,0.6032011288016148,0.10638187579204672
S6,9,PSO,0.9087139381451519,2.04357657393409,5.235065811151448,0.2126832639156914,0.225,0.775,1.0439433518390464,0.9979543123205182,0.0020456876794817088,1.070460121949186,0.8465124506806146,0.2363263564007459,0.08465555438337437,0.425813965397812,0.14,1.3438070999691263,375,1,1.8794507338699673,1.1426180437147238,0.0020456876794817088,0.9761051127465892,0.15348754931938535
S6,9,DE,0.9737612195464956,2.1253757191586016,5.396940323764152,0.22024544644716862,0.21,0.79,1.115661779637592,0.9986715690166226,0.0013284309833774789,1.0873122011981473,0.8427751543455885,0.241930310651304,0.07097196650848772,0.431921404451811,0.12,1.5275289999553934,375,1,1.9502843407806263,1.3496247495325104,0.0013284309833774789,1.0395880355065015,0.15722484565441153
S6,9,Local-only,0.8265541829753998,1.9136124292996255,4.687414119805808,0.20016084235957643,0.205,0.795,0.8439168432673892,1.0,0.0,0.0,0.8695763688184036,0.29051563020217486,0.19513341242682408,0.38727929511760084,0.0,0.0005517000099644065,1,1,1.7817077509091659,1.0,0.0,0.8462548022834756,0.1304236311815964
S6,9,Random-feasible,0.8366326297478303,1.7692987518610328,4.687414119805808,0.2004457134478354,0.305,0.695,0.8050990833643056,0.9975509998604725,0.0024490001395275477,1.1323011974128105,0.8674252135572041,0.29903198761018845,0.08173001709351038,0.3909439055388226,0.185,0.004079199978150427,1,1,1.6382821822100082,1.419868796524118,0.0024490001395275477,0.7748229868895419,0.13257478644279586
S6,9,Max-SINR,0.4436150779249581,0.8999314874838177,2.121304955296241,0.12303311906150509,0.76,0.24,0.161838345671756,0.9970151551208966,0.0029848448791034102,1.021784334459834,0.9674940395086378,0.5061302003089624,0.1837887677475308,0.1832978422378032,0.905,0.0025670999893918633,1,1,0.9488508121119651,0.9733253724918935,0.0029848448791034102,0.21972282389463121,0.03250596049136223
S6,9,Delay-Greedy,0.40386588713677857,0.915075252156648,1.983327277781762,0.11587911044618636,0.66,0.34,0.11653212394629801,0.996589094292213,0.0034109057077870626,1.0263214086277854,0.9786885365384947,0.640027536904129,0.31924147149687404,0.14756534794541243,0.915,0.00802579999435693,1,1,0.8206058964806916,1.1020310517907925,0.0034109057077870626,0.11812341834881417,0.021311463461505253
S6,9,Load-Aware,0.3376993509696868,0.8016362405043779,1.6625866869782728,0.10249606833358203,0.765,0.235,0.09023689783550648,0.9977009397909429,0.0022990602090571396,1.0236178759919314,0.9821964472813416,0.6689396712905071,0.3520943385472492,0.13463381680146136,0.66,0.009696800028905272,1,1,0.755046845391438,0.792918293173109,0.0022990602090571396,0.10747820278500286,0.01780355271865841
S6,9,Offload-then-Allocate,0.3653804162983245,0.8227578245761404,1.940358195257444,0.10299562837968436,0.785,0.215,0.08689763410279244,0.9963805337141828,0.00361946628581716,1.025609395264662,0.9819585126541689,0.6384474519821492,0.3520943385472492,0.13554690304071434,0.915,0.006685299915261567,1,1,0.8249873512955723,0.8456357049957269,0.00361946628581716,0.11543242546413701,0.01804148734583111
S6,10,RFOTO-ABC,0.32924846460878,0.8045557271688302,1.825983106931754,0.09879353499750244,0.775,0.225,0.11160801632324503,0.9981975561784857,0.0018024438215143445,1.0188676195171624,0.9766276652411836,0.5407026368453743,0.2865242994223019,0.15469865497608679,0.66,1.5005671000108123,375,1,0.727499719705345,0.7813483247771523,0.0018024438215143445,0.10521978795098236,0.023372334758816393
S6,10,Standard-ABC,0.727400974608667,1.609290106260605,4.200850548564062,0.17181853740931405,0.33,0.67,0.6758679784147427,0.998828080394938,0.0011719196050620196,1.0649764130378754,0.8838557641094852,0.2986920424108246,0.17844334533777678,0.36250010048135656,0.23,1.5567250000312924,375,1,1.5701374455182147,0.9813160113920191,0.0011719196050620196,0.680052768862884,0.11614423589051481
S6,10,GA,0.6682095654582167,1.5282600996097417,4.127396525016654,0.14869134294070352,0.37,0.63,0.6206987111361969,0.9983371056238248,0.001662894376175197,1.0633979988118059,0.8882435409069747,0.30500690015351684,0.23109589226291696,0.35470743149511486,0.275,1.4783137999475002,375,1,1.4600601324117397,0.8981826237176775,0.001662894376175197,0.6054843642337657,0.11175645909302534
S6,10,PSO,0.8281674692307625,1.8587328274734187,4.49348447366587,0.19218803127073703,0.255,0.745,0.8738257674581935,0.9980020926702085,0.0019979073297914803,1.0865654516593897,0.8607079490398781,0.28511369995740343,0.1438909877028592,0.4022863155694091,0.155,1.6099807999562472,375,1,1.7144305101637174,1.1698366407805938,0.0019979073297914803,0.8111638258510696,0.13929205096012187
S6,10,DE,1.2085104506446123,2.4653932176130344,5.9617006873309615,0.2995669522217996,0.215,0.785,1.4107309849421554,0.9989159962936602,0.0010840037063397229,1.07891845897798,0.8267189754292541,0.17908497788628572,0.03755909046103115,0.45782188651029837,0.195,1.5266216000309214,375,1,2.2753020888416096,1.8568089888179826,0.0010840037063397229,1.3398185027385305,0.1732810245707459
S6,10,Local-only,0.8122816106693598,1.90398644401772,4.520600224027202,0.17951992448213033,0.21,0.79,0.8463865515367022,1.0,0.0,0.0,0.8681150277458641,0.2864993639844014,0.17844334533777678,0.38977054740621775,0.0,0.0007453999714925885,1,1,1.7635299541237437,1.0,0.0,0.8064655052012139,0.13188497225413587
S6,10,Random-feasible,0.9693740344145706,1.767930630175193,4.680938940260994,0.20698393917159774,0.3,0.7,0.8286160968564894,0.9981326588978855,0.0018673411021144877,1.0878643259719205,0.866365312326427,0.28511369995740343,0.12227936366475081,0.392743561121312,0.22,0.00297949998639524,1,1,1.7017258445192864,2.1444177449808874,0.0018673411021144877,0.8074449606646279,0.133634687673573
S6,10,Max-SINR,0.36582571059160535,0.806853131469145,2.2082654463138134,0.09565584424304592,0.8,0.2,0.1193395462807088,0.9979147910865883,0.0020852089134117337,1.0157329525478136,0.9741202914339755,0.5095115189039172,0.2865242994223019,0.16299466725141015,0.915,0.002407600055448711,1,1,0.7884287426669826,0.9018228682556827,0.0020852089134117337,0.11658438647568509,0.025879708566024506
S6,10,Delay-Greedy,0.4121609334067738,0.9114775945528453,2.2103756054215595,0.10801332816267406,0.64,0.36,0.154550947522948,0.9977931870037955,0.0022068129962045384,1.0187882392693535,0.9701710438847571,0.5095115189039172,0.2865242994223019,0.17534560038266866,0.925,0.007644500001333654,1,1,0.7990478379172177,1.171285945419668,0.0022068129962045384,0.12716150439196708,0.029828956115242944
S6,10,Load-Aware,0.3305138914151386,0.8074502480968891,1.825983106931754,0.0985888875393142,0.77,0.23,0.11546219872535637,0.9982048859511968,0.001795114048803278,1.0187606107287617,0.9757687263706296,0.5407026368453743,0.2865242994223019,0.1575849265225458,0.655,0.008574599982239306,1,1,0.7299732777784831,0.7805159934748636,0.001795114048803278,0.10779783638048826,0.024231273629370387
S6,10,Offload-then-Allocate,0.36422962923789703,0.801727450537897,1.7010265842894567,0.09406453969400402,0.79,0.21,0.11449179611957572,0.9972335951523499,0.002766404847650095,1.0203868416919022,0.9755284307460192,0.5341338675972717,0.2865242994223019,0.15838386777197325,0.925,0.010591400088742375,1,1,0.7906693161490648,0.9022527110217544,0.002766404847650095,0.1080015087589626,0.02447156925398075
S6,11,RFOTO-ABC,0.3731006783303423,0.8549952354301419,1.8432793688299545,0.11294981163184067,0.7,0.3,0.16427715444668664,0.9976739779678337,0.002326022032166243,1.0290758009177654,0.9665487341386029,0.48530249843969664,0.3291297432032001,0.18603488934710033,0.645,1.5274372999556363,375,1,0.7905060101557845,0.9314739386537334,0.002326022032166243,0.1210807628307731,0.03345126586139713
S6,11,Standard-ABC,0.74848810341007,1.6989681748749612,4.41388308654741,0.17889957709666318,0.29,0.71,0.7751832877502598,0.9986748514934921,0.001325148506507866,1.0679872876898076,0.8713081791604673,0.2859414322423456,0.2090682186973478,0.38431698389214325,0.18,1.735430600005202,375,1,1.5974941594371463,0.9894667247218536,0.001325148506507866,0.724503008061095,0.12869182083953268
S6,11,GA,0.6394791463959876,1.5166596726120858,4.136467983805173,0.16361373939403137,0.335,0.665,0.6527370318137048,0.9991199270418559,0.0008800729581439859,1.0515278432952853,0.8887015151254563,0.3076526565299264,0.2090682186973478,0.35388867588404366,0.21,1.6819858000380918,375,1,1.3925382394686106,0.8936410218478804,0.0008800729581439859,0.56171058371537,0.11129848487454375
S6,11,PSO,0.8416391054094633,1.8874180365780382,4.610981662318236,0.19152930257807832,0.21,0.79,0.9034508289618696,0.9995233317412917,0.0004766682587082344,1.1088620473775748,0.8630888708415007,0.2826398121261725,0.14518348379698437,0.39828286070550384,0.075,1.7095592999830842,375,1,1.757391706923877,1.1485232866032158,0.0004766682587082344,0.837522730649981,0.13691112915849935
S6,11,DE,1.0718439545791956,2.345459226438288,5.247848328697558,0.23050945386457436,0.185,0.815,1.3030065443993255,0.9997224462106661,0.00027755378933391197,1.052190265261235,0.8376841528949164,0.2587237570037267,0.034424617976618575,0.44019014112083865,0.105,1.546803200035356,375,1,2.20031249368531,1.197316596227829,0.00027755378933391197,1.2710618156002578,0.16231584710508362
S6,11,Local-only,0.8401700313114706,1.9540485512863297,4.606342715313062,0.18881868936124604,0.155,0.845,0.9269451605098961,1.0,0.0,0.0,0.8688175104223065,0.2839531689734779,0.2090682186973478,0.3885739227834361,0.0,0.0011300999904051423,1,1,1.8192566583758014,1.0,0.0,0.8627139731234653,0.13118248957769352
S6,11,Random-feasible,0.8311431696246994,1.8905525634078333,4.711241545453462,0.24604071652334866,0.285,0.715,0.8993967984595476,0.9979668635017755,0.002033136498224461,1.0704050654570303,0.8568160633388329,0.2752803376514587,0.08638076432479153,0.4087929047748579,0.23,0.006592700025066733,1,1,1.6879437696461626,1.251072866403427,0.002033136498224461,0.7984483178152987,0.14318393666116713
S6,11,Max-SINR,0.40773071303000946,0.8623936899944065,2.156207712157532,0.10864669468067177,0.735,0.265,0.16218381940170168,0.997463623317239,0.0025363766827610824,1.0213495125694618,0.9662495427900337,0.48530249843969664,0.2734022984379733,0.18689392271900282,0.885,0.0023273000260815024,1,1,0.8694056007187367,0.9807661249983096,0.0025363766827610824,0.15077820073012693,0.03375045720996628
S6,11,Delay-Greedy,0.44435296308207917,0.9879191960408475,2.216589157239331,0.12827387231001655,0.55,0.45,0.21307131127935947,0.9970900363085025,0.0029099636914974815,1.0252728807341323,0.9604516821791989,0.48530249843969664,0.3486864382188255,0.20292065105160764,0.91,0.010093500022776425,1,1,0.881115095693198,1.1870923899615762,0.0029099636914974815,0.1579843610124942,0.03954831782080115
S6,11,Load-Aware,0.3732446092475246,0.854736643591381,1.8477914408914669,0.1131126442659206,0.695,0.305,0.16511860558747343,0.9976563168558961,0.0023436831441039003,1.0289760441352187,0.9664058384030476,0.48530249843969664,0.3291297432032001,0.1864455966654943,0.645,0.011705400072969496,1,1,0.7895051193726123,0.9330245241143196,0.0023436831441039003,0.12162715967543987,0.03359416159695239
S6,11,Offload-then-Allocate,0.4089978804471256,0.8637379517956905,1.885792118097358,0.11487967002617591,0.7,0.3,0.14594794416272924,0.9968071038062132,0.0031928961937866636,1.0264328984720088,0.9701489473536002,0.49330153671646026,0.26542393217976185,0.1754125317391919,0.915,0.008331299992278218,1,1,0.8734279272852788,1.0207998541852308,0.0031928961937866636,0.12961873344921573,0.029851052646399756
S6,12,RFOTO-ABC,0.36549709803769964,0.8641883488778223,2.7584791986256922,0.10336705357050625,0.71,0.29,0.159902187908432,0.9981130659710797,0.0018869340289203523,1.0272660786835874,0.9666921211331706,0.45001718444606503,0.3316169687331845,0.18562197909759792,0.61,1.384488399955444,375,1,0.7928730825672564,0.8152627071387988,0.0018869340289203523,0.15846341075702897,0.0333078788668294
S6,12,Standard-ABC,0.7270413366029466,1.6258381109911273,4.675277751421997,0.1616256547724376,0.335,0.665,0.6869789814104205,0.9986009842963992,0.001399015703600774,1.0787818007224037,0.8803234758852646,0.29075557325570933,0.21208028483043245,0.3687086630709417,0.18,1.5819418000755832,375,1,1.549397489403741,0.9889233101521715,0.001399015703600774,0.6924887438850202,0.1196765241147354
S6,12,GA,0.6414998119924697,1.517476560913904,4.675277751421997,0.15112941280983536,0.38,0.62,0.5946300736572865,0.9993907340173049,0.0006092659826949831,1.0360939297307281,0.8934349378958222,0.29279061255950267,0.21208028483043245,0.3453631170685437,0.215,1.610594000085257,375,1,1.3860569194323904,0.9322733692567309,0.0006092659826949831,0.5561518569347872,0.10656506210417782
S6,12,PSO,0.900722484713418,1.9475911775336534,5.11393591654316,0.1909378296992923,0.265,0.735,0.9590171759730067,0.9990256891047257,0.0009743108952743363,1.089077927214547,0.8506073405432665,0.25672591101013176,0.07988187176515499,0.4190830212368545,0.145,1.7163529000245035,375,1,1.8337801644847276,1.2479167943420253,0.0009743108952743363,0.9299446533734694,0.14939265945673352
S6,12,DE,1.1247440970268752,2.199662132969372,7.144715049019702,0.2405684889797772,0.25,0.75,1.2355370856491321,0.9977291848379154,0.00227081516208459,1.1016523438202788,0.8336837132668714,0.19705466823929554,0.061661202765695956,0.44664937584907066,0.145,1.5051240000175312,375,1,2.149138276386422,1.7034653921737846,0.00227081516208459,1.2261524522472635,0.1663162867331286
S6,12,Local-only,0.8522085115395014,1.893875969315953,5.029078802192366,0.17452338016677615,0.225,0.775,0.8382206636043966,1.0,0.0,0.0,0.8657456596977258,0.26681639577996563,0.21208028483043245,0.3937939194781388,0.0,0.0005717000458389521,1,1,1.8394874610914078,1.0,0.0,0.8887939808852332,0.13425434030227423
S6,12,Random-feasible,0.7979669013507623,1.67387915950327,5.1079581032172,0.18144504803379655,0.36,0.64,0.7398168857270315,0.9967255414227684,0.003274458577231717,1.1049517171727974,0.8713076791396691,0.2574998600154492,0.14457353651780142,0.3843178407813637,0.25,0.0035826999228447676,1,1,1.6302323449250127,1.1681870636385148,0.003274458577231717,0.7808880629169443,0.1286923208603309
S6,12,Max-SINR,0.41062615139412434,0.865060759908109,2.5003295517531203,0.11341078447212423,0.79,0.21,0.16476125329958385,0.9972331326956467,0.002766867304353363,1.0292287832798368,0.9648264875054962,0.4285160875689015,0.21145491367443486,0.1909339956747882,0.9,0.0026211999356746674,1,1,0.8542849045947083,1.0316007181592217,0.002766867304353363,0.14594166874607117,0.035173512494503845
S6,12,Delay-Greedy,0.43511153271614383,0.9638538379018248,2.8004596410653333,0.12030493435581933,0.62,0.38,0.1956462071530135,0.9976193356590001,0.0023806643409998943,1.0267310162853183,0.9608884260311101,0.43266884364909314,0.3157362294048327,0.20175121817044406,0.875,0.010297699947841465,1,1,0.8641889989986797,1.114999787920677,0.0023806643409998943,0.1818857832593555,0.03911157396888987
S6,12,Load-Aware,0.36604028508713554,0.8644610398371816,2.7584791986256922,0.10344237831908376,0.71,0.29,0.16101598037960174,0.998168584692718,0.0018314153072821065,1.026877269271433,0.9664439336873933,0.45001718444606503,0.3316169687331845,0.1863361807910939,0.61,0.00925399991683662,1,1,0.7927766687646565,0.8177298108668049,0.0018314153072821065,0.15914781303041325,0.03355606631260666
S6,12,Offload-then-Allocate,0.38485750837650534,0.8345706751029668,2.241416755549122,0.1055688701376977,0.78,0.22,0.13784030599176617,0.9970091667207016,0.0029908332792983956,1.0293505865783703,0.9705021738273389,0.44307467073604917,0.2719005938421631,0.17433988283088558,0.885,0.007385200005955994,1,1,0.8265858986720792,0.9394238512297213,0.0029908332792983956,0.12909846176907408,0.029497826172661057
S6,13,RFOTO-ABC,0.38175740909021044,0.8706728337459938,1.966114554369102,0.11315373873464996,0.64,0.36,0.1610840470586378,0.9983458401688173,0.0016541598311827427,1.0273617387493519,0.9689374701210818,0.5244200256260572,0.3061081091347764,0.17904843791541605,0.64,1.406254000030458,375,1,0.8317210309973238,0.8612736187312047,0.0016541598311827427,0.15858358833249805,0.03106252987891822
S6,13,Standard-ABC,0.833604428859411,1.7017369365414032,4.018021513077241,0.1980245573155571,0.245,0.755,0.7843434299288202,0.9980154654845544,0.0019845345154454828,1.0924574236425122,0.8821238415445738,0.2855606011772874,0.11140179182853205,0.36555119409952547,0.22,1.4291579000419006,375,1,1.6529312861688692,1.4371839928274517,0.0019845345154454828,0.7468627108866912,0.1178761584554262
S6,13,GA,0.6785241995166169,1.5172238107076153,3.6942275363222823,0.15445408356788815,0.305,0.695,0.6562360655656917,0.997262549777392,0.0027374502226079384,1.0750341958803125,0.8901816562320688,0.3060806026108499,0.2320684599405814,0.3512352736338038,0.26,1.499106999952346,375,1,1.466615989037623,0.9111048976814042,0.0027374502226079384,0.6327369039811572,0.1098183437679312
S6,13,PSO,0.8518202876265918,1.8651840214468216,4.325681095052194,0.2063708861321566,0.16,0.84,0.875464294409442,0.9993390190917293,0.0006609809082707146,1.0696019857788728,0.8793077110768592,0.2767414163145966,0.09334033175294215,0.37048388403424215,0.105,1.6345068999798968,375,1,1.7781991614341015,1.1839334539947426,0.0006609809082707146,0.8457777585949191,0.12069228892314077
S6,13,DE,1.1091755580854128,2.2001148951935217,5.154216330554477,0.24294181902954107,0.14,0.86,1.2331919243837812,0.9986745822036346,0.0013254177963654618,1.1019392811672886,0.8549332722698486,0.2312220971200991,0.055502426808557576,0.4119246655422536,0.125,1.544048500014469,375,1,2.180559518389341,1.5765581631057657,0.0013254177963654618,1.2221074452136675,0.1450667277301514
S6,13,Local-only,0.8522132371589819,1.869110747918798,3.9543086278341746,0.18479112370702203,0.105,0.895,0.8600722193518799,1.0,0.0,0.0,0.8895288750304406,0.2964761764938977,0.2320684599405814,0.3524068675476788,0.0,0.0005523000145331025,1,1,1.8604292297292624,1.0,0.0,0.8821410439249298,0.11047112496955935
S6,13,Random-feasible,1.0216247341807358,2.1970210884428565,3.8284451144598433,0.2682511934816844,0.21,0.79,1.1110994341042004,0.9980665402990206,0.0019334597009793937,1.1111976737892222,0.8746553256765753,0.2767057462158427,0.017601612596641805,0.37855978013139346,0.195,0.0033920001005753875,1,1,1.9414173696819965,1.763486220171638,0.0019334597009793937,1.010236262583125,0.12534467432342467
S6,13,Max-SINR,0.4596545719100002,0.9088272319215115,2.108900361032652,0.13719525829654142,0.705,0.295,0.17509734456845905,0.9977505659330358,0.0022494340669642894,1.0294597964842944,0.963975180598335,0.4751311825402475,0.2293840870613355,0.1933160799676019,0.915,0.002122799982316792,1,1,0.9412479303691672,1.159206892091704,0.0022494340669642894,0.17843178312124047,0.03602481940166502
S6,13,Delay-Greedy,0.5177731929184983,1.009695804562473,2.1924765915010513,0.1410783380294424,0.49,0.51,0.24588649662376927,0.9969982630102794,0.0030017369897206224,1.0321634470962873,0.9569504315429006,0.4687622592463688,0.20483502261973233,0.21209951715284273,0.925,0.010035299928858876,1,1,0.9519355574571396,1.4456153043218394,0.0030017369897206224,0.2235569009577142,0.043049568457099396
S6,13,Load-Aware,0.39313044110747897,0.8756860489947155,2.026951444542323,0.113517076603723,0.645,0.355,0.1801947583414295,0.9985873736247259,0.0014126263752739531,1.0238883351785446,0.9647092901440544,0.5163458155717661,0.3061081091347764,0.19126344178545998,0.605,0.011236699996516109,1,1,0.8521710866397603,0.8541343926712082,0.0014126263752739531,0.18556551517364428,0.03529070985594562
S6,13,Offload-then-Allocate,0.4300429761098323,0.8754080498725859,1.8769120687965926,0.12288080694040648,0.71,0.29,0.13200682041746314,0.9965049756769144,0.003495024323085662,1.0353724380038913,0.9736997965956576,0.6019032768893949,0.3367059642034565,0.16434898036070275,0.94,0.006648499984294176,1,1,0.9072147886654703,1.101871118611414,0.003495024323085662,0.13325830310593623,0.02630020340434236
S6,14,RFOTO-ABC,0.3596929849523022,0.8068761060676843,2.0613375611056397,0.11073259091803674,0.73,0.27,0.15940231390446502,0.9988523590522601,0.001147640947739788,1.0205866769927283,0.9662320908199598,0.4925754683720137,0.27454806963237743,0.18694392507100624,0.655,1.4303440999938175,375,1,0.7611670366612777,0.8690210255249216,0.001147640947739788,0.13501342956676218,0.033767909180040245
S6,14,Standard-ABC,0.7453443937497264,1.601121177264352,4.2720490268877755,0.16310706611872683,0.265,0.735,0.7216480331885742,0.9989158807376586,0.0010841192623413799,1.0787521237388171,0.8777513120349082,0.29803134480723753,0.20665659441809153,0.3731954667867923,0.15,1.5408338999841362,375,1,1.6123127376462367,0.9568435714621724,0.0010841192623413799,0.7207421862864374,0.1222486879650918
S6,14,GA,0.6168729961942656,1.4171621887833987,3.8770937775406247,0.15048819504269415,0.32,0.68,0.5925711644606543,0.9995634922129746,0.0004365077870254014,1.0569448930599668,0.8958737812814694,0.3243005700911962,0.22127978503618337,0.34092326219518637,0.195,1.4241481999633834,375,1,1.3383238627387621,0.9169789826107198,0.0004365077870254014,0.5161557950111295,0.10412621871853056
S6,14,PSO,0.7948183452415879,1.7812557372014783,4.7570872230782015,0.17142488492179264,0.22,0.78,0.8295117745553735,0.9996855375522239,0.0003144624477762281,1.0550891142959928,0.8705989812334237,0.2827448485642635,0.11418306024001247,0.38553141337488545,0.09,1.7609576999675483,375,1,1.7060624355697729,0.9897929664273994,0.0003144624477762281,0.8014429843219724,0.12940101876657628
S6,14,DE,1.0196393814063085,2.0410730702188147,4.822483160270163,0.2248275747492762,0.195,0.805,1.1232302608385056,0.9989175920550944,0.0010824079449055684,1.1024940349640755,0.8521835557466456,0.23291744685832502,0.05118898589437768,0.41648062333067964,0.12,1.5145595000358298,375,1,1.9702091756794926,1.5996507444900083,0.0010824079449055684,1.059002110343799,0.14781644425335438
S6,14,Local-only,0.8134582456648539,1.8054699279530637,4.6912285083880665,0.18108107472474536,0.165,0.835,0.8277547264682659,1.0,0.0,0.0,0.8734440913567665,0.29684059560133724,0.20665659441809153,0.3806480922514123,0.0,0.0006141000194475055,1,1,1.764862875995446,1.0,0.0,0.8130365614780296,0.12655590864323352
S6,14,Random-feasible,0.8192568846174154,1.618959043220019,4.2720490268877755,0.16940215718952154,0.26,0.74,0.7533083114248812,0.9985488941764902,0.0014511058235097919,1.0816185177808069,0.8727491465388747,0.29684059560133724,0.20469540204850034,0.38184370517470606,0.155,0.005236099939793348,1,1,1.66854461527585,1.2550933620340363,0.0014511058235097919,0.7779155092379066,0.1272508534611253
S6,14,Max-SINR,0.4028621981457596,0.8259515730895248,2.316317650620787,0.11389053563661253,0.735,0.265,0.19927924976134548,0.9979484897992107,0.0020515102007893,1.0204875017223658,0.9587701423208782,0.41855743569365883,0.2333427066427253,0.2073713081750087,0.845,0.002447500010021031,1,1,0.8623814164422858,0.8950612864194052,0.0020515102007893,0.1856514815210049,0.041229857679121795
S6,14,Delay-Greedy,0.419372226886843,0.8736454061325722,2.139240272161329,0.120289028473942,0.625,0.375,0.19126350771276976,0.9979714936115458,0.002028506388454096,1.025075266290352,0.9610046628072731,0.4689377798871455,0.27454806963237743,0.20143901659226368,0.845,0.010838399990461767,1,1,0.8192747489580594,1.1266144302907635,0.002028506388454096,0.15722549298845534,0.03899533719272685
S6,14,Load-Aware,0.3609055420544317,0.8073675921634907,2.0613375611056397,0.11136810864685351,0.725,0.275,0.16020735410634987,0.9988662433295267,0.0011337566704732816,1.0207497238294452,0.9661907177930081,0.4925754683720137,0.27454806963237743,0.18706241842965785,0.65,0.013321800041012466,1,1,0.7606772976894095,0.8771041852532288,0.0011337566704732816,0.13548978471580647,0.033809282206991864
S6,14,Offload-then-Allocate,0.37935452174952405,0.7802428710931981,2.13629303875054,0.10558470258310595,0.755,0.245,0.1589127705878024,0.9977111191805511,0.0022888808194489324,1.0257055470983678,0.9662530525772157,0.46912868499394894,0.27454806963237743,0.18688386528680223,0.855,0.009004699997603893,1,1,0.8203935206838635,0.8750242812608471,0.0022888808194489324,0.1499307244484947,0.03374694742278428
S6,15,RFOTO-ABC,0.3747244226377503,0.8427206941775666,2.054170505689868,0.11457049919406165,0.7,0.3,0.14892521331625783,0.9980180230879454,0.0019819769120546504,1.0140014121990875,0.9713098148382866,0.5531962129062942,0.23768138102276928,0.17186513635674946,0.67,1.4585429000435397,375,1,0.8017680247352961,0.8937215235753974,0.0019819769120546504,0.1420970590437948,0.0286901851617134
S6,15,Standard-ABC,0.7525142211081084,1.5934310219989474,4.040872155760802,0.18903573526024892,0.275,0.725,0.7262730974715143,0.9988693511339554,0.0011306488660445852,1.068212746926661,0.8813463391067962,0.30080010837199406,0.20031105490763912,0.36691652244423834,0.215,1.679429900017567,375,1,1.5637687237398028,1.1354388469506533,0.0011306488660445852,0.6929281368934811,0.11865366089320384
S6,15,GA,0.6517475615283704,1.4304783985365597,3.4372918246629425,0.17161070967422692,0.33,0.67,0.5929000301471584,0.9977747367831523,0.0022252632168477202,1.0543439958011682,0.8984855082168581,0.31427769119060944,0.2119755181339146,0.3361309353534109,0.25,1.5225127000594512,375,1,1.394613585176166,1.0040245863031696,0.0022252632168477202,0.5472730035120508,0.10151449178314187
S6,15,PSO,0.81857156746783,1.7577221613902196,4.403230372238177,0.18218232028188885,0.18,0.82,0.860948703798384,0.9993651249780595,0.0006348750219405486,1.0752107524430017,0.871540374186725,0.278337564617147,0.14218471393470045,0.3839189693106294,0.115,1.6236650999635458,375,1,1.7542022509129036,1.0420887688985772,0.0006348750219405486,0.8172470821137529,0.12845962581327497
S6,15,DE,1.0560839044221384,2.2531372277137525,5.22375306486288,0.26767982473601265,0.175,0.825,1.3072822395121813,0.999032518282106,0.0009674817178940082,1.086403856537154,0.8466389316131447,0.23639608787832658,0.04116551324983929,0.42560668926748574,0.15,1.527771000051871,375,1,2.0900944810285162,1.4752892169934098,0.0009674817178940082,1.156276980057564,0.15336106838685526
S6,15,Local-only,0.8195568524883547,1.8256246566943097,4.541211931561323,0.18633173386353483,0.15,0.85,0.8677654748939426,1.0,0.0,0.0,0.875595002096072,0.2972800224031028,0.2119755181339146,0.37693570454923603,0.0,0.0012741999235004187,1,1,1.779290250333116,1.0,0.0,0.8242941608779462,0.124404997903928
S6,15,Random-feasible,1.4469808161537576,1.8130126196110523,4.614698502548065,0.2403168373908814,0.25,0.75,1.0588138337767725,0.9980352468429156,0.001964753157084387,1.1051560503844635,0.8577263884820873,0.26544531142635885,0.028063804153247805,0.40727503732084835,0.245,0.0047787000657990575,1,1,2.065984742739044,4.116476554782234,0.001964753157084387,1.1651166195702312,0.14227361151791273
S6,15,Max-SINR,0.39972347163416483,0.8337511872952789,2.2045129815092372,0.1206484285809751,0.765,0.235,0.12041917190604443,0.9976024080044568,0.0023975919955431858,1.0179334927124541,0.9745615243727114,0.5370966189633152,0.3318871443934807,0.16156262873890043,0.945,0.0030590000096708536,1,1,0.8634889503508445,0.9949291497090728,0.0023975919955431858,0.12126628738756365,0.025438475627288626
S6,15,Delay-Greedy,0.4478677041924654,0.9566405627248202,2.113974460100799,0.13035642664233793,0.55,0.45,0.1869035600403721,0.9976554725965997,0.0023445274034002163,1.0183973814131206,0.9667273780349309,0.5265544224402112,0.26617016007104166,0.18552032813743763,0.945,0.008835799992084503,1,1,0.8754639137549736,1.2341860200386805,0.0023445274034002163,0.15365609588991808,0.03327262196506908
S6,15,Load-Aware,0.37614731736002827,0.8458175780254991,2.1399595912133567,0.1136705573551372,0.705,0.295,0.15833706036485354,0.9984330673348799,0.001566932665120001,1.013659716249285,0.9689704809060238,0.5272253128265428,0.23768138102276928,0.1789502251027383,0.66,0.00942889996804297,1,1,0.8031318719404151,0.8891252018199348,0.001566932665120001,0.1481110188192553,0.03102951909397622
S6,15,Offload-then-Allocate,0.39496575852700433,0.8313524950770161,2.077425762899343,0.11983379004451568,0.765,0.235,0.10482095345922218,0.9971977713496436,0.0028022286503564097,1.0186051985393438,0.9783849299831846,0.5969359762785266,0.3318871443934807,0.1486358071981165,0.95,0.006583400070667267,1,1,0.8584621994146977,1.0009943925465936,0.0028022286503564097,0.1055933742349891,0.021615070016815396
S6,16,RFOTO-ABC,0.3888574541043951,0.9357203196038202,2.712846873959276,0.11752252004557921,0.7,0.3,0.18409380168640094,0.9987446132209802,0.0012553867790197893,1.0119932928388973,0.9622881551894036,0.47484658798019075,0.21223167222156594,0.19796404490159197,0.66,1.5539740999229252,375,1,0.8434167469455109,0.8041532011701819,0.0012553867790197893,0.2058897324603867,0.03771184481059642
S6,16,Standard-ABC,0.7382654207906262,1.6991345765321841,4.242063066819948,0.1947089625845063,0.27,0.73,0.6904458015585861,0.998366922938913,0.0016330770610871053,1.090869567807047,0.8892963944661919,0.29839534439611715,0.21009546372251417,0.3528235920221479,0.19,1.5196395999519154,375,1,1.6040234111921143,0.9269466846734515,0.0016330770610871053,0.7251416361971645,0.11070360553380809
S6,16,GA,0.6546134124715862,1.5522663609906018,4.107613712207156,0.1726443916002725,0.33,0.67,0.611264326212152,0.9982422121033249,0.001757787896675253,1.0712966023977741,0.896224029527075,0.3374856168627819,0.21009546372251417,0.3402828877424182,0.265,1.6397450999356806,375,1,1.4174463726795594,0.9001348378513151,0.001757787896675253,0.5972545618949012,0.10377597047292497
S6,16,PSO,0.8927563347061421,1.9742800305884416,5.209163775272188,0.2420003828882667,0.195,0.805,0.91712596093648,0.9987089578501083,0.0012910421498917284,1.0453961784055783,0.8674664884446964,0.26766636147348727,0.10506700518261544,0.3908737445535196,0.165,1.5802157999714836,375,1,1.8473959802183781,1.207616427574728,0.0012910421498917284,0.9185065614082579,0.13253351155530357
S6,16,DE,1.1713568959059981,2.423251576928861,6.208281351180679,0.32863465791420204,0.17,0.83,1.3389749668751734,0.9994524361818327,0.0005475638181673248,1.0569964554147007,0.8422647057525713,0.15799447661808255,0.037455501396912075,0.43275305150988963,0.165,1.5144218999193981,375,1,2.1178770281607298,2.1595689406121807,0.0005475638181673248,1.1767299634929635,0.15773529424742871
S6,16,Local-only,0.8339127236097569,1.91596424641221,4.623896317910743,0.21483606358442597,0.15,0.85,0.8070300357719424,1.0,0.0,0.0,0.8874554500330382,0.2956075625722914,0.21009546372251417,0.3561139233222235,0.0,0.0005502999993041158,1,1,1.8150424256434352,1.0,0.0,0.8530817388154149,0.11254454996696184
S6,16,Random-feasible,1.4539966023008049,2.3017608620556236,5.13054306161805,0.45212736101881285,0.24,0.76,1.366352672105308,0.9974876039048586,0.002512396095141393,1.1125854409000655,0.8636739410084949,0.27363046119898554,0.0197398328684143,0.39729631044274355,0.23,0.004395599942654371,1,1,2.252106191212257,3.5431764108586465,0.002512396095141393,1.3541688192047587,0.13632605899150507
S6,16,Max-SINR,0.4195610598554448,0.9132597359150587,2.550092279357535,0.13095305186376588,0.765,0.235,0.15703378229272946,0.9968797760962648,0.0031202239037353436,1.0234224190182846,0.9649789847544645,0.48495734636287996,0.3384845885162346,0.19050458749261742,0.915,0.002581499982625246,1,1,0.8736844522378836,1.0263681390474597,0.0031202239037353436,0.16523011548511024,0.03502101524553547
S6,16,Delay-Greedy,0.46863066998438874,1.022911437260705,2.279075725485763,0.13294117193499694,0.625,0.375,0.2057632231506429,0.9973174809529547,0.002682519047045152,1.0188948740326347,0.9589357552760064,0.4736446931649983,0.21223167222156594,0.20693653059273745,0.9,0.007907100021839142,1,1,0.892840649025259,1.2397588474947738,0.002682519047045152,0.2110421603433994,0.041064244723993615
S6,16,Load-Aware,0.3894427498267985,0.9331982760209262,2.712846873959276,0.11684831794070863,0.7,0.3,0.1874543304820669,0.9987933265666769,0.0012066734333230362,1.0113314568161278,0.9613955277283274,0.47484658798019075,0.21223167222156594,0.20038617765083633,0.655,0.011114399996586144,1,1,0.8447465529578548,0.7969674553547054,0.0012066734333230362,0.21071595102685398,0.03860447227167263
S6,16,Offload-then-Allocate,0.38222835151317597,0.8458510320905239,2.121567645203462,0.1152276667715903,0.78,0.22,0.11268690090420208,0.9963555459416591,0.0036444540583409814,1.0241179430994831,0.9755394640236372,0.5317375115561315,0.3384845885162346,0.15834726373208954,0.925,0.006568399956449866,1,1,0.8214586769833105,0.9542479832591647,0.0036444540583409814,0.11731405428140401,0.024460535976362774
S6,17,RFOTO-ABC,0.34211272336763043,0.8302553750105736,1.893755371435237,0.10559581602205029,0.72,0.28,0.1197747421651471,0.9986426099871121,0.0013573900128880795,1.0148382529924458,0.9768963831179264,0.5701568564602499,0.26187534106951865,0.15378562297350643,0.61,1.3916017999872565,375,1,0.7528092105079007,0.8150515752429359,0.0013573900128880795,0.11166265567730496,0.02310361688207363
S6,17,Standard-ABC,0.7626470684942498,1.6646339296567918,4.834623386160013,0.173301921709213,0.34,0.66,0.7386842463990912,0.9988009174237201,0.0011990825762799135,1.08036098018219,0.8681334415596166,0.2818332426976709,0.25070902176024945,0.3897392031164313,0.205,1.4727458000415936,375,1,1.6369581098185046,0.929661883473264,0.0011990825762799135,0.7757538329492824,0.13186655844038342
S6,17,GA,0.6336570748013604,1.458064277212274,4.130426678604961,0.1688815188982664,0.4,0.6,0.585802218716085,0.9981975957841397,0.0018024042158603065,1.0793590134345974,0.8904010701796362,0.30493571161860134,0.25420323407636397,0.3508409837535747,0.22,1.5413987999781966,375,1,1.3646420969917628,0.9346000403296363,0.0018024042158603065,0.5420248967509902,0.10959892982036379
S6,17,PSO,0.8432061785007599,1.786351457328422,4.8164238757704,0.1895096703063515,0.28,0.72,0.8177682395632582,0.99875444456125,0.0012455554387501044,1.0951626747487115,0.8590161660671534,0.2770253753366422,0.1810073484171309,0.405120285272696,0.11,1.4545973000349477,375,1,1.7557686533609238,1.1443438239763812,0.0012455554387501044,0.8448630215455786,0.14098383393284664
S6,17,DE,0.9861996583540176,2.040701209630943,5.128210862357243,0.23208365757973318,0.26,0.74,1.0503488141602302,0.9983253627060543,0.0016746372939456205,1.0855117697243555,0.8416740080367198,0.26179235276270346,0.0665799457856742,0.43371470888183283,0.145,1.5220678999321535,375,1,1.9421723307463195,1.4594358556219766,0.0016746372939456205,1.03062948428344,0.15832599196328023
S6,17,Local-only,0.850329876420397,1.8755854909788037,4.8164238757704,0.19559807960602665,0.23,0.77,0.847147145951896,1.0,0.0,0.0,0.8586897840840579,0.2771021131254051,0.25420323407636397,0.4056660206889459,0.0,0.0005447999574244022,1,1,1.8339162394663322,1.0,0.0,0.8826171366656912,0.14131021591594206
S6,17,Random-feasible,0.9343884309910278,1.8232338355328408,5.066192839275016,0.2540165797015309,0.31,0.69,0.8913106131461487,0.9964334986623082,0.0035665013376918993,1.145285644103954,0.8548237512025058,0.26728532621860207,0.09383940607634363,0.41210652890418253,0.26,0.004361499915830791,1,1,1.8040228970703593,1.5509729034616453,0.0035665013376918993,0.9129881344681148,0.14517624879749425
S6,17,Max-SINR,0.42651272358605147,0.9285764381425633,2.4033725784597166,0.12060641727983185,0.71,0.29,0.1938314126740417,0.9976079753372363,0.00239202466276367,1.0256294466833098,0.9600345467895159,0.4500408620942829,0.26187534106951865,0.20403230712286463,0.89,0.002312100026756525,1,1,0.9152309524404194,0.9583495923527202,0.00239202466276367,0.18991729483565284,0.03996545321048406
S6,17,Delay-Greedy,0.4313982063432128,0.9526561752344879,2.258469783583416,0.12390029354894024,0.615,0.385,0.19011788347562633,0.9977672680840642,0.0022327319159358085,1.0212958185237913,0.9643261343173302,0.5271756248840082,0.26187534106951865,0.1923371240951296,0.895,0.006814599968492985,1,1,0.8504381641648125,1.1576941547636606,0.0022327319159358085,0.15734766340749198,0.035673865682669836
S6,17,Load-Aware,0.34211272336763043,0.8302553750105736,1.893755371435237,0.10559581602205029,0.72,0.28,0.1197747421651471,0.9986426099871121,0.0013573900128880795,1.0148382529924458,0.9768963831179264,0.5701568564602499,0.26187534106951865,0.15378562297350643,0.61,0.008100799983367324,1,1,0.7528092105079007,0.8150515752429359,0.0013573900128880795,0.11166265567730496,0.02310361688207363
S6,17,Offload-then-Allocate,0.36769409586391877,0.8086124887391639,1.904806942016132,0.10157291011776536,0.795,0.205,0.11040223867726912,0.9971062081556653,0.002893791844334647,1.0236467419092246,0.9772456332088902,0.6174382638922088,0.26187534106951865,0.15259155824037998,0.895,0.006846899981610477,1,1,0.8290195185354499,0.834263323146121,0.002893791844334647,0.12523121748241903,0.02275436679110976
S6,18,RFOTO-ABC,0.3631198649772325,0.8321961275961789,1.876138564806071,0.09311910277339183,0.715,0.285,0.17713440388417312,0.9987127543717369,0.0012872456282629968,1.0255389537676383,0.9656948464552289,0.5145376265756242,0.21258636672043613,0.18847759300074204,0.63,1.3550761999795213,375,1,0.775752189300453,0.8411229178943688,0.0012872456282629968,0.15044063124238266,0.03430515354477115
S6,18,Standard-ABC,0.7386891776079245,1.5805832288587356,4.497839684497768,0.1584180683785238,0.29,0.71,0.7182633209861463,0.9984622344860825,0.0015377655139174984,1.0624708472555537,0.8787056296903317,0.29201045348105187,0.19359157869968133,0.37153404654505356,0.235,1.4919545000884682,375,1,1.5680869021740769,1.0110654025985277,0.0015377655139174984,0.7060237321015695,0.12129437030966828
S6,18,GA,0.6492550747686916,1.4487257095993662,4.497839684497768,0.14136733915119484,0.36,0.64,0.612644825388572,0.9987800709254719,0.001219929074528004,1.079717896625215,0.8934043550704234,0.2955009479667601,0.1751894719579537,0.3454185829328243,0.21,1.6546747999964282,375,1,1.394389713035526,0.9521368257076323,0.001219929074528004,0.5664151603972922,0.10659564492957663
S6,18,PSO,0.9471369756049635,1.865615893108794,4.9889343643008015,0.17216522815624344,0.235,0.765,1.0005979781102194,0.9995067994907649,0.0004932005092351221,1.0404006636989034,0.8550454519843053,0.25306188078206854,0.08024612943522608,0.411738352463352,0.1,1.5012365999864414,375,1,1.908720506531549,1.316110849318594,0.0004932005092351221,1.0027935970803439,0.14495454801569474
S6,18,DE,1.0408710913997299,2.138422199249328,6.509820179630905,0.22473802328560125,0.21,0.79,1.2177243570995484,0.9991874703253284,0.0008125296746716476,1.0563154302232427,0.8356596032663157,0.19226002757059962,0.05812375796804464,0.4434630721855313,0.12,1.4908034999389201,375,1,2.0924106738877297,1.3370858141266746,0.0008125296746716476,1.1695679414552376,0.16434039673368428
S6,18,Local-only,0.8174135991411763,1.8158104263615262,4.689662264019012,0.161124159725925,0.2,0.8,0.8451733039720202,1.0,0.0,0.0,0.8696772401427696,0.2799117430008343,0.1751894719579537,0.38710705107804044,0.0,0.0012330999597907066,1,1,1.762883507983175,1.0,0.0,0.8285772326671919,0.1303227598572304
S6,18,Random-feasible,0.7645871794097544,1.647808037275351,4.689662264019012,0.17447266140047296,0.29,0.71,0.7726006288618953,0.9982776735589235,0.0017223264410764273,1.1059483147472766,0.872647783655528,0.2691495097988892,0.129952535740784,0.38201794034694525,0.21,0.005135599989444017,1,1,1.5793518467636365,1.1101870391420423,0.0017223264410764273,0.7350954564306116,0.12735221634447202
S6,18,Max-SINR,0.4095078001240539,0.8341364311029019,2.4144622085379903,0.10233730042701898,0.78,0.22,0.15859761245154727,0.9977695343616182,0.002230465638381832,1.02549160604232,0.9681551293371192,0.4312784310855602,0.21258636672043613,0.18136240629198888,0.93,0.002319499966688454,1,1,0.8509507965919482,1.0267740328186792,0.002230465638381832,0.15012468930462594,0.031844870662880775
S6,18,Delay-Greedy,0.43777805707212525,0.9143275385750129,2.2586012646000695,0.11636628090746878,0.635,0.365,0.18801490079311256,0.9975431281279791,0.0024568718720209682,1.0266131050118619,0.9649047458043117,0.540605753627407,0.21258636672043613,0.1907137364751633,0.93,0.007024799939244986,1,1,0.8272214073012347,1.255771554008834,0.0024568718720209682,0.147405238566936,0.035095254195688264
S6,18,Load-Aware,0.36413618014942906,0.8308160840819784,1.876138564806071,0.09287561817765198,0.715,0.285,0.17888065019329275,0.9987106431643246,0.0012893568356755136,1.025782700898275,0.9654505149081765,0.5145376265756242,0.21258636672043613,0.18917153173581225,0.625,0.010046600014902651,1,1,0.7787627259299452,0.8391155760977046,0.0012893568356755136,0.15255147248551368,0.03454948509182354
S6,18,Offload-then-Allocate,0.3805906178853235,0.7734641339247045,1.6668888177650878,0.09724267406828849,0.83,0.17,0.11538189830359981,0.9971310067165301,0.0028689932834699183,1.0279338087640113,0.9766699587273848,0.5812688264625622,0.21258636672043613,0.15455527734442565,0.93,0.007825399981811643,1,1,0.8054499927430412,0.9727590714109844,0.0028689932834699183,0.11696381656131713,0.023330041272615176
S6,19,RFOTO-ABC,0.3536598564713212,0.8306569342827611,1.7572386740683206,0.11065317818740875,0.715,0.285,0.12159678565143744,0.9988815949716648,0.0011184050283351743,1.0176162567651668,0.9769270413889309,0.6194530771858882,0.22522739851866921,0.15368114160599494,0.66,1.3320277999155223,375,1,0.7465281887713942,0.9143433294437385,0.0011184050283351743,0.10476674025833799,0.02307295861106906
S6,19,Standard-ABC,0.7080671689607103,1.5416724419900538,4.155618641625807,0.17105447825569114,0.32,0.68,0.6160613277814918,0.9980925635812316,0.001907436418768514,1.0882427609809482,0.8967637766956511,0.3053424369806045,0.21803099149786517,0.3392946607569604,0.23,1.530205799965188,375,1,1.5088373899800374,1.0454041865891812,0.001907436418768514,0.6327210907916707,0.1032362233043489
S6,19,GA,0.604743679593827,1.4098546037814177,3.7541693043909867,0.15184882000858824,0.35,0.65,0.5442360649277488,0.9979432357910851,0.0020567642089149617,1.1003615660314592,0.907040477471428,0.3348940740392158,0.21803099149786517,0.3201353319966657,0.235,1.6254973999457434,375,1,1.3208891765705968,0.9090496957438213,0.0020567642089149617,0.49523459947414333,0.09295952252857198
S6,19,PSO,0.7525412843804675,1.6517948516996,4.155618641625807,0.17015571793867174,0.24,0.76,0.6862622576201466,0.999104102842457,0.0008958971575430607,1.0636531406150354,0.8935281821344093,0.29768037407514625,0.21803099149786517,0.3451939751585121,0.115,1.8133476000512019,375,1,1.6337385610513433,0.9877680979462533,0.0008958971575430607,0.7191659092573859,0.10647181786559068
S6,19,DE,1.1533401051180368,2.353994459171279,6.408425026700041,0.26545515868633357,0.19,0.81,1.3696264871355195,0.9985705657631482,0.001429434236851868,1.0751843012520677,0.8362672246254718,0.19396682476268814,0.050936219279527906,0.44248165893404107,0.15,1.4797447000164539,375,1,2.198971651759395,1.7369923179995517,0.001429434236851868,1.2728101652988228,0.16373277537452824
S6,19,Local-only,0.8011222392897969,1.7944419709974477,4.352334948815114,0.17573664080541285,0.18,0.82,0.772755595777443,1.0,0.0,0.0,0.8885290657276541,0.27636426333773983,0.20940197296875812,0.3541970999457419,0.0,0.0005531000206246972,1,1,1.7474802010114514,1.0,0.0,0.7901261955843288,0.11147093427234589
S6,19,Random-feasible,0.7866912154245249,1.657427278081226,4.379837952850616,0.19010704799868286,0.285,0.715,0.7124832403061342,0.9975095549917598,0.002490445008240327,1.1209951542471637,0.8889998831651533,0.27440370062565556,0.0849959266085613,0.3533546949003082,0.175,0.0039029999170452356,1,1,1.6399665970698392,1.1693978925147066,0.002490445008240327,0.7365671030119363,0.11100011683484667
S6,19,Max-SINR,0.38137579761143864,0.8146987225611678,1.9274746349686636,0.11275094872689802,0.775,0.225,0.12882982003039425,0.9983207678050772,0.00167923219492289,1.0175926356154836,0.9738160748247866,0.5581153311667731,0.22522739851866921,0.1639754781696402,0.895,0.002800600021146238,1,1,0.8262603008422787,0.937434845378335,0.00167923219492289,0.11972824151540828,0.026183925175213396
S6,19,Delay-Greedy,0.4201309915295665,0.9310463473404725,2.0039871642371123,0.12589126418169677,0.595,0.405,0.16109172189782925,0.9980945820734252,0.001905417926574875,1.0201483357301802,0.9707634729843628,0.6028424061863428,0.35377626560458736,0.17354263110213494,0.9,0.00972939992789179,1,1,0.825955558065537,1.1773724402125623,0.001905417926574875,0.12907869337454966,0.02923652701563717
S6,19,Load-Aware,0.3542566093090759,0.8315851251382889,1.766799458519184,0.11206812897118765,0.72,0.28,0.12378396923285141,0.9988809131247776,0.001119086875222524,1.0177400732839406,0.9763434151785736,0.6194530771858882,0.22522739851866921,0.15565917459278714,0.655,0.010591399972327054,1,1,0.7464580196126834,0.9152639993721664,0.001119086875222524,0.1063207976072865,0.023656584821426407
S6,19,Offload-then-Allocate,0.3693985171445861,0.7946656794210827,1.9074603176266132,0.10849028087796117,0.765,0.235,0.10057563419168587,0.9979433189842862,0.0020566810157137986,1.021385855323753,0.9796457693011998,0.6118948323964974,0.31699132983861006,0.14414275306960192,0.905,0.007503999979235232,1,1,0.805949685824874,0.9447826146614835,0.0020566810157137986,0.09091693072472914,0.020354230698800158
S6,20,RFOTO-ABC,0.334807200593633,0.7711134270822881,1.6359032363832524,0.10323304562487057,0.775,0.225,0.11038064028916854,0.998909046688973,0.0010909533110270942,1.0237197129657567,0.9785385177703695,0.6454867019239807,0.2739027094795276,0.14809516975939668,0.645,1.4709952999837697,375,1,0.7472896631373682,0.7802655225103032,0.0010909533110270942,0.11003017374438188,0.021461482229630513
S6,20,Standard-ABC,0.6614175450230743,1.5041293902598334,3.7194157595119766,0.16085446732470615,0.34,0.66,0.6073928721935326,0.9983312317820117,0.0016687682179884178,1.0936591342896547,0.8980937023512576,0.32093059666440965,0.1847160411372194,0.336852431266327,0.25,1.4353470000205562,375,1,1.4241426264405055,0.9574674958845591,0.0016687682179884178,0.5845682629574196,0.10190629764874237
S6,20,GA,0.5882269338246174,1.384696037428634,3.502315342983265,0.16183989852118066,0.36,0.64,0.5169127354545627,0.9988630873370516,0.001136912662948298,1.054783876116029,0.9107162273296517,0.355659372391467,0.25073079829465905,0.31310840727263023,0.25,1.396302800043486,375,1,1.2828766086034205,0.9156950309503009,0.001136912662948298,0.4661343143923012,0.08928377267034826
S6,20,PSO,0.8063162345799055,1.7841035292990668,4.761737146933619,0.21077560997254885,0.225,0.775,0.8133555500587432,0.9979480943141058,0.002051905685894146,1.1438532125207477,0.8809531304898531,0.2575143739529406,0.12621771966269751,0.3676059974117768,0.17,1.555150599917397,375,1,1.6708560811585158,1.203568179068158,0.002051905685894146,0.7591983034654082,0.11904686951014687
S6,20,DE,0.9963882287658354,2.0384628155635003,5.161653825573446,0.26223595232758173,0.2,0.8,1.1618080634864831,0.9986327838915314,0.001367216108468642,1.1018070427762419,0.8595887584646599,0.20697960349826947,0.042265879837207934,0.40416209131000985,0.14,1.4625302000204101,375,1,1.9578740812338582,1.5143587045103353,0.001367216108468642,1.033723093315303,0.14041124153534013
S6,20,Local-only,0.7594709319120184,1.763123388503205,3.826801627085803,0.18322790655363658,0.175,0.825,0.7542060345796187,1.0,0.0,0.0,0.8941962198471559,0.3107765946532403,0.1847160411372194,0.34398078037259966,0.0,0.0005677000153809786,1,1,1.6620729160605765,1.0,0.0,0.7123285434957906,0.10580378015284408
S6,20,Random-feasible,6.435392615203469,17.848986651271375,4.566305189895963,7.426261666189705,0.26,0.74,10.744324716140227,0.9972322875500572,0.0027677124499429066,1.1328637503303003,0.8821392154611472,0.2765288289271027,0.0004997899958766097,0.3655241697230857,0.225,0.004129600012674928,1,1,8.121060787770634,17.21826795294232,0.0027677124499429066,7.216618260594579,0.11786078453885285
S6,20,Max-SINR,0.4231327538783709,0.8525243778177017,1.951006504511962,0.11835249209759384,0.73,0.27,0.14080484843402316,0.9983040452711701,0.0016959547288298389,1.0188665316370265,0.9718341564581512,0.5398584888591047,0.2739027094795276,0.1702414469256355,0.92,0.0030203000642359257,1,1,0.8844264659038904,1.063376471189369,0.0016959547288298389,0.1518223969877987,0.028165843541848812
S6,20,Delay-Greedy,0.4395478588884702,0.9118614879098338,1.8590113923504052,0.12443661454199997,0.625,0.375,0.15468008278630413,0.9974545856859536,0.0025454143140464353,1.028097771219001,0.9710521181681119,0.5291871280250903,0.2739027094795276,0.1726581668505986,0.925,0.008782400051131845,1,1,0.83538556899249,1.2824653309938592,0.0025454143140464353,0.13392160741470532,0.028947881831888123
S6,20,Load-Aware,0.3390590012996156,0.78710349141618,1.7326180424008597,0.1039621153538808,0.755,0.245,0.12791380601845836,0.9990472770934653,0.0009527229065347992,1.0199223597585527,0.975404389855336,0.6367655292550726,0.2739027094795276,0.1587948624357175,0.625,0.008727100095711648,1,1,0.7572276345888957,0.7684732822269964,0.0009527229065347992,0.12240485686134257,0.02459561014466405
S6,20,Offload-then-Allocate,0.3946070239533882,0.8217134422348669,1.91507606091533,0.10825539160339917,0.765,0.235,0.11432716430531686,0.9975533866839663,0.0024466133160336483,1.0274962766202915,0.9773374430286148,0.6605246173196004,0.2739027094795276,0.1522762543829779,0.91,0.009202599991112947,1,1,0.8319139611488005,1.0212672673834993,0.0024466133160336483,0.11819894939899485,0.022662556971385195
S6,21,RFOTO-ABC,0.3593061419809208,0.8280145489754799,2.064162291499575,0.11468960496468451,0.695,0.305,0.15126399174486782,0.9982604250168836,0.0017395749831162538,1.0299505367851696,0.9684430193520113,0.5002163584260705,0.3578640451533217,0.18051391495676253,0.625,1.3990652000065893,375,1,0.7984069593236334,0.7982045052810608,0.0017395749831162538,0.1395690570561273,0.03155698064798873
S6,21,Standard-ABC,0.7682578500664271,1.6228001195966755,4.953207141242581,0.170073856549814,0.27,0.73,0.7322047615012055,0.9977692506628781,0.002230749337121841,1.0640417467399825,0.8791567636333145,0.2960785242979098,0.20875612116946354,0.37074731381395354,0.245,1.5380891999229789,375,1,1.6231339360564963,1.0528310469734976,0.002230749337121841,0.7439082947354047,0.12084323636668548
S6,21,GA,0.6881313404209604,1.5261146338105975,4.332468720227325,0.16645909209915935,0.32,0.68,0.6497706053171342,0.9989877677847419,0.0010122322152581248,1.049471808806481,0.8898283634595798,0.3284121430820315,0.20875612116946354,0.3518696248017485,0.21,1.5146993999369442,375,1,1.498479494045462,0.9150822788295891,0.0010122322152581248,0.6380837326441676,0.11017163654042017
S6,21,PSO,0.847336168206184,1.8762743870465965,5.27959303995382,0.18837735993669263,0.23,0.77,0.9138512069726197,0.9983383483533055,0.001661651646694605,1.085363695286514,0.8627073578765975,0.24128344576328548,0.13148910641151595,0.3989255756473551,0.13,1.5204739000182599,375,1,1.805315336247687,1.0344485305581204,0.001661651646694605,0.8796553116507795,0.13729264212340253
S6,21,DE,1.082037706450811,2.2649840870567384,6.0247350173499825,0.2533492313974638,0.18,0.82,1.253585271155511,0.9993079214918349,0.0006920785081650921,1.049489981644573,0.8399479239520148,0.22081088742389904,0.06114633604639395,0.4365203305401159,0.11,1.4822974000126123,375,1,2.086267696952234,1.6644912429091576,0.0006920785081650921,1.1466034746701923,0.16005207604798521
S6,21,Local-only,0.8501169536957547,1.8607069149452296,4.983888414853558,0.1892326849744784,0.165,0.835,0.8798480674901523,1.0,0.0,0.0,0.8730068961969473,0.2750852884121617,0.20875612116946354,0.38140047686859985,0.0,0.0005685000214725733,1,1,1.8414501935950633,1.0,0.0,0.882821758906124,0.12699310380305273
S6,21,Random-feasible,0.8117271793120618,1.6616468715429977,4.983888414853558,0.21107157191422957,0.265,0.735,0.7566264839370157,0.9981241449422293,0.0018758550577706006,1.0794992675096435,0.881288699464885,0.30059278644152143,0.09139001442899435,0.3670176336683702,0.185,0.0044793999986723065,1,1,1.6712516869477734,1.218317277742014,0.0018758550577706006,0.7719391992879803,0.11871130053511503
S6,21,Max-SINR,0.41368916457492355,0.8618625093693832,2.4300085862261214,0.11045643231276941,0.74,0.26,0.158281524519799,0.9979706362603405,0.0020293637396593097,1.027837204333766,0.967010801586521,0.4858704137580737,0.29248535854695545,0.18470141342598226,0.91,0.002704799990169704,1,1,0.9317409474544641,0.8846045624343608,0.0020293637396593097,0.17083596334479895,0.032989198413479026
S6,21,Delay-Greedy,0.4210941712800265,0.9388446538559362,2.2860315261898854,0.1152477062400839,0.64,0.36,0.20451756313207922,0.9975243833909606,0.002475616609039381,1.0300159930099666,0.9587777925642329,0.46839801088871,0.26721784456333064,0.2073512410510342,0.915,0.009403400006704032,1,1,0.8842555511119279,0.9900392364030263,0.002475616609039381,0.17938377441767073,0.0412222074357671
S6,21,Load-Aware,0.3700961280107286,0.8286221103609006,2.163549040839846,0.11314953396668795,0.7,0.3,0.15944842092089181,0.9982608428229074,0.0017391571770927234,1.0285440237024803,0.9665863014005353,0.4858704137580737,0.3578640451533217,0.18592678405422344,0.615,0.008488099905662239,1,1,0.8237944259141763,0.7875603146997875,0.0017391571770927234,0.1626143524075126,0.03341369859946475
S6,21,Offload-then-Allocate,0.36495478825911953,0.7932976666808281,1.7738718629040962,0.09829296366519738,0.77,0.23,0.08994860653955829,0.9970056396733438,0.002994360326656279,1.0356054130092223,0.9817583771509937,0.6424902256293309,0.3578640451533217,0.13631053686988465,0.93,0.00772510003298521,1,1,0.8525605442902242,0.8112841228845877,0.002994360326656279,0.10714767304477243,0.018241622849006323
S6,22,RFOTO-ABC,0.37318340169378694,0.8603541175891608,1.9610789415093801,0.09709610128361523,0.725,0.275,0.17920509962189235,0.9987405466279848,0.0012594533720151596,1.020660017473118,0.963201547661398,0.4474448711154855,0.25878789939337277,0.1954592333167459,0.645,1.4666634999448434,375,1,0.8109905449978296,0.8102931542848659,0.0012594533720151596,0.17248053510562555,0.03679845233860202
S6,22,Standard-ABC,0.8058397459178521,1.7336909590857423,4.704692127450561,0.1683451734446389,0.305,0.695,0.7875291696558443,0.9983903163555132,0.0016096836444866097,1.0594020060125433,0.8675131222012081,0.2653837773442614,0.19521962717482358,0.3907944671914053,0.195,1.39965569996275,375,1,1.6747295740187358,1.1223920014662738,0.0016096836444866097,0.7944143351780435,0.13248687779879187
S6,22,GA,0.6589347964472102,1.451162759180629,3.847520365471874,0.15606327807627163,0.385,0.615,0.5918871372104859,0.9978684484647254,0.0021315515352745133,1.05272979076397,0.8936551480063818,0.32232682708366167,0.23778471040126054,0.34496358679894706,0.29,1.426319400081411,375,1,1.4152416858466628,0.9508136588702492,0.0021315515352745133,0.5844971521956378,0.1063448519936182
S6,22,PSO,0.8575262111786071,1.9239207366441986,5.053908263685422,0.18071509230138935,0.2,0.8,0.8862342750146672,0.9983089525758052,0.0016910474241946744,1.1699051437380366,0.865848340307637,0.2653837773442614,0.21193404687370418,0.3936199579462545,0.08,1.6082140000071377,375,1,1.834597639222281,1.0311107334384002,0.0016910474241946744,0.8949969316743335,0.13415165969236298
S6,22,DE,1.030023381756839,2.2844888505694074,5.707896582803874,0.23453650966660508,0.185,0.815,1.22826145080767,0.9992458904002605,0.0007541095997395281,1.0519951705735695,0.8371101323650679,0.21700910241244992,0.05821587825072888,0.4411189711898796,0.145,1.4737314000958577,375,1,2.0782629077278276,1.346257493760097,0.0007541095997395281,1.1357389147827197,0.16288986763493207
S6,22,Local-only,0.8712511953667534,2.0051978012175034,5.0936820825268185,0.18062369897261843,0.16,0.84,0.9316353675035092,1.0,0.0,0.0,0.8661951925720517,0.26193673667749107,0.21193404687370418,0.39303205684061965,0.0,0.0006297000218182802,1,1,1.884199549445028,1.0,0.0,0.9205223475652167,0.1338048074279483
S6,22,Random-feasible,0.8173289481739137,1.7450492720169404,4.216636238987877,0.17700375629601217,0.27,0.73,0.8146585964887606,0.9980132825805696,0.0019867174194303293,1.074180065309671,0.8679981682461663,0.2653837773442614,0.20753282211771196,0.3899694397809309,0.205,0.005237300065346062,1,1,1.6800058459476872,1.1850643585410914,0.0019867174194303293,0.7974808586354678,0.13200183175383373
S6,22,Max-SINR,0.41438886555389703,0.844665708464482,2.0168737390986444,0.10399225182676747,0.76,0.24,0.17272580550584912,0.9973344943845496,0.0026655056154503364,1.0170568330207423,0.9633839571164552,0.5041268307061636,0.25878789939337277,0.19495572770828987,0.855,0.00468040001578629,1,1,0.8864851946924208,0.9457201810399463,0.0026655056154503364,0.17953612867671223,0.03661604288354481
S6,22,Delay-Greedy,0.4097267967734813,0.9114587282627863,1.9831627246489467,0.10281745337819186,0.625,0.375,0.17685089834026116,0.997872411630621,0.0021275883693789533,1.0203804332447868,0.9671451610903129,0.5052087915668931,0.25878789939337277,0.18431209663383444,0.86,0.009500999934971333,1,1,0.8497947710860636,0.9933786333407997,0.0021275883693789533,0.17167026196206647,0.0328548389096871
S6,22,Load-Aware,0.37327104263023664,0.8578117160763631,1.9610789415093801,0.09696512864465454,0.725,0.275,0.17507490573721626,0.9980447456610747,0.0019552543389252026,1.0244920363030618,0.9641214054238945,0.4474448711154855,0.25878789939337277,0.1929087152768392,0.65,0.010178299969993532,1,1,0.809735738964597,0.8173038946534598,0.0019552543389252026,0.16987473454747026,0.03587859457610554
S6,22,Offload-then-Allocate,0.37590572046211373,0.806956194112081,1.8970200613597603,0.09481800794540376,0.79,0.21,0.1358828191552592,0.9978082791476334,0.0021917208523666055,1.0200850619261748,0.9714302791211654,0.520801027777111,0.25878789939337277,0.17149330916021605,0.865,0.010648299939930439,1,1,0.840238909160821,0.8407346204544796,0.0021917208523666055,0.14004799120575206,0.02856972087883458
S6,23,RFOTO-ABC,0.3352289800450248,0.8029846966734019,1.7171995492682204,0.10583961499380282,0.735,0.265,0.12302290359127972,0.9984636380326835,0.001536361967316483,1.022226940040844,0.9757761180967842,0.5795703950153964,0.32288972778788666,0.15756029234502156,0.665,1.4626585999503732,375,1,0.7381735564682137,0.7995015804908941,0.001536361967316483,0.10727799670156643,0.024223881903215783
S6,23,Standard-ABC,0.689577575596703,1.5631955940390287,4.128722251164312,0.19024257354377433,0.35,0.65,0.6278202157540654,0.9983174190459932,0.0016825809540066939,1.0844847935974733,0.8881716071578002,0.3142157054232829,0.19443654725502704,0.35483593790966417,0.215,1.4690694999881089,375,1,1.4825997730499343,0.9934382924444427,0.0016825809540066939,0.6112044534016868,0.11182839284219981
S6,23,GA,0.5888487149077919,1.3930980706922549,3.814415656374862,0.17901757087468867,0.37,0.63,0.5327647583368429,0.9990235607072958,0.0009764392927041482,1.061389876633969,0.9060036427613718,0.33485123897652774,0.19443654725502704,0.3220998626703912,0.195,1.4495201000245288,375,1,1.2811324231230308,0.9186918544581252,0.0009764392927041482,0.46586835805592125,0.0939963572386282
S6,23,PSO,0.7655289876713428,1.7739350782226648,4.527524427194385,0.20331696841497768,0.255,0.745,0.7607831373995444,0.9996803283190158,0.00031967168098422094,1.0308889899634506,0.8776068268272685,0.3028086772202213,0.1413473808387754,0.373446678222563,0.075,1.8590771000599489,375,1,1.6596519286263784,0.9719533634471718,0.00031967168098422094,0.7456003627422635,0.12239317317273146
S6,23,DE,0.9236324549131809,1.9599692678168743,4.6497251201509355,0.22748266675332166,0.225,0.775,1.013985239069277,0.9992592235210123,0.0007407764789878063,1.0871357425285335,0.8580919690298843,0.2507457943644032,0.037603960644578466,0.4066647867809929,0.075,1.4438697999576107,375,1,1.9148540122019306,1.2015536762407326,0.0007407764789878063,0.9730061619410937,0.14190803097011573
S6,23,Local-only,0.8011474554576019,1.812945792361528,4.328164112371885,0.20560882284417004,0.21,0.79,0.7828307454088415,1.0,0.0,0.0,0.8785061161224456,0.306448934348631,0.19443654725502704,0.3718817047459102,0.0,0.0005653999978676438,1,1,1.7413089583910688,1.0,0.0,0.7903845331128058,0.12149388387755444
S6,23,Random-feasible,0.7202797271846779,1.6022094210213151,4.127716550089921,0.19733163409251017,0.32,0.68,0.6812957945735534,0.9984739116216583,0.0015260883783416613,1.0823672440660816,0.8844000693227466,0.306448934348631,0.16914630600664585,0.36153837597753635,0.18,0.004050999996252358,1,1,1.5457433572324826,0.9864777117538006,0.0015260883783416613,0.6729080953449231,0.11559993067725338
S6,23,Max-SINR,0.36101726724686545,0.8045266578176828,1.76807615278001,0.11157067821300717,0.79,0.21,0.11345500823875897,0.9975770064584032,0.002422993541596764,1.0279218266351726,0.976117809675198,0.5925332667286178,0.30297859117268444,0.1564177228789758,0.92,0.002523800008930266,1,1,0.810332958888448,0.8634691516523862,0.002422993541596764,0.09938691007942345,0.02388219032480199
S6,23,Delay-Greedy,0.41772040741121763,0.9391367956627612,2.4727905637069525,0.13497090086028285,0.64,0.36,0.18703118392282114,0.9976048159500696,0.0023951840499304516,1.0265556607804494,0.9627897760579956,0.5183711775264549,0.246123887256467,0.19659180355533135,0.925,0.008520200033672154,1,1,0.817048054469548,1.1610242007298808,0.0023951840499304516,0.13297677313224723,0.03721022394200435
S6,23,Load-Aware,0.33555905441122724,0.8039746527130691,1.7285180244534148,0.10676795052956649,0.735,0.265,0.12555647161521538,0.9985827445991107,0.001417255400889355,1.0212081509050837,0.975148992451337,0.5795703950153964,0.32288972778788666,0.15963808612326902,0.655,0.010737500037066638,1,1,0.7376565207441579,0.7996404778069944,0.001417255400889355,0.1087510013666453,0.024851007548662984
S6,23,Offload-then-Allocate,0.36800852272986595,0.7945253269842177,1.7708342055568498,0.1148171055219481,0.76,0.24,0.10462251487121811,0.9969340971233825,0.003065902876617539,1.0311368005888129,0.9779827124955406,0.5789191027434494,0.32288972778788666,0.15004319997344026,0.93,0.008019600063562393,1,1,0.8163433574953187,0.9049319907573238,0.003065902876617539,0.09706844416578089,0.022017287504459415
S6,24,RFOTO-ABC,0.3608374843311666,0.8581717438832226,1.9208382147980598,0.11788645181804211,0.735,0.265,0.11137003773041243,0.9989694170496577,0.0010305829503423109,1.0185048391036844,0.9781237205943926,0.5822914532509467,0.23765515711723414,0.14955117694444367,0.66,1.4585283000487834,375,1,0.7704268921426086,0.8961272174355227,0.0010305829503423109,0.12129648071710583,0.021876279405607435
S6,24,Standard-ABC,0.7443537704219707,1.6831021088313356,4.202795668062516,0.19073650119980198,0.32,0.68,0.685373958875081,0.9972410088572662,0.002758991142733801,1.1047199235486769,0.8820801658216888,0.3251405148080003,0.16763580706794057,0.3656279618266672,0.205,1.4722242000279948,375,1,1.562498222063506,1.0861011601397046,0.002758991142733801,0.6902970701193802,0.1179198341783112
S6,24,GA,0.6425040320410704,1.5468882611222057,4.050724147325754,0.16701544684787858,0.375,0.625,0.5902567810691535,0.9982523661112449,0.001747633888754938,1.0701615791910768,0.8952817265722861,0.32291190523478286,0.16888244371247707,0.34200415032461096,0.265,1.5531515999464318,375,1,1.3907184363312832,0.9376596741990971,0.001747633888754938,0.552472816145908,0.10471827342771389
S6,24,PSO,0.7989685527771159,1.8743608856665301,4.759705744487341,0.20254252602734124,0.26,0.74,0.8082177181058395,0.9989301594024289,0.001069840597571136,1.0999745315158624,0.8712429134425338,0.29076108423330094,0.12292174315935281,0.3844288223862178,0.105,1.6638890000758693,375,1,1.7174082527144483,0.970269925290297,0.001069840597571136,0.8181938788073,0.1287570865574662
S6,24,DE,1.1515057009696585,2.320398713799905,7.334247593215967,0.29356477929334307,0.225,0.775,1.2400089709020359,0.9990269137211046,0.0009730862788953187,1.0800699051046887,0.8319025360545403,0.16811635323906038,0.07384216273866982,0.4495151740422181,0.175,1.4592923000454903,375,1,2.186446528656241,1.7409960761951835,0.0009730862788953187,1.2733416821148904,0.16809746394545966
S6,24,Local-only,0.8391647225287345,1.9380370922306287,4.552475265370929,0.20242825264701897,0.205,0.795,0.828381983553781,1.0,0.0,0.0,0.8709637096414218,0.2912559620316208,0.16888244371247707,0.38490708452936684,0.0,0.0006744000129401684,1,1,1.816715942460389,1.0,0.0,0.8625211734394023,0.12903629035857822
S6,24,Random-feasible,0.8280531184079662,1.7450502307006979,4.576093297357395,0.20376810693804423,0.33,0.67,0.7335985111254055,0.9984002344832789,0.0015997655167211166,1.0944101067147873,0.8730325567960808,0.2651311858510391,0.16888244371247707,0.38135633684282483,0.195,0.004571299999952316,1,1,1.6950783445928335,1.2328078638174176,0.0015997655167211166,0.7999891324128523,0.12696744320391917
S6,24,Max-SINR,0.4166799111824811,0.9128477378061939,2.32903227877328,0.1275003422773323,0.75,0.25,0.15560391174784227,0.9983901841949298,0.001609815805070225,1.0234708390248568,0.9684456352873867,0.5395156273613121,0.23765515711723414,0.18050618910618127,0.91,0.0022981000365689397,1,1,0.8994901383928373,0.9418020622168735,0.001609815805070225,0.18192779753533866,0.0315543647126133
S6,24,Delay-Greedy,0.4009767131734059,0.9707254926751199,2.1334622473587173,0.13083645433178462,0.585,0.415,0.15625374162295716,0.9982125979496587,0.0017874020503414417,1.0213615548705368,0.9729051933507704,0.5507513490429528,0.23765515711723414,0.16688133574979533,0.91,0.008081399952061474,1,1,0.8236737115743602,1.045055204073528,0.0017874020503414417,0.13551321304533592,0.027094806649229586
S6,24,Load-Aware,0.3629199880974396,0.8671469769561188,1.9208382147980598,0.11856941635750232,0.71,0.29,0.11851489558786399,0.9987882931052445,0.0012117068947555187,1.0184473040582258,0.9768178388266306,0.581243580868908,0.23765515711723414,0.15405300328769134,0.655,0.009780199965462089,1,1,0.7742005224956227,0.894808657229043,0.0012117068947555187,0.12571557333688405,0.023182161173369353
S6,24,Offload-then-Allocate,0.3779865159231557,0.8417164066724772,1.9326233939943727,0.11643822739111423,0.785,0.215,0.09699617960796275,0.9979785772224501,0.002021422777549928,1.022887741544078,0.9803225789970984,0.6073011701418403,0.23765515711723414,0.14167707630091694,0.915,0.007090299972333014,1,1,0.8340291444596329,0.906895817241724,0.002021422777549928,0.12035583806417459,0.019677421002901596
S6,25,RFOTO-ABC,0.3896338503012062,0.8537379091356769,1.9944577514275965,0.10565927465601842,0.7,0.3,0.16167890706448035,0.9984563150941799,0.0015436849058202617,1.0246474167037884,0.9675379883041282,0.5021726639701799,0.2624724181337611,0.18316972867661044,0.625,1.405984399956651,375,1,0.8390206145506907,0.8984136327179542,0.0015436849058202617,0.15975445208118233,0.03246201169587182
S6,25,Standard-ABC,0.8485984311151817,1.6972895434294732,4.141396390281908,0.18373065346789852,0.26,0.74,0.8425388419367524,0.9977008637059146,0.00229913629408543,1.1004134224711923,0.8646560859328637,0.2718118515702144,0.1118646483723315,0.3956376964926866,0.21,1.5097385999979451,375,1,1.69475167695823,1.322962249368125,0.00229913629408543,0.8228190404060719,0.1353439140671363
S6,25,GA,0.6950232842518334,1.50622882701861,4.108082726578413,0.15328395582274762,0.315,0.685,0.6557730425418415,0.9985879684149659,0.0014120315850341674,1.0557404852459917,0.8863870427446422,0.3057203790811213,0.2082893082290125,0.3580158324074819,0.24,1.3876163000240922,375,1,1.5093319477743403,0.9206538528359823,0.0014120315850341674,0.6490714779101617,0.1136129572553578
S6,25,PSO,0.8821863245946155,1.7970354946506342,4.1993166350115505,0.1945481237116094,0.225,0.775,0.8749202252139214,0.9989059925638313,0.0010940074361687091,1.0981153913201858,0.8593264073330051,0.28177393102894266,0.19601148552016076,0.4046012410233937,0.12,1.4255726999836043,375,1,1.8403569875519328,1.1524037396002111,0.0010940074361687091,0.9116667055172708,0.14067359266699486
S6,25,DE,1.1497643623365676,2.2737105073713053,5.911520856634011,0.23931431982464715,0.2,0.8,1.3903209112662762,0.9980801390920864,0.0019198609079136525,1.1093740433972044,0.8159257765292722,0.1401346830116847,0.060070783105829174,0.4749754488110702,0.145,1.466076000011526,375,1,2.2168712019766974,1.6333308274022698,0.0019198609079136525,1.2902073281194442,0.18407422347072777
S6,25,Local-only,0.8907214201088854,1.888192225544958,4.470129044122226,0.18317722040475573,0.175,0.825,0.9230025246528996,1.0,0.0,0.0,0.859703274529487,0.2685252748851272,0.19601148552016076,0.40397033724773307,0.0,0.0005785999819636345,1,1,1.919366258939028,1.0,0.0,0.9593413862142062,0.14029672547051297
S6,25,Random-feasible,0.8762217571758709,1.7369920813478223,4.150262057886997,0.18959631812365987,0.26,0.74,0.8718483122447678,0.9972256246907878,0.00277437530921212,1.1056351799565067,0.8609653864649344,0.2540015555366231,0.11258957352145452,0.40185430121373816,0.235,0.004424699931405485,1,1,1.728099071112265,1.395680263342182,0.00277437530921212,0.8537395312175009,0.13903461353506563
S6,25,Max-SINR,0.5100970805703955,0.9221143027385249,2.0637039887430233,0.13731300627559165,0.69,0.31,0.1861000378886589,0.9981109105328894,0.0018890894671107184,1.0223557858657275,0.9659395070933615,0.5339851515631566,0.1275047522532286,0.18778050371620045,0.915,0.0033779999939724803,1,1,0.9943463062318418,1.3687293212048623,0.0018890894671107184,0.20285685600915102,0.034060492906638484
S6,25,Delay-Greedy,0.502061162752635,0.9727481162875086,2.180866613542979,0.13135633047797238,0.57,0.43,0.20514763083372864,0.9978580527009874,0.002141947299012512,1.024674797484695,0.9621067472537334,0.5203787884631141,0.2624724181337611,0.19845832113847722,0.91,0.008352700038813055,1,1,0.9337959368783697,1.4404824749150338,0.002141947299012512,0.18570971969618016,0.03789325274626665
S6,25,Load-Aware,0.3906173665189397,0.8557313114786632,1.9938254927798356,0.10536538272422322,0.7,0.3,0.16621984305403953,0.998449101318272,0.0015508986817279412,1.024749713802304,0.9664377608634055,0.5021726639701799,0.2624724181337611,0.18635391392479528,0.62,0.009238099912181497,1,1,0.8408679645064661,0.8957200874314742,0.0015508986817279412,0.1627913866830692,0.03356223913659451
S6,25,Offload-then-Allocate,0.44056544441647466,0.8556593672439468,1.9409506787734998,0.11767872395595048,0.7,0.3,0.1331998547595337,0.9978069492713908,0.002193050728609219,1.024128493975752,0.9738489932331288,0.5802426148533869,0.2624724181337611,0.1638696011763321,0.915,0.00770699989516288,1,1,0.9117468409607514,1.1531555236741413,0.002193050728609219,0.14117657785765225,0.02615100676687121
S6,26,RFOTO-ABC,0.3498490369021109,0.8118457856315632,2.072218839884746,0.0979641808446474,0.745,0.255,0.17390646308807625,0.9990519975273631,0.0009480024726368141,1.0158596251519803,0.965891232813109,0.4740929234053605,0.2146232951534727,0.18791822400659255,0.64,1.4487901999382302,375,1,0.7647171777179814,0.7610176442458088,0.0009480024726368141,0.15684472105273287,0.03410876718689104
S6,26,Standard-ABC,0.7344686780176749,1.5562314979331242,4.4265198750887444,0.1473302667437855,0.33,0.67,0.7014379948661938,0.9978969375479187,0.0021030624520813417,1.0644759158189945,0.8786450571925093,0.2770965170815536,0.19230987317019285,0.37163961357303693,0.255,1.5245494999689981,375,1,1.5643026179147188,0.960078928362026,0.0021030624520813417,0.7230293214926057,0.1213549428074907
S6,26,GA,0.6347193657544574,1.41759999967445,4.301592587888656,0.13242310369405286,0.37,0.63,0.5904106403492637,0.9981199405093565,0.0018800594906435298,1.047065724275808,0.8952683581891329,0.29949362105835675,0.19230987317019285,0.34202853343335776,0.275,1.419887199997902,375,1,1.3847009841841889,0.8794243445947109,0.0018800594906435298,0.5621788393977795,0.10473164181086714
S6,26,PSO,0.9153920970792349,1.90527003283343,5.117222904886458,0.18858430096641782,0.21,0.79,0.9694985034516617,0.9990315627843371,0.0009684372156628213,1.065628003210626,0.8555085775111848,0.2282822125366497,0.09829817501451558,0.41096879708386025,0.135,1.6029437000397593,375,1,1.904051023644733,1.1714562463187488,0.0009684372156628213,0.9671740136151381,0.1444914224888152
S6,26,DE,1.0602090119076943,2.218185172915862,6.040033271605304,0.21096212278512838,0.195,0.805,1.3102416159274008,0.998928047701811,0.0010719522981889901,1.0754348929014157,0.8339450572292424,0.19165969110566697,0.04410287946238077,0.44622837621979355,0.12,1.4111730000004172,375,1,2.1241544665635668,1.3876311909055072,0.0010719522981889901,1.1836123390229,0.1660549427707576
S6,26,Local-only,0.8524638403870249,1.85312205887475,5.007608189979307,0.16634761154786734,0.175,0.825,0.8566722168390969,1.0,0.0,0.0,0.869073604987241,0.2688234123365904,0.19230987317019285,0.38813725044313824,0.0,0.0005536000244319439,1,1,1.8491506062594747,1.0,0.0,0.8821489182809701,0.13092639501275904
S6,26,Random-feasible,0.8181449857747747,1.7234215864476017,5.007608189979307,0.17992071537927345,0.29,0.71,0.7990698679118681,0.9960792496415973,0.003920750358402744,1.1308044566931952,0.8685907731515953,0.26236946534006234,0.10726496067107513,0.3889603427872663,0.21,0.0032337999437004328,1,1,1.729169246761643,1.046488351507947,0.003920750358402744,0.8335355490369223,0.13140922684840473
S6,26,Max-SINR,0.33620027848334055,0.7660052156498122,2.0280096229861053,0.08459378926230493,0.83,0.17,0.14302661229504499,0.9979298502341737,0.0020701497658262686,1.0264120774450567,0.9708679169720315,0.45467747569784034,0.2146232951534727,0.17322305539972774,0.875,0.0021473000524565578,1,1,0.7776943541412233,0.7027784656407371,0.0020701497658262686,0.1263043107782544,0.029132083027968547
S6,26,Delay-Greedy,0.3916498667470282,0.8989206721053995,2.256625811812619,0.10544604912849423,0.635,0.365,0.18714100275237822,0.9977511492403355,0.0022488507596645246,1.0256033849158326,0.9651001698028011,0.4326537890740295,0.2146232951534727,0.19016275513323536,0.9,0.008596800034865737,1,1,0.805337295806753,0.9801756423645896,0.0022488507596645246,0.15041780703655494,0.03489983019719889
S6,26,Load-Aware,0.3505644919690365,0.8114931484930876,2.072218839884746,0.09696393413065074,0.745,0.255,0.17514459649091513,0.9990825019318865,0.0009174980681135197,1.0153980807775271,0.9656674040043619,0.4740929234053605,0.2146232951534727,0.1885556435158017,0.635,0.010795300011523068,1,1,0.767796386590071,0.7544540169715229,0.0009174980681135197,0.16045561505128741,0.03433259599563809
S6,26,Offload-then-Allocate,0.3398616929386763,0.7692629073108607,2.0280096229861053,0.08639516677120682,0.835,0.165,0.13458033678641004,0.9976137352514681,0.002386264748531831,1.0286221560947408,0.9726149753037883,0.5154048463545361,0.2146232951534727,0.16779773428831046,0.9,0.009785199887119234,1,1,0.7895627776285312,0.7199076884443989,0.002386264748531831,0.119599354442982,0.027385024696211735
S6,27,RFOTO-ABC,0.3688189416044959,0.8678477722606519,1.8609501148593997,0.10650712194011583,0.695,0.305,0.14596658304113194,0.9983525662787133,0.0016474337212866452,1.0140585921506469,0.9718399775056904,0.5688710928800942,0.24729246217188572,0.1702233442812317,0.635,1.3835826000431553,375,1,0.8067610652655837,0.862156492706658,0.0016474337212866452,0.1330068450547903,0.0281600224943096
S6,27,Standard-ABC,0.7775894571196303,1.7535280836457952,4.62278938785421,0.17966856025677103,0.265,0.735,0.7768912010287227,0.9976187265950329,0.0023812734049671797,1.1016681229678993,0.8715324797235632,0.2776784478071858,0.18957819689404967,0.3839325048103037,0.225,1.2504437000025064,375,1,1.6652243705466412,1.0206350147126841,0.0023812734049671797,0.753766918214434,0.12846752027643682
S6,27,GA,0.6492089408108159,1.4797530776385737,4.304348481350493,0.16322459709059467,0.365,0.635,0.6081647581900846,0.9971422787698918,0.0028577212301081597,1.0728383032504611,0.892788794721716,0.2815679712596201,0.18957819689404967,0.34653389800228374,0.29,1.4327040000353009,375,1,1.405631044127656,0.9531602205831102,0.0028577212301081597,0.552695686614685,0.10721120527828398
S6,27,PSO,0.9070198278022155,1.9978016218031311,4.667301070472393,0.20697906544795985,0.2,0.8,1.0161712830343348,0.9986125838020916,0.001387416197908376,1.096359307503767,0.8528268396349624,0.2537560350569171,0.06182492510388481,0.4154166298312129,0.115,1.569651999976486,375,1,1.88682380559204,1.183865349296573,0.001387416197908376,0.941522466861529,0.14717316036503758
S6,27,DE,1.0987591340231364,2.2048297378296984,5.58756236907489,0.23591259947767676,0.17,0.83,1.2187008149567464,0.9991789554224364,0.0008210445775635516,1.1373839069851417,0.8474432706570014,0.24657176811159445,0.04480272100794413,0.42428762682387877,0.095,1.44676389999222,375,1,2.13442820185634,1.6601999101912797,0.0008210445775635516,1.1722975148535886,0.15255672934299858
S6,27,Local-only,0.8495386693116102,1.9521978629221872,4.667301070472393,0.18308501706507344,0.155,0.845,0.8972425364532727,1.0,0.0,0.0,0.8662987176204613,0.2772244843482233,0.18957819689404967,0.39285650676017486,0.0,0.0005896000657230616,1,1,1.8467576287680836,1.0,0.0,0.8711762790506338,0.1337012823795387
S6,27,Random-feasible,0.8566317704369236,1.8818421724854721,4.62278938785421,0.2521051168787923,0.245,0.755,0.871532360267691,0.9978944498194602,0.002105550180539858,1.0768787901976844,0.8683024200730283,0.2776854722544793,0.04796982739852181,0.38945150950360125,0.225,0.003842500038444996,1,1,1.7193702018087977,1.3457214531112378,0.002105550180539858,0.8190210199715388,0.13169757992697173
S6,27,Max-SINR,0.4025961154331462,0.9013622335059622,2.6652572357329842,0.11203213255086208,0.765,0.235,0.14110275164570804,0.997988546993628,0.0020114530063719766,1.0189455047338036,0.971146129769953,0.5144426373586676,0.20522536622676868,0.172369231456431,0.94,0.0024449999909847975,1,1,0.8940517851386547,0.9405854316699441,0.0020114530063719766,0.133059933048838,0.02885387023004704
S6,27,Delay-Greedy,0.4438407505708833,0.9976130896304783,2.513912915644066,0.12894293235022858,0.565,0.435,0.18495682776028752,0.9967239930569559,0.003276006943044061,1.0224428314490146,0.9661547833577883,0.5265831957705444,0.1987837471544598,0.18716528288294992,0.945,0.007453000056557357,1,1,0.8744684900195858,1.2158630309267175,0.003276006943044061,0.14844875816815462,0.03384521664221174
S6,27,Load-Aware,0.3852976784090643,0.8751479390379138,1.8680510740597174,0.10699233238415498,0.695,0.305,0.15411345927584802,0.9979849608871123,0.002015039112887799,1.0160145113542465,0.9704114916527741,0.5688710928800942,0.24729246217188572,0.17461581300257467,0.63,0.008996000047773123,1,1,0.8380722532504191,0.8670055949375077,0.002015039112887799,0.16354996712468772,0.029588508347225928
S6,27,Offload-then-Allocate,0.4018978799130984,0.895672912164591,2.1034802560216077,0.11196288674330887,0.785,0.215,0.14465647688019545,0.9974953920680292,0.0025046079319706355,1.0200490903315385,0.9714303949239658,0.5313703933747209,0.19237113406851156,0.1714929513777805,0.935,0.007530699949711561,1,1,0.8818871603995377,0.9512163435225822,0.0025046079319706355,0.13582910374810936,0.028569605076034232
S6,28,RFOTO-ABC,0.36488338253015934,0.8566394828964714,1.8373633084428749,0.10995149807240345,0.69,0.31,0.13897227505266602,0.9983559132403405,0.0016440867596595743,1.0156289459794339,0.9729413663717233,0.5430790541744566,0.29140502267113105,0.16676680057410553,0.635,1.3788553000194952,375,1,0.8035966262725124,0.8314710898922604,0.0016440867596595743,0.13950380032807497,0.02705863362827665
S6,28,Standard-ABC,0.8046548669169615,1.6807037162378913,4.119374024196775,0.18633023256882608,0.315,0.685,0.7458036065039405,0.9977790087714239,0.0022209912285760768,1.0919338642051986,0.8769862821816771,0.3015723988697883,0.11150929438373484,0.3745246200059269,0.225,1.372178699937649,375,1,1.639444631482025,1.2361111045153523,0.0022209912285760768,0.7619231498027551,0.12301371781832293
S6,28,GA,0.6403660443801219,1.5166486651330313,3.7941190643575466,0.16735790630672656,0.345,0.655,0.5730006135784086,0.9982654202343048,0.0017345797656952216,1.0838468090357167,0.9008413940198261,0.35254802311436034,0.25962887303221166,0.331772999611734,0.25,1.4526130000595003,375,1,1.3641962468732496,1.0120286871268778,0.0017345797656952216,0.5291678909704506,0.0991586059801739
S6,28,PSO,0.8897526479919118,1.958357680835522,4.814580829847784,0.2033756640175625,0.225,0.775,0.9186218718853593,0.9992071949378136,0.0007928050621862571,1.041802368112216,0.8596725198421381,0.297473046033881,0.11269691389711027,0.404021839062851,0.13,1.5217971000820398,375,1,1.8730426527747481,1.076571431953235,0.0007928050621862571,0.9551943478764919,0.1403274801578619
S6,28,DE,1.0182826746321467,2.1305385046481855,5.271339735611972,0.21843191185880564,0.205,0.795,1.0906690238419565,0.99865553813471,0.0013444618652899748,1.0867123093383704,0.852058558267353,0.22894973191525658,0.06897234759791881,0.4166872403786325,0.115,1.5011198000283912,375,1,2.073572934719997,1.2795073968436923,0.0013444618652899748,1.1420128911705547,0.147941441732647
S6,28,Local-only,0.8551004225809568,1.9794394258865227,4.502677416251296,0.18976785897413395,0.175,0.825,0.8713499001926727,1.0,0.0,0.0,0.873131962903845,0.29931667068110535,0.22545784441303482,0.38118531988785664,0.0,0.0006261999951675534,1,1,1.8505456036647987,1.0,0.0,0.8937352644013352,0.12686803709615502
S6,28,Random-feasible,0.8588016111009907,1.8299715723472914,4.502677416251296,0.19119690338873985,0.29,0.71,0.9512810513140336,0.9974836818774243,0.002516318122575707,1.0889643616462772,0.8630112229852541,0.297473046033881,0.03701374391016368,0.3984137079445337,0.18,0.004601199994795024,1,1,1.7466067161906582,1.202260867942859,0.002516318122575707,0.883036886740681,0.13698877701474588
S6,28,Max-SINR,0.4012427467154006,0.8654343446337843,1.862664072558069,0.11210310525076073,0.76,0.24,0.13110994214782895,0.9977291414715245,0.002270858528475546,1.0195127222377394,0.9723787431764256,0.5416650810263065,0.29140502267113105,0.16854038817291245,0.915,0.0038307999493554235,1,1,0.8957909597789169,0.886113768563927,0.002270858528475546,0.15912232502740403,0.027621256823574414
S6,28,Delay-Greedy,0.454428418266065,0.9997197331171154,2.283956783474932,0.13494431841536766,0.59,0.41,0.21217156347116814,0.9981559274738535,0.0018440725261463964,1.0142708116161239,0.9598282182193988,0.5113042090287094,0.2924302644316053,0.2045802903197373,0.89,0.01032240001950413,1,1,0.8955762043392479,1.185610006803195,0.0018440725261463964,0.1851931375538171,0.04017178178060121
S6,28,Load-Aware,0.36549793997512625,0.8551069629860442,1.8362965560630988,0.11037971512830477,0.68,0.32,0.13804298073284355,0.9985146401280014,0.0014853598719986234,1.0159937082575634,0.9736825891710051,0.555799748407023,0.29140502267113105,0.16440418854259295,0.63,0.00974889995995909,1,1,0.8018055613960012,0.8405053475064983,0.0014853598719986234,0.13890425560560887,0.02631741082899486
S6,28,Offload-then-Allocate,0.39707041336678595,0.849218252576027,1.9574141355652186,0.11321954424283988,0.77,0.23,0.11986922999557315,0.998128523556605,0.0018714764433950281,1.0150692079783985,0.9747830434567769,0.5551350007711465,0.3126797220135776,0.16083936582008862,0.9,0.00867050001397729,1,1,0.8714590265405877,0.940202576485162,0.0018714764433950281,0.13607372595480882,0.02521695654322309
S6,29,RFOTO-ABC,0.316220993689418,0.7316841793894782,1.6177499270847573,0.09029075709170474,0.82,0.18,0.08281828688485156,0.997864839860629,0.0021351601393709584,1.0270369372498904,0.9840505558755477,0.6726686235423414,0.23326567663574288,0.12731045498475604,0.71,1.4016040000133216,375,1,0.703802667740305,0.7866254912481441,0.0021351601393709584,0.0778282176823121,0.015949444124452317
S6,29,Standard-ABC,0.7083177869211256,1.5113221468043638,4.594631122072118,0.15712806452705746,0.375,0.625,0.6799347619642109,0.9979914336752768,0.002008566324723323,1.0967436459623454,0.8813306391016607,0.27737101181840856,0.18057099695751866,0.3669440647792819,0.23,1.4401624000165612,375,1,1.49407053156857,1.0217970186409175,0.002008566324723323,0.6533139353325994,0.11866936089833935
S6,29,GA,0.6183967102089205,1.326579553708366,3.5406911439094975,0.14038389202490634,0.425,0.575,0.5407196435273174,0.9981724912021932,0.001827508797806855,1.0680996293912155,0.9026361129675481,0.31021463292471646,0.18057099695751866,0.3284298329628788,0.265,1.5402174000628293,375,1,1.3362890485057621,0.929557639373582,0.001827508797806855,0.5196828694480543,0.09736388703245191
S6,29,PSO,0.8682847433274316,1.8912081676409473,5.508567971951931,0.21908809446065475,0.295,0.705,0.9367935241069744,0.9991560258414667,0.0008439741585333182,1.0922042432046608,0.8555305246877063,0.24018865978662718,0.07742216314872694,0.41093231335564473,0.145,1.5381206999300048,375,1,1.8291601505618993,1.0754562545065252,0.0008439741585333182,0.911348205529709,0.1444694753122937
S6,29,DE,0.9942809959878193,1.9463198815356202,5.508567971951931,0.19394080128080263,0.27,0.73,1.0507665587418642,0.9985405104867336,0.0014594895132662294,1.0337674262031904,0.8426227531155451,0.20066793033860086,0.09452035957639547,0.43216976579450417,0.135,1.4850313999922946,375,1,1.9707918792118881,1.4286187240165662,0.0014594895132662294,1.053566930588163,0.15737724688445487
S6,29,Local-only,0.835367863146284,1.7876312777551624,4.622015850950642,0.16804160398542947,0.235,0.765,0.83461667306974,1.0,0.0,0.0,0.8675898171465696,0.2774069912935499,0.18057099695751866,0.39066406937953135,0.0,0.0005630999803543091,1,1,1.80766770848778,1.0,0.0,0.8543576343852975,0.13241018285343042
S6,29,Random-feasible,0.7835723821020225,1.6281168488899562,4.622015850950642,0.15438869124830712,0.35,0.65,0.7553355992400812,0.9981073640213713,0.001892635978628569,1.0767350686699388,0.8696507521729395,0.27737101181840856,0.18057099695751866,0.38715228447888184,0.19,0.0043747000163421035,1,1,1.6693414712977188,0.9920380594289475,0.001892635978628569,0.7900015639738638,0.13034924782706048
S6,29,Max-SINR,0.3408007208579463,0.7257955135453865,1.7690096642960738,0.08595938982512076,0.78,0.22,0.10089779102568777,0.997402768474658,0.0025972315253418813,1.0226219393849536,0.9800750781089516,0.6622279695449479,0.23326567663574288,0.14258329307000753,0.94,0.0022461999906226993,1,1,0.7701241591897986,0.7874752084170495,0.0025972315253418813,0.10656086083685444,0.01992492189104844
S6,29,Delay-Greedy,0.37620944980293103,0.7885498124800185,1.7655529304557869,0.10135347043418737,0.755,0.245,0.10710063409473058,0.997231569060169,0.002768430939831071,1.0304436973057465,0.9788152815295686,0.6542843114852608,0.23326567663574288,0.14711636237803205,0.935,0.008742399979382753,1,1,0.7546691105403395,1.068362965643591,0.002768430939831071,0.09422533345110655,0.021184718470431352
S6,29,Load-Aware,0.32147774230765924,0.7283890918682053,1.6194678494689048,0.0929500289639435,0.82,0.18,0.08458657928922887,0.9975006269185549,0.0024993730814451697,1.0332267859399422,0.9830362973136249,0.6690687348535609,0.23326567663574288,0.13136375349216972,0.715,0.009997600107453763,1,1,0.7042317962515433,0.8175354219956743,0.0024993730814451697,0.07898019970470774,0.01696370268637515
S6,29,Offload-then-Allocate,0.3359267731617466,0.6967162773448246,1.7459100678837767,0.08938361760018837,0.835,0.165,0.07987234716067093,0.9967685844150378,0.0032314155849622887,1.031041791303424,0.9838361763088305,0.6690687348535609,0.23326567663574288,0.12817716403401588,0.95,0.0070501998998224735,1,1,0.7507560967253362,0.8229604254177565,0.0032314155849622887,0.0868913139883247,0.016163823691169532
