scenario,run,algorithm,objective,delay_mean_s,delay_p95_s,energy_mean_j,success_rate,violation_rate,violation_mean,reliability_mean,link_failure_rate,attempts_mean,jain,utility_p05,utility_min,utility_cv,offload_rate,runtime_s,evaluations,feasible,t_hat,e_hat,r_hat,v_hat,fairness_loss,additional_blockage_probability
S4,0,RFOTO-ABC,0.28379028488862906,0.6362636024001528,1.5703959501104707,0.09323681315653605,0.88,0.12,0.06346059772338791,0.9972727119539617,0.0027272880460383277,1.017573201539659,0.9851936851153255,0.6108352760804474,0.44337519265183245,0.12259215542317496,0.84,0.8894930001115426,350,1,0.618273230904553,0.6994840600002334,0.0027272880460383277,0.08613185328218789,0.014806314884674543,0.0
S4,0,RFOTO-ABC-R,0.28789941711148703,0.6346555981018904,1.5699476800382894,0.09323615267730746,0.89,0.11,0.06379569058148796,0.9973010987804409,0.0026989012195590377,1.018263245679892,0.9850810330687033,0.6108352760804474,0.44337519265183245,0.12306467158933047,0.84,0.7934045000001788,350,1,0.6180875305167043,0.7267639174605302,0.0026989012195590377,0.08634128631850041,0.014918966931296684,0.0
S4,0,Standard-ABC,0.7108142066376353,1.6073651806033649,4.105535230577398,0.1644562619550787,0.33,0.67,0.6684114146260107,0.9962059271717522,0.0037940728282478044,1.0947891201180602,0.8858789220231138,0.32334860047616426,0.22110229992916702,0.3589184209334617,0.28,0.922814599936828,350,1,1.5026562103591532,0.9820433105829154,0.0037940728282478044,0.6798667247929089,0.1141210779768862,0.0
S4,0,Max-SINR,0.3046062348299864,0.6594656479847183,1.5851571996770963,0.0917458217871484,0.85,0.15,0.06181207130263215,0.9983919832134767,0.0016080167865232032,1.0134168850801744,0.9868076670828172,0.6449858853190163,0.4525241522514795,0.11562308256398825,0.94,0.002498699934221804,1,1,0.6736345859079649,0.7710505051308081,0.0016080167865232032,0.07295823715396767,0.013192332917182803,0.0
S4,1,RFOTO-ABC,0.2506679748314728,0.6167924625597359,1.3764142026161537,0.0741402754508445,0.9,0.1,0.0709160599416692,0.9980389161988622,0.0019610838011378693,1.0247522046222106,0.9848948233235343,0.6651147529216338,0.27536382191216235,0.12384200575907962,0.78,0.8602111999643967,350,1,0.5371523344992309,0.6525932853632184,0.0019610838011378693,0.0633316205619395,0.015105176676465715,0.0
S4,1,RFOTO-ABC-R,0.24745267683692085,0.6273742666764885,1.4317700867223453,0.0714170099086298,0.89,0.11,0.07876425695621415,0.9980847283591109,0.001915271640889119,1.0239343345271201,0.982991089113705,0.6489826093307987,0.27536382191216235,0.13154170369160692,0.78,0.8524997000349686,350,1,0.5443592001819205,0.6010673302409706,0.001915271640889119,0.07307354517669233,0.01700891088629497,0.0
S4,1,Standard-ABC,0.648769067820137,1.5158608983935176,4.357616168772895,0.15975406858029,0.38,0.62,0.609148759151832,0.9959425860624684,0.0040574139375315725,1.0900196920392902,0.8913220613665469,0.30394462826566204,0.23993571145042178,0.3491832221078092,0.27,0.8552904999814928,350,1,1.3872685953458672,0.9159899998931644,0.0040574139375315725,0.5897609816686853,0.1086779386334531,0.0
S4,1,Max-SINR,0.24066899646394632,0.573695271911318,1.5214893176202484,0.0643012897947408,0.9,0.1,0.07636636606471871,0.9976399915165812,0.002360008483418713,1.023328006428325,0.9836428597003767,0.6629459346174658,0.27536382191216235,0.12895404439846467,0.88,0.001502299914136529,1,1,0.5587480296745253,0.5308023799208471,0.002360008483418713,0.0737442372622426,0.01635714029962332,0.0
S4,2,RFOTO-ABC,0.30698612740321546,0.7096684797852834,1.7181966443570378,0.09343270598665104,0.85,0.15,0.10712955777082411,0.9978136372826458,0.002186362717354172,1.0230735173838053,0.9781587927039282,0.5664198506675354,0.22975804830932958,0.14942856946471808,0.79,0.9356011999770999,350,1,0.6393712899348936,0.7569154728409062,0.002186362717354172,0.11957012142189825,0.021841207296071752,0.0
S4,2,RFOTO-ABC-R,0.3106292454134543,0.7083378707048069,1.939772235703566,0.08901386312223938,0.84,0.16,0.1188583233653961,0.9975544715972393,0.0024455284027607416,1.0240914988764704,0.9755723211384747,0.5664198506675354,0.22975804830932958,0.15823821160856397,0.78,0.8827130000572652,350,1,0.6618483334105781,0.704984865650356,0.0024455284027607416,0.1410646988139016,0.024427678861525304,0.0
S4,2,Standard-ABC,0.6554289085886907,1.4405640895106677,3.8415861118672963,0.17354259675108744,0.37,0.63,0.62618081481934,0.99675156912507,0.003248430874929935,1.0811347676742025,0.8968402565562088,0.3517046251852514,0.11185378692869849,0.3391544967100009,0.33,0.9332814000081271,350,1,1.389751719953074,0.9566441038906026,0.003248430874929935,0.5934828613011087,0.1031597434437912,0.0
S4,2,Max-SINR,0.27710155350049,0.6821873399159063,1.9425749118586746,0.07798194618996472,0.84,0.16,0.13546711616155732,0.9978201185039111,0.002179881496088871,1.019768685375143,0.9720479840777688,0.5525481608459107,0.22975804830932958,0.16957534743765668,0.85,0.0018570000538602471,1,1,0.6472433218806491,0.5272653268542912,0.002179881496088871,0.12628858125852618,0.027952015922231177,0.0
S4,3,RFOTO-ABC,0.3106152236373953,0.6685464848905043,1.3505770585503292,0.10017534895642856,0.89,0.11,0.05106923751585788,0.9989714937575772,0.0010285062424227843,1.0203181701158104,0.9887435160110668,0.8128396537942938,0.38621359106324077,0.10669880481976816,0.84,0.8603265999117866,350,1,0.6113857906762966,0.9324715602544599,0.0010285062424227843,0.06401547233331045,0.011256483988933197,0.0
S4,3,RFOTO-ABC-R,0.3147696787314749,0.7704050572195155,1.6795545630280266,0.10147104731446667,0.79,0.21,0.11706800196921381,0.9981767850583164,0.0018232149416835108,1.0231883834390076,0.9749632630044824,0.4903845428541773,0.3723755712467225,0.1602487821931235,0.78,0.7985489000566304,350,1,0.6824299471303013,0.7478520004790112,0.0018232149416835108,0.11145695335753408,0.02503673699551756,0.0
S4,3,Standard-ABC,0.7024220240460471,1.6067549550909919,4.321029968380232,0.1847413722414393,0.39,0.61,0.6912489426463627,0.998065377341523,0.0019346226584769021,1.0679190831565686,0.8796395887426255,0.28812074896515766,0.18653464678670778,0.3699043581142734,0.33,0.9750114000635222,350,1,1.4478035895914994,1.0848439050465155,0.0019346226584769021,0.6372142186835735,0.12036041125737451,0.0
S4,3,Max-SINR,0.3889220495044952,0.7378320060783284,2.3050798659014853,0.1286586650032249,0.77,0.23,0.12691757224541553,0.9986045881848983,0.001395411815101678,1.0137710784653828,0.9731701523625882,0.49070986355091006,0.328068079263888,0.16604076016148922,0.94,0.0016963999951258302,1,1,0.7640942395786996,1.020731080305847,0.001395411815101678,0.1619410722212447,0.026829847637411808,0.0
S4,4,RFOTO-ABC,0.2890957551457792,0.633685389509553,1.4741546355857347,0.07829212806717879,0.87,0.13,0.06935053476460536,0.9975472145868054,0.0024527854131946437,1.0342804331567106,0.986061212437197,0.7220030139075108,0.2780158823810062,0.11889417062196957,0.86,0.8700403000693768,350,1,0.6424585958245503,0.6506185360293846,0.0024527854131946437,0.11322780227269792,0.013938787562802979,0.0
S4,4,RFOTO-ABC-R,0.30779117162762587,0.6543041457475488,1.5162990424089096,0.08017626642821567,0.85,0.15,0.09367745648495256,0.9981133206636322,0.0018866793363677447,1.030715060185081,0.9805880181014671,0.6153768555948073,0.2780158823810062,0.14069920635442612,0.83,0.8086774999974295,350,1,0.6876346127260534,0.6419717698175907,0.0018866793363677447,0.14519047928568168,0.019411981898532882,0.0
S4,4,Standard-ABC,0.718359798502271,1.589545464675638,4.543709661010915,0.1831476645700467,0.38,0.62,0.6731348686577467,0.9983485206552415,0.001651479344758562,1.0743702967533082,0.8802550128920418,0.3092304334034902,0.18318471975514844,0.3688284532492338,0.32,0.9866073000011966,350,1,1.5079628710091342,0.9981087752933446,0.001651479344758562,0.693442882083361,0.11974498710795822,0.0
S4,4,Max-SINR,0.28289462405236737,0.5989216024942435,1.505079874054738,0.07622248709397153,0.89,0.11,0.06053142770207294,0.9977551601785393,0.0022448398214605404,1.0298317415345013,0.9874843227040002,0.7649023238694067,0.2780158823810062,0.11258021497975725,0.94,0.0015099000884220004,1,1,0.6590141528033704,0.5869417012299158,0.0022448398214605404,0.1110940444333814,0.012515677295999783,0.0
S4,5,RFOTO-ABC,0.25083668635450174,0.6550378282272904,1.4618410692275305,0.07962349063811366,0.88,0.12,0.05407420116028287,0.997619169148426,0.0023808308515740296,1.0240671550361171,0.9879267093506089,0.6592887725242217,0.520356425224199,0.11054789169734727,0.86,0.8448456999612972,350,1,0.5583541668652987,0.6557998157198911,0.0023808308515740296,0.04236405004987957,0.01207329064939111,0.0
S4,5,RFOTO-ABC-R,0.24505205299185007,0.6569854130273656,1.2945644092378767,0.07927553092202964,0.88,0.12,0.05301585144383705,0.9977047889247053,0.002295211075294885,1.0245306076648693,0.9880838463881441,0.6592887725242217,0.520356425224199,0.10981739737069013,0.85,0.7624688000651076,350,1,0.5578880548653505,0.6192636968158548,0.002295211075294885,0.041776077985187454,0.01191615361185594,0.0
S4,5,Standard-ABC,0.6894716893609402,1.5023261256006786,4.203857336780479,0.18587380982566667,0.38,0.62,0.623897131306733,0.9987446904902901,0.0012553095097098033,1.05416971351369,0.8893448967862049,0.3105343377034814,0.20475536923947463,0.3527366736370463,0.34,0.9556690000463277,350,1,1.4358155197772817,1.0754874073832936,0.0012553095097098033,0.6093814837004585,0.11065510321379513,0.0
S4,5,Max-SINR,0.22830373322455677,0.573865079257435,1.4478500938792476,0.06946448640571193,0.88,0.12,0.03957858283077077,0.9982345726600719,0.0017654273399281906,1.0214351988722277,0.9915572319082344,0.8845852308297205,0.520356425224199,0.09227489015049732,0.93,0.0016312000807374716,1,1,0.5576315740232385,0.5307816366913719,0.0017654273399281906,0.030636374133163596,0.008442768091765585,0.0
S4,6,RFOTO-ABC,0.22649249090699078,0.6477397594778119,1.6099845039243883,0.08234098546355872,0.9,0.1,0.0450883001466185,0.9984117139044492,0.0015882860955509482,1.0182937136179768,0.9897988323671357,0.780172023748308,0.4507761652578019,0.10151996831810904,0.86,0.8830997999757528,350,1,0.5225300590860448,0.5610244450197698,0.0015882860955509482,0.039433908073897156,0.010201167632864272,0.0
S4,6,RFOTO-ABC-R,0.22369317630348565,0.6371964953257819,1.6131237007041164,0.08019864441497011,0.91,0.09,0.045243304229542806,0.9985601410499001,0.0014398589500999193,1.0174395482512044,0.9897884247594336,0.7789065080889881,0.4507761652578019,0.10157227633634702,0.85,0.8270424000220373,350,1,0.5132102607750132,0.5579203620266765,0.0014398589500999193,0.03953139491850363,0.010211575240566373,0.0
S4,6,Standard-ABC,0.7319575259113262,1.7550160276874955,4.813776906088029,0.2489219216315467,0.36,0.64,0.732978178602836,0.9976880396623302,0.0023119603376697585,1.052931940130333,0.8827315323201373,0.2971916839136631,0.08965249858273215,0.3644821842017599,0.27,1.0490381999406964,350,1,1.519061366281042,1.0407281240710027,0.0023119603376697585,0.712121214043608,0.11726846767986265,0.0
S4,6,Max-SINR,0.2118468149660072,0.565911461549172,1.4690120742525687,0.07256757178241253,0.93,0.07,0.03632963592093433,0.9980284146723369,0.001971585327663261,1.0263924591828206,0.9915383383964739,0.8680459731232946,0.4507761652578019,0.0923789605021831,0.99,0.0023436000337824225,1,1,0.5233358234505293,0.4737233579155697,0.001971585327663261,0.033163156439911495,0.008461661603526127,0.0
S4,7,RFOTO-ABC,0.25934335318917373,0.6550222416151901,1.4487020621917723,0.09678062046572129,0.89,0.11,0.06844685817005573,0.9975021054547177,0.002497894545282134,1.0260350238676328,0.9853126076590535,0.6688965939497301,0.2995970414922582,0.12209147152904708,0.9,0.8397568999789655,350,1,0.542681314531784,0.6941596625004308,0.002497894545282134,0.06738554968385872,0.014687392340946515,0.0
S4,7,RFOTO-ABC-R,0.2610359781703848,0.6529181016448945,1.543052040796031,0.09520295154610067,0.88,0.12,0.072206380205921,0.9974989065101855,0.0025010934898142823,1.0256304964108616,0.9846185361056509,0.6355071345579335,0.2995970414922582,0.12498699639026734,0.89,0.7830040999688208,350,1,0.5405842402367402,0.7001556224286156,0.0025010934898142823,0.07223654585916876,0.015381463894349134,0.0
S4,7,Standard-ABC,0.6138942021354904,1.5377374593827198,4.157807299404659,0.17458060053214589,0.39,0.61,0.5943994704974375,0.9987570259570069,0.001242974042993008,1.0644389027614418,0.8941473086053693,0.32736735698847946,0.24527050568522785,0.344069689529105,0.33,0.9442521999590099,350,1,1.3292924231917276,0.832123339223652,0.001242974042993008,0.56250438774487,0.10585269139463072,0.0
S4,7,Max-SINR,0.2575110280825789,0.6331062098090716,1.9835563433700594,0.08294215160424162,0.9,0.1,0.0777289803732028,0.9961965458872792,0.0038034541127208756,1.0232333145924803,0.9823580835614087,0.5746627966304378,0.2995970414922582,0.1340102349949848,0.93,0.0015303000109270215,1,1,0.5753703433085751,0.6039775045387259,0.0038034541127208756,0.07865935314517342,0.017641916438591254,0.0
S4,8,RFOTO-ABC,0.2559132691001196,0.5750480733736043,1.4417091900964245,0.0774470751963415,0.92,0.08,0.09262000780195885,0.9982930646018349,0.0017069353981651492,1.0248833003383653,0.9796098745581359,0.7455354668836857,0.28417125618375727,0.14427243829337832,0.83,0.9768506000982597,350,1,0.5558826708839993,0.6397999596031372,0.0017069353981651492,0.07029080617094596,0.020390125441864138,0.0
S4,8,RFOTO-ABC-R,0.2546248890274819,0.5680680513827301,1.4243651993435609,0.07889990155447667,0.92,0.08,0.08316343985791247,0.9974673370666813,0.0025326629333185333,1.0280079615436601,0.9812811285743211,0.7499614186173684,0.28417125618375727,0.13811571855918178,0.84,0.8589996999362484,350,1,0.5526835546186543,0.6487018348344208,0.0025326629333185333,0.06333744738855891,0.01871887142567885,0.0
S4,8,Standard-ABC,0.554860194464567,1.170358748831355,2.986458518600659,0.1375129705483125,0.46,0.54,0.41572864443327306,0.9983155728963179,0.0016844271036820912,1.0472945156890152,0.9202863863919032,0.39833082548908955,0.28417125618375727,0.29430981774353887,0.31,0.9155358000425622,350,1,1.1819409697047092,0.9982876003519919,0.0016844271036820912,0.38935153809455986,0.07971361360809681,0.0
S4,8,Max-SINR,0.2752822985991667,0.5909021267485127,1.5776260073182657,0.07777512184810279,0.89,0.11,0.12038442836892864,0.9963946129155579,0.003605387084442171,1.0260838085569977,0.9760784288442687,0.744681910170064,0.20153749012584224,0.15654979120203164,0.93,0.0019944999366998672,1,1,0.616894406614811,0.6245716704642164,0.003605387084442171,0.09225453314233348,0.023921571155731347,0.0
S4,9,RFOTO-ABC,0.2593421710744282,0.6612893988627248,1.3869893152384865,0.07755027624842051,0.9,0.1,0.07010363729000305,0.9985063002165365,0.0014936997834633925,1.0291476733790592,0.9847732087470497,0.7177550587307656,0.35204423893381653,0.12434722121195535,0.84,0.9226559000089765,350,1,0.5534933005466317,0.680078158600915,0.0014936997834633925,0.06549745401199117,0.015226791252950345,0.0
S4,9,RFOTO-ABC-R,0.254879447195679,0.6516209298264073,1.3856623660778535,0.07492593491075786,0.9,0.1,0.07197940917286828,0.998404952464859,0.0015950475351408377,1.0303048776593577,0.9844118584161295,0.7279678763756284,0.35204423893381653,0.12583711489889188,0.83,0.8714703000150621,350,1,0.5566380612069836,0.6388022933459143,0.0015950475351408377,0.06896942858974886,0.015588141583870452,0.0
S4,9,Standard-ABC,0.6963561541442352,1.4945470374396115,4.061459086862087,0.1674739352492671,0.38,0.62,0.5786292058006383,0.9992226873781999,0.0007773126218001625,1.0628779376411752,0.8961553624072814,0.3391744880457982,0.23784421957908927,0.34040849035990345,0.29,0.9347733000759035,350,1,1.4406007532450607,1.1123534335295189,0.0007773126218001625,0.6144831705610981,0.10384463759271856,0.0
S4,9,Max-SINR,0.23924675455682232,0.6034484651102682,1.3880133948377076,0.06546498030399714,0.92,0.08,0.07466661595729798,0.9983123562142192,0.0016876437857806415,1.0237573191319016,0.9828311323661527,0.7044893603995147,0.35204423893381653,0.13216953856419958,0.93,0.0015085999621078372,1,1,0.5654320750724032,0.5192865088223436,0.0016876437857806415,0.06833160225254703,0.017168867633847285,0.0
S4,10,RFOTO-ABC,0.27106965422935214,0.6203094530308042,1.2652085776808861,0.08299810195476677,0.92,0.08,0.059269184202022845,0.9974313504714357,0.002568649528564243,1.0254945397308601,0.9880156434622942,0.8711391008972473,0.2659653397143386,0.11013502380466993,0.83,0.8580343999201432,350,1,0.6105310160488727,0.5838880070498128,0.002568649528564243,0.11416926309317331,0.011984356537705798,0.0
S4,10,RFOTO-ABC-R,0.27106965422935214,0.6203094530308042,1.2652085776808861,0.08299810195476677,0.92,0.08,0.059269184202022845,0.9974313504714357,0.002568649528564243,1.0254945397308601,0.9880156434622942,0.8711391008972473,0.2659653397143386,0.11013502380466993,0.83,0.7904120999155566,350,1,0.6105310160488727,0.5838880070498128,0.002568649528564243,0.11416926309317331,0.011984356537705798,0.0
S4,10,Standard-ABC,0.7018634325090182,1.6686113062376018,5.024142601716381,0.17528769313824907,0.37,0.63,0.6934808857589225,0.9967193867531374,0.0032806132468626414,1.1032846134637364,0.8785114177363574,0.29129261073412066,0.18980268093109226,0.3718724686915186,0.25,0.8905889000743628,350,1,1.4947711240710215,0.9060554143813675,0.0032806132468626414,0.6935317173805552,0.12148858226364256,0.0
S4,10,Max-SINR,0.2793004972011784,0.6350376494734067,1.5332930243135063,0.07582111561780583,0.9,0.1,0.09909461303059253,0.9969200997692272,0.0030799002307728227,1.0256347000357489,0.9795585833388674,0.7682090903869763,0.2659653397143386,0.14445756434540397,0.92,0.001511499984189868,1,1,0.637405209045144,0.5473891138181748,0.0030799002307728227,0.13663454128736688,0.02044141666113264,0.0
S4,11,RFOTO-ABC,0.29264961784191046,0.6566468324627934,1.6620594580168306,0.08634642116247958,0.87,0.13,0.09716493071984221,0.9983867509057848,0.0016132490942151912,1.018789563494789,0.97863236540775,0.5710411547388983,0.30921723321014444,0.14776393118214573,0.85,0.8554444999899715,350,1,0.6349116277359653,0.6860080905563656,0.0016132490942151912,0.10997080926713507,0.021367634592249996,0.0
S4,11,RFOTO-ABC-R,0.2939380191863084,0.66061154289886,1.7259062981246727,0.08736657492837162,0.88,0.12,0.09644729303725147,0.998442017686519,0.0015579823134810543,1.0171482326784897,0.9787555220880837,0.5710411547388983,0.30921723321014444,0.14732821215304942,0.85,0.7870568999787793,350,1,0.6333537900760853,0.6981382139261634,0.0015579823134810543,0.10952228571551584,0.021244477911916304,0.0
S4,11,Standard-ABC,0.7154567814724713,1.5718591342697235,4.495811002157539,0.17496067018051217,0.32,0.68,0.6757661775520241,0.9990446164904757,0.0009553835095242657,1.0531011630751743,0.8862749832496571,0.29135561706094326,0.2240962696672806,0.3582149931619466,0.22,0.960300900042057,350,1,1.5569061349696065,0.8788241419125044,0.0009553835095242657,0.7086271889149514,0.11372501675034286,0.0
S4,11,Max-SINR,0.3078681200747071,0.6700732249089928,1.7690750637551342,0.08684471319111715,0.87,0.13,0.1088987475564159,0.9984563953457629,0.001543604654237104,1.0155667104107304,0.9755366988487679,0.5582297171943725,0.30921723321014444,0.1583564382025494,0.93,0.0015715999761596322,1,1,0.7094860129047923,0.6351614313731201,0.001543604654237104,0.12497674415603506,0.024463301151232075,0.0
S4,12,RFOTO-ABC,0.27774332716604855,0.6318358133022727,1.3337167111567676,0.06906299237476386,0.89,0.11,0.09948391185133472,0.9974762179800116,0.0025237820199885963,1.0141336711999842,0.9797492542075434,0.6893848663947346,0.22304695821583487,0.14376826782305085,0.84,0.9576876000501215,350,1,0.6008246752958701,0.6516822387341827,0.0025237820199885963,0.10496981703634965,0.02025074579245656,0.0
S4,12,RFOTO-ABC-R,0.27684675594302655,0.6293915585463034,1.4102624988588426,0.06805605622161798,0.89,0.11,0.10020237413548928,0.9974173028855822,0.0025826971144177736,1.0130641156728255,0.979672042065718,0.6893848663947346,0.22304695821583487,0.14404776341547398,0.84,0.8733048000140116,350,1,0.6008984561245684,0.644673258478816,0.0025826971144177736,0.10542168010814497,0.020327957934281993,0.0
S4,12,Standard-ABC,0.653225928848863,1.3820154514237106,4.302920887974465,0.12960573417160354,0.37,0.63,0.5841724646531506,0.9974721189413083,0.002527881058691751,1.0885277989697975,0.9003190369744966,0.28380834520927267,0.22259760685230573,0.3327422093390368,0.28,0.9484991999343038,350,1,1.4330428205509018,0.8481379064971766,0.002527881058691751,0.6091472682839886,0.09968096302550344,0.0
S4,12,Max-SINR,0.29736383294898683,0.6261094457602957,1.654206892797325,0.0687342903577467,0.87,0.13,0.11849333161587333,0.9975944910079718,0.002405508992028158,1.0200791355809078,0.9750913414807069,0.5529236054036896,0.22304695821583487,0.15982787281654026,0.9,0.002496900036931038,1,1,0.6529186426139252,0.6694105760641055,0.002405508992028158,0.11802074123836027,0.024908658519293136,0.0
S4,13,RFOTO-ABC,0.2734464629050173,0.5721371514214312,1.807745972398626,0.0748091387789685,0.89,0.11,0.060633355647792424,0.9981820546621101,0.0018179453378897115,1.0230421749202099,0.9862558613733406,0.6437411354996666,0.4704506979659272,0.11804944913271459,0.83,0.8880021000513807,350,1,0.6332000435384108,0.5822386583690586,0.0018179453378897115,0.10154177361391584,0.013744138626659352,0.0
S4,13,RFOTO-ABC-R,0.27252360739345477,0.5710885881719243,1.807745972398626,0.07485828729881418,0.89,0.11,0.060330164613124945,0.9981475319782505,0.0018524680217495394,1.0230279845591097,0.9863083687349914,0.6437411354996666,0.4704506979659272,0.11782060220845514,0.83,0.8144804000621662,350,1,0.6337191024847909,0.5755454774733885,0.0018524680217495394,0.10135108742859036,0.013691631265008608,0.0
S4,13,Standard-ABC,0.651919971114689,1.369505801030786,4.1100722174315365,0.14894559768393714,0.41,0.59,0.6117163911812595,0.9974155323544435,0.0025844676455565453,1.0663810480213414,0.8894813553764394,0.28659209720490075,0.1776670330182742,0.352492069493791,0.35,0.9272049999563023,350,1,1.4208081796942866,0.8263628682908838,0.0025844676455565453,0.6226752228993576,0.11051864462356065,0.0
S4,13,Max-SINR,0.2753290792412849,0.5406465569835462,1.807745972398626,0.07091593915401483,0.92,0.08,0.06674521303094703,0.9979137572000496,0.002086242799950376,1.0217962348964218,0.9841606199024416,0.5960411403984932,0.4562524645115837,0.12686332761813587,0.91,0.001536899944767356,1,1,0.6497902866263907,0.5585216412446272,0.002086242799950376,0.10524042329347749,0.015839380097558364,0.0
S4,14,RFOTO-ABC,0.234111552676947,0.5958746597112863,1.2423123312848818,0.062265394203971106,0.93,0.07,0.0732953799027098,0.9984195994384797,0.0015804005615203665,1.0143713768558489,0.9832913728660974,0.9096021148390545,0.2942302783738989,0.130355472858957,0.85,0.9537505999905989,350,1,0.5338750637429119,0.5348345920602458,0.0015804005615203665,0.07038089499917081,0.016708627133902643,0.0
S4,14,RFOTO-ABC-R,0.24666445024067873,0.6125799705853846,1.7035086027405453,0.06640350532430343,0.92,0.08,0.0854278289361028,0.9980727991601489,0.001927200839851131,1.0160992310490127,0.9804715224927106,0.5200140625640439,0.2942302783738989,0.14112914186123723,0.83,0.8477750000311062,350,1,0.5617673578487997,0.5447793741174427,0.001927200839851131,0.08476397146719489,0.019528477507289366,0.0
S4,14,Standard-ABC,0.6287220007771945,1.5341324103733367,4.802043937613922,0.17785221360536643,0.43,0.57,0.5991897893809817,0.9967689520225197,0.0032310479774802403,1.1234308023284802,0.8870973784073933,0.28972948448020097,0.25208868991945466,0.35675195790948544,0.3,0.9345893999561667,350,1,1.3403941152427532,0.9422336345449258,0.0032310479774802403,0.5388272958015213,0.11290262159260667,0.0
S4,14,Max-SINR,0.27718150655775325,0.6116178027512451,1.9341155168635977,0.06675628726263817,0.87,0.13,0.12249264652915798,0.9974275408393215,0.0025724591606784285,1.0156177966636877,0.9726337173880923,0.4472346446630384,0.2942302783738989,0.16773868863341376,0.94,0.0016983000095933676,1,1,0.621207783328106,0.59177909108119,0.0025724591606784285,0.1139730513585055,0.027366282611907655,0.0
S4,0,RFOTO-ABC,0.390829830208138,0.8681247536346964,2.6217857666195448,0.09721916158324072,0.8,0.2,0.22369208231833682,0.9894325453440181,0.010567454655981792,1.1212279416291262,0.9532102180308745,0.4365819254908829,0.22920549745185897,0.22155480136009956,0.75,0.884229899966158,350,1,0.8445712830734601,0.6960944205255479,0.010567454655981792,0.2645635525375024,0.04678978196912553,0.1
S4,0,RFOTO-ABC-R,0.39128241912267364,0.867904630430485,2.6217857666195448,0.0974822499474266,0.8,0.2,0.22369208231833682,0.9893356605679494,0.010664339432050564,1.1209365199057135,0.9532217249781878,0.4365819254908829,0.22920549745185897,0.2215262192455009,0.76,0.8130831000162289,350,1,0.8442703272651476,0.6994956002155277,0.010664339432050564,0.2645635525375024,0.0467782750218122,0.1
S4,0,Standard-ABC,0.7863872004315235,1.7298474833959858,4.3548191250237664,0.16357946958496117,0.31,0.69,0.7637053081134074,0.9977383780210072,0.0022616219789929693,1.136925785201232,0.8721668848179099,0.2784595107971174,0.2111831078409376,0.38284403929881067,0.21,0.9244678999530151,350,1,1.6829773171908613,0.9344244806613416,0.0022616219789929693,0.8234076294459799,0.12783311518209006,0.1
S4,0,Max-SINR,0.42376088418819785,0.8989362544896409,2.6217857666195448,0.10512212080089023,0.75,0.25,0.23310041147977187,0.9893407300602058,0.01065926993979422,1.1141190225104305,0.9522948229090399,0.4365819254908829,0.22920549745185897,0.2238190481865957,0.79,0.0015644000377506018,1,1,0.9029183033184658,0.8021748055877046,0.01065926993979422,0.27366982787529137,0.047705177090960116,0.1
S4,1,RFOTO-ABC,0.38182849804038893,0.8038748537321405,2.6126865651142097,0.08289914685814814,0.8,0.2,0.21715934148794303,0.992082016008792,0.007917983991208079,1.1243801173075316,0.955514186665972,0.4106134626899117,0.2328497997645052,0.2157705645391153,0.68,0.9155740999849513,350,1,0.8234329448928958,0.6608019613192408,0.007917983991208079,0.2743739952837322,0.04448581333402801,0.1
S4,1,RFOTO-ABC-R,0.38182849804038893,0.8038748537321405,2.6126865651142097,0.08289914685814814,0.8,0.2,0.21715934148794303,0.992082016008792,0.007917983991208079,1.1243801173075316,0.955514186665972,0.4106134626899117,0.2328497997645052,0.2157705645391153,0.68,0.7949960000114515,350,1,0.8234329448928958,0.6608019613192408,0.007917983991208079,0.2743739952837322,0.04448581333402801,0.1
S4,1,Standard-ABC,0.6966721464926923,1.623859896872033,4.357616168772895,0.17861470566223692,0.37,0.63,0.6656963053207798,0.9956976698151094,0.004302330184890587,1.1856350608419517,0.8845250693665944,0.294596897438962,0.19510691838433264,0.36131732133372385,0.24,0.8478945000097156,350,1,1.4831633192310207,0.9353356330018476,0.004302330184890587,0.6695970644106838,0.11547493063340564,0.1
S4,1,Max-SINR,0.37148517662131003,0.7700179380402699,2.6126865651142097,0.07520415749004289,0.78,0.22,0.22480503494514972,0.9914662121625277,0.008533787837472268,1.1250849563624667,0.9540166120844986,0.4106134626899117,0.2328497997645052,0.2195444760333166,0.73,0.0015534000704064965,1,1,0.8322167483679187,0.5587006390555485,0.008533787837472268,0.2840865116647137,0.045983387915501384,0.1
S4,2,RFOTO-ABC,0.3801169960490406,0.8269341243560879,2.3964592998954717,0.11025326180774249,0.74,0.26,0.19737889693383742,0.9891828322026825,0.010817167797317527,1.128487022937627,0.9600451108781173,0.5087394135284313,0.22975804830932958,0.2040042169446796,0.68,0.9479401999851689,350,1,0.7998352049447335,0.7689486588957215,0.010817167797317527,0.22663691620301235,0.03995488912188272,0.1
S4,2,RFOTO-ABC-R,0.38696838573405057,0.8334310132406031,2.2572433669663923,0.11114931210136084,0.72,0.28,0.20665705307408092,0.9895733501191599,0.010426649880840149,1.1274075280982714,0.95828567517026,0.49535023161193403,0.22975804830932958,0.2086388168403221,0.68,0.8646942999912426,350,1,0.8128334787496737,0.7713096408558546,0.010426649880840149,0.23888436487049988,0.041714324829740024,0.1
S4,2,Standard-ABC,0.7148692924405112,1.5945899482507568,3.7518139815496845,0.1752858180719159,0.29,0.71,0.6453594872708781,0.9963195842070796,0.003680415792920602,1.2440846010094044,0.897317330048214,0.3550130748055218,0.22975804830932958,0.3382793976559112,0.14,0.9032359999837354,350,1,1.5556774732292504,0.9417802738015308,0.003680415792920602,0.6741775976464682,0.10268266995178599,0.1
S4,2,Max-SINR,0.3848289700065113,0.8549526438103134,2.4913057966629726,0.10048763116346772,0.7,0.3,0.24484449171404404,0.9900043154774562,0.009995684522543713,1.120021576503642,0.9505796707873915,0.460131038143879,0.22975804830932958,0.22801244729668782,0.7,0.0020699999295175076,1,1,0.8648391132253349,0.6144705504327805,0.009995684522543713,0.2681456913954417,0.04942032921260853,0.1
S4,3,RFOTO-ABC,0.43554530357801635,0.8716164139997421,2.8138910101094576,0.11586111877862888,0.79,0.21,0.22763945454182802,0.9948480906171846,0.005151909382815224,1.1308556191247345,0.9526089895754501,0.3855216900724149,0.21757480404733737,0.22304405209794234,0.73,0.9248657999560237,350,1,0.8674482320207335,0.9338750586200492,0.005151909382815224,0.2818518133583204,0.04739101042454985,0.1
S4,3,RFOTO-ABC-R,0.4684125804565574,0.8891090615182187,3.211952169296249,0.1120631206209516,0.81,0.19,0.24870242120712244,0.9949234393125732,0.005076560687426833,1.1286360176494428,0.9482743436130181,0.3696561179585592,0.21757480404733737,0.23355329835300143,0.72,0.8483599999453872,350,1,0.9404943711595959,0.923874883179915,0.005076560687426833,0.3437343783765544,0.0517256563869819,0.1
S4,3,Standard-ABC,0.7641815712131778,1.756124382131886,5.052955263572222,0.1772655714722195,0.37,0.63,0.7735140890341846,0.9972331064368126,0.0027668935631875403,1.1486024505339822,0.8630998796380683,0.28501671719873045,0.20702329095752528,0.3982643078067058,0.28,0.9060365000041202,350,1,1.629099952437685,0.9144840514425491,0.0027668935631875403,0.7945823144817881,0.13690012036193167,0.1
S4,3,Max-SINR,0.4338920315384035,0.8810225671062691,3.2068004624917563,0.13713970346610663,0.75,0.25,0.2466807506299795,0.995166151631027,0.004833848368973067,1.1211685566728333,0.9472624535019034,0.3855216900724149,0.30496360139937523,0.23595261716485944,0.78,0.002356700017116964,1,1,0.8776837016555217,0.9313459240103196,0.004833848368973067,0.26356726349786436,0.05273754649809659,0.1
S4,4,RFOTO-ABC,0.4270437126143785,0.9094527318315128,3.1835658171057655,0.10945550257571832,0.72,0.28,0.24874968840503076,0.9894561860234969,0.010543813976502978,1.1458047756822598,0.9489129460714923,0.421367314246855,0.2639303536105144,0.23202898671176445,0.7,0.8514019000576809,350,1,0.9348040906526767,0.6986667188997373,0.010543813976502978,0.31508344492668816,0.05108705392850765,0.1
S4,4,RFOTO-ABC-R,0.42922296740033306,0.9248785428653473,3.3285522858102174,0.1086534259951803,0.69,0.31,0.27242088946601917,0.9912752897350454,0.008724710264954381,1.1432030167357135,0.9441644990037122,0.421367314246855,0.2639303536105144,0.2431819716508308,0.66,0.7730331000639126,350,1,0.9506323298082923,0.659201965371081,0.008724710264954381,0.3302572917606551,0.05583550099628776,0.1
S4,4,Standard-ABC,0.7510414575063895,1.7110442291223458,4.497341368521929,0.1823085599748087,0.33,0.67,0.7792065837104333,0.995815670815968,0.0041843291840319395,1.1451048266517003,0.8688508988672253,0.2753401413014377,0.18318471975514844,0.38851700466519856,0.24,0.9057749999919906,350,1,1.5992903263480287,0.8948919000730055,0.0041843291840319395,0.7859034396068355,0.13114910113277467,0.1
S4,4,Max-SINR,0.4095332889917156,0.9267056761133666,3.6390677280218333,0.09835806983403085,0.75,0.25,0.27115319050312864,0.9909940896302402,0.009005910369759722,1.1404652204794843,0.9459878615223279,0.36124890416394145,0.213585103589607,0.23894772738665565,0.76,0.0019049999536946416,1,1,0.9063440598106137,0.6288355262252616,0.009005910369759722,0.31487576903868064,0.054012138477672056,0.1
S4,5,RFOTO-ABC,0.3463598055628505,0.7740812089140486,2.254191386264202,0.08975117350177154,0.8,0.2,0.14818111877858314,0.9953323758076127,0.004667624192387238,1.129088806381883,0.9682650466068184,0.5305781849730767,0.27357946907014996,0.1810388595574955,0.71,0.9285802999511361,350,1,0.7821961312163382,0.6562656875692997,0.004667624192387238,0.1867086071036651,0.03173495339318155,0.1
S4,5,RFOTO-ABC-R,0.3573631287440137,0.7916083897507221,2.2515922187230633,0.09017724766936079,0.79,0.21,0.1573387100314408,0.9947866085843654,0.005213391415634692,1.1330554126144656,0.966173935501406,0.5193241583283947,0.27357946907014996,0.18711046482098892,0.7,0.8515126000856981,350,1,0.8127773449126913,0.6395445363056156,0.005213391415634692,0.20848209644833,0.033826064498594044,0.1
S4,5,Standard-ABC,0.7195015617815933,1.5965236736731245,4.216723551020173,0.1733001880423127,0.34,0.66,0.6753974807240971,0.997426602272637,0.002573397727363098,1.1719327183044406,0.8855935709690804,0.3012936075469638,0.1815539803752794,0.359424756793049,0.24,0.8924498000415042,350,1,1.5610770456248815,0.8940947282834151,0.002573397727363098,0.7097697889310006,0.11440642903091958,0.1
S4,5,Max-SINR,0.3587699198455421,0.7672865106673287,2.433877360469861,0.08417788475329997,0.76,0.24,0.17095503278952517,0.9941313606315175,0.005868639368482564,1.1246020092879823,0.9642379867287378,0.49923437326004544,0.27357946907014996,0.1925834052537791,0.76,0.001512399991042912,1,1,0.832803670565989,0.5814016959222692,0.005868639368482564,0.2272828718052744,0.03576201327126216,0.1
S4,6,RFOTO-ABC,0.3454709364144103,0.782313717381596,2.60674052496144,0.10749627138411619,0.82,0.18,0.17287837157076538,0.9912200617929184,0.00877993820708135,1.1227696419928779,0.9624714980037296,0.47217517867057807,0.2784713617353868,0.19746342969809932,0.78,0.8378301000921056,350,1,0.756164619651258,0.6382744823714311,0.00877993820708135,0.21321338482009725,0.03752850199627045,0.1
S4,6,RFOTO-ABC-R,0.3446985713978816,0.7851978745249604,2.60674052496144,0.10563386217907436,0.82,0.18,0.1757498170911122,0.9915349554154552,0.008465044584544579,1.1220465391430323,0.9619858115780652,0.47217517867057807,0.2784713617353868,0.1987872511067565,0.77,0.7800403999863192,350,1,0.7575063134882164,0.6278134966393032,0.008465044584544579,0.21501932539893168,0.038014188421934825,0.1
S4,6,Standard-ABC,0.7813866568285366,1.6932093220792825,4.813776906088029,0.19657094047439697,0.32,0.68,0.7961384890548474,0.9963454892802492,0.0036545107197506876,1.1791205612510993,0.8744533253143707,0.28679980150851536,0.12042372785298287,0.3789084497828003,0.26,0.9292242999654263,350,1,1.6605511546481848,0.89725038767335,0.0036545107197506876,0.848393626674773,0.1255466746856293,0.1
S4,6,Max-SINR,0.3381833743947146,0.7460603226035643,2.919411149087496,0.09968674944487174,0.81,0.19,0.17401354741113928,0.9897682093240503,0.01023179067594969,1.1322433681682018,0.9623897400783238,0.4728549213899712,0.2784713617353868,0.19768680171227254,0.84,0.0015459000132977962,1,1,0.7715350555219315,0.558441197247071,0.01023179067594969,0.21538213521491878,0.037610259921676215,0.1
S4,7,RFOTO-ABC,0.3582275038631722,0.8810493951682085,2.8221780828877066,0.10797611109492258,0.79,0.21,0.24204147599638684,0.9931970197628834,0.006802980237116474,1.1305632228997475,0.9489233068020498,0.37555864324418814,0.24527050568522785,0.23200419058422825,0.72,0.8314316999167204,350,1,0.7468796650555596,0.720490163819486,0.006802980237116474,0.21764785199697453,0.05107669319795016,0.1
S4,7,RFOTO-ABC-R,0.3582275038631722,0.8810493951682085,2.8221780828877066,0.10797611109492258,0.79,0.21,0.24204147599638684,0.9931970197628834,0.006802980237116474,1.1305632228997475,0.9489233068020498,0.37555864324418814,0.24527050568522785,0.23200419058422825,0.72,0.7578894000034779,350,1,0.7468796650555596,0.720490163819486,0.006802980237116474,0.21764785199697453,0.05107669319795016,0.1
S4,7,Standard-ABC,0.641476969557856,1.6280295203044841,4.575149360984925,0.1780074910613491,0.35,0.65,0.6465267280480173,0.9943652045161403,0.0056347954838597124,1.173265605139156,0.8890631163268978,0.3205232256448176,0.24527050568522785,0.3532414706838469,0.27,0.8534389999695122,350,1,1.4066472965824435,0.8010116074842998,0.0056347954838597124,0.6075836505674519,0.11093688367310217,0.1
S4,7,Max-SINR,0.349992174772753,0.8483941787042899,2.8221780828877066,0.10406516336835954,0.79,0.21,0.23993621670070625,0.9926026913571946,0.007397308642805411,1.1222777657349217,0.9491810723494606,0.3766123983659888,0.24527050568522785,0.23138660480978893,0.74,0.0021401001140475273,1,1,0.759908530479034,0.645957498530312,0.007397308642805411,0.2160764659892231,0.050818927650539414,0.1
S4,8,RFOTO-ABC,0.30119195150225525,0.6610345725867205,2.440709489318327,0.08884800877771531,0.82,0.18,0.1425737238851162,0.9922449654074953,0.007755034592504674,1.1223714428142515,0.9691967435333696,0.4468028366058493,0.28417125618375727,0.17827577897240687,0.72,0.9215856000082567,350,1,0.6537501763361936,0.6896653464072894,0.007755034592504674,0.11253244027447194,0.030803256466630402,0.1
S4,8,RFOTO-ABC-R,0.29992199327921926,0.6601343341233376,2.440709489318327,0.08820484134687825,0.83,0.17,0.14083696336443036,0.9923786139324227,0.007621386067577217,1.1225152166742285,0.9693846341835304,0.4468028366058493,0.28417125618375727,0.1777140076655177,0.72,0.8275973000563681,350,1,0.6559942917528196,0.6799532375671065,0.007621386067577217,0.11125541047985,0.03061536581646962,0.1
S4,8,Standard-ABC,0.5651657689117454,1.187935294887429,2.986458518600659,0.14118490810377785,0.44,0.56,0.4230083823260368,0.9968818602778302,0.0031181397221697917,1.1615155887671196,0.9202707006395235,0.39833082548908955,0.28417125618375727,0.29434128137182447,0.27,0.9322574000107124,350,1,1.2027924071903155,1.018814524972535,0.0031181397221697917,0.3962498620791231,0.07972929936047646,0.1
S4,8,Max-SINR,0.3223379100141335,0.698631964445535,2.440709489318327,0.09427081703565846,0.82,0.18,0.18050851867107778,0.9923971268315381,0.007602873168461876,1.120248799919183,0.9655399970620077,0.44677373241879953,0.1600405614120626,0.1889176438977286,0.79,0.002235500025562942,1,1,0.7073214057624847,0.6917992394886545,0.007602873168461876,0.14019239030329148,0.03446000293799234,0.1
S4,9,RFOTO-ABC,0.39266814395465427,0.8800572964633244,3.2451816278408177,0.09163424469276549,0.77,0.23,0.2496176420330464,0.9931530613332467,0.006846938666753316,1.1247546393551813,0.9471683135596436,0.3704718285021773,0.2455778623711989,0.2361748545772338,0.69,0.9476314999628812,350,1,0.8674254811896599,0.6268337501274717,0.006846938666753316,0.2899702817548577,0.05283168644035641,0.1
S4,9,RFOTO-ABC-R,0.392666080264536,0.8728728183875188,3.2451816278408177,0.0913583613152555,0.77,0.23,0.24423510996347905,0.9933348303632569,0.0066651696367431516,1.1245494447258049,0.9485245661198198,0.3704718285021773,0.2455778623711989,0.23295697395867568,0.69,0.8725238000042737,350,1,0.8614618547473365,0.6439299602321608,0.0066651696367431516,0.2866270941340084,0.051475433880180166,0.1
S4,9,Standard-ABC,0.6906576556912716,1.5313537573021963,3.992871658327495,0.18090243327985614,0.36,0.64,0.6470767912071433,0.9970290052218883,0.0029709947781118794,1.1926404503485966,0.8877347931147279,0.3083981545137419,0.23784421957908927,0.3556157355616932,0.24,0.9425892999861389,350,1,1.469971301377177,0.9564636111246761,0.0029709947781118794,0.6490452347594506,0.11226520688527208,0.1
S4,9,Max-SINR,0.3999620370818503,0.8772588415394563,3.4238887099103814,0.08853830257248858,0.76,0.24,0.26721196609628683,0.993779586235489,0.006220413764510982,1.1190894901451045,0.9434154777897161,0.3704718285021773,0.2455778623711989,0.2449048174227579,0.75,0.0019328000489622355,1,1,0.8892082432575139,0.5959494082899376,0.006220413764510982,0.3141432157581457,0.05658452221028387,0.1
S4,10,RFOTO-ABC,0.4153634952586683,0.8928234376965569,3.0998683552928705,0.11120433576603597,0.75,0.25,0.28237503895411953,0.991286900316048,0.008713099683951923,1.1329094473792212,0.9420222596441746,0.34774100188041945,0.23747479995113815,0.24808474504673345,0.65,0.9082573999185115,350,1,0.906358966377765,0.6278707778928563,0.008713099683951923,0.3366154239605376,0.05797774035582537,0.1
S4,10,RFOTO-ABC-R,0.4145012130974346,0.8927526319124084,3.0998683552928705,0.10994755689720677,0.75,0.25,0.2835277359686839,0.9915819977634241,0.008418002236575843,1.1323745385091302,0.9418804746974676,0.34774100188041945,0.23747479995113815,0.24840660095226968,0.64,0.8403355999616906,350,1,0.9058935221199244,0.621902141305974,0.008418002236575843,0.3373639285154495,0.05811952530253239,0.1
S4,10,Standard-ABC,0.721226123374481,1.7734112360823795,5.340824922734699,0.17043289660599073,0.35,0.65,0.7537044967826232,0.9963110508767339,0.0036889491232660453,1.168748354269174,0.8712555500808286,0.27895374217890434,0.18980268093109226,0.3844071696376797,0.23,0.8710155000444502,350,1,1.5574471431831092,0.8603897846378256,0.0036889491232660453,0.7310256502820036,0.12874444991917144,0.1
S4,10,Max-SINR,0.40417583997135337,0.8678602507173271,2.8949375601807263,0.10592435692435184,0.77,0.23,0.2507529485065519,0.988508879772612,0.011491120227388013,1.1288053132799192,0.948762934929655,0.38501186640201607,0.23747479995113815,0.23238776946183062,0.73,0.00226239999756217,1,1,0.8923959095801102,0.6306989908729324,0.011491120227388013,0.3059529205574268,0.05123706507034498,0.1
S4,11,RFOTO-ABC,0.4068395564882107,0.8495603619127831,2.697976402421823,0.10306094104074318,0.76,0.24,0.25061267017958044,0.9937578851365417,0.006242114863458121,1.125336639161596,0.9477891018546664,0.3823004201523904,0.21823531635496204,0.23470628898469648,0.72,0.9556307999882847,350,1,0.8648905712570055,0.7381088655862342,0.006242114863458121,0.2832821045661301,0.05221089814533364,0.1
S4,11,RFOTO-ABC-R,0.40467502319460075,0.8472232232601474,2.697976402421823,0.1003719991035189,0.77,0.23,0.25123320776292934,0.9938296583235559,0.006170341676444121,1.1227497918692406,0.9475258231739226,0.3823004201523904,0.21823531635496204,0.23532999731044807,0.71,0.8763473000144586,350,1,0.8633352137030392,0.7254569318047313,0.006170341676444121,0.28366994055572325,0.05247417682607736,0.1
S4,11,Standard-ABC,0.7381713349624008,1.6032336090493997,4.099422997912384,0.1786574977615916,0.29,0.71,0.6725518676610747,0.997494069755997,0.0025059302440028942,1.150283695618576,0.8906778967909404,0.30925929956581993,0.21823531635496204,0.3503431671273489,0.22,0.8286410999717191,350,1,1.6070470090798283,0.927049735005944,0.0025059302440028942,0.721810483645571,0.10932210320905955,0.1
S4,11,Max-SINR,0.3862916348397534,0.8250210216130662,2.697976402421823,0.09763385026304806,0.77,0.23,0.23301488083389096,0.9918881657649947,0.00811183423500519,1.117294075195615,0.951592627553308,0.40026138592912447,0.21823531635496204,0.2255434506508661,0.78,0.0015361999394372106,1,1,0.8606991911672913,0.6549063570155025,0.00811183423500519,0.2559896431264016,0.04840737244669202,0.1
S4,12,RFOTO-ABC,0.3788969671297129,0.815568909088956,2.384689827724226,0.09413239100436294,0.76,0.24,0.22116648747801712,0.9895997985095238,0.010400201490476095,1.1197911060345485,0.9554541232449038,0.4008054283242321,0.22304695821583487,0.21592296544440376,0.69,0.8559647001093253,350,1,0.8297552642168893,0.6900400329334908,0.010400201490476095,0.23676089729642918,0.04454587675509625,0.1
S4,12,RFOTO-ABC-R,0.3784991346491278,0.8161544632351443,2.384689827724226,0.09339383647055652,0.75,0.25,0.22310042537555946,0.9900907724471228,0.009909227552877108,1.114258973452886,0.9553536753322883,0.4008054283242321,0.22304695821583487,0.21617763792927333,0.68,0.7593557999935001,350,1,0.8309042296584119,0.6839998694260556,0.009909227552877108,0.23797721043953757,0.04464632466771168,0.1
S4,12,Standard-ABC,0.6875555486446454,1.468443355301175,4.302920887974465,0.14339436728846805,0.33,0.67,0.6362963337355283,0.9959416674819027,0.004058332518097328,1.198469346545166,0.8947212039507223,0.28380834520927267,0.22259760685230573,0.3430256452953816,0.21,0.8877963999984786,350,1,1.5102487144434624,0.8740640435810775,0.004058332518097328,0.6491211103424284,0.1052787960492777,0.1
S4,12,Max-SINR,0.3944818296913646,0.7942353375850185,2.384689827724226,0.0906897204466811,0.74,0.26,0.22450624547284956,0.9883401917608624,0.011659808239137641,1.1139410119779793,0.9549476527358131,0.48818171870471877,0.22304695821583487,0.21720455505605132,0.74,0.0021692999871447682,1,1,0.86008817056402,0.7354781830452758,0.011659808239137641,0.24019298342445067,0.04505234726418694,0.1
S4,13,RFOTO-ABC,0.3493564954788538,0.7289979555983223,2.236996781342292,0.0856304983383031,0.77,0.23,0.16963797116569068,0.9917720175976276,0.008227982402372339,1.1294091744864951,0.9637291268495563,0.4702467215450303,0.3310005225060755,0.1939999030086491,0.72,0.9015379999764264,350,1,0.7947598985156206,0.6347233446327367,0.008227982402372339,0.19348716680798833,0.03627087315044375,0.1
S4,13,RFOTO-ABC-R,0.34949017091086176,0.7296099860653456,2.236996781342292,0.08569737340635103,0.77,0.23,0.16963797116569068,0.9917735841521869,0.008226415847813019,1.129391867775431,0.9637289790642233,0.4702467215450303,0.3310005225060755,0.19400031310835997,0.72,0.7910260999342427,350,1,0.7949920232984338,0.6352295804955143,0.008226415847813019,0.19348716680798833,0.03627102093577672,0.1
S4,13,Standard-ABC,0.6472757235233344,1.4524857936194198,4.1100722174315365,0.15463573026791877,0.37,0.63,0.6342959938407395,0.9950707043099917,0.004929295690008394,1.1787658385677953,0.887879876214065,0.3104054395637834,0.1776670330182742,0.3553568388574099,0.28,0.8978923999238759,350,1,1.4071600633968993,0.8559459466400041,0.004929295690008394,0.5971597518888684,0.11212012378593506,0.1
S4,13,Max-SINR,0.3509424212116187,0.7068872977861281,2.236996781342292,0.08217978753094224,0.79,0.21,0.17652743368003557,0.9919518568167617,0.0080481431832383,1.1279852937191923,0.9615332761240194,0.4657011055818227,0.3310005225060755,0.2000140209447979,0.78,0.002521999995224178,1,1,0.8014747520009414,0.625169179424779,0.0080481431832383,0.19767487631848724,0.0384667238759806,0.1
S4,14,RFOTO-ABC,0.3121443504034452,0.7109985528156312,2.1043705738476204,0.07662852905939624,0.85,0.15,0.17772862777236953,0.9923206296033258,0.007679370396673902,1.1224414044116322,0.9597765532146144,0.4122010919936693,0.2942302783738989,0.20471731336715449,0.75,0.8807481999974698,350,1,0.6821287134549822,0.605327535343678,0.007679370396673902,0.17297460256402128,0.040223446785385586,0.1
S4,14,RFOTO-ABC-R,0.30645399506735305,0.7036594157072001,2.1043705738476204,0.07431819753763447,0.84,0.16,0.1787940026309739,0.9927342154816011,0.007265784518398762,1.119918537941776,0.9597538469009945,0.4122010919936693,0.2942302783738989,0.20477750944829556,0.73,0.8067750999471173,350,1,0.6842178609179759,0.5625204348322964,0.007265784518398762,0.17412553897793612,0.04024615309900548,0.1
S4,14,Standard-ABC,0.6434936229668777,1.5536084512154815,4.487670763751944,0.17150110560830917,0.41,0.59,0.6285342017670195,0.9978151627213964,0.0021848372786037384,1.1688833077187122,0.8829989013684111,0.2965694867127358,0.25208868991945466,0.36401131894858324,0.21,0.9588637000415474,350,1,1.3798449749473587,0.8903587845108208,0.0021848372786037384,0.5879657172118233,0.11700109863158892,0.1
S4,14,Max-SINR,0.33711426758562174,0.7177619473160268,2.4190135658294794,0.08215761885709653,0.81,0.19,0.19146529686548364,0.992855917728781,0.007144082271218804,1.1117597092722282,0.9575733790530467,0.4122010919936693,0.2942302783738989,0.21049083453041834,0.77,0.001678899978287518,1,1,0.7486217416403561,0.6352901982317316,0.007144082271218804,0.18748997137794504,0.042426620946953264,0.1
S4,0,RFOTO-ABC,0.5543880774511687,1.0639277430442733,4.104497513344318,0.10851097065625073,0.68,0.32,0.3709967744921648,0.9815709348985364,0.018429065101463537,1.2515615835613383,0.9282539016075774,0.3410741471003216,0.2111831078409376,0.27801341517248573,0.64,0.8222502999706194,350,1,1.1776257239747308,0.760824257994338,0.018429065101463537,0.5256411199167175,0.07174609839242263,0.2
S4,0,RFOTO-ABC-R,0.5543866253944476,1.0637765190468336,4.104497513344318,0.10830852386094042,0.68,0.32,0.3708151769193206,0.9815811587385747,0.018418841261425248,1.2514530599258933,0.9282887482752158,0.3410741471003216,0.2111831078409376,0.27794067531372146,0.64,0.7455014999723062,350,1,1.1775426485810596,0.7611906791983836,0.018418841261425248,0.5255276214336899,0.07171125172478421,0.2
S4,0,Standard-ABC,0.8386204221330607,1.81657332510065,4.3548191250237664,0.16619802057493366,0.23,0.77,0.8077478338625349,0.9968464077391883,0.0031535922608116693,1.272225755374346,0.8746572365016193,0.27963815221258137,0.2111831078409376,0.3785564811223024,0.13,0.9770550000248477,350,1,1.8091896658163238,0.9465490566758422,0.0031535922608116693,0.8996340568027358,0.1253427634983807,0.2
S4,0,Max-SINR,0.5985828823560573,1.1281032550628833,4.104497513344318,0.12083800422262544,0.61,0.39,0.3903870549362721,0.9827992579936639,0.01720074200633622,1.240010435900265,0.9259187021206516,0.3410741471003216,0.2111831078409376,0.2828576071315889,0.65,0.0023770000552758574,1,1,1.248643196698724,0.9112001993634868,0.01720074200633622,0.5407588407747353,0.07408129787934836,0.2
S4,1,RFOTO-ABC,0.4572165987107149,1.0432816159915583,4.357616168772895,0.09661536890261331,0.67,0.33,0.3578940510422064,0.9875887188681658,0.012411281131834095,1.241518338441717,0.9317942611585428,0.30404749420276933,0.19510691838433264,0.27055180969397935,0.56,0.8622844000346959,350,1,0.9862116259946837,0.6873297863924605,0.012411281131834095,0.3794044288023579,0.0682057388414572,0.2
S4,1,RFOTO-ABC-R,0.46137784106370194,1.0390405845493158,4.357616168772895,0.09882887134582426,0.68,0.32,0.37063131109052866,0.9880176843360958,0.011982315663904208,1.2374858772966815,0.9288117317287116,0.30404749420276933,0.19510691838433264,0.2768473482649353,0.54,0.7793243000051007,350,1,0.9855265274585453,0.688636961288296,0.011982315663904208,0.39450384652938847,0.07118826827128844,0.2
S4,1,Standard-ABC,0.721472805884728,1.6903225721338726,4.376455202998378,0.1827992690839154,0.34,0.66,0.6892338874150922,0.9947703560481529,0.005229643951847186,1.2899481757133775,0.8812398107335417,0.3011551161834679,0.19510691838433264,0.3671033826163417,0.19,0.8404947000090033,350,1,1.523338118934973,1.0061273043172034,0.005229643951847186,0.6834368932922642,0.11876018926645826,0.2
S4,1,Max-SINR,0.4505896488916522,1.0040887187843075,4.357616168772895,0.09331426844302218,0.68,0.32,0.369507664548823,0.9868789596038566,0.013121040396143247,1.2375668616947604,0.9292954781214927,0.30404749420276933,0.19510691838433264,0.27583329218988845,0.59,0.00241199997253716,1,1,0.9821871805624981,0.6223681087854093,0.013121040396143247,0.39383100428884615,0.07070452187850729,0.2
S4,2,RFOTO-ABC,0.514847580622672,1.0388024992385438,2.98326606599067,0.118723087697882,0.61,0.39,0.3724981280785958,0.9864622471396963,0.013537752860303755,1.2356019682049864,0.9280467926105409,0.3782640823351457,0.22975804830932958,0.2784454604219364,0.53,0.8567537000635639,350,1,1.1146454319160837,0.7336527289518923,0.013537752860303755,0.4505511264815503,0.0719532073894591,0.2
S4,2,RFOTO-ABC-R,0.520218165998691,1.0176566603902757,2.9240680560083225,0.12607102832787015,0.61,0.39,0.3558301728838533,0.9855225940341624,0.014477405965837752,1.236821962376391,0.9312145367768714,0.3822901576034599,0.22975804830932958,0.2717837331382621,0.54,0.7888600000878796,350,1,1.1061967894577398,0.8026006776337475,0.014477405965837752,0.4402622652502278,0.06878546322312862,0.2
S4,2,Standard-ABC,0.7396146187946093,1.6281257195033505,4.068831679651498,0.16994703916084208,0.28,0.72,0.6899137039773886,0.9944211385773931,0.005578861422606808,1.274017794021185,0.8926717945215583,0.32154036043816475,0.22975804830932958,0.3467456549505454,0.17,0.8717052999418229,350,1,1.617038789739419,0.8843277230381933,0.005578861422606808,0.7419630391909522,0.10732820547844169,0.2
S4,2,Max-SINR,0.508783024157625,1.0425940968345022,2.98326606599067,0.11543044934494656,0.6,0.4,0.3839847762380614,0.9861975289295288,0.013802471070471334,1.244420210248726,0.925904526607052,0.3782640823351457,0.22975804830932958,0.2828868338088723,0.53,0.003628700040280819,1,1,1.118478972995972,0.6736799124743419,0.013802471070471334,0.45694591525777717,0.07409547339294797,0.2
S4,3,RFOTO-ABC,0.5553015220528601,1.0188472123702126,3.497428456108086,0.126436478166466,0.7,0.3,0.3314543149470539,0.9853416680834234,0.014658331916576745,1.24826183508077,0.9322177237153306,0.3179404771091298,0.28558285837526226,0.2696493618605164,0.63,0.8700813000323251,350,1,1.1246134346383867,0.9832470938243526,0.014658331916576745,0.45424836597437956,0.06778227628466937,0.2
S4,3,RFOTO-ABC-R,0.5454835443459924,1.033710860454623,3.497428456108086,0.1299581833792052,0.68,0.32,0.34444469093755586,0.9856101142983437,0.014389885701656358,1.2471350617293973,0.9299806055269306,0.3179404771091298,0.28558285837526226,0.2743924955614857,0.62,0.8001378000481054,350,1,1.1391371450138406,0.8777403890246254,0.014389885701656358,0.46262925371018726,0.07001939447306937,0.2
S4,3,Standard-ABC,0.7992436166984108,1.7498048118340137,4.82385088515749,0.20509670893714113,0.28,0.72,0.7445154144248842,0.9951877747064534,0.004812225293546666,1.2848450890816758,0.876428570499978,0.3027821021527507,0.23692922074098247,0.37549207213659114,0.19,0.8973115000408143,350,1,1.699251313083157,1.0085846201892543,0.004812225293546666,0.8145797436620827,0.12357142950002198,0.2
S4,3,Max-SINR,0.6053821369423288,1.1123443813105596,3.6392015270412648,0.15638466145085572,0.62,0.38,0.4023741722242189,0.9862597433897691,0.013740256610231073,1.2328704340002539,0.9194298472668235,0.3179404771091298,0.28558285837526226,0.2960245941910158,0.67,0.00188770005479455,1,1,1.255877394808769,0.9447061478056052,0.013740256610231073,0.5394931673490927,0.08057015273317647,0.2
S4,4,RFOTO-ABC,0.5493553175365994,1.1735018025637682,4.497341368521929,0.1238432221296574,0.61,0.39,0.45867688301142956,0.9850210792579688,0.014978920742031292,1.2491759886715548,0.914992577945846,0.2779121210841092,0.18318471975514844,0.304803280822941,0.55,0.9424467999488115,350,1,1.191188718242808,0.6835371628458746,0.014978920742031292,0.5331226643699476,0.08500742205415401,0.2
S4,4,RFOTO-ABC-R,0.5483106082401493,1.1766297531634664,4.497341368521929,0.12356140919512876,0.61,0.39,0.45879192353685094,0.9850853552404351,0.014914644759565006,1.249304477784691,0.9149818729425856,0.2779121210841092,0.18318471975514844,0.30482425534952295,0.54,0.8577340999618173,350,1,1.1939481866187935,0.6719254100053388,0.014914644759565006,0.5331964082964997,0.0850181270574144,0.2
S4,4,Standard-ABC,0.7929899205466149,1.7739168937613692,4.693814269732652,0.18491205090233742,0.3,0.7,0.8130256975390785,0.9934741703510304,0.006525829648969663,1.2432367426869486,0.8672308712138955,0.2753401413014377,0.18318471975514844,0.39127417834159806,0.18,0.8923023000825197,350,1,1.7004688933353322,0.9137667057561224,0.006525829648969663,0.8383486244066155,0.13276912878610447,0.2
S4,4,Max-SINR,0.5350612301541887,1.1473559482583242,4.497341368521929,0.11921413552987731,0.62,0.38,0.4368231302217641,0.982165112770559,0.017834887229441057,1.2647560067110655,0.9191891357733725,0.2779121210841092,0.18318471975514844,0.29650528198436954,0.61,0.0023859000066295266,1,1,1.165317876341406,0.6696041106492545,0.017834887229441057,0.510410149566267,0.08081086422662753,0.2
S4,5,RFOTO-ABC,0.5407808680003638,1.0141929611615372,3.1389052830999216,0.10948150909655316,0.7,0.3,0.3104498619581916,0.987511593437499,0.012488406562501147,1.2485551907457308,0.9405727520103486,0.42600462715010523,0.1815539803752794,0.2513602576621966,0.59,0.9123234000289813,350,1,1.2079684312052934,0.6827769182430901,0.012488406562501147,0.49984181580651627,0.05942724798965138,0.2
S4,5,RFOTO-ABC-R,0.5397524510761931,1.0184878081529383,3.1389052830999216,0.1102403816900333,0.7,0.3,0.3104498619581916,0.98746467466091,0.012535325339089999,1.2492762718816162,0.9405812624346626,0.42600462715010523,0.1815539803752794,0.2513411216067416,0.59,0.833182799979113,350,1,1.209994296748696,0.672490314898476,0.012535325339089999,0.49984181580651627,0.05941873756533744,0.2
S4,5,Standard-ABC,0.7532527844224243,1.6261450397944193,4.216723551020173,0.18034194190796296,0.31,0.69,0.6978471120366423,0.9952884556436236,0.0047115443563765635,1.301034229836836,0.8861449227553817,0.3012936075469638,0.1815539803752794,0.3584460710266845,0.21,0.8932449000421911,350,1,1.6371058766259752,0.9177208770335293,0.0047115443563765635,0.7531904530117315,0.1138550772446183,0.2
S4,5,Max-SINR,0.5514275016835348,1.049398221071764,3.6096621330256853,0.11007829874809329,0.65,0.35,0.34169571001977983,0.986312065729539,0.013687934270460982,1.2459845327917518,0.9354219398385355,0.4089790850322395,0.1815539803752794,0.26274757818119093,0.64,0.001908099977299571,1,1,1.2253480119098934,0.6760882755117472,0.013687934270460982,0.5250118460039503,0.0645780601614645,0.2
S4,6,RFOTO-ABC,0.4401158611765063,0.9130074805400767,2.852757128951708,0.1208029838094601,0.69,0.31,0.2559552532441582,0.9847324121016621,0.01526758789833802,1.2537727603296431,0.9481318458720038,0.41905874858520653,0.2784713617353868,0.23389235644839587,0.66,0.9703665000852197,350,1,0.9716733750486127,0.6727961665134239,0.01526758789833802,0.34177740695389014,0.05186815412799617,0.2
S4,6,RFOTO-ABC-R,0.4377793304644085,0.9221748255664511,3.068654361042574,0.11841280133228604,0.72,0.28,0.2580517849059344,0.9849850380573539,0.015014961942646107,1.2508925438776355,0.9473930298470824,0.41905874858520653,0.2784713617353868,0.23564409012270598,0.66,0.8854869999922812,350,1,0.9570579024296653,0.683683933018202,0.015014961942646107,0.34027290797117987,0.0526069701529176,0.2
S4,6,Standard-ABC,0.8026486869958503,1.7665703576265885,4.916397310339599,0.20537756897475287,0.3,0.7,0.8417147476308966,0.9958025450873709,0.004197454912629179,1.2733725545974028,0.8700368787078004,0.2782452981265474,0.12042372785298287,0.38649264684603474,0.2,0.956267400062643,350,1,1.7157489630151583,0.8819357346655237,0.004197454912629179,0.884348507463506,0.12996312129219956,0.2
S4,6,Max-SINR,0.42960389781856567,0.8867209862383467,3.068654361042574,0.11353837212017734,0.72,0.28,0.253172933081056,0.9830178328839433,0.016982167116056757,1.2575731617003365,0.9479947336969055,0.41905874858520653,0.2784713617353868,0.2342182328380454,0.72,0.001511799986474216,1,1,0.957778936203262,0.6401948888065051,0.016982167116056757,0.33173082831239553,0.052005266303094544,0.2
S4,7,RFOTO-ABC,0.4418872888615865,1.049040721725512,3.207265175051967,0.12447043460697099,0.67,0.33,0.3468049337163994,0.9860829963011133,0.013917003698886633,1.2518436392113947,0.9304588511744841,0.33393895616178837,0.24527050568522785,0.27338352860445153,0.61,0.8751950000878423,350,1,0.9600697760694412,0.6655913776462681,0.013917003698886633,0.35526626053472504,0.06954114882551587,0.2
S4,7,RFOTO-ABC-R,0.4689629528057441,1.080888363690615,3.207265175051967,0.1325839294930966,0.64,0.36,0.3568384437812021,0.9859417195292,0.014058280470800155,1.2562178350023638,0.9290151706655035,0.33393895616178837,0.24527050568522785,0.27642121289138777,0.59,0.7888536000391468,350,1,1.0044621398287101,0.7309229117937623,0.014058280470800155,0.378998402340671,0.07098482933449646,0.2
S4,7,Standard-ABC,0.6734494796413796,1.7011551435144991,4.575149360984925,0.1949076453286108,0.3,0.7,0.6868945838379905,0.9947110513487936,0.00528894865120641,1.273629289509171,0.8877406891436025,0.3205232256448176,0.24527050568522785,0.35560521628951836,0.2,0.861907499958761,350,1,1.465627793063412,0.8538172509894324,0.00528894865120641,0.6442930294736432,0.11225931085639751,0.2
S4,7,Max-SINR,0.45184113875792986,1.0512269609802338,3.207265175051967,0.12524481255044106,0.68,0.32,0.3535761519161575,0.9865013053407022,0.01349869465929754,1.239559110863627,0.9286655191067286,0.33393895616178837,0.24527050568522785,0.2771533244039782,0.62,0.002781099989078939,1,1,0.9740982042565033,0.7000531968437977,0.01349869465929754,0.3596347884055367,0.07133448089327143,0.2
S4,8,RFOTO-ABC,0.39088116401976886,0.7585437014950343,2.484447547580935,0.10025622305994897,0.74,0.26,0.20939006563160828,0.9847481239209046,0.015251876079095441,1.2498889252415135,0.9569493213263034,0.41285159921110187,0.28417125618375727,0.2121023751167017,0.63,0.9632549000671133,350,1,0.8527484666699604,0.7273800458671457,0.015251876079095441,0.23631625382133342,0.04305067867369661,0.2
S4,8,RFOTO-ABC-R,0.39117824665295037,0.7575617747982417,2.484447547580935,0.09986415997397788,0.74,0.26,0.20939006563160828,0.9847145288198703,0.015285471180129611,1.2504860730180642,0.9569546173667616,0.41285159921110187,0.28417125618375727,0.21208874155136664,0.63,0.8684077000943944,350,1,0.8530771213639757,0.7287733415040758,0.015285471180129611,0.23631625382133342,0.04304538263323843,0.2
S4,8,Standard-ABC,0.6048349082154671,1.1988317058072433,2.969256501900706,0.14587469094633992,0.41,0.59,0.4544563790825285,0.9918841974610022,0.008115802538997848,1.291440345821048,0.9163420192731683,0.39833082548908955,0.28417125618375727,0.30215159277881914,0.24,0.9424329999601468,350,1,1.3160181108791629,0.9583713058838644,0.008115802538997848,0.47161130798508966,0.08365798072683173,0.2
S4,8,Max-SINR,0.414164396830688,0.8072196915025706,2.4946458091508115,0.10629777910037493,0.71,0.29,0.25185096333124585,0.9840517948684819,0.01594820513151808,1.2449284963598999,0.9534941194610707,0.4128224950240521,0.13903420596539148,0.22084874027268747,0.69,0.001588399987667799,1,1,0.8988195172817979,0.7531311268126137,0.01594820513151808,0.2652973015248142,0.046505880538929345,0.2
S4,9,RFOTO-ABC,0.4948311972318072,1.0242940244375662,3.4833117671531966,0.10474069218143718,0.69,0.31,0.34190732692949166,0.9880334103427107,0.011966589657289438,1.254984138653561,0.9315400006937746,0.35157098879403487,0.2455778623711989,0.2710926175820937,0.6,0.8551361999707296,350,1,1.077543321807537,0.7055184048881672,0.011966589657289438,0.4278211528772247,0.06845999930622537,0.2
S4,9,RFOTO-ABC-R,0.5038428254432045,1.0411302910639006,3.60442024965766,0.10393523007267234,0.67,0.33,0.36057428808071523,0.9890635762941699,0.010936423705830131,1.2553980302780918,0.9280796016660942,0.35157098879403487,0.2455778623711989,0.27837705006705743,0.58,0.8104446000652388,350,1,1.0986483468782686,0.6917744816364769,0.010936423705830131,0.44975688794765556,0.07192039833390584,0.2
S4,9,Standard-ABC,0.7088926879216827,1.5707042392393427,4.061459086862087,0.16547899299202612,0.37,0.63,0.6618391050707918,0.9937721026608556,0.0062278973391445246,1.2976336413112135,0.8853047791377706,0.3205610454972523,0.23784421957908927,0.3599368044853134,0.22,0.9216912999982014,350,1,1.5373272800007705,0.8756419554144489,0.0062278973391445246,0.6990588480486379,0.11469522086222939,0.2
S4,9,Max-SINR,0.49925797058243543,1.02377013947403,3.60442024965766,0.102687037695162,0.69,0.31,0.3577878305605233,0.9881242279083873,0.01187577209161288,1.247227769888731,0.9281309498709476,0.35157098879403487,0.2455778623711989,0.2782699595778932,0.64,0.0023160999407991767,1,1,1.101650076433875,0.6578893152568841,0.01187577209161288,0.44802616899101466,0.07186905012905243,0.2
S4,10,RFOTO-ABC,0.452690609084219,0.9421349047360791,2.8949375601807263,0.11221494818349959,0.69,0.31,0.308783234601271,0.9824016422418279,0.017598357758172062,1.244337121531459,0.9385675189099961,0.3719801318259621,0.23747479995113815,0.2558387164771503,0.6,0.9340582999866456,350,1,0.9823884407269293,0.6848757003849015,0.017598357758172062,0.3665104005184656,0.061432481090003876,0.2
S4,10,RFOTO-ABC-R,0.452690609084219,0.9421349047360791,2.8949375601807263,0.11221494818349959,0.69,0.31,0.308783234601271,0.9824016422418279,0.017598357758172062,1.244337121531459,0.9385675189099961,0.3719801318259621,0.23747479995113815,0.2558387164771503,0.6,0.853902000002563,350,1,0.9823884407269293,0.6848757003849015,0.017598357758172062,0.3665104005184656,0.061432481090003876,0.2
S4,10,Standard-ABC,0.7360345786143551,1.8007971601832904,5.340824922734699,0.18119660667633117,0.35,0.65,0.7764107071007385,0.9936570351360287,0.006342964863971414,1.257103858950801,0.8699304834550387,0.27895374217890434,0.18980268093109226,0.3866744605732135,0.2,0.8477244001114741,350,1,1.5782463507131903,0.8830087959488447,0.006342964863971414,0.7529706043567688,0.13006951654496135,0.2
S4,10,Max-SINR,0.45411345819499715,0.9446965525997223,2.8949375601807263,0.11754790191250673,0.68,0.32,0.30118499132909354,0.981376726286421,0.01862327371357901,1.2439632206897018,0.9416611593212213,0.38501186640201607,0.23747479995113815,0.2489038237886518,0.64,0.0018959000008180737,1,1,0.9874051710711912,0.7083412059063435,0.01862327371357901,0.3541420147868608,0.0583388406787787,0.2
S4,11,RFOTO-ABC,0.47706718401099796,0.9459923030509577,3.299270894091011,0.11936479756149236,0.69,0.31,0.30998073048865427,0.9846199202003173,0.01538007979968262,1.2512204971302086,0.9378104470819782,0.3823004201523904,0.21823531635496204,0.2575142011683092,0.63,0.8685320999938995,350,1,1.0014915399475246,0.8170095823886306,0.01538007979968262,0.3669536510727298,0.06218955291802175,0.2
S4,11,RFOTO-ABC-R,0.47706718401099796,0.9459923030509577,3.299270894091011,0.11936479756149236,0.69,0.31,0.30998073048865427,0.9846199202003173,0.01538007979968262,1.2512204971302086,0.9378104470819782,0.3823004201523904,0.21823531635496204,0.2575142011683092,0.63,0.7673003999516368,350,1,1.0014915399475246,0.8170095823886306,0.01538007979968262,0.3669536510727298,0.06218955291802175,0.2
S4,11,Standard-ABC,0.743844108021895,1.5879169549579504,4.829751077113008,0.18750653773929427,0.34,0.66,0.6825454649114416,0.9946390767085853,0.005360923291414702,1.266322868894691,0.8850833651322767,0.2955828142617865,0.21823531635496204,0.3603291197736701,0.25,0.8117685000179335,350,1,1.5743911807122133,1.0290855113899342,0.005360923291414702,0.7102952249876404,0.1149166348677233,0.2
S4,11,Max-SINR,0.4622818429397846,0.9347641964798489,3.299270894091011,0.11339892343577489,0.68,0.32,0.3119091065594605,0.985083923902502,0.014916076097498076,1.2377749689976556,0.9377419506962328,0.3823004201523904,0.21823531635496204,0.2576653868273579,0.65,0.001484000007621944,1,1,1.0117557490194053,0.7054416789055148,0.014916076097498076,0.3648189249361652,0.062258049303767216,0.2
S4,12,RFOTO-ABC,0.4684278176454616,0.9866284736033955,3.514295475985956,0.11191876802154523,0.62,0.38,0.331043466316528,0.9866181214456577,0.013381878554342395,1.2472696027108137,0.9375714267571278,0.3710999612709438,0.22304695821583487,0.2580414793804864,0.57,0.8274627999635413,350,1,0.9825147501216374,0.8507007638924401,0.013381878554342395,0.3326134153355476,0.06242857324287221,0.2
S4,12,RFOTO-ABC-R,0.4639449370839071,0.9869638419543695,3.514295475985956,0.11181812886497483,0.62,0.38,0.3319948746291905,0.9865985041535653,0.013401495846434859,1.247378989576906,0.9373436831465874,0.3710999612709438,0.22304695821583487,0.25854313019051006,0.57,0.749337200075388,350,1,0.9840166689136266,0.817060512148825,0.013401495846434859,0.3332117853435114,0.06265631685341255,0.2
S4,12,Standard-ABC,0.6903874651551516,1.5258264329587214,4.302920887974465,0.14988675697103576,0.32,0.68,0.6740038878627194,0.9962595138237947,0.003740486176205312,1.285636852233933,0.8877818807160232,0.28052071089396813,0.22259760685230573,0.3555317204540581,0.17,0.8410325999138877,350,1,1.5030901420108975,0.8967480759907176,0.003740486176205312,0.6500876125039277,0.11221811928397685,0.2
S4,12,Max-SINR,0.46557718867199616,0.9807888927298855,3.514295475985956,0.10447312429628011,0.61,0.39,0.3472868058021771,0.9861249264002447,0.013875073599755488,1.2393474112996068,0.934566381197586,0.3710999612709438,0.22304695821583487,0.2646033831525442,0.59,0.00216749997343868,1,1,1.0017940022719043,0.7788752835597547,0.013875073599755488,0.34282935211897464,0.06543361880241405,0.2
S4,13,RFOTO-ABC,0.4547543936952567,0.8338186833719226,2.859418545759844,0.08909301630040535,0.7,0.3,0.30390239437350636,0.9826200287145543,0.017379971285445647,1.2526688138618067,0.9394351372405019,0.33796211892724914,0.2268455022019068,0.25390834153840053,0.64,0.8943766000447795,350,1,1.0075745968174763,0.6497811433059724,0.017379971285445647,0.37133139729591186,0.06056486275949813,0.2
S4,13,RFOTO-ABC-R,0.4547543936952567,0.8338186833719226,2.859418545759844,0.08909301630040535,0.7,0.3,0.30390239437350636,0.9826200287145543,0.017379971285445647,1.2526688138618067,0.9394351372405019,0.33796211892724914,0.2268455022019068,0.25390834153840053,0.64,0.7857731999829412,350,1,1.0075745968174763,0.6497811433059724,0.017379971285445647,0.37133139729591186,0.06056486275949813,0.2
S4,13,Standard-ABC,0.7169961595589789,1.5230452395070033,4.1100722174315365,0.15588274331372592,0.31,0.69,0.7069511555833379,0.9943305394437683,0.005669460556231809,1.2718952662068543,0.8813552134943771,0.28659209720490075,0.1776670330182742,0.3669009537295801,0.22,0.8575599999167025,350,1,1.5606651828595501,0.8619080092200107,0.005669460556231809,0.7144522094959996,0.11864478650562293,0.2
S4,13,Max-SINR,0.45305681532650505,0.82397761197485,2.859418545759844,0.08906585492635587,0.72,0.28,0.2804169193489082,0.9821501745395587,0.017849825460441462,1.2514843057714935,0.9431168954820633,0.36628477352450917,0.2268455022019068,0.2455889842680613,0.7,0.0017767000244930387,1,1,1.003253740971847,0.6848125585008806,0.017849825460441462,0.3496762621545297,0.056883104517936656,0.2
S4,14,RFOTO-ABC,0.4299668771971834,0.9052638448728199,3.1264451810708054,0.09083772545320282,0.78,0.22,0.2924708566157047,0.9868306168555363,0.013169383144463752,1.23929905799271,0.9377646733492478,0.3415300800214193,0.2735948961210634,0.2576152406296796,0.64,0.8519798999186605,350,1,0.9447694611071833,0.6442297765063065,0.013169383144463752,0.34068347927174414,0.062235326650752154,0.2
S4,14,RFOTO-ABC-R,0.4125936442324584,0.8610191120177387,3.039178945944838,0.0899201896338038,0.79,0.21,0.2679627372036238,0.9866393638917831,0.013360636108216951,1.236512781498106,0.9424970484391192,0.35990916657595995,0.2735948961210634,0.24700461585564162,0.64,0.7742794998921454,350,1,0.9115988643777293,0.639874815703196,0.013360636108216951,0.3096605433070847,0.05750295156088081,0.2
S4,14,Standard-ABC,0.6856220184918814,1.599844765861327,4.535861021618604,0.17400178369843897,0.41,0.59,0.64624731116271,0.9927276228908607,0.007272377109139302,1.2763075495481297,0.8796622723272917,0.2948219767803354,0.25208868991945466,0.3698647307877423,0.21,0.8836766999447718,350,1,1.4810491748554866,0.8852662627818835,0.007272377109139302,0.6522586031519727,0.12033772767270834,0.2
S4,14,Max-SINR,0.4401232807576193,0.8734375352175121,3.039178945944838,0.09328286280603955,0.74,0.26,0.2935343128811717,0.986612673323325,0.013387326676675198,1.234103381437676,0.9377432990863916,0.35990916657595995,0.2735948961210634,0.2576624112949164,0.65,0.0015016000252217054,1,1,0.9670086880605558,0.6781850982934745,0.013387326676675198,0.33850949410433173,0.062256700913608354,0.2
S4,0,RFOTO-ABC,0.6793402014559075,1.3294368391490354,4.321100273120821,0.11768296414266159,0.53,0.47,0.5436617374671902,0.9763493009636917,0.02365069903630845,1.3944951720161745,0.9038238337710702,0.27963815221258137,0.2111831078409376,0.3262059181394213,0.46,0.8927123999455944,350,1,1.464416991083463,0.7739800730565085,0.02365069903630845,0.7119295119398572,0.09617616622892977,0.3
S4,0,RFOTO-ABC-R,0.6850142873193447,1.3525201141442549,4.321100273120821,0.1217675455549142,0.52,0.48,0.5573487041525819,0.9772697095132855,0.022730290486714468,1.3888364733371297,0.9014033179079283,0.27963815221258137,0.2111831078409376,0.33072846420369967,0.45,0.7973770999815315,350,1,1.475363713035331,0.7781122141320103,0.022730290486714468,0.7204838661182271,0.09859668209207173,0.3
S4,0,Standard-ABC,0.8536381888745288,1.8580196565767917,4.628775747621697,0.16438762562342252,0.23,0.77,0.8317093040144584,0.9944354402599587,0.005564559740041358,1.4205758367304606,0.8727127799618465,0.27497512318497225,0.2111831078409376,0.3819062210729332,0.12,0.8214839999563992,350,1,1.844617629197619,0.9302936518171131,0.005564559740041358,0.9309349553953032,0.12728722003815351,0.3
S4,0,Max-SINR,0.7072985885880264,1.3776845164079683,4.321100273120821,0.12889531239969218,0.51,0.49,0.5557402757946386,0.9782021499770523,0.021797850022947606,1.376667152902293,0.9015119919808957,0.27963815221258137,0.2111831078409376,0.3305262244538971,0.46,0.001878499984741211,1,1,1.501970028044188,0.8853577384726407,0.021797850022947606,0.7194785983945127,0.09848800801910429,0.3
S4,1,RFOTO-ABC,0.6117470243002399,1.2417469464191904,4.499143323942873,0.11072973740718357,0.54,0.46,0.5383466557481598,0.9827402825463509,0.017259717453649043,1.38292690104366,0.9023438797833218,0.2792329914586721,0.19510691838433264,0.3289756052203124,0.39,0.8077655000379309,350,1,1.3296287453439677,0.7128723144224824,0.017259717453649043,0.6172345171105761,0.09765612021667824,0.3
S4,1,RFOTO-ABC-R,0.6107779091103951,1.235672011927931,4.499143323942873,0.11154284184917956,0.55,0.45,0.529929387002723,0.9817600671088801,0.01823993289112003,1.3812325923504851,0.9036909970319366,0.2792329914586721,0.19510691838433264,0.3264551059434211,0.4,0.7537645000265911,350,1,1.324573021358333,0.723278384274712,0.01823993289112003,0.6121942364246858,0.09630900296806344,0.3
S4,1,Standard-ABC,0.7691896845137289,1.7393191527211767,4.85980204050044,0.1664236884565261,0.31,0.69,0.7393355358487491,0.9946486098640491,0.005351390135950789,1.3773810090407423,0.8794119446349649,0.27536315026775093,0.19510691838433264,0.3703019216289201,0.12,0.7968477999093011,350,1,1.6635911465176318,0.9255753359665038,0.005351390135950789,0.7811884446295998,0.12058805536503514,0.3
S4,1,Max-SINR,0.6088314151261192,1.2418615188848363,4.499143323942873,0.1108494624362981,0.54,0.46,0.5383466557481598,0.9824480955506795,0.017551904449320567,1.380508294837253,0.9024644617817907,0.2792329914586721,0.19510691838433264,0.3287504742572685,0.41,0.00303869997151196,1,1,1.3313764836699922,0.6902530220558779,0.017551904449320567,0.6172345171105761,0.09753553821820926,0.3
S4,2,RFOTO-ABC,0.6581998543914793,1.3266184839593151,3.7518139815496845,0.12775604004109048,0.48,0.52,0.5669161598254251,0.9799843224250635,0.02001567757493639,1.3731296979700747,0.9023704625406846,0.3548833034051908,0.1801960725867705,0.3289259823199012,0.4,0.8503993999911472,350,1,1.4373557061383126,0.7535191142678981,0.02001567757493639,0.6687419783313276,0.09762953745931535,0.3
S4,2,RFOTO-ABC-R,0.6617060502587573,1.3347080366919672,3.7518139815496845,0.12840403663536099,0.46,0.54,0.5685611959572836,0.9803105310352,0.0196894689647999,1.3645159538528275,0.9037886287903826,0.3548833034051908,0.1801960725867705,0.3262719703945025,0.38,0.7817028999561444,350,1,1.4513700669014422,0.7472667290674191,0.0196894689647999,0.6736156987955251,0.09621137120961742,0.3
S4,2,Standard-ABC,0.7736607168010411,1.6810431413391655,4.068831679651498,0.1710699345913927,0.26,0.74,0.7201111780169599,0.9939852647892516,0.006014735210748346,1.4260390613808438,0.8940874406896978,0.32154036043816475,0.1801960725867705,0.34417849732032646,0.1,0.7828801999567077,350,1,1.693648067011347,0.9246116220596206,0.006014735210748346,0.7778685032022653,0.10591255931030219,0.3
S4,2,Max-SINR,0.6632321603128128,1.347124453544471,3.7518139815496845,0.1299921740851422,0.46,0.54,0.5782508950112174,0.9804434264934438,0.01955657350655621,1.3632514213422167,0.9016048533806065,0.3548833034051908,0.1801960725867705,0.3303533522592171,0.38,0.001878199982456863,1,1,1.456971926224131,0.736128956237349,0.01955657350655621,0.6795969945078298,0.09839514661939353,0.3
S4,3,RFOTO-ABC,0.6799006628179307,1.1788094072317166,3.8174681003957613,0.14655708821167462,0.62,0.38,0.47483209771964946,0.9758627521772586,0.02413724782274137,1.377783872839489,0.9112678114422893,0.3118767855250702,0.18314074146261497,0.3120452540387132,0.52,0.8257468000520021,350,1,1.4252201724352442,0.8858717592602339,0.02413724782274137,0.6903103118875191,0.0887321885577107,0.3
S4,3,RFOTO-ABC-R,0.6873180250850894,1.2118737755534503,4.087300899802013,0.1470127103103216,0.61,0.39,0.4990434676095703,0.9760446204279709,0.02395537957202901,1.3780309696370487,0.9070143749475615,0.3048821096409497,0.18314074146261497,0.32018488208705004,0.51,0.7873820000095293,350,1,1.4429700630562772,0.875693013448028,0.02395537957202901,0.7059305505261777,0.09298562505243846,0.3
S4,3,Standard-ABC,0.871205558842699,1.9569743616250355,5.8755631329634515,0.20162434879848098,0.27,0.73,0.871249676832983,0.9923578601007008,0.007642139899299135,1.424874781552353,0.8605628938208013,0.23659242924712828,0.18314074146261497,0.40252964707754607,0.17,0.8549601000268012,350,1,1.8701380635576772,0.9397334458327258,0.007642139899299135,0.9610681286865244,0.1394371061791987,0.3
S4,3,Max-SINR,0.7140048999800063,1.2745130735074597,3.8174681003957613,0.17161123616299132,0.56,0.44,0.5166460890702465,0.9763066078017774,0.023693392198222692,1.37657144259771,0.9043526811573206,0.3118767855250702,0.18314074146261497,0.3252126909920912,0.54,0.0018396000377833843,1,1,1.4975004583089864,0.9132785473856955,0.023693392198222692,0.7342089081154358,0.09564731884267941,0.3
S4,4,RFOTO-ABC,0.6480901982756104,1.3113231871413376,4.497341368521929,0.14738828318331018,0.5,0.5,0.5627069572624852,0.9763213261929472,0.023678673807052863,1.380183623854821,0.9028779168003197,0.2779121210841092,0.18318471975514844,0.3279778232087596,0.42,0.8476088000461459,350,1,1.4106548751034296,0.7219677245439786,0.023678673807052863,0.6713090943071743,0.0971220831996803,0.3
S4,4,RFOTO-ABC-R,0.6478484772293129,1.3111145899626302,4.497341368521929,0.14738481213731774,0.5,0.5,0.5627069572624852,0.9763198216492683,0.023680178350731745,1.3802003816446864,0.9028784661420747,0.2779121210841092,0.18318471975514844,0.32797679587753126,0.42,0.7811721001053229,350,1,1.4103633024285849,0.7208407486435866,0.023680178350731745,0.6713090943071743,0.09712153385792532,0.3
S4,4,Standard-ABC,0.8331124921431441,1.8718067223229349,4.693814269732652,0.19084697487432023,0.26,0.74,0.884677951114758,0.9953180437867576,0.004681956213242416,1.368161448871634,0.8596026899921991,0.2753401413014377,0.18318471975514844,0.4041387654746716,0.1,0.7747210999950767,350,1,1.7902292121006829,0.9255000159018466,0.004681956213242416,0.8989367959555112,0.14039731000780087,0.3
S4,4,Max-SINR,0.6548605053050517,1.3437835376708702,4.497341368521929,0.14998249313755346,0.49,0.51,0.5830816320092862,0.9770149368500098,0.0229850631499902,1.371639426341964,0.8993830954936681,0.2779121210841092,0.18318471975514844,0.334474579028567,0.42,0.0025571000296622515,1,1,1.4278940914814267,0.7140332554459289,0.0229850631499902,0.6843697832474314,0.10061690450633187,0.3
S4,5,RFOTO-ABC,0.6235878825092307,1.156027305122443,3.2934929185290884,0.13651399262327207,0.55,0.45,0.3943133987232316,0.9759530225125661,0.024046977487433896,1.40246707923784,0.9308558938718351,0.41550262275234123,0.1815539803752794,0.2725438313600158,0.5,0.8883582999696955,350,1,1.3780816217260217,0.7914670574238184,0.024046977487433896,0.5806656281897641,0.0691441061281649,0.3
S4,5,RFOTO-ABC-R,0.6224919010144118,1.164856187106472,3.2934929185290884,0.13874750812733397,0.55,0.45,0.39630367982066517,0.975967450342488,0.024032549657512003,1.4052068100174502,0.930690815673436,0.41550262275234123,0.1815539803752794,0.27289317853554745,0.49,0.7954496000893414,350,1,1.3762203265377544,0.7879415085579206,0.024032549657512003,0.5801708220631923,0.06930918432656397,0.3
S4,5,Standard-ABC,0.7766159467373009,1.672570711652147,4.216723551020173,0.18901853328710821,0.31,0.69,0.7008988511326854,0.9904325436078834,0.009567456392116593,1.4136719545598937,0.8873033160874544,0.32045717588030226,0.1815539803752794,0.3563850818086768,0.17,0.8431440000422299,350,1,1.6831403066463089,0.9660934781020007,0.009567456392116593,0.768395417980474,0.11269668391254561,0.3
S4,5,Max-SINR,0.619266325088032,1.1492419803056138,3.6096621330256853,0.12929950878590923,0.55,0.45,0.39598450884452774,0.9771824967743146,0.022817503225685445,1.3886312151979336,0.9304477550836586,0.4089790850322395,0.1815539803752794,0.27340696872714776,0.51,0.002760399947874248,1,1,1.377547317231039,0.7445040988111457,0.022817503225685445,0.5928301743040484,0.06955224491634138,0.3
S4,6,RFOTO-ABC,0.6345824437312884,1.1626666047399454,4.057236063487259,0.14218307797170504,0.59,0.41,0.43773137072490614,0.9782213378995975,0.02177866210040255,1.389196161357089,0.9192267349080798,0.30626360653955903,0.25426937727660215,0.2964302333391884,0.51,0.7961474999319762,350,1,1.3832403538484657,0.719224923649223,0.02177866210040255,0.6576675781516799,0.08077326509192018,0.3
S4,6,RFOTO-ABC-R,0.6345824437312884,1.1626666047399454,4.057236063487259,0.14218307797170504,0.59,0.41,0.43773137072490614,0.9782213378995975,0.02177866210040255,1.389196161357089,0.9192267349080798,0.30626360653955903,0.25426937727660215,0.2964302333391884,0.51,0.7331226000096649,350,1,1.3832403538484657,0.719224923649223,0.02177866210040255,0.6576675781516799,0.08077326509192018,0.3
S4,6,Standard-ABC,0.8091524259393258,1.6891634004347142,4.813776906088029,0.20032586801239582,0.33,0.67,0.692923463380775,0.9898064269591877,0.010193573040812294,1.4524818087311524,0.8923572155553141,0.2969462555987217,0.18802135412396598,0.34731464140459023,0.21,0.7750966999446973,350,1,1.7529428078981415,0.9204725444260896,0.010193573040812294,0.858642840104047,0.10764278444468589,0.3
S4,6,Max-SINR,0.6301289208520948,1.1694965766629477,4.057236063487259,0.1408077231543759,0.58,0.42,0.44064977950438283,0.9783353391216513,0.02166466087834897,1.3933145189756888,0.9194232605896867,0.30626360653955903,0.25426937727660215,0.29603775446246616,0.52,0.001729099894873798,1,1,1.38902809010375,0.6771779426404763,0.02166466087834897,0.6595030553714765,0.08057673941031329,0.3
S4,7,RFOTO-ABC,0.5414787261893048,1.1559370167504932,3.207265175051967,0.13971112395786145,0.6,0.4,0.41389261178537473,0.9728735309775451,0.027126469022454875,1.3754228705679254,0.9225601597703786,0.33393895616178837,0.24527050568522785,0.28972426927208794,0.52,0.8685779999941587,350,1,1.178971965251281,0.7356132883607376,0.027126469022454875,0.47740988713375904,0.07743984022962136,0.3
S4,7,RFOTO-ABC-R,0.5384073311732257,1.1619572327974588,3.207265175051967,0.13905488664301735,0.59,0.41,0.419574333429241,0.9737843419273857,0.026215658072614483,1.3770364273317968,0.9219399252021838,0.33393895616178837,0.24527050568522785,0.29098002050897237,0.51,0.7765322999330238,350,1,1.1859565741259759,0.697981108715627,0.026215658072614483,0.4810755140007695,0.07806007479781618,0.3
S4,7,Standard-ABC,0.7153384980554794,1.6965929979301695,3.6561569610041413,0.22144346927707428,0.27,0.73,0.6719367847065076,0.9918146842265508,0.008185315773449052,1.4053297633731734,0.8961167222395692,0.32736735698847946,0.24527050568522785,0.3404791571976781,0.19,0.7575424999231473,350,1,1.5364424554064753,1.0019206803961564,0.008185315773449052,0.6548809093027309,0.10388327776043083,0.3
S4,7,Max-SINR,0.543170902959286,1.1697876209535447,3.207265175051967,0.14262006080021716,0.6,0.4,0.4165230782647745,0.9731113288203197,0.0268886711796803,1.373043331764613,0.922003940341161,0.33393895616178837,0.24527050568522785,0.2908505858064552,0.52,0.0015813999343663454,1,1,1.193771381843236,0.7163326997085029,0.0268886711796803,0.48080403742975875,0.07799605965883905,0.3
S4,8,RFOTO-ABC,0.484930271720468,0.887841521154176,2.9646647432524267,0.10646375397794687,0.66,0.34,0.30318987434141237,0.9711889686177096,0.028811031382290152,1.3854900306005018,0.9403952608656717,0.39833082548908955,0.28417125618375727,0.25175910145421443,0.56,0.8762823999859393,350,1,1.0514909388375642,0.7586022174584477,0.028811031382290152,0.37425714898281004,0.05960473913432829,0.3
S4,8,RFOTO-ABC-R,0.4836726668572134,0.8887129682424322,2.9646647432524267,0.10639901234792815,0.66,0.34,0.30318987434141237,0.9710778016419154,0.028922198358084596,1.3862750630453797,0.9404118678692791,0.39833082548908955,0.28417125618375727,0.25172180395251204,0.56,0.8054078000131994,350,1,1.05209431585066,0.7490809410508057,0.028922198358084596,0.37425714898281004,0.059588132130720894,0.3
S4,8,Standard-ABC,0.634938867398946,1.3273962401515522,3.223947518123215,0.1491973075410665,0.38,0.62,0.5234686136995487,0.9901961727356816,0.009803827264318351,1.4085627623893164,0.9061258453421379,0.3765405356707014,0.28417125618375727,0.3218687108903332,0.18,0.9061362999491394,350,1,1.3947745753490601,0.9003481035317422,0.009803827264318351,0.5406044775215066,0.09387415465786209,0.3
S4,8,Max-SINR,0.48039029406516537,0.8772212751813012,2.9074996087250535,0.10912797880951317,0.65,0.35,0.2911046178988012,0.9700129310780491,0.029987068921950952,1.386893974493605,0.9435973051945759,0.4006774304575506,0.28417125618375727,0.24448745577038422,0.6,0.0014714000280946493,1,1,1.0396240751619106,0.7834930825647065,0.029987068921950952,0.3540099795391118,0.05640269480542415,0.3
S4,9,RFOTO-ABC,0.6001088022465718,1.1307047687583203,3.95512090105907,0.11482371928063122,0.62,0.38,0.41960598497071494,0.9767098799886673,0.023290120011332724,1.3933940300485557,0.9207279892884028,0.3418544388663182,0.2455778623711989,0.2934230751430423,0.52,0.8624074999243021,350,1,1.3189536002864293,0.7104139220063018,0.023290120011332724,0.5890379530600524,0.07927201071159717,0.3
S4,9,RFOTO-ABC-R,0.6007721024155789,1.1306771267086355,3.95512090105907,0.11495982271614498,0.62,0.38,0.41960598497071494,0.9766483312111062,0.02335166878889397,1.393945198679534,0.9207408015544724,0.3418544388663182,0.2455778623711989,0.29339732070876245,0.52,0.7944050000514835,350,1,1.3201357612025406,0.7127964021688173,0.02335166878889397,0.5890379530600524,0.07925919844552765,0.3
S4,9,Standard-ABC,0.7810936748160234,1.6328273143684549,4.058629836905483,0.1664232811976409,0.32,0.68,0.6865859324185266,0.9912829932695645,0.008717006730435488,1.4414319420568389,0.8855346102326408,0.32721305676477325,0.23784421957908927,0.35952933031802925,0.14,0.8044417999917641,350,1,1.6912452055181928,0.932205493475584,0.008717006730435488,0.798153358415787,0.1144653897673592,0.3
S4,9,Max-SINR,0.5993585976042077,1.129962372300266,3.95512090105907,0.11420543226908589,0.62,0.38,0.4191576142066811,0.976111333166067,0.023888666833933144,1.3911346974217165,0.9208492082961576,0.3418544388663182,0.2455778623711989,0.293179346254034,0.55,0.002055999939329922,1,1,1.325566496360536,0.694178372774293,0.023888666833933144,0.5887594619022674,0.07915079170384243,0.3
S4,10,RFOTO-ABC,0.6096240554243784,1.2322121085534,3.9740508518688413,0.14545077655102787,0.55,0.45,0.4900306663368346,0.9787768630153727,0.021223136984627328,1.369091564661477,0.9094764849840925,0.33486259470145047,0.2118915472933973,0.31548954176563265,0.39,0.8014122999738902,350,1,1.319050931829914,0.7622446022870206,0.021223136984627328,0.5908059098981405,0.0905235150159075,0.3
S4,10,RFOTO-ABC-R,0.6192399477561449,1.2897639653899078,4.230550341038292,0.14187105566368058,0.55,0.45,0.5308073378767644,0.9797481801681067,0.020251819831893277,1.37060495939306,0.9035083654627464,0.33079940877921327,0.19307105716242623,0.3267975128826586,0.38,0.7232282999902964,350,1,1.3447332744620712,0.7347430198894824,0.020251819831893277,0.617284268040952,0.09649163453725362,0.3
S4,10,Standard-ABC,0.775638102942077,1.884374292737811,5.340824922734699,0.19564382147128817,0.31,0.69,0.8043442824303402,0.9942282894190165,0.005771710580983347,1.4019635546729334,0.8685966458118196,0.27895374217890434,0.18980268093109226,0.38895033652731187,0.14,0.6932980000274256,350,1,1.6665941232444597,0.9113049939712902,0.005771710580983347,0.805715911163379,0.1314033541881804,0.3
S4,10,Max-SINR,0.6219668986552618,1.3017892689895465,4.230550341038292,0.1427220889177571,0.55,0.45,0.5308073378767644,0.978072827361121,0.021927172638879014,1.3719072593333568,0.9040229259948407,0.33079940877921327,0.19307105716242623,0.3258322224713882,0.41,0.0027928000781685114,1,1,1.3536212403851635,0.7363901728012208,0.021927172638879014,0.617284268040952,0.09597707400515931,0.3
S4,11,RFOTO-ABC,0.6071578225715453,1.1495412446550703,3.790434216832112,0.13501895928604105,0.57,0.43,0.4397601859235107,0.9768486599068947,0.023151340093105318,1.3770147849821786,0.9183240660708657,0.3783994856978189,0.21823531635496204,0.29822845022599787,0.48,0.8405200999695808,350,1,1.3086642499357937,0.8252619706088368,0.023151340093105318,0.5572832255531205,0.0816759339291343,0.3
S4,11,RFOTO-ABC-R,0.6127679992652537,1.1534571505751652,3.790434216832112,0.13539950617078791,0.55,0.45,0.45137192382676433,0.9769058569058214,0.023094143094178576,1.3704112655879737,0.9175869520991672,0.3783994856978189,0.21823531635496204,0.29969146404985875,0.47,0.7913536999840289,350,1,1.3248929875011477,0.8107632806863948,0.023094143094178576,0.5717978979321877,0.08241304790083281,0.3
S4,11,Standard-ABC,0.7663452580986964,1.6485499579876508,4.573696929128924,0.17764237001040062,0.3,0.7,0.7234965613427312,0.9920072847578885,0.007992715242111623,1.4346164540088815,0.8866950903639014,0.30837808621754526,0.21823531635496204,0.35746803457630905,0.17,0.7883705999702215,350,1,1.6651473239916692,0.9253942059264877,0.007992715242111623,0.7706200668718753,0.11330490963609863,0.3
S4,11,Max-SINR,0.6120696323812888,1.1827936664039007,3.9419029579629234,0.13596327173446635,0.55,0.45,0.46119428531795365,0.9764000745198083,0.023599925480191707,1.3712758328504073,0.9153983571385802,0.3553162874789469,0.21823531635496204,0.30400752518991464,0.49,0.0017253000987693667,1,1,1.3329803603974464,0.7900160914257457,0.023599925480191707,0.571647588171256,0.0846016428614198,0.3
S4,12,RFOTO-ABC,0.5763656564270379,1.1717689291392117,3.7292006187170688,0.1178475410878233,0.49,0.51,0.4732888378723854,0.9809654777618019,0.019034522238198272,1.3800744475655895,0.9174234936496721,0.34883965627146946,0.22304695821583487,0.30001524506529276,0.43,0.8708239999832585,350,1,1.253948672383275,0.7797756499995263,0.019034522238198272,0.5188750417244055,0.08257650635032787,0.3
S4,12,RFOTO-ABC-R,0.5849818697612547,1.1879853660274973,3.7292006187170688,0.11617134492552292,0.48,0.52,0.4894748441427993,0.9814235351508427,0.018576464849157325,1.3775771640928358,0.9146358312424372,0.34883965627146946,0.22304695821583487,0.3055017499849416,0.42,0.785081300069578,350,1,1.2778664910574877,0.7612441946904595,0.018576464849157325,0.5392347980393914,0.08536416875756281,0.3
S4,12,Standard-ABC,0.7101666675879551,1.56185138930449,4.302920887974465,0.15245539901520194,0.29,0.71,0.6936725704851159,0.9942687977264333,0.00573120227356681,1.4260725624652515,0.8886442231762801,0.28052071089396813,0.22259760685230573,0.3539911585028714,0.14,0.7879122999729589,350,1,1.5446016730698788,0.9188678584838912,0.00573120227356681,0.6733458542785214,0.11135577682371989,0.3
S4,12,Max-SINR,0.5928705801494875,1.1726966402854369,3.7292006187170688,0.11760788293145452,0.48,0.52,0.47957265500814594,0.979715832499042,0.020284167500958135,1.3782279481755688,0.9160455516495251,0.34883965627146946,0.22304695821583487,0.30273547909567255,0.45,0.0018467999761924148,1,1,1.2663408519296273,0.8508627554682684,0.020284167500958135,0.5280238123763101,0.08395444835047494,0.3
S4,13,RFOTO-ABC,0.569465754855542,1.0725908151329102,3.42136340874935,0.10361595879348665,0.59,0.41,0.4335309413674635,0.9736650430774375,0.026334956922562644,1.396029274844417,0.9185471438077726,0.33098359566459107,0.2268455022019068,0.2977847364171988,0.53,0.888721999945119,350,1,1.2448297283903498,0.7244886994237464,0.026334956922562644,0.5284003921241839,0.08145285619222742,0.3
S4,13,RFOTO-ABC-R,0.569465754855542,1.0725908151329102,3.42136340874935,0.10361595879348665,0.59,0.41,0.4335309413674635,0.9736650430774375,0.026334956922562644,1.396029274844417,0.9185471438077726,0.33098359566459107,0.2268455022019068,0.2977847364171988,0.53,0.787027999991551,350,1,1.2448297283903498,0.7244886994237464,0.026334956922562644,0.5284003921241839,0.08145285619222742,0.3
S4,13,Standard-ABC,0.7653152653900865,1.5977371165360352,4.1100722174315365,0.15600929610518952,0.27,0.73,0.7614974623656653,0.9931636312333418,0.006836368766658174,1.4012597461826595,0.876245855909525,0.28659209720490075,0.1776670330182742,0.37580874938406716,0.15,0.8140579999890178,350,1,1.6701092103660797,0.8831536869799002,0.006836368766658174,0.7815380575387151,0.12375414409047503,0.3
S4,13,Max-SINR,0.5795685855884951,1.0788488660453739,3.42136340874935,0.10330457325953997,0.58,0.42,0.4438960965954755,0.9721816198340916,0.027818380165908523,1.39613317328917,0.9173944928336927,0.33098359566459107,0.2268455022019068,0.3000726658804574,0.55,0.00259719998575747,1,1,1.2655834656150244,0.7398788658774982,0.027818380165908523,0.5369455487799462,0.08260550716630732,0.3
S4,14,RFOTO-ABC,0.5016406854751979,1.0272923064223447,3.385315224303805,0.10815802909013458,0.68,0.32,0.36830194571434843,0.9780321757091379,0.02196782429086215,1.3864250519173842,0.9247870796825748,0.3415300800214193,0.2735948961210634,0.28518412662675907,0.52,0.8944925999967381,350,1,1.103568798565128,0.6846031338962904,0.02196782429086215,0.4295300513747446,0.07521292031742521,0.3
S4,14,RFOTO-ABC-R,0.5020220485428716,1.0257591488344735,3.385315224303805,0.10800530757755204,0.68,0.32,0.36830194571434843,0.978140297992725,0.021859702007275116,1.385736473985427,0.9247808639564077,0.3415300800214193,0.2735948961210634,0.2851968688801905,0.52,0.8113770999480039,350,1,1.1019211578931807,0.6900295694526425,0.021859702007275116,0.4295300513747446,0.07521913604359232,0.3
S4,14,Standard-ABC,0.7097234878194965,1.682573189009333,4.4968534687382,0.18039488452981914,0.35,0.65,0.6971930460703772,0.9952586177409366,0.004741382259063457,1.4076357838027045,0.8759468534194415,0.2940081080797932,0.25208868991945466,0.3763266841005769,0.13,0.8287765000713989,350,1,1.5255001780681898,0.9334888076076474,0.004741382259063457,0.6750754948896217,0.12405314658055855,0.3
S4,14,Max-SINR,0.5462435253559503,1.105839576469897,4.1357868393519555,0.11836940814042432,0.63,0.37,0.413594558978393,0.9798334701324639,0.020166529867536122,1.3783014451123672,0.9167732997720056,0.3223606452506379,0.2735948961210634,0.30130085207566726,0.52,0.0018703999230638146,1,1,1.1816059066036857,0.7764542086046267,0.020166529867536122,0.4714264256265144,0.08322670022799439,0.3
S4,0,RFOTO-ABC,0.8401790878394607,1.7588689075877566,4.628775747621697,0.15115808006057968,0.29,0.71,0.7924312099493822,0.9880793727650032,0.011920627234996735,1.5813420083060592,0.8751761208729308,0.27497512318497225,0.2111831078409376,0.37766010343126805,0.17,0.7629822000162676,350,1,1.8185999698355804,0.8899174731581845,0.011920627234996735,0.9237350683631129,0.12482387912706916,0.4
S4,0,RFOTO-ABC-R,0.8425403102108002,1.7664079966084307,4.628775747621697,0.1526564477976884,0.28,0.72,0.7959405476525849,0.9883713170938699,0.011628682906129997,1.575619836431741,0.8754018252509482,0.27497512318497225,0.2111831078409376,0.3772698646647127,0.17,0.7077852999791503,350,1,1.82174074954668,0.8973837261576181,0.011628682906129997,0.9259284044276147,0.12459817474905177,0.4
S4,0,Standard-ABC,0.8971746387457376,1.9767365573688587,4.780478105317667,0.17591393291416121,0.19,0.81,0.9096039261038631,0.9948633862345275,0.005136613765472423,1.5925948809892858,0.8657934205896577,0.27497512318497225,0.2111831078409376,0.39371300738391973,0.07,0.6794422999955714,350,1,1.9344805355829608,0.9543612746362378,0.005136613765472423,0.9969680159596634,0.1342065794103423,0.4
S4,0,Max-SINR,0.8407748033996055,1.7446256763142063,4.628775747621697,0.15309229530882962,0.32,0.68,0.7801068571289994,0.9847506370456728,0.0152493629543272,1.5786336370680452,0.8755075446551844,0.27497512318497225,0.2111831078409376,0.37708700811753604,0.22,0.0015588999958708882,1,1,1.8024748653899163,0.9294950613129686,0.0152493629543272,0.9160323478503738,0.12449245534481557,0.4
S4,1,RFOTO-ABC,0.7784530315865532,1.7199892454278671,4.5851322885776975,0.166599273396797,0.34,0.66,0.7551443988610813,0.9887731644319047,0.011226835568095306,1.5813731611313868,0.8749882582903814,0.2792329914586721,0.19510691838433264,0.3779847605042621,0.16,0.7509877999546006,350,1,1.6892254181346644,0.8641830807849713,0.011226835568095306,0.8220883462603178,0.1250117417096186,0.4
S4,1,RFOTO-ABC-R,0.7784530315865532,1.7199892454278671,4.5851322885776975,0.166599273396797,0.34,0.66,0.7551443988610813,0.9887731644319047,0.011226835568095306,1.5813731611313868,0.8749882582903814,0.2792329914586721,0.19510691838433264,0.3779847605042621,0.16,0.6706873000366613,350,1,1.6892254181346644,0.8641830807849713,0.011226835568095306,0.8220883462603178,0.1250117417096186,0.4
S4,1,Standard-ABC,0.8261608054386108,1.8878737839767157,4.85980204050044,0.18925074486114596,0.26,0.74,0.8154134626056989,0.995819304604353,0.00418069539564711,1.5804237558674368,0.8709877476390441,0.27536315026775093,0.19510691838433264,0.3848659199666917,0.06,0.625556500046514,350,1,1.7775170932990592,0.980327691224432,0.00418069539564711,0.8581776059876337,0.12901225236095593,0.4
S4,1,Max-SINR,0.7679052113267778,1.678192893219495,4.5851322885776975,0.1656299793016814,0.35,0.65,0.7322578282903212,0.9875766600175399,0.01242333998246005,1.5776835430415925,0.8787426621748191,0.2792329914586721,0.19510691838433264,0.37146949794261586,0.18,0.0020529000321403146,1,1,1.6689179331257555,0.8527100408597764,0.01242333998246005,0.8083838129844134,0.12125733782518089,0.4
S4,2,RFOTO-ABC,0.7362706358020473,1.5520947389542379,4.068831679651498,0.15095850892112211,0.34,0.66,0.6722860675487801,0.9856483909187657,0.01435160908123438,1.5752748097582283,0.8954297511495976,0.32154036043816475,0.1801960725867705,0.3417340950176114,0.21,0.6943784999893978,350,1,1.6101804614267416,0.8538863585540988,0.01435160908123438,0.7483468300737591,0.10457024885040245,0.4
S4,2,RFOTO-ABC-R,0.7362706358020473,1.5520947389542379,4.068831679651498,0.15095850892112211,0.34,0.66,0.6722860675487801,0.9856483909187657,0.01435160908123438,1.5752748097582283,0.8954297511495976,0.32154036043816475,0.1801960725867705,0.3417340950176114,0.21,0.6219231000868604,350,1,1.6101804614267416,0.8538863585540988,0.01435160908123438,0.7483468300737591,0.10457024885040245,0.4
S4,2,Standard-ABC,0.7966467810695859,1.7650772441804647,4.068831679651498,0.17503570601973845,0.21,0.79,0.7581804239611034,0.9963589755497537,0.0036410244502461564,1.5915288624758346,0.8935331293202974,0.32154036043816475,0.1801960725867705,0.3451849998009704,0.05,0.6732468999689445,350,1,1.7412494260402542,0.9619611975573065,0.0036410244502461564,0.8013680377356872,0.10646687067970262,0.4
S4,2,Max-SINR,0.7421454277747809,1.577187137506855,4.068831679651498,0.15219726520964047,0.33,0.67,0.6891675462609441,0.986430634989257,0.013569365010743038,1.573485041355935,0.8931299476550152,0.32154036043816475,0.1801960725867705,0.34591602765383156,0.2,0.00154260010458529,1,1,1.624490968919324,0.8505762046979141,0.013569365010743038,0.7587674959454654,0.10687005234498481,0.4
S4,3,RFOTO-ABC,0.8179337889235125,1.6130816445689995,5.055287687438816,0.1706137186360393,0.4,0.6,0.707871832969499,0.9822218699270988,0.017778130072901167,1.5666767018013699,0.8799695885346024,0.3024462208380847,0.18314074146261497,0.36932764413823704,0.27,0.8665204999269918,350,1,1.739010904060856,0.9224132964678234,0.017778130072901167,0.8930355228149403,0.12003041146539761,0.4
S4,3,RFOTO-ABC-R,0.8229264136481726,1.6421732270481246,5.055287687438816,0.17157689278345523,0.39,0.61,0.7320832028594197,0.9821807682392489,0.017819231760751033,1.567233149200086,0.8765297548358599,0.29196460335391583,0.18314074146261497,0.37531664337792814,0.27,0.7982324999757111,350,1,1.7507097746027867,0.9066709767153666,0.017819231760751033,0.9086557614535988,0.12347024516414007,0.4
S4,3,Standard-ABC,0.9076164885987679,2.0200926896703137,5.59277267420286,0.1932855985859479,0.25,0.75,0.9179946474342503,0.9937977264112842,0.006202273588715881,1.5773207944470964,0.8548768152553528,0.2455077028305847,0.18314074146261497,0.4120184184912965,0.09,0.7434223999734968,350,1,1.9522436659531113,0.9293132163382798,0.006202273588715881,1.0285986289212312,0.14512318474464725,0.4
S4,3,Max-SINR,0.8157511082762049,1.6116605631312222,5.055287687438816,0.17255959733146528,0.4,0.6,0.707871832969499,0.9806854489099618,0.019314551090038226,1.5693780408618645,0.8807104123815118,0.3024462208380847,0.18314074146261497,0.36803125544934473,0.29,0.0027972999960184097,1,1,1.7361663154805156,0.9112953356104001,0.019314551090038226,0.8930355228149403,0.11928958761848818,0.4
S4,4,RFOTO-ABC,0.8531879346486334,1.9298620388589744,4.693814269732652,0.19182146235838984,0.27,0.73,0.9156543970028587,0.9905783125361473,0.00942168746385268,1.5889309469079491,0.8569546542235501,0.274165235138082,0.18318471975514844,0.4085619757268388,0.13,0.7953835999360308,350,1,1.8379603946980647,0.8918826720295057,0.00942168746385268,0.9462971832418139,0.1430453457764499,0.4
S4,4,RFOTO-ABC-R,0.8453281188573499,1.897781382263422,4.693814269732652,0.18994958339533383,0.28,0.72,0.8956419172742801,0.9896090531175159,0.010390946882484204,1.5946241861401922,0.8595424688069705,0.274165235138082,0.18318471975514844,0.40423959077314575,0.14,0.7222351999953389,350,1,1.8233615238673235,0.8864916745749706,0.010390946882484204,0.9334686705952892,0.1404575311930295,0.4
S4,4,Standard-ABC,0.8704053709292991,1.9830081715972825,4.693814269732652,0.20427987398396547,0.25,0.75,0.9221479919757181,0.9940809288339415,0.005919071166058519,1.595121181449263,0.8557670966743404,0.274165235138082,0.18318471975514844,0.4105389627340187,0.08,0.6367466999217868,350,1,1.8716148471067078,0.9471198226006566,0.005919071166058519,0.950459744121852,0.14423290332565963,0.4
S4,4,Max-SINR,0.8470728650995603,1.9053396932701596,4.693814269732652,0.19085002293489717,0.28,0.72,0.8956419172742801,0.991372583558593,0.008627416441407024,1.5685129125472286,0.8583509800178751,0.274165235138082,0.18318471975514844,0.406232189350287,0.13,0.002007800037972629,1,1,1.8284994011369424,0.8907200725393487,0.008627416441407024,0.9334686705952892,0.14164901998212487,0.4
S4,5,RFOTO-ABC,0.7104129014096234,1.4252512982140209,4.203857336780479,0.15070509338892676,0.43,0.57,0.5686108257997569,0.980757057571349,0.01924294242865114,1.5764143179584524,0.904795891803601,0.3105343377034814,0.1815539803752794,0.32437885359287444,0.28,0.7855316000059247,350,1,1.57803666421783,0.8008455229390816,0.01924294242865114,0.7105908087964545,0.09520410819639902,0.4
S4,5,RFOTO-ABC-R,0.7153791046601017,1.4258074367779614,4.203857336780479,0.15154862608281566,0.43,0.57,0.5686108257997569,0.9800560474158453,0.019943952584154715,1.576626870714738,0.9051147978784928,0.3105343377034814,0.1815539803752794,0.32377805576761537,0.29,0.7081281999126077,350,1,1.5781537436926811,0.8331426380184047,0.019943952584154715,0.7105908087964545,0.0948852021215072,0.4
S4,5,Standard-ABC,0.7981244343837544,1.7265237797654154,4.360695705225086,0.1872582625533258,0.27,0.73,0.7536419352962997,0.9908396471035558,0.009160352896444245,1.5826439459920647,0.884010916625727,0.3012936075469638,0.1815539803752794,0.3622261034659105,0.13,0.756122300052084,350,1,1.7389220815695545,0.9387800899931278,0.009160352896444245,0.8133858696278672,0.11598908337427305,0.4
S4,5,Max-SINR,0.7134534470265994,1.4201781045540833,4.203857336780479,0.15309657137191052,0.43,0.57,0.5587591723973869,0.979763815089878,0.020236184910122145,1.572275512165544,0.9063155317069053,0.3105343377034814,0.1815539803752794,0.3215097049076017,0.3,0.0018707000417634845,1,1,1.5739126274442976,0.8373064395679759,0.020236184910122145,0.7051176680173601,0.09368446829309474,0.4
S4,6,RFOTO-ABC,0.7814093377848189,1.6122213670431822,4.813776906088029,0.17957730485204945,0.38,0.62,0.6755288577770869,0.9816722498382497,0.018327750161750145,1.5737798934197726,0.8935579894679019,0.2919012784278292,0.18802135412396598,0.3451398956236964,0.27,0.8814308000728488,350,1,1.7078738689379571,0.8061761200785071,0.018327750161750145,0.8555304037055558,0.10644201053209812,0.4
S4,6,RFOTO-ABC-R,0.781495026348781,1.6123253357107399,4.813776906088029,0.17976726800280282,0.38,0.62,0.6755288577770869,0.9816978263491571,0.018302173650842957,1.5734683821458249,0.8935469445485875,0.2919012784278292,0.18802135412396598,0.34515993502139874,0.27,0.7889099000021815,350,1,1.707921991152192,0.8066902305764235,0.018302173650842957,0.8555304037055558,0.10645305545141248,0.4
S4,6,Standard-ABC,0.8421440674828284,1.7967212883912984,4.813776906088029,0.2029522921195153,0.26,0.74,0.7614831964308627,0.990094492779999,0.0099055072200011,1.6020810180520708,0.8900371289510113,0.2919012784278292,0.18802135412396598,0.3514948555856508,0.13,0.786631099996157,350,1,1.8288079148257015,0.9271274841800181,0.0099055072200011,0.9095897361922072,0.10996287104898872,0.4
S4,6,Max-SINR,0.7788253944449772,1.606382588776643,4.813776906088029,0.17818615095544266,0.38,0.62,0.6755288577770869,0.9816814247105659,0.01831857528943431,1.5736533089614195,0.8935534021381109,0.2919012784278292,0.18802135412396598,0.34514821874669804,0.27,0.002602099906653166,1,1,1.7048621159785933,0.793977065245132,0.01831857528943431,0.8555304037055558,0.10644659786188915,0.4
S4,7,RFOTO-ABC,0.7036757276936361,1.6134334736260607,3.6682653820073567,0.18084469883934473,0.33,0.67,0.6769008229479319,0.984853520579002,0.01514647942099799,1.577177813827882,0.8938945379354826,0.32736735698847946,0.24527050568522785,0.34452895644120474,0.22,0.8101033000275493,350,1,1.5471461826972115,0.8315097374042415,0.01514647942099799,0.6928704248592784,0.10610546206451743,0.4
S4,7,RFOTO-ABC-R,0.7036757276936361,1.6134334736260607,3.6682653820073567,0.18084469883934473,0.33,0.67,0.6769008229479319,0.984853520579002,0.01514647942099799,1.577177813827882,0.8938945379354826,0.32736735698847946,0.24527050568522785,0.34452895644120474,0.22,0.7404432999901474,350,1,1.5471461826972115,0.8315097374042415,0.01514647942099799,0.6928704248592784,0.10610546206451743,0.4
S4,7,Standard-ABC,0.775051619798574,1.8694904202033849,3.9058545624357337,0.22282577145258667,0.19,0.81,0.7853468495158222,0.9947323466624123,0.005267653337587612,1.5984014980164836,0.8893823201799396,0.3205232256448176,0.24527050568522785,0.35266960103712736,0.07,0.6295621000463143,350,1,1.6981264003849095,0.9477662415951745,0.005267653337587612,0.7628356032901753,0.11061767982006043,0.4
S4,7,Max-SINR,0.6960812846616806,1.593092074156294,3.6682653820073567,0.1767710932814591,0.34,0.66,0.6597433723594421,0.9840039263537917,0.015996073646208243,1.5793899737125188,0.8962129320138709,0.32736735698847946,0.24527050568522785,0.3403031886203653,0.23,0.0023309000534936786,1,1,1.5352761738908391,0.8202979385804613,0.015996073646208243,0.6818011018989626,0.10378706798612913,0.4
S4,8,RFOTO-ABC,0.6124884980173867,1.2244082951156292,3.218178124849751,0.13463107207562297,0.42,0.58,0.5054013534205685,0.9807093478574864,0.01929065214251369,1.57699610877425,0.9120280692668853,0.37312963307220515,0.28417125618375727,0.3105760480548217,0.28,0.7929861999582499,350,1,1.3503950477990483,0.8043827818162947,0.01929065214251369,0.5487135950268417,0.08797193073311471,0.4
S4,8,RFOTO-ABC-R,0.6124499279069163,1.2245519871255117,3.218178124849751,0.13462258932368198,0.42,0.58,0.5054013534205685,0.9807084503395509,0.01929154966044913,1.5770083777011241,0.9120283973008655,0.37312963307220515,0.28417125618375727,0.3105754131556552,0.28,0.7227696999907494,350,1,1.3505033170173124,0.8039443303927853,0.01929154966044913,0.5487135950268417,0.08797160269913451,0.4
S4,8,Standard-ABC,0.6716792352499916,1.3680334507617216,3.218178124849751,0.14646371245696455,0.33,0.67,0.5442519990808685,0.9918905070402539,0.008109492959746053,1.5938551683103492,0.9066970963584714,0.37312963307220515,0.28417125618375727,0.3207867837436535,0.11,0.7179066999815404,350,1,1.4786836531958318,0.9471395083396174,0.008109492959746053,0.5772802462476506,0.0933029036415286,0.4
S4,8,Max-SINR,0.6134990673207066,1.220446219648587,3.218178124849751,0.1362287695204232,0.43,0.57,0.49107124739208813,0.9805779318453895,0.019422068154610398,1.570399109586382,0.9141485347106767,0.37312963307220515,0.28417125618375727,0.30645412552528173,0.29,0.0021791000617668033,1,1,1.342314125597814,0.844094762714815,0.019422068154610398,0.5381767523588415,0.0858514652893233,0.4
S4,9,RFOTO-ABC,0.7420125863754005,1.4696126968719656,4.058629836905483,0.15200527107773099,0.44,0.56,0.634586196187732,0.9818627469579401,0.018137253042059914,1.580434298508667,0.8889983577192893,0.3205610454972523,0.2455778623711989,0.3533574260883175,0.26,0.8047281000763178,350,1,1.6199757072457324,0.8145994045619891,0.018137253042059914,0.778204207716602,0.11100164228071074,0.4
S4,9,RFOTO-ABC-R,0.7415238804960843,1.471049366461014,4.058629836905483,0.15257740868801017,0.44,0.56,0.634586196187732,0.9819590620120603,0.018040937987939813,1.5791941685342932,0.8889667185879684,0.3205610454972523,0.2455778623711989,0.3534140707599686,0.26,0.7283205999992788,350,1,1.620541279784856,0.8104955254088476,0.018040937987939813,0.778204207716602,0.11103328141203161,0.4
S4,9,Standard-ABC,0.8129185046702231,1.7304961473805986,4.058629836905483,0.18794010344741052,0.3,0.7,0.736628503674904,0.9933328291901805,0.006667170809819673,1.5696454236128088,0.8794845263314567,0.3205610454972523,0.2455778623711989,0.3701751871117017,0.1,0.7285247000399977,350,1,1.7555571386198046,0.9614822271434682,0.006667170809819673,0.8415845229260255,0.12051547366854332,0.4
S4,9,Max-SINR,0.744006009531305,1.4753479523672954,4.058629836905483,0.15269179530304197,0.44,0.56,0.634586196187732,0.9815282500127597,0.018471749987240316,1.5756691227703465,0.8891940499164489,0.3205610454972523,0.2455778623711989,0.3530069590255933,0.27,0.0018572000553831458,1,1,1.6235818400214541,0.821628367245401,0.018471749987240316,0.778204207716602,0.1108059500835511,0.4
S4,10,RFOTO-ABC,0.7714175577395931,1.797235705830092,5.129889784985895,0.19503916726356146,0.34,0.66,0.7671518011975991,0.9889291386979289,0.01107086130207107,1.578275896676952,0.8745738073023942,0.27895374217890434,0.18980268093109226,0.37870050696509633,0.16,0.7038512999424711,350,1,1.667172103772287,0.868881495301059,0.01107086130207107,0.8130568253452293,0.1254261926976058,0.4
S4,10,RFOTO-ABC-R,0.7714175577395931,1.797235705830092,5.129889784985895,0.19503916726356146,0.34,0.66,0.7671518011975991,0.9889291386979289,0.01107086130207107,1.578275896676952,0.8745738073023942,0.27895374217890434,0.18980268093109226,0.37870050696509633,0.16,0.6397671999875456,350,1,1.667172103772287,0.868881495301059,0.01107086130207107,0.8130568253452293,0.1254261926976058,0.4
S4,10,Standard-ABC,0.8161527341702445,1.9453059423387473,5.340824922734699,0.21428541439352242,0.26,0.74,0.8301487132716298,0.9961478911348699,0.003852108865130094,1.5607531281332874,0.8704274976984633,0.27895374217890434,0.18980268093109226,0.3858247840479921,0.06,0.6291774000274017,350,1,1.759152804965653,0.951115053557854,0.003852108865130094,0.8539639111075867,0.12957250230153672,0.4
S4,10,Max-SINR,0.7691624808872943,1.7942035169051165,5.129889784985895,0.19442280316549138,0.35,0.65,0.7634105107322077,0.9882626559484023,0.01173734405159773,1.5778139250378997,0.8742763124521433,0.27895374217890434,0.18980268093109226,0.379213857638182,0.17,0.002193199936300516,1,1,1.6628305837619322,0.8639463934418916,0.01173734405159773,0.810627415952118,0.12572368754785668,0.4
S4,11,RFOTO-ABC,0.7782745193038796,1.6223444851679754,5.0417012414460105,0.1586265096231407,0.36,0.64,0.7506263797575342,0.9839637019115025,0.01603629808849736,1.5700262866122576,0.8805195303412656,0.27074120534245105,0.21823531635496204,0.3683655128797263,0.24,0.8363626000937074,350,1,1.6869957236184465,0.8526952502854366,0.01603629808849736,0.8299678831597713,0.11948046965873438,0.4
S4,11,RFOTO-ABC-R,0.7774583819251208,1.625228645484715,5.0417012414460105,0.15884668325055146,0.35,0.65,0.7518934360308094,0.984086790918762,0.0159132090812379,1.5683293382817076,0.8808152109371346,0.27074120534245105,0.21823531635496204,0.3678476730705885,0.24,0.7259158999659121,350,1,1.6885074859791525,0.8438746794800882,0.0159132090812379,0.8307597933305683,0.11918478906286545,0.4
S4,11,Standard-ABC,0.8330744226984484,1.8029019115620781,5.0417012414460105,0.18728870331231828,0.23,0.77,0.8256791466880286,0.9935404984865948,0.006459501513405294,1.5872264006717294,0.8798855647895275,0.27074120534245105,0.21823531635496204,0.3694745300061971,0.09,0.7048195999814197,350,1,1.8031006494490738,0.9584748608606368,0.006459501513405294,0.8768758624913304,0.12011443521047249,0.4
S4,11,Max-SINR,0.7858692755673262,1.6460424293504032,5.0417012414460105,0.16304366692133787,0.34,0.66,0.7681236494621964,0.9848855229022984,0.015114477097701631,1.5661522044730105,0.8785076113125672,0.27074120534245105,0.21823531635496204,0.37187909995532586,0.23,0.0019341000588610768,1,1,1.704464591511655,0.8552030319030731,0.015114477097701631,0.8409036767251852,0.12149238868743284,0.4
S4,12,RFOTO-ABC,0.70762769889616,1.5047887926340469,4.250472518999865,0.14249604913818328,0.33,0.67,0.650448314384598,0.9853390946624176,0.014660905337582431,1.5798102622268844,0.8971535790674443,0.28052071089396813,0.22304695821583487,0.33857991715093316,0.21,0.6481608999893069,350,1,1.5553126070155678,0.8619144857652372,0.014660905337582431,0.68461292028033,0.1028464209325557,0.4
S4,12,RFOTO-ABC-R,0.7076671451681082,1.5049374205194612,4.250472518999865,0.14254893279117697,0.33,0.67,0.650448314384598,0.9853369666892149,0.014663033310785067,1.5798475642554606,0.8971545498913133,0.28052071089396813,0.22304695821583487,0.33857813593594926,0.21,0.5751729999901727,350,1,1.5553252185167803,0.8621545752691371,0.014663033310785067,0.68461292028033,0.10284545010868673,0.4
S4,12,Standard-ABC,0.7626108217227804,1.6960020854790667,4.413940143069554,0.1599748602944066,0.25,0.75,0.7334064256226178,0.9941882463813968,0.0058117536186030935,1.5902941913859971,0.8857752065651988,0.2653201519247611,0.22304695821583487,0.3591025017369131,0.08,0.691076600109227,350,1,1.6669809799944535,0.9558169915537674,0.0058117536186030935,0.7367878330086443,0.11422479343480119,0.4
S4,12,Max-SINR,0.7064917376613066,1.5067691011082796,4.250472518999865,0.1419937090571078,0.33,0.67,0.650448314384598,0.9873287127075128,0.012671287292487237,1.5692609530088368,0.8961480073774083,0.28052071089396813,0.22304695821583487,0.3404219422227156,0.19,0.001965199946425855,1,1,1.558349883805969,0.850926535252304,0.012671287292487237,0.68461292028033,0.1038519926225917,0.4
S4,13,RFOTO-ABC,0.7774263029360599,1.5388386763154143,3.8003178172763037,0.15002535916851398,0.33,0.67,0.7215174720478074,0.9870249353032863,0.012975064696713666,1.5886529616643004,0.8821103271737866,0.26512778059962583,0.1776670330182742,0.36557494888158615,0.18,0.9052677999716252,350,1,1.702767701952289,0.8643479864115813,0.012975064696713666,0.8072148624919029,0.11788967282621343,0.4
S4,13,RFOTO-ABC-R,0.7773988477450567,1.538991351488541,3.8003178172763037,0.15007309683151435,0.33,0.67,0.7215174720478074,0.9870244615201738,0.012975538479826217,1.5886618556736731,0.8821105197655574,0.26512778059962583,0.1776670330182742,0.36557461036060107,0.18,0.8109437000239268,350,1,1.7030091403516263,0.8637621153536188,0.012975538479826217,0.8072148624919029,0.11788948023444257,0.4
S4,13,Standard-ABC,0.840362424122294,1.7500141681077899,4.1131289526402295,0.17009413074096788,0.21,0.79,0.8243718420141053,0.9973884955142245,0.00261150448577562,1.5647739352048124,0.8717325993458667,0.26512778059962583,0.1776670330182742,0.38358931682220726,0.04,0.6779053999343887,350,1,1.8305265233597021,0.9666173060979983,0.00261150448577562,0.8719031454895746,0.12826740065413333,0.4
S4,13,Max-SINR,0.7793462774567348,1.5495452785274173,3.8003178172763037,0.1508498599445848,0.32,0.68,0.7262825313990051,0.9872457940051081,0.012754205994891639,1.5844100453080636,0.8824990319768489,0.26512778059962583,0.1776670330182742,0.36489137956335405,0.18,0.0019495999440550804,1,1,1.7086912338853606,0.8629636252769377,0.012754205994891639,0.8102117551656122,0.11750096802315113,0.4
S4,14,RFOTO-ABC,0.6774464334620771,1.4009242451355897,4.535861021618604,0.1348082722071883,0.47,0.53,0.5988938590090522,0.9812782427426191,0.018721757257381035,1.5700617668138344,0.8890783310196554,0.2940081080797932,0.26757143158355623,0.353214224502867,0.28,0.769440499949269,350,1,1.4781192615045902,0.7948411180064219,0.018721757257381035,0.6732313943457536,0.11092166898034461,0.4
S4,14,RFOTO-ABC-R,0.6774464334620771,1.4009242451355897,4.535861021618604,0.1348082722071883,0.47,0.53,0.5988938590090522,0.9812782427426191,0.018721757257381035,1.5700617668138344,0.8890783310196554,0.2940081080797932,0.26757143158355623,0.353214224502867,0.28,0.677350900019519,350,1,1.4781192615045902,0.7948411180064219,0.018721757257381035,0.6732313943457536,0.11092166898034461,0.4
S4,14,Standard-ABC,0.766652997820266,1.7226464396186325,4.535861021618604,0.18485238432856083,0.33,0.67,0.7299639851266732,0.9925111334459806,0.007488866554019356,1.5747500927095333,0.8708255994886092,0.2940081080797932,0.26757143158355623,0.3851435539968551,0.11,0.7362102000042796,350,1,1.648085344431585,0.964739571549774,0.007488866554019356,0.7561871703695643,0.12917440051139084,0.4
S4,14,Max-SINR,0.6813421366097053,1.4083288168229364,4.535861021618604,0.13641348277557636,0.46,0.54,0.5995165143630946,0.9808859115765852,0.01911408842341478,1.5669145697902158,0.8893515337479427,0.2940081080797932,0.26757143158355623,0.3527247789683541,0.29,0.0015205999370664358,1,1,1.4821067246690214,0.8132599854449407,0.01911408842341478,0.673625480012869,0.11064846625205726,0.4
