scenario,run,algorithm,objective,delay_mean_s,delay_p95_s,energy_mean_j,success_rate,violation_rate,violation_mean,reliability_mean,link_failure_rate,attempts_mean,jain,utility_p05,utility_min,utility_cv,offload_rate,runtime_s,evaluations,feasible,t_hat,e_hat,r_hat,v_hat,fairness_loss,budget,comparison_suite
S1,0,RFOTO-ABC,0.15266211714047107,0.38987052847904746,0.8029993658221449,0.048268548202801395,1.0,0.0,0.0,0.9966272608049491,0.003372739195050767,1.0146415730188831,0.9998825050134034,0.9792060280347239,0.9532705772605485,0.010840147290881872,1.0,0.11934490001294762,320,1,0.34976748762750687,0.43018715431063137,0.003372739195050767,0.0,0.00011749498659663349,320,advanced
S1,0,Standard-ABC,0.35595374961142495,0.7675444922858927,2.0065531559602117,0.12744575498338911,0.65,0.35,0.26132915675391805,0.9996757572284011,0.00032424277159895376,1.018049487987499,0.9485640557389545,0.5553453171991201,0.34104786435660217,0.23286275250028932,0.65,0.12328910001087934,320,1,0.741843991348642,0.7420693743834538,0.00032424277159895376,0.20560842169307908,0.051435944261045474,320,advanced
S1,0,GA,0.24379021060452652,0.5870399478461426,1.6810598447743688,0.07064410976133131,0.8,0.2,0.09559800065625991,0.9989252280646191,0.0010747719353808249,1.031384498415352,0.9812260973917097,0.6479101230813432,0.6225864167580385,0.13832246986930322,0.75,0.111962599970866,320,1,0.5553730374552555,0.5560000597738498,0.0010747719353808249,0.07406360998526199,0.01877390260829026,320,advanced
S1,0,PSO,0.5294953774403128,1.1285986746965815,2.43312376870938,0.1309177814132368,0.35,0.65,0.3971857985333229,0.9979301483440111,0.002069851655988991,1.0612437533309762,0.9386603979110036,0.4805504145758172,0.4766591295724253,0.25563259547739875,0.3,0.11890450003556907,320,1,1.210641889080372,0.7889410040556437,0.002069851655988991,0.3955153756693037,0.06133960208899636,320,advanced
S1,0,DE,0.6100724485420037,1.394831262120151,3.206062389386781,0.18063307258119818,0.3,0.7,0.5123562451696271,0.99508933501199,0.004910664988009977,1.0305346245984677,0.9233682589902271,0.44860917287290386,0.33248213519715397,0.2880824988566819,0.3,0.12720029999036342,320,1,1.3429344409866724,0.9696841064390647,0.004910664988009977,0.46563731272163195,0.07663174100977288,320,advanced
S1,0,Gbest-ABC,0.17929572779479266,0.4437824104780355,0.8077332164073838,0.06224654878322923,0.95,0.05,0.030310136318685472,0.9988951677250262,0.0011048322749738215,1.0150975815736196,0.9930264546336971,0.9613401819213925,0.6225864167580385,0.0838004606708118,0.95,0.13271659996826202,320,1,0.388875100340512,0.4793013898242702,0.0011048322749738215,0.03565898390433585,0.006973545366302902,320,advanced
S1,0,MeABC,0.17929572779479266,0.4437824104780355,0.8077332164073838,0.06224654878322923,0.95,0.05,0.030310136318685472,0.9988951677250262,0.0011048322749738215,1.0150975815736196,0.9930264546336971,0.9613401819213925,0.6225864167580385,0.0838004606708118,0.95,0.1263648000312969,320,1,0.388875100340512,0.4793013898242702,0.0011048322749738215,0.03565898390433585,0.006973545366302902,320,advanced
S1,0,JADE,0.17298749994642704,0.38039562179355857,0.6933333805936924,0.05327517285865944,1.0,0.0,0.0,0.9965325776587635,0.0034674223412363816,1.0144055018937013,0.9998820422594057,0.9778934885762376,0.9536525498549421,0.01086147578653784,1.0,0.13246759999310598,320,1,0.3624375338200167,0.5444462557472429,0.0034674223412363816,0.0,0.00011795774059430997,320,advanced
S1,0,LSHADE-lite,0.15465320332907245,0.37781265727706204,0.6835419046002331,0.04921068891833208,1.0,0.0,0.0,0.9970035588168968,0.002996441183103116,1.0154840908666594,0.9998807509345243,0.9895597758989559,0.950207645112132,0.010920773210200291,1.0,0.1264841000083834,320,1,0.35517632768923213,0.43494630540214974,0.002996441183103116,0.0,0.00011924906547566838,320,advanced
S1,0,CMAES-lite,0.17929572779479266,0.4437824104780355,0.8077332164073838,0.06224654878322923,0.95,0.05,0.030310136318685472,0.9988951677250262,0.0011048322749738215,1.0150975815736196,0.9930264546336971,0.9613401819213925,0.6225864167580385,0.0838004606708118,0.95,0.12875249999342486,320,1,0.388875100340512,0.4793013898242702,0.0011048322749738215,0.03565898390433585,0.006973545366302902,320,advanced
S1,0,GWO,0.17929572779479266,0.4437824104780355,0.8077332164073838,0.06224654878322923,0.95,0.05,0.030310136318685472,0.9988951677250262,0.0011048322749738215,1.0150975815736196,0.9930264546336971,0.9613401819213925,0.6225864167580385,0.0838004606708118,0.95,0.12411619996419176,320,1,0.388875100340512,0.4793013898242702,0.0011048322749738215,0.03565898390433585,0.006973545366302902,320,advanced
S1,1,RFOTO-ABC,0.137866331946408,0.3634277879729769,0.6794043264297156,0.03664200645465563,0.95,0.05,0.04384782155461617,0.9938942623157777,0.006105737684222412,1.0337880922754796,0.9890992071526986,0.904830336744475,0.5327774174374601,0.1049806159209989,0.95,0.1213450999930501,320,1,0.37441422607553165,0.22384360552555002,0.006105737684222412,0.03131987253901155,0.010900792847301388,320,advanced
S1,1,Standard-ABC,0.32778819191964176,0.7653275101992474,1.9735088342690779,0.1196352683989024,0.75,0.25,0.21656685315847907,0.9918624715374461,0.008137528462553967,1.067427738795348,0.954016449016447,0.5242596923975785,0.362422916639829,0.21954488407465436,0.65,0.11683280003489926,320,1,0.7566417080283161,0.5375715813320465,0.008137528462553967,0.1978679574908479,0.045983550983553,320,advanced
S1,1,GA,0.20059460767599283,0.4948562174400733,0.8689112320865753,0.06973178640099073,0.9,0.1,0.05361331862608384,0.9948241734087034,0.005175826591296534,1.035671033113955,0.988143854311605,0.8214118139162424,0.5327774174374601,0.10953721044659145,0.85,0.11281369999051094,320,1,0.507192640361705,0.40939369011022037,0.005175826591296534,0.038295227590059884,0.011856145688394992,320,advanced
S1,1,PSO,0.4964865149765871,1.1643474784218117,3.3197123435677005,0.1436981644471477,0.5,0.5,0.48658896779090133,0.9942858398414268,0.005714160158573289,1.0772118129943506,0.9083865256557292,0.3602433685701002,0.3188319552452525,0.31757355817559335,0.5,0.11374999996041879,320,1,1.0877522169047655,0.6544064601574319,0.005714160158573289,0.44601055417370244,0.0916134743442708,320,advanced
S1,1,DE,0.6881901087283754,1.2813533877100074,2.6562980469705226,0.17891623673687768,0.4,0.6,0.654524875211661,0.9998229829924788,0.0001770170075210742,1.0081916119780838,0.8821409677755624,0.3649727882487374,0.2923852120070333,0.36552108942568945,0.35,0.3153048999956809,320,1,1.4846268512966176,0.8629633007378119,0.0001770170075210742,0.6794985702335172,0.11785903222443761,320,advanced
S1,1,Gbest-ABC,0.1389374432968287,0.35676468578603004,0.630928469135258,0.037963762026550475,0.95,0.05,0.04384782155461617,0.995249168537773,0.004750831462227018,1.0300053772480084,0.9892223878008719,0.9305377535201125,0.5327774174374601,0.10437928270284651,0.95,0.38630880002165213,320,1,0.3680860171786428,0.24346108496733665,0.004750831462227018,0.03131987253901155,0.010777612199128095,320,advanced
S1,1,MeABC,0.1389374432968287,0.35676468578603004,0.630928469135258,0.037963762026550475,0.95,0.05,0.04384782155461617,0.995249168537773,0.004750831462227018,1.0300053772480084,0.9892223878008719,0.9305377535201125,0.5327774174374601,0.10437928270284651,0.95,0.37556720001157373,320,1,0.3680860171786428,0.24346108496733665,0.004750831462227018,0.03131987253901155,0.010777612199128095,320,advanced
S1,1,JADE,0.1389374432968287,0.35676468578603004,0.630928469135258,0.037963762026550475,0.95,0.05,0.04384782155461617,0.995249168537773,0.004750831462227018,1.0300053772480084,0.9892223878008719,0.9305377535201125,0.5327774174374601,0.10437928270284651,0.95,0.4160071999649517,320,1,0.3680860171786428,0.24346108496733665,0.004750831462227018,0.03131987253901155,0.010777612199128095,320,advanced
S1,1,LSHADE-lite,0.1389374432968287,0.35676468578603004,0.630928469135258,0.037963762026550475,0.95,0.05,0.04384782155461617,0.995249168537773,0.004750831462227018,1.0300053772480084,0.9892223878008719,0.9305377535201125,0.5327774174374601,0.10437928270284651,0.95,0.39009770000120625,320,1,0.3680860171786428,0.24346108496733665,0.004750831462227018,0.03131987253901155,0.010777612199128095,320,advanced
S1,1,CMAES-lite,0.1389374432968287,0.35676468578603004,0.630928469135258,0.037963762026550475,0.95,0.05,0.04384782155461617,0.995249168537773,0.004750831462227018,1.0300053772480084,0.9892223878008719,0.9305377535201125,0.5327774174374601,0.10437928270284651,0.95,0.4004490000079386,320,1,0.3680860171786428,0.24346108496733665,0.004750831462227018,0.03131987253901155,0.010777612199128095,320,advanced
S1,1,GWO,0.1389374432968287,0.35676468578603004,0.630928469135258,0.037963762026550475,0.95,0.05,0.04384782155461617,0.995249168537773,0.004750831462227018,1.0300053772480084,0.9892223878008719,0.9305377535201125,0.5327774174374601,0.10437928270284651,0.95,0.34926340001402423,320,1,0.3680860171786428,0.24346108496733665,0.004750831462227018,0.03131987253901155,0.010777612199128095,320,advanced
S1,2,RFOTO-ABC,0.15519323546087965,0.3696965427650776,0.6625582977421838,0.040508494983433445,0.95,0.05,0.029304307215712116,0.9975274313906025,0.00247256860939738,1.023506506417265,0.9933254322051206,0.9543554176455133,0.6304827789995974,0.08197205010965486,0.95,0.39191700000083074,320,1,0.3792705099083472,0.3576466472658382,0.00247256860939738,0.02093164801122294,0.006674567794879405,320,advanced
S1,2,Standard-ABC,0.3284519808638496,0.6403725053481026,1.4985320815657728,0.07383310885149587,0.7,0.3,0.1967002126028256,0.9974145169345953,0.0025854830654048087,1.041067657648869,0.9587470424888578,0.4801521389919873,0.367814407250262,0.20743189081387595,0.8,0.3719592000124976,320,1,0.7670777176554501,0.6078176001904356,0.0025854830654048087,0.1552194847266776,0.04125295751114222,320,advanced
S1,2,GA,0.2203326658423357,0.4961741330405792,1.409549674092119,0.07071870857843096,0.85,0.15,0.07701468422120805,0.9985650664951138,0.0014349335048864265,1.0316147965176776,0.9835395984010434,0.6271053196798653,0.5629335926049545,0.12936723279103274,0.85,0.34110739995958284,320,1,0.5014838065483757,0.5230203005470832,0.0014349335048864265,0.055010488729434315,0.016460401598956564,320,advanced
S1,2,PSO,0.5915675224983004,1.174745646925582,3.288965059016639,0.12140558183070753,0.55,0.45,0.6283629448912037,0.9998295877778901,0.00017041222210988915,1.0149701025391142,0.8724748040006018,0.3146303800986459,0.2896628608283986,0.3823151893852057,0.35,0.41259560000617057,320,1,1.2921813941758789,0.7018237954792745,0.00017041222210988915,0.5763429711524307,0.12752519599939816,320,advanced
S1,2,DE,0.7958357566952712,1.7736131022980584,5.467314783649781,0.16403581316041915,0.5,0.5,1.0744004750222154,0.9987540137624766,0.0012459862375234277,1.0481769592426753,0.8090401328440268,0.20039900165209035,0.16746282831371062,0.48583189075635813,0.45,0.3630752000026405,320,1,1.648648909019842,0.9240841226382702,0.0012459862375234277,0.8646709348946777,0.19095986715597324,320,advanced
S1,2,Gbest-ABC,0.16171642454479326,0.3766242415060954,0.6493772195474117,0.04604075644645006,0.95,0.05,0.029304307215712116,0.9976240861261738,0.002375913873826302,1.0249169661979542,0.9933332996772374,0.9599026592830474,0.6304827789995974,0.08192340023060098,0.95,0.3527780000003986,320,1,0.3763323427580618,0.40616826019528274,0.002375913873826302,0.02093164801122294,0.00666670032276262,320,advanced
S1,2,MeABC,0.16171642454479326,0.3766242415060954,0.6493772195474117,0.04604075644645006,0.95,0.05,0.029304307215712116,0.9976240861261738,0.002375913873826302,1.0249169661979542,0.9933332996772374,0.9599026592830474,0.6304827789995974,0.08192340023060098,0.95,0.3704666999983601,320,1,0.3763323427580618,0.40616826019528274,0.002375913873826302,0.02093164801122294,0.00666670032276262,320,advanced
S1,2,JADE,0.16171642454479326,0.3766242415060954,0.6493772195474117,0.04604075644645006,0.95,0.05,0.029304307215712116,0.9976240861261738,0.002375913873826302,1.0249169661979542,0.9933332996772374,0.9599026592830474,0.6304827789995974,0.08192340023060098,0.95,0.36666699999477714,320,1,0.3763323427580618,0.40616826019528274,0.002375913873826302,0.02093164801122294,0.00666670032276262,320,advanced
S1,2,LSHADE-lite,0.16171642454479326,0.3766242415060954,0.6493772195474117,0.04604075644645006,0.95,0.05,0.029304307215712116,0.9976240861261738,0.002375913873826302,1.0249169661979542,0.9933332996772374,0.9599026592830474,0.6304827789995974,0.08192340023060098,0.95,0.364818700007163,320,1,0.3763323427580618,0.40616826019528274,0.002375913873826302,0.02093164801122294,0.00666670032276262,320,advanced
S1,2,CMAES-lite,0.16171642454479326,0.3766242415060954,0.6493772195474117,0.04604075644645006,0.95,0.05,0.029304307215712116,0.9976240861261738,0.002375913873826302,1.0249169661979542,0.9933332996772374,0.9599026592830474,0.6304827789995974,0.08192340023060098,0.95,0.36160170001676306,320,1,0.3763323427580618,0.40616826019528274,0.002375913873826302,0.02093164801122294,0.00666670032276262,320,advanced
S1,2,GWO,0.16171642454479326,0.3766242415060954,0.6493772195474117,0.04604075644645006,0.95,0.05,0.029304307215712116,0.9976240861261738,0.002375913873826302,1.0249169661979542,0.9933332996772374,0.9599026592830474,0.6304827789995974,0.08192340023060098,0.95,0.33870279998518527,320,1,0.3763323427580618,0.40616826019528274,0.002375913873826302,0.02093164801122294,0.00666670032276262,320,advanced
S1,3,RFOTO-ABC,0.19289071608719843,0.42523442346502227,1.1618776798104111,0.04792322086627366,0.9,0.1,0.031016843772612997,0.9970897555499718,0.0029102444500281265,1.041183401009723,0.9934715622911403,0.9228420176896284,0.6371848957375879,0.08106379143299076,0.9,0.39639959996566176,320,1,0.4634975174870008,0.4035229508782005,0.0029102444500281265,0.05970631814953436,0.006528437708859691,320,advanced
S1,3,Standard-ABC,0.3954966312773211,0.9127989460600228,2.9859643924496706,0.13519928475765322,0.75,0.25,0.25497145479547473,0.9991359210220876,0.0008640789779122915,1.0266555786827842,0.9436359487707304,0.4067849907644577,0.3859718434844161,0.2443986832773531,0.55,0.35308830003486946,320,1,0.8944752418764097,0.7243849658109489,0.0008640789779122915,0.21837060982641376,0.056364051229269574,320,advanced
S1,3,GA,0.2102256354952996,0.4336765249512654,1.1482914421851653,0.05110893921532317,0.9,0.1,0.02865906830976118,0.9976225720342695,0.0023774279657305607,1.0362063113270787,0.9935718757007668,0.9588328985681819,0.6371848957375879,0.08043452253114636,0.85,0.3658523000194691,320,1,0.5180545368047097,0.43098664282800875,0.0023774279657305607,0.05849720252755907,0.006428124299233229,320,advanced
S1,3,PSO,0.4936963573376687,0.934025607413926,2.6198093041597135,0.10936519752462741,0.55,0.45,0.34925289784842695,0.9979747997317702,0.00202520026822976,1.0581115889095698,0.9315651591168943,0.3842851292891852,0.35223755957979713,0.27103914097785703,0.45,0.42631900002015755,320,1,1.1683456577297684,0.6440068067949044,0.00202520026822976,0.37735462279951654,0.0684348408831057,320,advanced
S1,3,DE,0.6241333901703684,1.4469988970912433,4.014907935909078,0.1673803008521505,0.45,0.55,0.6465290041562947,0.9999994991481786,5.008518214000279e-07,1.0064930477808536,0.8805981447621819,0.335518525791987,0.22203405014414226,0.36822786876467917,0.3,0.38989649998256937,320,1,1.3618780887857422,0.8996712882702665,5.008518214000279e-07,0.5232111851094234,0.1194018552378181,320,advanced
S1,3,Gbest-ABC,0.2538338215141985,0.516716452987899,1.2206875011109377,0.04904088268043243,0.9,0.1,0.07162441173876506,0.996402027197643,0.0035979728023570524,1.0445142914091206,0.9834090412863221,0.6321628583040034,0.5367441470659,0.12988788433423532,0.85,0.4074331999872811,320,1,0.6106896620019809,0.4081513339189275,0.0035979728023570524,0.14692187023336423,0.016590958713677884,320,advanced
S1,3,MeABC,0.23792755140798122,0.5111134467718565,1.1106171262625615,0.05512017491044363,0.8,0.2,0.0690258986353548,0.996536390558132,0.0034636094418677875,1.0391981062344826,0.9870606756409204,0.6935315716890763,0.6371848957375879,0.11449430227622792,0.9,0.41004160000011325,320,1,0.5637830488478,0.49050981850479325,0.0034636094418677875,0.08308678351230704,0.01293932435907963,320,advanced
S1,3,JADE,0.24832430404598402,0.5880639291156822,1.5907289114039471,0.06832148924584593,0.8,0.2,0.06926865436229188,0.9977595292181313,0.0022404707818686974,1.0419339809721504,0.987184981867487,0.7121833691262317,0.6371848957375879,0.11393583582208387,0.8,0.4042496000183746,320,1,0.6123177782321089,0.46901588112117765,0.0022404707818686974,0.09008852177411784,0.012815018132512956,320,advanced
S1,3,LSHADE-lite,0.21726462525313395,0.45193354431400456,1.1615597139660514,0.05104892537005614,0.9,0.1,0.030738747618179508,0.9975745509787662,0.002425449021233944,1.0404190385547667,0.9933878949720731,0.9102771218146681,0.6371848957375879,0.0815850229255838,0.85,0.4094315000111237,320,1,0.5228537733840736,0.467889001096191,0.002425449021233944,0.05956370473700436,0.006612105027926862,320,advanced
S1,3,CMAES-lite,0.2538338215141985,0.516716452987899,1.2206875011109377,0.04904088268043243,0.9,0.1,0.07162441173876506,0.996402027197643,0.0035979728023570524,1.0445142914091206,0.9834090412863221,0.6321628583040034,0.5367441470659,0.12988788433423532,0.85,0.35889099998166785,320,1,0.6106896620019809,0.4081513339189275,0.0035979728023570524,0.14692187023336423,0.016590958713677884,320,advanced
S1,3,GWO,0.2538338215141985,0.516716452987899,1.2206875011109377,0.04904088268043243,0.9,0.1,0.07162441173876506,0.996402027197643,0.0035979728023570524,1.0445142914091206,0.9834090412863221,0.6321628583040034,0.5367441470659,0.12988788433423532,0.85,0.400145799969323,320,1,0.6106896620019809,0.4081513339189275,0.0035979728023570524,0.14692187023336423,0.016590958713677884,320,advanced
S1,4,RFOTO-ABC,0.12095308365637453,0.4003033028047442,1.0249414250738709,0.0345997563596707,0.9,0.1,0.04363710442790283,0.9999754318617873,2.4568138212488488e-05,1.0038083956447892,0.9896930031495554,0.949931842395114,0.5425130940509072,0.10205066091482254,0.9,0.3633957999991253,320,1,0.3075237845927613,0.24069302075718363,2.4568138212488488e-05,0.0256688849575899,0.01030699685044456,320,advanced
S1,4,Standard-ABC,0.2602396542915612,0.7325881418807485,2.2208463548865436,0.06468110760586551,0.75,0.25,0.1449489762163496,0.9963127469803041,0.0036872530196959906,1.0580751335851102,0.9694685640596089,0.5353423895002049,0.3990990030368593,0.17746256300971106,0.7,0.3680401999736205,320,1,0.6189331835204432,0.4382663082599807,0.0036872530196959906,0.1377969847098218,0.030531435940391094,320,advanced
S1,4,GA,0.13864207078824228,0.4236284783991987,1.0249414250738709,0.035536146132852595,0.9,0.1,0.04363710442790283,0.9996044037628835,0.00039559623711646894,1.0191477015282064,0.9897020124377507,0.949931842395114,0.5425130940509072,0.10200558592557078,0.85,0.35299609997309744,320,1,0.3574376317809262,0.2749441614790172,0.00039559623711646894,0.0256688849575899,0.010297987562249311,320,advanced
S1,4,PSO,0.3752916848607521,1.0119972986409247,2.952895347050686,0.11850704607369214,0.55,0.45,0.33123853313161195,0.9965822281807879,0.0034177718192121786,1.0957706240844591,0.9382877660822414,0.39203984595929775,0.2579158614856278,0.2564588006689723,0.45,0.42856500000925735,320,1,0.8385463806235288,0.6249162281318277,0.0034177718192121786,0.2479090641343581,0.0617122339177586,320,advanced
S1,4,DE,0.5628530164984896,1.3860622361010655,2.900756496092051,0.16177882211684558,0.35,0.65,0.5814172371930517,0.9997193352929143,0.00028066470708566494,1.04227149759485,0.8946455281619841,0.33675351328464526,0.2579158614856278,0.3431634215697476,0.25,0.39686179999262094,320,1,1.2362190915833005,0.8075770722010592,0.00028066470708566494,0.4672095162215446,0.10535447183801594,320,advanced
S1,4,Gbest-ABC,0.12476444020734785,0.40674554794479806,1.0249414250738709,0.03723075179919507,0.9,0.1,0.04363710442790283,0.9999739628984864,2.603710151368177e-05,1.0031515571270366,0.9896930438905343,0.949931842395114,0.5425130940509072,0.10205045712380006,0.9,0.3845815000240691,320,1,0.30190293843238647,0.2754682234875411,2.603710151368177e-05,0.0256688849575899,0.010306956109465748,320,advanced
S1,4,MeABC,0.12476444020734785,0.40674554794479806,1.0249414250738709,0.03723075179919507,0.9,0.1,0.04363710442790283,0.9999739628984864,2.603710151368177e-05,1.0031515571270366,0.9896930438905343,0.949931842395114,0.5425130940509072,0.10205045712380006,0.9,0.40127809997648,320,1,0.30190293843238647,0.2754682234875411,2.603710151368177e-05,0.0256688849575899,0.010306956109465748,320,advanced
S1,4,JADE,0.12476444020734785,0.40674554794479806,1.0249414250738709,0.03723075179919507,0.9,0.1,0.04363710442790283,0.9999739628984864,2.603710151368177e-05,1.0031515571270366,0.9896930438905343,0.949931842395114,0.5425130940509072,0.10205045712380006,0.9,0.3803220999543555,320,1,0.30190293843238647,0.2754682234875411,2.603710151368177e-05,0.0256688849575899,0.010306956109465748,320,advanced
S1,4,LSHADE-lite,0.120634599841059,0.38747644401624504,1.0249414250738709,0.03613794766941569,0.9,0.1,0.04363710442790283,0.9999595682739478,4.043172605217027e-05,1.0089403474499232,0.9896934633854468,0.949931842395114,0.5425130940509072,0.10204835873966386,0.9,0.36826690001180395,320,1,0.3020154862109227,0.24772960141024947,4.043172605217027e-05,0.0256688849575899,0.010306536614553163,320,advanced
S1,4,CMAES-lite,0.12476444020734785,0.40674554794479806,1.0249414250738709,0.03723075179919507,0.9,0.1,0.04363710442790283,0.9999739628984864,2.603710151368177e-05,1.0031515571270366,0.9896930438905343,0.949931842395114,0.5425130940509072,0.10205045712380006,0.9,0.38566750002792105,320,1,0.30190293843238647,0.2754682234875411,2.603710151368177e-05,0.0256688849575899,0.010306956109465748,320,advanced
S1,4,GWO,0.12476444020734785,0.40674554794479806,1.0249414250738709,0.03723075179919507,0.9,0.1,0.04363710442790283,0.9999739628984864,2.603710151368177e-05,1.0031515571270366,0.9896930438905343,0.949931842395114,0.5425130940509072,0.10205045712380006,0.9,0.42563010001322255,320,1,0.30190293843238647,0.2754682234875411,2.603710151368177e-05,0.0256688849575899,0.010306956109465748,320,advanced
S1,5,RFOTO-ABC,0.12006743677267527,0.32412906872071473,0.5264522619017392,0.0321874555067719,1.0,0.0,0.0,0.9995813898952276,0.0004186101047723323,1.0128363238357887,0.9999985550789584,0.9972836802833012,0.9949634876901996,0.0012020495525424772,1.0,0.35514810000313446,320,1,0.2884472633283395,0.31914454787653124,0.0004186101047723323,0.0,1.4449210415934388e-06,320,advanced
S1,5,Standard-ABC,0.3163677846853351,0.7835762115602392,3.1699120464861856,0.10061024248803059,0.85,0.15,0.18390870557800026,0.9991456412161701,0.0008543587838297951,1.0198456211197293,0.9591642392973595,0.4364541517529714,0.3347127970331511,0.20633544351943459,0.75,0.3370334000210278,320,1,0.6908211910928864,0.6500978112579598,0.0008543587838297951,0.15940631744502995,0.0408357607026405,320,advanced
S1,5,GA,0.19327831896317765,0.5185092507243008,0.9648737543361599,0.056477252031613946,0.95,0.05,0.035549576703420877,0.998218554607269,0.0017814453927310237,1.0376347330996425,0.9915355350315332,0.9566530879834607,0.5844564278013622,0.09239439251243563,0.85,0.34432530001504347,320,1,0.4661477085230057,0.4625442020967324,0.0017814453927310237,0.022935210776400566,0.008464464968466756,320,advanced
S1,5,PSO,0.4240812752630542,1.2182950285907352,3.1699120464861856,0.13798573458545202,0.55,0.45,0.4514021478836455,0.9996504557405853,0.0003495442594146414,1.030888193513364,0.9094622207850931,0.41045506447985275,0.3347127970331511,0.3155168716300939,0.55,0.40438099997118115,320,1,0.9146675463964908,0.6356903837985232,0.0003495442594146414,0.3456410214401365,0.09053777921490691,320,advanced
S1,5,DE,0.6118727849763663,1.5557341902445057,3.90730603583949,0.16265191553217412,0.5,0.5,0.6547427122875594,0.9997404679302843,0.00025953206971582874,1.026533991295668,0.8752431335411128,0.2859645937434366,0.26014435494114796,0.37754426084433745,0.35,0.3399718000437133,320,1,1.2263975379094632,1.1153389568650165,0.00025953206971582874,0.47682848234588737,0.12475686645888717,320,advanced
S1,5,Gbest-ABC,0.12483283234658296,0.3376204003644748,0.543231149687687,0.034828623563096454,1.0,0.0,0.0,0.9995812376902391,0.00041876230976077843,1.0132215267708051,0.9999985552034212,0.9972836802833012,0.9949634876901996,0.001201997780148214,1.0,0.3745547999860719,320,1,0.29334016623362374,0.342758810711587,0.00041876230976077843,0.0,1.4447965788200179e-06,320,advanced
S1,5,MeABC,0.12483283234658296,0.3376204003644748,0.543231149687687,0.034828623563096454,1.0,0.0,0.0,0.9995812376902391,0.00041876230976077843,1.0132215267708051,0.9999985552034212,0.9972836802833012,0.9949634876901996,0.001201997780148214,1.0,0.35973939998075366,320,1,0.29334016623362374,0.342758810711587,0.00041876230976077843,0.0,1.4447965788200179e-06,320,advanced
S1,5,JADE,0.12483283234658296,0.3376204003644748,0.543231149687687,0.034828623563096454,1.0,0.0,0.0,0.9995812376902391,0.00041876230976077843,1.0132215267708051,0.9999985552034212,0.9972836802833012,0.9949634876901996,0.001201997780148214,1.0,0.36075950000667945,320,1,0.29334016623362374,0.342758810711587,0.00041876230976077843,0.0,1.4447965788200179e-06,320,advanced
S1,5,LSHADE-lite,0.12483283234658296,0.3376204003644748,0.543231149687687,0.034828623563096454,1.0,0.0,0.0,0.9995812376902391,0.00041876230976077843,1.0132215267708051,0.9999985552034212,0.9972836802833012,0.9949634876901996,0.001201997780148214,1.0,0.34138289996189997,320,1,0.29334016623362374,0.342758810711587,0.00041876230976077843,0.0,1.4447965788200179e-06,320,advanced
S1,5,CMAES-lite,0.12483283234658296,0.3376204003644748,0.543231149687687,0.034828623563096454,1.0,0.0,0.0,0.9995812376902391,0.00041876230976077843,1.0132215267708051,0.9999985552034212,0.9972836802833012,0.9949634876901996,0.001201997780148214,1.0,0.3576276999665424,320,1,0.29334016623362374,0.342758810711587,0.00041876230976077843,0.0,1.4447965788200179e-06,320,advanced
S1,5,GWO,0.12483283234658296,0.3376204003644748,0.543231149687687,0.034828623563096454,1.0,0.0,0.0,0.9995812376902391,0.00041876230976077843,1.0132215267708051,0.9999985552034212,0.9972836802833012,0.9949634876901996,0.001201997780148214,1.0,0.36546369997086003,320,1,0.29334016623362374,0.342758810711587,0.00041876230976077843,0.0,1.4447965788200179e-06,320,advanced
S1,6,RFOTO-ABC,0.162211187478752,0.4423626798401609,0.8033917705658452,0.07220893773001819,1.0,0.0,0.0,0.9996079616672834,0.00039203833271660995,1.0058476953543956,0.9999986602903711,0.9962681737150677,0.9959975683605506,0.0011574590364242475,0.95,0.33243500004755333,320,1,0.3605346507479059,0.47999277445858557,0.00039203833271660995,0.0,1.3397096289002874e-06,320,advanced
S1,6,Standard-ABC,0.38587976205373126,0.8750307620373692,2.068071520353,0.13273648869740692,0.7,0.3,0.22831114923415124,0.9969417527801273,0.003058247219872545,1.020167719976095,0.9517796564760809,0.5156850630774306,0.41352287137072274,0.22508520063897766,0.8,0.3235104000195861,320,1,0.8120144084388006,0.7716014841294462,0.003058247219872545,0.23716494540820726,0.04822034352391913,320,advanced
S1,6,GA,0.17545124894001965,0.454236092171036,0.8743021792091388,0.07460715776880208,1.0,0.0,0.0,0.999581225887567,0.0004187741124329847,1.0058219065348073,0.9999981135703812,0.9977294963378835,0.9939265370137376,0.0013734748541693272,0.9,0.31665849999990314,320,1,0.4155892415822373,0.476466005050206,0.0004187741124329847,0.0,1.8864296188469964e-06,320,advanced
S1,6,PSO,0.564319007013247,1.4645275042438792,4.087687871442684,0.22902484159906827,0.55,0.45,0.5357422231468044,0.9968999644386223,0.0031000355613776008,1.0094766806000568,0.8940084788516665,0.31643620876186723,0.30417400364086183,0.3443219773219748,0.4,0.33965390000957996,320,1,1.2387736076694307,0.7104046452066457,0.0031000355613776008,0.5261846921214678,0.10599152114833355,320,advanced
S1,6,DE,0.7198611290303669,1.9722798128405856,4.556585513455883,0.23152380334599268,0.3,0.7,0.8455404766347596,0.9999996062532756,3.9374672446967904e-07,1.0008110702037811,0.859688751073799,0.30327885406036464,0.2862710120309181,0.40399465859299655,0.2,0.32656129996757954,320,1,1.5706740360332332,0.8268493216643774,3.9374672446967904e-07,0.7284738227365082,0.14031124892620095,320,advanced
S1,6,Gbest-ABC,0.19055129718122793,0.4032827104694106,0.8192091096645792,0.06600735849499287,1.0,0.0,0.0,0.999686932864248,0.0003130671357518988,1.00437835503917,0.9999991106961789,0.9975231576383693,0.9962702174881655,0.0009430294849586573,0.95,0.34203549998346716,320,1,0.360424801369513,0.6692156667741742,0.0003130671357518988,0.0,8.893038211388316e-07,320,advanced
S1,6,MeABC,0.19566116980372739,0.3958946801390534,0.8017805004849907,0.06406177304981968,1.0,0.0,0.0,0.9997049256238844,0.00029507437611566714,1.0033416958621657,0.9999992227913987,0.9972425010514355,0.9968728818733646,0.0008815946931160116,1.0,0.3070352000067942,320,1,0.3294006590100054,0.7550124906314182,0.00029507437611566714,0.0,7.772086012547419e-07,320,advanced
S1,6,JADE,0.19566116980372739,0.3958946801390534,0.8017805004849907,0.06406177304981968,1.0,0.0,0.0,0.9997049256238844,0.00029507437611566714,1.0033416958621657,0.9999992227913987,0.9972425010514355,0.9968728818733646,0.0008815946931160116,1.0,0.35742060001939535,320,1,0.3294006590100054,0.7550124906314182,0.00029507437611566714,0.0,7.772086012547419e-07,320,advanced
S1,6,LSHADE-lite,0.19426650918011334,0.5586576442459642,1.4478274982194117,0.08352232465193091,0.95,0.05,0.01720293851170402,0.9996679526558798,0.0003320473441201288,1.003355366711848,0.9968217093082173,0.9835613001749874,0.7440096526335804,0.05646613526240646,0.95,0.33705169998575,320,1,0.4499668649477587,0.521064577099472,0.0003320473441201288,0.01228781322264573,0.003178290691782659,320,advanced
S1,6,CMAES-lite,0.19566116980372739,0.3958946801390534,0.8017805004849907,0.06406177304981968,1.0,0.0,0.0,0.9997049256238844,0.00029507437611566714,1.0033416958621657,0.9999992227913987,0.9972425010514355,0.9968728818733646,0.0008815946931160116,1.0,0.3198549999506213,320,1,0.3294006590100054,0.7550124906314182,0.00029507437611566714,0.0,7.772086012547419e-07,320,advanced
S1,6,GWO,0.19566116980372739,0.3958946801390534,0.8017805004849907,0.06406177304981968,1.0,0.0,0.0,0.9997049256238844,0.00029507437611566714,1.0033416958621657,0.9999992227913987,0.9972425010514355,0.9968728818733646,0.0008815946931160116,1.0,0.35165099997539073,320,1,0.3294006590100054,0.7550124906314182,0.00029507437611566714,0.0,7.772086012547419e-07,320,advanced
S1,7,RFOTO-ABC,0.13906199729674124,0.29114503100208367,0.5399639539143443,0.027564872128239225,1.0,0.0,0.0,0.9975497550955476,0.0024502449044522478,1.0164123514536967,0.9999039937046287,0.9952640968824072,0.9550201617663487,0.00979875060720046,1.0,0.3697606000350788,320,1,0.3008737810368871,0.42226068074882217,0.0024502449044522478,0.0,9.600629537132033e-05,320,advanced
S1,7,Standard-ABC,0.2546784670921327,0.5387336374070577,1.0926360002892193,0.08232890234715132,0.7,0.3,0.07827249166106048,0.9977537019508261,0.002246298049173917,1.0185762377051373,0.9884534937827942,0.7485403440654784,0.6538382310732428,0.10808045802282522,0.7,0.3398804999887943,320,1,0.6161858149664181,0.542994732181262,0.002246298049173917,0.06800627192369307,0.011546506217205765,320,advanced
S1,7,GA,0.16880307636426864,0.40076009721778566,0.8519717654897495,0.04736178002506622,0.85,0.15,0.021380514894253726,0.9990497917331895,0.0009502082668103428,1.0171687648167056,0.997174385802032,0.8945853100892295,0.7748524890805965,0.05323176605619082,0.85,0.3754033999866806,320,1,0.43434324105804495,0.3674876943762814,0.0009502082668103428,0.017920912641031673,0.002825614197968007,320,advanced
S1,7,PSO,0.45402401234920203,0.8588653719429746,2.6527821337993056,0.12487271169231459,0.55,0.45,0.39044571059851635,0.9977751881395351,0.002224811860464887,1.049040536194292,0.923608613345853,0.4167857765702391,0.2865196058567062,0.28759293270242287,0.45,0.3440897000255063,320,1,1.0053853406107183,0.6703632455875981,0.002224811860464887,0.36087807995267096,0.07639138665414702,320,advanced
S1,7,DE,0.6096868608252578,1.2564498121668874,2.9139991530922122,0.18448944896310224,0.25,0.75,0.5639109291038621,0.9999989001863779,1.099813622051915e-06,1.0009929079863402,0.9093808490457156,0.33781037221106996,0.2865196058567062,0.31567274907688214,0.25,0.3475063999649137,320,1,1.318773418732118,0.9294001439712101,1.099813622051915e-06,0.5079615677627187,0.09061915095428441,320,advanced
S1,7,Gbest-ABC,0.16367709581087808,0.3732971363260711,0.8324985077858802,0.0260867857095332,0.9,0.1,0.0214027744078193,0.9975586738953384,0.002441326104661501,1.0173453570255364,0.9962625815571181,0.9396353911164226,0.7265513150049684,0.06124899297711726,1.0,0.3444424000335857,320,1,0.3815142661637067,0.4245501480974463,0.002441326104661501,0.014268516271879533,0.00373741844288189,320,advanced
S1,7,MeABC,0.16732380734767108,0.2848063702134868,0.498574090367509,0.028188635355406888,1.0,0.0,0.0,0.9974603383869981,0.0025396616130019256,1.0218379913213993,0.9999166768989999,0.9918470646002125,0.9582669962993786,0.009128529143051112,1.0,0.3635354000143707,320,1,0.3003670911268114,0.6114106918547855,0.0025396616130019256,0.0,8.332310100012119e-05,320,advanced
S1,7,JADE,0.15584308119440085,0.32602019628657564,0.7740925249301465,0.03598844366441626,1.0,0.0,0.0,0.997549185093356,0.002450814906643911,1.0256142388789133,0.9999515132473715,0.9900224328715511,0.9689206628590834,0.006963411786257184,1.0,0.3712991999927908,320,1,0.3378835784047016,0.47249833732668256,0.002450814906643911,0.0,4.8486752628473795e-05,320,advanced
S1,7,LSHADE-lite,0.16484146801084743,0.29874867523888265,0.5520392425081563,0.03008243344006279,1.0,0.0,0.0,0.9969320941838704,0.0030679058161294293,1.0239921735169912,0.9998849371835721,0.989028835096849,0.9511720040371456,0.010727350903210527,1.0,0.3727245000191033,320,1,0.3132483796462112,0.5726568834240304,0.0030679058161294293,0.0,0.00011506281642792437,320,advanced
S1,7,CMAES-lite,0.16732380734767108,0.2848063702134868,0.498574090367509,0.028188635355406888,1.0,0.0,0.0,0.9974603383869981,0.0025396616130019256,1.0218379913213993,0.9999166768989999,0.9918470646002125,0.9582669962993786,0.009128529143051112,1.0,0.3030950999818742,320,1,0.3003670911268114,0.6114106918547855,0.0025396616130019256,0.0,8.332310100012119e-05,320,advanced
S1,7,GWO,0.16732380734767108,0.2848063702134868,0.498574090367509,0.028188635355406888,1.0,0.0,0.0,0.9974603383869981,0.0025396616130019256,1.0218379913213993,0.9999166768989999,0.9918470646002125,0.9582669962993786,0.009128529143051112,1.0,0.3524287000182085,320,1,0.3003670911268114,0.6114106918547855,0.0025396616130019256,0.0,8.332310100012119e-05,320,advanced
S2,0,RFOTO-ABC,0.21085878308642705,0.5025150910668067,1.0035265295992633,0.056149021259324375,0.94,0.06,0.04931303802490505,0.9980949981263549,0.0019050018736448582,1.0084301231899317,0.9888034625632071,0.903542466650266,0.3815916244021263,0.1064110868586311,0.9,0.5419494000379927,320,1,0.45580388480976936,0.5427046951411016,0.0019050018736448582,0.053766506490286255,0.011196537436792942,320,advanced
S2,0,Standard-ABC,0.5200254504303006,1.1741696726048854,3.194090627197541,0.11004091241339772,0.46,0.54,0.46468798327689576,0.997568100348052,0.002431899651948004,1.0437342908264131,0.9140676382345766,0.3654971798285139,0.2301395557628874,0.30661204189556135,0.66,0.583842399995774,320,1,1.060778156944259,1.0082827673437973,0.002431899651948004,0.3608490475898531,0.0859323617654234,320,advanced
S2,0,GA,0.3793005523907802,0.9119690317431086,2.430859830496791,0.11364613940005354,0.62,0.38,0.20514982270628337,0.9974408922740085,0.0025591077259916207,1.0349048016321685,0.9598897870975704,0.5080610672822523,0.3815916244021263,0.2044169001096547,0.58,0.5587054000352509,320,1,0.8976989022487472,0.6803675604321688,0.0025591077259916207,0.18516935713282134,0.040110212902429554,320,advanced
S2,0,PSO,0.674112941321862,1.5220956942902655,3.9843665177050176,0.15322958192063688,0.36,0.64,0.6593287002942428,0.9979854044054375,0.002014595594562527,1.027980293301626,0.8886245164491291,0.2609375264930711,0.21115007926641732,0.3540264056733518,0.38,0.5848376000067219,320,1,1.4344628483931108,1.0253921121062033,0.002014595594562527,0.5783166830244425,0.1113754835508709,320,advanced
S2,0,DE,0.8581541522213998,1.9594817644217397,5.805840122534188,0.21143541409049496,0.28,0.72,1.0172027662750258,0.9987616581010801,0.001238341898919879,1.0447419512265523,0.8481250693063054,0.21732392098704859,0.11249871060479379,0.4231682701458928,0.26,0.625304099987261,320,1,1.758892743465327,1.151589271653977,0.001238341898919879,0.8906546704925332,0.15187493069369462,320,advanced
S2,0,Gbest-ABC,0.2141887986603751,0.5002370560805176,1.0035733552751147,0.059262102944544696,0.94,0.06,0.04211736731363106,0.9975617940654334,0.0024382059345666287,1.0117557655423455,0.990671857731138,0.903542466650266,0.3815916244021263,0.09703595122949689,0.92,0.49483260000124574,320,1,0.4545397915723851,0.5760590672647578,0.0024382059345666287,0.049032512601290205,0.009328142268862027,320,advanced
S2,0,MeABC,0.2141887986603751,0.5002370560805176,1.0035733552751147,0.059262102944544696,0.94,0.06,0.04211736731363106,0.9975617940654334,0.0024382059345666287,1.0117557655423455,0.990671857731138,0.903542466650266,0.3815916244021263,0.09703595122949689,0.92,0.5241856999928132,320,1,0.4545397915723851,0.5760590672647578,0.0024382059345666287,0.049032512601290205,0.009328142268862027,320,advanced
S2,0,JADE,0.2141887986603751,0.5002370560805176,1.0035733552751147,0.059262102944544696,0.94,0.06,0.04211736731363106,0.9975617940654334,0.0024382059345666287,1.0117557655423455,0.990671857731138,0.903542466650266,0.3815916244021263,0.09703595122949689,0.92,0.5739911000127904,320,1,0.4545397915723851,0.5760590672647578,0.0024382059345666287,0.049032512601290205,0.009328142268862027,320,advanced
S2,0,LSHADE-lite,0.2141887986603751,0.5002370560805176,1.0035733552751147,0.059262102944544696,0.94,0.06,0.04211736731363106,0.9975617940654334,0.0024382059345666287,1.0117557655423455,0.990671857731138,0.903542466650266,0.3815916244021263,0.09703595122949689,0.92,0.549792600038927,320,1,0.4545397915723851,0.5760590672647578,0.0024382059345666287,0.049032512601290205,0.009328142268862027,320,advanced
S2,0,CMAES-lite,0.2141887986603751,0.5002370560805176,1.0035733552751147,0.059262102944544696,0.94,0.06,0.04211736731363106,0.9975617940654334,0.0024382059345666287,1.0117557655423455,0.990671857731138,0.903542466650266,0.3815916244021263,0.09703595122949689,0.92,0.5522849999833852,320,1,0.4545397915723851,0.5760590672647578,0.0024382059345666287,0.049032512601290205,0.009328142268862027,320,advanced
S2,0,GWO,0.2141887986603751,0.5002370560805176,1.0035733552751147,0.059262102944544696,0.94,0.06,0.04211736731363106,0.9975617940654334,0.0024382059345666287,1.0117557655423455,0.990671857731138,0.903542466650266,0.3815916244021263,0.09703595122949689,0.92,0.5927385999821126,320,1,0.4545397915723851,0.5760590672647578,0.0024382059345666287,0.049032512601290205,0.009328142268862027,320,advanced
S2,1,RFOTO-ABC,0.146489202534763,0.408832620009442,0.8621887994189079,0.04113038808191823,1.0,0.0,0.0,0.9995933470468095,0.00040665295319043616,1.0046201446707663,0.9999957464396212,0.9989363606903293,0.9857253451086028,0.0020624205369091718,0.94,0.5549018000019714,320,1,0.3656131892575349,0.36669291063789594,0.00040665295319043616,0.0,4.25356037880853e-06,320,advanced
S2,1,Standard-ABC,0.527719672078665,1.0907039349948835,3.1599920220634767,0.13676442794606358,0.48,0.52,0.3392112561651322,0.9982631965063813,0.001736803493618655,1.0401437281619943,0.9375230902888404,0.43177399657836457,0.24189815359209418,0.2581480112187301,0.58,0.5508998000295833,320,1,1.1318046005277316,0.9493080864292885,0.001736803493618655,0.3706136473077645,0.0624769097111596,320,advanced
S2,1,GA,0.3306499048548779,0.8217848979891207,2.5892908343238483,0.10200972140843824,0.68,0.32,0.16287125603907954,0.9969752551722268,0.003024744827773145,1.0408833458967721,0.967962930153834,0.5268208731874436,0.3046816034994379,0.1819269469060289,0.66,0.5474529999773949,320,1,0.7789966937781139,0.5950383898085794,0.003024744827773145,0.16493785398633184,0.032037069846166055,320,advanced
S2,1,PSO,0.6839533485503348,1.451035226484029,3.6366265204309682,0.1715391351945735,0.32,0.68,0.6948571989739265,0.9973429265222655,0.002657073477734413,1.0670324876619466,0.8821151329700319,0.304152470350368,0.2429335671692835,0.365566501623394,0.32,0.605078799999319,320,1,1.4847969684329738,0.8824250667696469,0.002657073477734413,0.6487048067064087,0.11788486702996814,320,advanced
S2,1,DE,1.0625302352195556,2.183916005176468,4.7793363524666175,0.24940299641276092,0.22,0.78,1.3985717595743885,0.9975461491989651,0.0024538508010348583,1.1341693199865677,0.8081559665746353,0.16146405319209595,0.10063823118351117,0.48722162566632965,0.26,0.6142426999867894,320,1,2.105841757293832,1.4177900813831548,0.0024538508010348583,1.1765356340584512,0.1918440334253647,320,advanced
S2,1,Gbest-ABC,0.15261683298512604,0.4164191812967964,0.8687136064766984,0.042537566871465086,1.0,0.0,0.0,0.999460218097634,0.0005397819023661254,1.009112054718049,0.9999945298670898,0.9980649459402591,0.9851042553240039,0.002338837923492493,0.94,0.5662289999891073,320,1,0.36687403590646944,0.4052636473873261,0.0005397819023661254,0.0,5.470132910190273e-06,320,advanced
S2,1,MeABC,0.15261683298512604,0.4164191812967964,0.8687136064766984,0.042537566871465086,1.0,0.0,0.0,0.999460218097634,0.0005397819023661254,1.009112054718049,0.9999945298670898,0.9980649459402591,0.9851042553240039,0.002338837923492493,0.94,0.5486483999993652,320,1,0.36687403590646944,0.4052636473873261,0.0005397819023661254,0.0,5.470132910190273e-06,320,advanced
S2,1,JADE,0.15261683298512604,0.4164191812967964,0.8687136064766984,0.042537566871465086,1.0,0.0,0.0,0.999460218097634,0.0005397819023661254,1.009112054718049,0.9999945298670898,0.9980649459402591,0.9851042553240039,0.002338837923492493,0.94,0.5929344000178389,320,1,0.36687403590646944,0.4052636473873261,0.0005397819023661254,0.0,5.470132910190273e-06,320,advanced
S2,1,LSHADE-lite,0.15261683298512604,0.4164191812967964,0.8687136064766984,0.042537566871465086,1.0,0.0,0.0,0.999460218097634,0.0005397819023661254,1.009112054718049,0.9999945298670898,0.9980649459402591,0.9851042553240039,0.002338837923492493,0.94,0.6077526999870315,320,1,0.36687403590646944,0.4052636473873261,0.0005397819023661254,0.0,5.470132910190273e-06,320,advanced
S2,1,CMAES-lite,0.15261683298512604,0.4164191812967964,0.8687136064766984,0.042537566871465086,1.0,0.0,0.0,0.999460218097634,0.0005397819023661254,1.009112054718049,0.9999945298670898,0.9980649459402591,0.9851042553240039,0.002338837923492493,0.94,0.5582263999967836,320,1,0.36687403590646944,0.4052636473873261,0.0005397819023661254,0.0,5.470132910190273e-06,320,advanced
S2,1,GWO,0.15261683298512604,0.4164191812967964,0.8687136064766984,0.042537566871465086,1.0,0.0,0.0,0.999460218097634,0.0005397819023661254,1.009112054718049,0.9999945298670898,0.9980649459402591,0.9851042553240039,0.002338837923492493,0.94,0.5559073999756947,320,1,0.36687403590646944,0.4052636473873261,0.0005397819023661254,0.0,5.470132910190273e-06,320,advanced
S2,2,RFOTO-ABC,0.185219872299567,0.48614344223253325,0.915222050954475,0.041816932269483825,0.92,0.08,0.04130846212957104,0.9997774337356807,0.00022256626431928163,1.006016125821846,0.990424990318351,0.8597603574520094,0.508621233826892,0.09832383649619292,0.92,0.5618795999907888,320,1,0.4394051603967112,0.4164047887064285,0.00022256626431928163,0.04570839675725483,0.009575009681649038,320,advanced
S2,2,Standard-ABC,0.4823323192819046,0.9898471872916808,2.5200862314575043,0.11966550892108474,0.58,0.42,0.27029131322812266,0.9975385059681052,0.0024614940318948087,1.059286138705144,0.948799404420864,0.5122811404949085,0.26554674781818144,0.2323005856603286,0.6,0.5725152000086382,320,1,1.0812910962494964,0.743366707736527,0.0024614940318948087,0.36932860366320847,0.05120059557913603,320,advanced
S2,2,GA,0.3162198570985505,0.7622512088739967,2.286418261432795,0.09311874633852321,0.74,0.26,0.15086853403634953,0.9972853774461568,0.00271462255384318,1.0227670363208143,0.9685088990360338,0.5240839243382854,0.42500337938919475,0.18031925915152824,0.64,0.5342463999986649,320,1,0.7263467722904431,0.6208773952509437,0.00271462255384318,0.1449398603317385,0.031491100963966234,320,advanced
S2,2,PSO,0.742726774865095,1.6195925674582847,5.351533009655481,0.21472033736014973,0.36,0.64,0.7010563833520795,0.9960111321400912,0.003988867859908898,1.0560732571807596,0.8835557867323728,0.2419396431993418,0.20227053510763368,0.36302954196713333,0.44,0.6460430000443012,320,1,1.4623141905874772,1.2889817290802967,0.003988867859908898,0.6621462491762214,0.11644421326762722,320,advanced
S2,2,DE,1.404126888793272,2.61257540390177,7.4881951727103395,0.30167968036282994,0.2,0.8,1.7689497960090497,0.9972781300612309,0.0027218699387692126,1.0272670750666317,0.7875885072981216,0.13235293886485766,0.06499200695560373,0.5193251083281731,0.42,0.5478931000106968,320,1,2.429420147790696,2.5204374391071527,0.0027218699387692126,1.5452005523459578,0.21241149270187842,320,advanced
S2,2,Gbest-ABC,0.18839211560812902,0.48494758785350084,0.8995815388658973,0.041751589596016485,0.92,0.08,0.04371797072047734,0.9997664108766263,0.00023358912337378079,1.0060893282965069,0.9902130803004139,0.8124394787715273,0.508621233826892,0.09941654887561482,0.92,0.5511773999896832,320,1,0.4451404622843744,0.4253484484551584,0.00023358912337378079,0.04715990795659597,0.009786919699586116,320,advanced
S2,2,MeABC,0.18839211560812902,0.48494758785350084,0.8995815388658973,0.041751589596016485,0.92,0.08,0.04371797072047734,0.9997664108766263,0.00023358912337378079,1.0060893282965069,0.9902130803004139,0.8124394787715273,0.508621233826892,0.09941654887561482,0.92,0.49533209996297956,320,1,0.4451404622843744,0.4253484484551584,0.00023358912337378079,0.04715990795659597,0.009786919699586116,320,advanced
S2,2,JADE,0.18839211560812902,0.48494758785350084,0.8995815388658973,0.041751589596016485,0.92,0.08,0.04371797072047734,0.9997664108766263,0.00023358912337378079,1.0060893282965069,0.9902130803004139,0.8124394787715273,0.508621233826892,0.09941654887561482,0.92,0.5477780000073835,320,1,0.4451404622843744,0.4253484484551584,0.00023358912337378079,0.04715990795659597,0.009786919699586116,320,advanced
S2,2,LSHADE-lite,0.18839211560812902,0.48494758785350084,0.8995815388658973,0.041751589596016485,0.92,0.08,0.04371797072047734,0.9997664108766263,0.00023358912337378079,1.0060893282965069,0.9902130803004139,0.8124394787715273,0.508621233826892,0.09941654887561482,0.92,0.5605895000044256,320,1,0.4451404622843744,0.4253484484551584,0.00023358912337378079,0.04715990795659597,0.009786919699586116,320,advanced
S2,2,CMAES-lite,0.18839211560812902,0.48494758785350084,0.8995815388658973,0.041751589596016485,0.92,0.08,0.04371797072047734,0.9997664108766263,0.00023358912337378079,1.0060893282965069,0.9902130803004139,0.8124394787715273,0.508621233826892,0.09941654887561482,0.92,0.5449116000090726,320,1,0.4451404622843744,0.4253484484551584,0.00023358912337378079,0.04715990795659597,0.009786919699586116,320,advanced
S2,2,GWO,0.18839211560812902,0.48494758785350084,0.8995815388658973,0.041751589596016485,0.92,0.08,0.04371797072047734,0.9997664108766263,0.00023358912337378079,1.0060893282965069,0.9902130803004139,0.8124394787715273,0.508621233826892,0.09941654887561482,0.92,0.5929969999706373,320,1,0.4451404622843744,0.4253484484551584,0.00023358912337378079,0.04715990795659597,0.009786919699586116,320,advanced
S2,3,RFOTO-ABC,0.23351125854218316,0.5701990809350543,1.0335471401860234,0.06976388836300662,0.92,0.08,0.05183178899141703,0.998481465686773,0.0015185343132271911,1.0166335948768797,0.9883091815275719,0.8986940859704062,0.3957139603819643,0.10876171410681704,0.92,0.6085675000213087,320,1,0.5102335693710055,0.6068313408674887,0.0015185343132271911,0.05148334174319528,0.011690818472428144,320,advanced
S2,3,Standard-ABC,0.5233107789435208,0.988881328971226,2.701935025845774,0.15536060568155746,0.52,0.48,0.29700276211148446,0.9966355712162386,0.0033644287837613883,1.0827468842214232,0.9416535762610627,0.41621724182189995,0.3426092484767202,0.24892100216579202,0.58,0.6490246999892406,320,1,1.021339735543129,1.2226896334989643,0.0033644287837613883,0.3005902028612041,0.05834642373893728,320,advanced
S2,3,GA,0.41876344662191134,0.8945288774733099,3.0837986992850057,0.11368398554420019,0.62,0.38,0.2424670800441457,0.9972142170738886,0.002785782926111486,1.0373871322867196,0.9500385977084997,0.4516445805668379,0.3426092484767202,0.2293225090148432,0.62,0.5644710999913514,320,1,0.9230950089068956,0.788549366232741,0.002785782926111486,0.2466236901253159,0.049961402291500256,320,advanced
S2,3,PSO,0.6814253351678754,1.2908356766321225,3.3047948521971167,0.14763087712926196,0.34,0.66,0.5635626322318354,0.9986106598109019,0.0013893401890980761,1.0421673955964312,0.9026118473849736,0.35598814284941416,0.20865664170726067,0.3284751722217707,0.36,0.6875033999676816,320,1,1.4619694082079593,0.9450271860313351,0.0013893401890980761,0.637171257124447,0.09738815261502642,320,advanced
S2,3,DE,1.2967338164968805,2.5026991875079787,7.851870166642062,0.3074561820574968,0.18,0.82,1.861269861006666,0.9982583812314154,0.0017416187685846051,1.0476303385245687,0.7798195572958326,0.1142015501257852,0.09628366094340438,0.5313642219039882,0.34,0.5721099999500439,320,1,2.361516624020402,2.011632973714938,0.0017416187685846051,1.4849372971007888,0.22018044270416737,320,advanced
S2,3,Gbest-ABC,0.26488795399749465,0.5898281373964086,1.9313166237723949,0.07089055491490907,0.9,0.1,0.07853423303248448,0.9978872713803031,0.0021127286196969863,1.0197267362378635,0.9820405619377056,0.6505180934861043,0.3957139603819643,0.13523268124195606,0.9,0.5900696000317112,320,1,0.5883727873411743,0.5797986916976829,0.0021127286196969863,0.11083396789706028,0.017959438062294386,320,advanced
S2,3,MeABC,0.26488795399749465,0.5898281373964086,1.9313166237723949,0.07089055491490907,0.9,0.1,0.07853423303248448,0.9978872713803031,0.0021127286196969863,1.0197267362378635,0.9820405619377056,0.6505180934861043,0.3957139603819643,0.13523268124195606,0.9,0.5659497999586165,320,1,0.5883727873411743,0.5797986916976829,0.0021127286196969863,0.11083396789706028,0.017959438062294386,320,advanced
S2,3,JADE,0.26488795399749465,0.5898281373964086,1.9313166237723949,0.07089055491490907,0.9,0.1,0.07853423303248448,0.9978872713803031,0.0021127286196969863,1.0197267362378635,0.9820405619377056,0.6505180934861043,0.3957139603819643,0.13523268124195606,0.9,0.5928365999716334,320,1,0.5883727873411743,0.5797986916976829,0.0021127286196969863,0.11083396789706028,0.017959438062294386,320,advanced
S2,3,LSHADE-lite,0.26488795399749465,0.5898281373964086,1.9313166237723949,0.07089055491490907,0.9,0.1,0.07853423303248448,0.9978872713803031,0.0021127286196969863,1.0197267362378635,0.9820405619377056,0.6505180934861043,0.3957139603819643,0.13523268124195606,0.9,0.5925886000040919,320,1,0.5883727873411743,0.5797986916976829,0.0021127286196969863,0.11083396789706028,0.017959438062294386,320,advanced
S2,3,CMAES-lite,0.26488795399749465,0.5898281373964086,1.9313166237723949,0.07089055491490907,0.9,0.1,0.07853423303248448,0.9978872713803031,0.0021127286196969863,1.0197267362378635,0.9820405619377056,0.6505180934861043,0.3957139603819643,0.13523268124195606,0.9,0.6281586000113748,320,1,0.5883727873411743,0.5797986916976829,0.0021127286196969863,0.11083396789706028,0.017959438062294386,320,advanced
S2,3,GWO,0.26488795399749465,0.5898281373964086,1.9313166237723949,0.07089055491490907,0.9,0.1,0.07853423303248448,0.9978872713803031,0.0021127286196969863,1.0197267362378635,0.9820405619377056,0.6505180934861043,0.3957139603819643,0.13523268124195606,0.9,0.6448553000227548,320,1,0.5883727873411743,0.5797986916976829,0.0021127286196969863,0.11083396789706028,0.017959438062294386,320,advanced
S2,4,RFOTO-ABC,0.1741425066419248,0.445662642431494,0.8095629320799635,0.04556297850398618,0.96,0.04,0.05520823599774438,0.9987991874785674,0.0012008125214324971,1.0101848976874226,0.9871359224154654,0.9842329072649023,0.35087318395427886,0.11415655313635026,0.94,0.5790070999646559,320,1,0.39985961225793754,0.37621335921868415,0.0012008125214324971,0.0623033022106845,0.012864077584534561,320,advanced
S2,4,Standard-ABC,0.5389528319994868,1.1825212979326531,4.419119125907286,0.1265795866679752,0.54,0.46,0.4228791699696179,0.9983372474972043,0.0016627525027956614,1.0592089480669133,0.9170131133273178,0.3358389950533039,0.274520714478404,0.3008271040274757,0.52,0.5459734000032768,320,1,1.1736379363183238,0.7968011600921759,0.0016627525027956614,0.4529703616184724,0.08298688667268217,320,advanced
S2,4,GA,0.3077624932027193,0.7032468339117735,1.7515881332973047,0.07720684446174723,0.72,0.28,0.15082618444192902,0.9992682269965683,0.0007317730034316439,1.0257380508806,0.9692257927571215,0.5320864768765231,0.505408916799996,0.1781890266789793,0.64,0.5229960000142455,320,1,0.7282451548689672,0.5642373015247302,0.0007317730034316439,0.1452124942785995,0.030774207242878493,320,advanced
S2,4,PSO,0.7607920869589913,1.6497502783789093,4.836571488589598,0.1626062670285396,0.3,0.7,0.8812599083333326,0.9964766329171385,0.0035233670828614927,1.048010876312125,0.8579601049935399,0.22880676079231593,0.17460058661351588,0.4068849482560386,0.46,0.5287967000040226,320,1,1.5173126050696588,1.1298009099747788,0.0035233670828614927,0.759932566111274,0.14203989500646008,320,advanced
S2,4,DE,1.0597843878026094,2.088946159544446,4.939876076381606,0.21134933065839767,0.2,0.8,1.2644683754216803,0.9992578242947964,0.000742175705203616,1.0337226075073775,0.8279556597949311,0.19563055121482734,0.10735714338176922,0.4558444330579869,0.24,0.5308753999997862,320,1,2.078806823017967,1.4697941061808608,0.000742175705203616,1.1746339197967495,0.17204434020506887,320,advanced
S2,4,Gbest-ABC,0.1754771172133366,0.44678783532215893,0.7754238844108959,0.04612303703120842,0.96,0.04,0.05520823599774438,0.9982017000982313,0.0017982999017686918,1.0094436249767684,0.9871068102494914,0.9669544256838877,0.35087318395427886,0.11428733691080059,0.94,0.5528828000533395,320,1,0.399324874311591,0.3851762309322514,0.0017982999017686918,0.0623033022106845,0.012893189750508571,320,advanced
S2,4,MeABC,0.1754771172133366,0.44678783532215893,0.7754238844108959,0.04612303703120842,0.96,0.04,0.05520823599774438,0.9982017000982313,0.0017982999017686918,1.0094436249767684,0.9871068102494914,0.9669544256838877,0.35087318395427886,0.11428733691080059,0.94,0.5824870000360534,320,1,0.399324874311591,0.3851762309322514,0.0017982999017686918,0.0623033022106845,0.012893189750508571,320,advanced
S2,4,JADE,0.1754771172133366,0.44678783532215893,0.7754238844108959,0.04612303703120842,0.96,0.04,0.05520823599774438,0.9982017000982313,0.0017982999017686918,1.0094436249767684,0.9871068102494914,0.9669544256838877,0.35087318395427886,0.11428733691080059,0.94,0.6032254000310786,320,1,0.399324874311591,0.3851762309322514,0.0017982999017686918,0.0623033022106845,0.012893189750508571,320,advanced
S2,4,LSHADE-lite,0.1754771172133366,0.44678783532215893,0.7754238844108959,0.04612303703120842,0.96,0.04,0.05520823599774438,0.9982017000982313,0.0017982999017686918,1.0094436249767684,0.9871068102494914,0.9669544256838877,0.35087318395427886,0.11428733691080059,0.94,0.568577500001993,320,1,0.399324874311591,0.3851762309322514,0.0017982999017686918,0.0623033022106845,0.012893189750508571,320,advanced
S2,4,CMAES-lite,0.1754771172133366,0.44678783532215893,0.7754238844108959,0.04612303703120842,0.96,0.04,0.05520823599774438,0.9982017000982313,0.0017982999017686918,1.0094436249767684,0.9871068102494914,0.9669544256838877,0.35087318395427886,0.11428733691080059,0.94,0.5574480000068434,320,1,0.399324874311591,0.3851762309322514,0.0017982999017686918,0.0623033022106845,0.012893189750508571,320,advanced
S2,4,GWO,0.1754771172133366,0.44678783532215893,0.7754238844108959,0.04612303703120842,0.96,0.04,0.05520823599774438,0.9982017000982313,0.0017982999017686918,1.0094436249767684,0.9871068102494914,0.9669544256838877,0.35087318395427886,0.11428733691080059,0.94,0.5650721999700181,320,1,0.399324874311591,0.3851762309322514,0.0017982999017686918,0.0623033022106845,0.012893189750508571,320,advanced
S2,5,RFOTO-ABC,0.23293412826925725,0.5070805808438488,1.2427219718336269,0.061961152373806686,0.92,0.08,0.04446019862312729,0.9996385019088748,0.00036149809112516305,1.0128663050793143,0.9897582994042622,0.8976104371769758,0.48026809334126747,0.1017235391636362,0.94,0.5785945999668911,320,1,0.5197986306478148,0.5300198068935535,0.00036149809112516305,0.08749177946273921,0.010241700595737813,320,advanced
S2,5,Standard-ABC,0.5235427581095792,1.261232151207726,3.498667741222746,0.15396318174879306,0.52,0.48,0.4458494489890906,0.9975946740302524,0.002405325969747565,1.0517896459240406,0.9125154214163261,0.4002853965356564,0.23769323444676266,0.3096318629020651,0.56,0.5827733000041917,320,1,1.1224980674187135,0.8016434883053221,0.002405325969747565,0.4362718641104074,0.08748457858367387,320,advanced
S2,5,GA,0.3760716780228052,0.8838030183513536,2.362081822862546,0.12578167326888037,0.68,0.32,0.18553340370614646,0.9981612150982109,0.0018387849017890057,1.0585896692615173,0.9617959054983083,0.49032509857743406,0.39269645982472395,0.1993028427948947,0.6,0.6173779999953695,320,1,0.8350674653927367,0.7497834918314819,0.0018387849017890057,0.19495566697714883,0.03820409450169171,320,advanced
S2,5,PSO,0.9866706872799876,1.9136686846307454,5.399032575497187,0.20797793783485777,0.3,0.7,0.9235970696017488,0.9989075826873551,0.0010924173126448866,1.0546933469725053,0.8592624317155813,0.26387195581136713,0.11128724764055443,0.4047082982144709,0.3,0.7259707999764942,320,1,2.050116173352293,1.049358476285139,0.0010924173126448866,1.1816350151758073,0.14073756828441875,320,advanced
S2,5,DE,1.0955721555149882,2.2499437069399137,6.061474440438245,0.22607919906431037,0.24,0.76,1.2815939833353167,0.9982063320414128,0.0017936679585870885,1.0555989638857217,0.8177187439354039,0.20238893777237876,0.09396594788062945,0.4721380802780079,0.3,0.5631509999511763,320,1,2.1883920945786226,1.3207478372198427,0.0017936679585870885,1.290644137143797,0.1822812560645961,320,advanced
S2,5,Gbest-ABC,0.23825006768786386,0.5097049351994045,1.2353461750016597,0.06201251907728206,0.92,0.08,0.04363184000742822,0.9996467474309542,0.00035325256904590987,1.0124613681697787,0.9897965605321579,0.9148433982906965,0.48026809334126747,0.10153138863114114,0.94,0.596594600006938,320,1,0.5217827429234809,0.562936164857066,0.00035325256904590987,0.08705116317779289,0.01020343946784208,320,advanced
S2,5,MeABC,0.23825006768786386,0.5097049351994045,1.2353461750016597,0.06201251907728206,0.92,0.08,0.04363184000742822,0.9996467474309542,0.00035325256904590987,1.0124613681697787,0.9897965605321579,0.9148433982906965,0.48026809334126747,0.10153138863114114,0.94,0.5692498000571504,320,1,0.5217827429234809,0.562936164857066,0.00035325256904590987,0.08705116317779289,0.01020343946784208,320,advanced
S2,5,JADE,0.23538388755729434,0.5075517928067671,1.2353461750016597,0.0609922819241408,0.94,0.06,0.04324251077790535,0.9996499015587968,0.00035009844120315937,1.0126617404617024,0.9897936141409366,0.9204898727519173,0.48026809334126747,0.10154619804364735,0.92,0.5635133000323549,320,1,0.5213788006209469,0.5448479436295677,0.00035009844120315937,0.08684407316208924,0.010206385859063416,320,advanced
S2,5,LSHADE-lite,0.23825006768786386,0.5097049351994045,1.2353461750016597,0.06201251907728206,0.92,0.08,0.04363184000742822,0.9996467474309542,0.00035325256904590987,1.0124613681697787,0.9897965605321579,0.9148433982906965,0.48026809334126747,0.10153138863114114,0.94,0.570937899989076,320,1,0.5217827429234809,0.562936164857066,0.00035325256904590987,0.08705116317779289,0.01020343946784208,320,advanced
S2,5,CMAES-lite,0.23825006768786386,0.5097049351994045,1.2353461750016597,0.06201251907728206,0.92,0.08,0.04363184000742822,0.9996467474309542,0.00035325256904590987,1.0124613681697787,0.9897965605321579,0.9148433982906965,0.48026809334126747,0.10153138863114114,0.94,0.5616339999833144,320,1,0.5217827429234809,0.562936164857066,0.00035325256904590987,0.08705116317779289,0.01020343946784208,320,advanced
S2,5,GWO,0.23825006768786386,0.5097049351994045,1.2353461750016597,0.06201251907728206,0.92,0.08,0.04363184000742822,0.9996467474309542,0.00035325256904590987,1.0124613681697787,0.9897965605321579,0.9148433982906965,0.48026809334126747,0.10153138863114114,0.94,0.6383836999884807,320,1,0.5217827429234809,0.562936164857066,0.00035325256904590987,0.08705116317779289,0.01020343946784208,320,advanced
S2,6,RFOTO-ABC,0.19694235223515785,0.5325995334891901,1.0180057772752247,0.05577986023161977,0.98,0.02,0.01111486963744063,0.9986151363435911,0.001384863656408688,1.0151341830380907,0.9974384108627664,0.9897260223851295,0.6427794888118037,0.05067709273219228,0.98,0.5606173999840394,320,1,0.4327473760295646,0.5742496925324776,0.001384863656408688,0.00782737298411312,0.0025615891372335886,320,advanced
S2,6,Standard-ABC,0.5871138857591349,1.443766117431772,4.233856263458813,0.12908994508760105,0.44,0.56,0.5534467503297119,0.9988281082051038,0.0011718917948960628,1.0574899413282446,0.895390020970935,0.3334943072920963,0.2803893164426128,0.3418065907394342,0.5,0.6391916000284255,320,1,1.2337410001274907,0.9475523984506492,0.0011718917948960628,0.4824796029853038,0.10460997902906499,320,advanced
S2,6,GA,0.38171573348580395,0.9670350295982917,2.7060378407263324,0.09760273199049568,0.6,0.4,0.24461825417475785,0.9966154014832631,0.0033845985167371053,1.0532265681708528,0.9537007083704931,0.4390520168411975,0.2803893164426128,0.22033379797812058,0.64,0.5956403000163846,320,1,0.8839783839763001,0.6489157727176831,0.0033845985167371053,0.22304783254521193,0.046299291629506856,320,advanced
S2,6,PSO,0.8481790729103352,1.9364234027993037,4.426251912287716,0.18865051982958775,0.24,0.76,0.9149755640006092,0.9991173136155092,0.0008826863844907539,1.055933097730049,0.8548211093738428,0.260461309718982,0.1814126524384023,0.4121109153324041,0.36,0.7131908000446856,320,1,1.8065058404080239,0.9483518358883819,0.0008826863844907539,0.9293858662170011,0.1451788906261572,320,advanced
S2,6,DE,0.8758553049274559,2.0716842906373687,4.692947821716894,0.16251724211663846,0.18,0.82,0.9624132752863228,0.999671960737344,0.0003280392626561368,1.0695564243231892,0.8538086361008752,0.2842867919646744,0.24005078482276798,0.41379056821576005,0.2,0.6296614000457339,320,1,1.8489316532689868,1.0344817182081354,0.0003280392626561368,0.9458232857663555,0.1461913638991248,320,advanced
S2,6,Gbest-ABC,0.2101355322261976,0.5091908776753131,0.9403162274765555,0.06034411969750229,1.0,0.0,0.0,0.9986287150614838,0.0013712849385160775,1.0145747352034702,0.9999575047552826,0.9970420042686284,0.9556817220514875,0.00651897619563751,1.0,0.5956469999509864,320,1,0.42046725593577855,0.6982539131189475,0.0013712849385160775,0.0,4.249524471744426e-05,320,advanced
S2,6,MeABC,0.2101355322261976,0.5091908776753131,0.9403162274765555,0.06034411969750229,1.0,0.0,0.0,0.9986287150614838,0.0013712849385160775,1.0145747352034702,0.9999575047552826,0.9970420042686284,0.9556817220514875,0.00651897619563751,1.0,0.5786666999920271,320,1,0.42046725593577855,0.6982539131189475,0.0013712849385160775,0.0,4.249524471744426e-05,320,advanced
S2,6,JADE,0.2101355322261976,0.5091908776753131,0.9403162274765555,0.06034411969750229,1.0,0.0,0.0,0.9986287150614838,0.0013712849385160775,1.0145747352034702,0.9999575047552826,0.9970420042686284,0.9556817220514875,0.00651897619563751,1.0,0.6251764000044204,320,1,0.42046725593577855,0.6982539131189475,0.0013712849385160775,0.0,4.249524471744426e-05,320,advanced
S2,6,LSHADE-lite,0.2101355322261976,0.5091908776753131,0.9403162274765555,0.06034411969750229,1.0,0.0,0.0,0.9986287150614838,0.0013712849385160775,1.0145747352034702,0.9999575047552826,0.9970420042686284,0.9556817220514875,0.00651897619563751,1.0,0.5714928999659605,320,1,0.42046725593577855,0.6982539131189475,0.0013712849385160775,0.0,4.249524471744426e-05,320,advanced
S2,6,CMAES-lite,0.2101355322261976,0.5091908776753131,0.9403162274765555,0.06034411969750229,1.0,0.0,0.0,0.9986287150614838,0.0013712849385160775,1.0145747352034702,0.9999575047552826,0.9970420042686284,0.9556817220514875,0.00651897619563751,1.0,0.6027954000164755,320,1,0.42046725593577855,0.6982539131189475,0.0013712849385160775,0.0,4.249524471744426e-05,320,advanced
S2,6,GWO,0.2101355322261976,0.5091908776753131,0.9403162274765555,0.06034411969750229,1.0,0.0,0.0,0.9986287150614838,0.0013712849385160775,1.0145747352034702,0.9999575047552826,0.9970420042686284,0.9556817220514875,0.00651897619563751,1.0,0.6537829000153579,320,1,0.42046725593577855,0.6982539131189475,0.0013712849385160775,0.0,4.249524471744426e-05,320,advanced
S2,7,RFOTO-ABC,0.24638262426473617,0.5302603626327186,1.1285251112808825,0.06669575536517472,0.94,0.06,0.05058435344240457,0.9990646215659927,0.0009353784340073768,1.0031999453299407,0.9877674764311338,0.7555576348602346,0.48660817854427546,0.11128347262154231,0.92,0.661913399992045,320,1,0.5413143167288855,0.5715994889070362,0.0009353784340073768,0.09316867009731178,0.012232523568866172,320,advanced
S2,7,Standard-ABC,0.49954318288250615,1.1106953514931148,2.8614194271322724,0.1515497218227398,0.5,0.5,0.357375331375525,0.9967156727969282,0.0032843272030716707,1.0403476686715354,0.9326309371534398,0.39815692900053606,0.26126024509039153,0.26876662896009984,0.56,0.5885267999838106,320,1,1.0581831377291093,0.9239938496828124,0.0032843272030716707,0.3425443845208343,0.06736906284656019,320,advanced
S2,7,GA,0.4058174097492191,0.9967846882053416,2.574795790022801,0.12644568550955324,0.54,0.46,0.2341006551831623,0.9981591373653782,0.0018408626346217605,1.0548462114627721,0.9564614134477732,0.491137202581875,0.31662710297025415,0.2133553001184125,0.6,0.5653806999907829,320,1,0.9382305159391994,0.7242000771839021,0.0018408626346217605,0.2229232347083024,0.043538586552226755,320,advanced
S2,7,PSO,0.7633353171662922,1.7094120578536667,4.441377844541321,0.18782020266198962,0.3,0.7,0.7695659874055505,0.9992266703051952,0.0007733296948047674,1.0388600964472157,0.8702879864677142,0.27203312218933,0.196622733686291,0.38606337787250256,0.26,0.7825576000032015,320,1,1.5862864240407981,1.0655125349421861,0.0007733296948047674,0.7493014517838439,0.12971201353228579,320,advanced
S2,7,DE,1.088675487900582,2.3176591119743133,7.128387452976404,0.3268173634734651,0.26,0.74,1.291110339724802,0.9981993794411149,0.0018006205588851421,1.0458791977926347,0.8164544728274581,0.16497534746170336,0.12992745946393944,0.4741392588676204,0.42,0.6592645000200719,320,1,2.036033821805932,1.7668694800896998,0.0018006205588851421,1.146978628991943,0.1835455271725419,320,advanced
S2,7,Gbest-ABC,0.257555171795577,0.5320931676414306,1.1379854073127003,0.0684993272395879,0.94,0.06,0.05058435344240457,0.9990681833432905,0.0009318166567095454,1.0034470881869966,0.9877674161710394,0.7555576348602346,0.48660817854427546,0.11128375011911391,0.94,0.5894448999897577,320,1,0.5429276749922929,0.6433988974499324,0.0009318166567095454,0.09316867009731178,0.012232583828960641,320,advanced
S2,7,MeABC,0.257555171795577,0.5320931676414306,1.1379854073127003,0.0684993272395879,0.94,0.06,0.05058435344240457,0.9990681833432905,0.0009318166567095454,1.0034470881869966,0.9877674161710394,0.7555576348602346,0.48660817854427546,0.11128375011911391,0.94,0.5758821999770589,320,1,0.5429276749922929,0.6433988974499324,0.0009318166567095454,0.09316867009731178,0.012232583828960641,320,advanced
S2,7,JADE,0.257555171795577,0.5320931676414306,1.1379854073127003,0.0684993272395879,0.94,0.06,0.05058435344240457,0.9990681833432905,0.0009318166567095454,1.0034470881869966,0.9877674161710394,0.7555576348602346,0.48660817854427546,0.11128375011911391,0.94,0.6095925999688916,320,1,0.5429276749922929,0.6433988974499324,0.0009318166567095454,0.09316867009731178,0.012232583828960641,320,advanced
S2,7,LSHADE-lite,0.257555171795577,0.5320931676414306,1.1379854073127003,0.0684993272395879,0.94,0.06,0.05058435344240457,0.9990681833432905,0.0009318166567095454,1.0034470881869966,0.9877674161710394,0.7555576348602346,0.48660817854427546,0.11128375011911391,0.94,0.5925738000078127,320,1,0.5429276749922929,0.6433988974499324,0.0009318166567095454,0.09316867009731178,0.012232583828960641,320,advanced
S2,7,CMAES-lite,0.257555171795577,0.5320931676414306,1.1379854073127003,0.0684993272395879,0.94,0.06,0.05058435344240457,0.9990681833432905,0.0009318166567095454,1.0034470881869966,0.9877674161710394,0.7555576348602346,0.48660817854427546,0.11128375011911391,0.94,0.657273199991323,320,1,0.5429276749922929,0.6433988974499324,0.0009318166567095454,0.09316867009731178,0.012232583828960641,320,advanced
S2,7,GWO,0.257555171795577,0.5320931676414306,1.1379854073127003,0.0684993272395879,0.94,0.06,0.05058435344240457,0.9990681833432905,0.0009318166567095454,1.0034470881869966,0.9877674161710394,0.7555576348602346,0.48660817854427546,0.11128375011911391,0.94,0.6272755999816582,320,1,0.5429276749922929,0.6433988974499324,0.0009318166567095454,0.09316867009731178,0.012232583828960641,320,advanced
S3,0,RFOTO-ABC,0.35892632578108064,0.69056066258719,1.5068411194542999,0.08419250263571959,0.79,0.21,0.12089183957467081,0.9994568257118103,0.0005431742881898394,1.017755507515581,0.97552451097587,0.5994029444694774,0.32275310990146344,0.15839687017783677,0.62,0.6434182000230066,320,1,0.7833703993873192,0.8092046214322721,0.0005431742881898394,0.15169229803260997,0.024475489024129993,320,advanced
S3,0,Standard-ABC,0.7201496846614527,1.3327998809975055,3.107965999502875,0.1513311988050314,0.41,0.59,0.6156585096255711,0.9960175433597983,0.003982456640201712,1.0766397465415216,0.8857849688307676,0.32328083710238165,0.20291206783029778,0.35908517723164585,0.38,0.7168029000167735,320,1,1.4585162534828597,1.2225808823099862,0.003982456640201712,0.6168189717632587,0.11421503116923237,320,advanced
S3,0,GA,0.5663480169559202,1.1779111060014926,3.0915419415191345,0.11951438472815216,0.47,0.53,0.42208064233913556,0.9980960894655881,0.0019039105344117924,1.0455774752667928,0.9176529296004964,0.36606181435422264,0.3046878179925488,0.2995607083702827,0.39,0.7377720999647863,320,1,1.2550213193932545,0.8715466144540952,0.0019039105344117924,0.43651140909073777,0.08234707039950362,320,advanced
S3,0,PSO,0.9265267165854203,1.6400531868460073,3.4148154979611385,0.17431975802398333,0.25,0.75,0.882599722501296,0.9995741770397215,0.0004258229602783148,1.0276323153132891,0.8630276721767968,0.30119202498730047,0.11452407968526318,0.3983859904333089,0.25,0.7951050000265241,320,1,1.8329735044612843,1.474655102703767,0.0004258229602783148,0.905816245195992,0.13697232782320323,320,advanced
S3,0,DE,1.544188258882278,2.9348701513734112,10.243257068049603,0.3193685702544584,0.2,0.8,1.9407169500510975,0.9984009803790823,0.0015990196209177876,1.0638581020539544,0.7865507344277044,0.11464243383642189,0.03908072907375652,0.5209355093773198,0.27,0.6793393000261858,320,1,2.5767460666634743,3.0150866937746024,0.0015990196209177876,1.661606177560764,0.2134492655722956,320,advanced
S3,0,Gbest-ABC,0.3597574968562336,0.693238511236527,1.5068411194542999,0.08418461990395004,0.78,0.22,0.12294374310948954,0.9994581783948844,0.0005418216051154368,1.0180829410187526,0.9753451922002874,0.5994029444694774,0.32275310990146344,0.15899066903740275,0.61,0.670079400006216,320,1,0.7853534805757413,0.8089983172325637,0.0005418216051154368,0.15305117454573497,0.02465480779971263,320,advanced
S3,0,MeABC,0.3597574968562336,0.693238511236527,1.5068411194542999,0.08418461990395004,0.78,0.22,0.12294374310948954,0.9994581783948844,0.0005418216051154368,1.0180829410187526,0.9753451922002874,0.5994029444694774,0.32275310990146344,0.15899066903740275,0.61,0.6475181999849156,320,1,0.7853534805757413,0.8089983172325637,0.0005418216051154368,0.15305117454573497,0.02465480779971263,320,advanced
S3,0,JADE,0.3597574968562336,0.693238511236527,1.5068411194542999,0.08418461990395004,0.78,0.22,0.12294374310948954,0.9994581783948844,0.0005418216051154368,1.0180829410187526,0.9753451922002874,0.5994029444694774,0.32275310990146344,0.15899066903740275,0.61,0.7036350999842398,320,1,0.7853534805757413,0.8089983172325637,0.0005418216051154368,0.15305117454573497,0.02465480779971263,320,advanced
S3,0,LSHADE-lite,0.3597574968562336,0.693238511236527,1.5068411194542999,0.08418461990395004,0.78,0.22,0.12294374310948954,0.9994581783948844,0.0005418216051154368,1.0180829410187526,0.9753451922002874,0.5994029444694774,0.32275310990146344,0.15899066903740275,0.61,0.6428793999948539,320,1,0.7853534805757413,0.8089983172325637,0.0005418216051154368,0.15305117454573497,0.02465480779971263,320,advanced
S3,0,CMAES-lite,0.3597574968562336,0.693238511236527,1.5068411194542999,0.08418461990395004,0.78,0.22,0.12294374310948954,0.9994581783948844,0.0005418216051154368,1.0180829410187526,0.9753451922002874,0.5994029444694774,0.32275310990146344,0.15899066903740275,0.61,0.6817900000023656,320,1,0.7853534805757413,0.8089983172325637,0.0005418216051154368,0.15305117454573497,0.02465480779971263,320,advanced
S3,0,GWO,0.3597574968562336,0.693238511236527,1.5068411194542999,0.08418461990395004,0.78,0.22,0.12294374310948954,0.9994581783948844,0.0005418216051154368,1.0180829410187526,0.9753451922002874,0.5994029444694774,0.32275310990146344,0.15899066903740275,0.61,0.6913969999877736,320,1,0.7853534805757413,0.8089983172325637,0.0005418216051154368,0.15305117454573497,0.02465480779971263,320,advanced
S3,1,RFOTO-ABC,0.32090360191256684,0.7116857970391728,1.4773199180720913,0.08527231173900898,0.77,0.23,0.06968577333049518,0.9978275026428938,0.0021724973571062025,1.0096661524500816,0.9870846050937667,0.7399962832462776,0.42396369724277666,0.11438699622063066,0.7,0.6720200999989174,320,1,0.6974657657244117,0.8380796151340832,0.0021724973571062025,0.07381363801598062,0.01291539490623328,320,advanced
S3,1,Standard-ABC,0.7380212051041434,1.386685523498376,3.4208326583840525,0.17698055628289222,0.36,0.64,0.5908567176130723,0.9971810947187536,0.0028189052812463877,1.0665296192237115,0.8963136341842034,0.3332896482197435,0.19489497301621564,0.34011894638753193,0.37,0.6970904999761842,320,1,1.4644509631808522,1.376821897908427,0.0028189052812463877,0.5970737747761898,0.1036863658157966,320,advanced
S3,1,GA,0.5720271753725418,1.223351872397174,3.4208326583840525,0.1438652297855009,0.43,0.57,0.4674804262887697,0.9979973222358584,0.0020026777641416584,1.0319163512594582,0.9160165562440509,0.36684933035042533,0.21004271367123103,0.30279254471643624,0.36,0.6473790999734774,320,1,1.2443931509350061,0.9085493872901332,0.0020026777641416584,0.44659370971619844,0.08398344375594913,320,advanced
S3,1,PSO,1.3159629859844981,2.1273506792201355,4.736983435545749,0.25574043623046366,0.2,0.8,1.4083092145956562,0.9977062278294102,0.0022937721705899384,1.0614810988723045,0.805716023826146,0.15578328771138034,0.10024115471534015,0.4910520078000124,0.34,0.7493012000340968,320,1,2.2707268505847913,2.5057534394766177,0.0022937721705899384,1.371267626226446,0.19428397617385396,320,advanced
S3,1,DE,1.6754148444657428,3.025038522005663,11.130312785423728,0.31068133189309005,0.18,0.82,2.2903085704985804,0.9983846312661818,0.0016153687338181788,1.056310638809663,0.7752897140909653,0.07421324739728548,0.04767680071666391,0.5383682815024601,0.36,0.6788856000057422,320,1,2.919670309040674,2.780090112868931,0.0016153687338181788,1.9778165345684628,0.22471028590903475,320,advanced
S3,1,Gbest-ABC,0.3216161324948449,0.715376056967873,1.501221526783521,0.08508172535376417,0.76,0.24,0.07833070879182595,0.9980132541237262,0.0019867458762737934,1.009868136538725,0.9852638579547345,0.6986341407965189,0.42396369724277666,0.122296949263654,0.68,0.6622970000025816,320,1,0.6979859648446529,0.8314957754602765,0.0019867458762737934,0.07915001793038232,0.014736142045265521,320,advanced
S3,1,MeABC,0.3216161324948449,0.715376056967873,1.501221526783521,0.08508172535376417,0.76,0.24,0.07833070879182595,0.9980132541237262,0.0019867458762737934,1.009868136538725,0.9852638579547345,0.6986341407965189,0.42396369724277666,0.122296949263654,0.68,0.6916195999947377,320,1,0.6979859648446529,0.8314957754602765,0.0019867458762737934,0.07915001793038232,0.014736142045265521,320,advanced
S3,1,JADE,0.3216161324948449,0.715376056967873,1.501221526783521,0.08508172535376417,0.76,0.24,0.07833070879182595,0.9980132541237262,0.0019867458762737934,1.009868136538725,0.9852638579547345,0.6986341407965189,0.42396369724277666,0.122296949263654,0.68,0.7190371999749914,320,1,0.6979859648446529,0.8314957754602765,0.0019867458762737934,0.07915001793038232,0.014736142045265521,320,advanced
S3,1,LSHADE-lite,0.3216161324948449,0.715376056967873,1.501221526783521,0.08508172535376417,0.76,0.24,0.07833070879182595,0.9980132541237262,0.0019867458762737934,1.009868136538725,0.9852638579547345,0.6986341407965189,0.42396369724277666,0.122296949263654,0.68,0.6848764999886043,320,1,0.6979859648446529,0.8314957754602765,0.0019867458762737934,0.07915001793038232,0.014736142045265521,320,advanced
S3,1,CMAES-lite,0.3216161324948449,0.715376056967873,1.501221526783521,0.08508172535376417,0.76,0.24,0.07833070879182595,0.9980132541237262,0.0019867458762737934,1.009868136538725,0.9852638579547345,0.6986341407965189,0.42396369724277666,0.122296949263654,0.68,0.6694845999591053,320,1,0.6979859648446529,0.8314957754602765,0.0019867458762737934,0.07915001793038232,0.014736142045265521,320,advanced
S3,1,GWO,0.3216161324948449,0.715376056967873,1.501221526783521,0.08508172535376417,0.76,0.24,0.07833070879182595,0.9980132541237262,0.0019867458762737934,1.009868136538725,0.9852638579547345,0.6986341407965189,0.42396369724277666,0.122296949263654,0.68,0.7381254000356421,320,1,0.6979859648446529,0.8314957754602765,0.0019867458762737934,0.07915001793038232,0.014736142045265521,320,advanced
S3,2,RFOTO-ABC,0.3043195223557362,0.7959575701403304,1.6065302772321353,0.09855261517358967,0.7,0.3,0.10418758084870017,0.9991147183277143,0.0008852816722856893,1.0170531262941844,0.9801141422469358,0.5654665335673421,0.4321303781050609,0.1424406137749234,0.71,0.6718941000290215,320,1,0.6756351747531956,0.7641087917248658,0.0008852816722856893,0.07053789964516272,0.019885857753064173,320,advanced
S3,2,Standard-ABC,0.7573666167327815,1.5748492785184223,3.9886391915340926,0.19743195292990387,0.36,0.64,0.6993441436782456,0.9963202768086942,0.003679723191305858,1.0342171551455834,0.8826705656888282,0.2646118256313092,0.15185098121358676,0.3645895076648792,0.53,0.6949802999733947,320,1,1.488789299472089,1.3829788816521653,0.003679723191305858,0.63754839932799,0.11732943431117182,320,advanced
S3,2,GA,0.5440069339050652,1.2610708967051774,3.413431769987655,0.14590923043202833,0.46,0.54,0.46446465031682976,0.9988952850035056,0.0011047149964944413,1.023303932946073,0.9111292274103128,0.3921128863389219,0.27964381690969503,0.3123125876798566,0.45,0.7051262999884784,320,1,1.186259686515075,0.8696236962614566,0.0011047149964944413,0.41378759579730423,0.08887077258968723,320,advanced
S3,2,PSO,0.8933595204786984,1.9540843979602258,5.450661669812605,0.18990490937627463,0.26,0.74,1.010480194292186,0.9995979687845594,0.0004020312154405792,1.0357597790841389,0.8500529279460008,0.23406880288043666,0.10655507514302553,0.41999682870696003,0.23,0.8252033999888226,320,1,1.9104123943502735,0.9542190719387704,0.0004020312154405792,1.000204376196506,0.14994707205399915,320,advanced
S3,2,DE,1.4188379078095001,2.8870638892148803,8.234151168066914,0.34059440774422184,0.13,0.87,1.9133358943053487,0.9977560495878719,0.0022439504121281174,1.0718483649785755,0.782142950319005,0.11966526752670863,0.07399535205683093,0.5277676197664507,0.31,0.706563499988988,320,1,2.686469645852679,1.8627262153691313,0.0022439504121281174,1.7387368660255433,0.21785704968099495,320,advanced
S3,2,Gbest-ABC,0.3066935133477836,0.7979531512601588,1.580824037650655,0.09931954513443142,0.69,0.31,0.1143695386889521,0.9990941180779817,0.0009058819220183678,1.0169888594419498,0.9783272349453391,0.5773044500114501,0.4321303781050609,0.14883843321153792,0.69,0.661617000005208,320,1,0.6778649620723998,0.7638643828114255,0.0009058819220183678,0.07686209706146827,0.02167276505466087,320,advanced
S3,2,MeABC,0.3066935133477836,0.7979531512601588,1.580824037650655,0.09931954513443142,0.69,0.31,0.1143695386889521,0.9990941180779817,0.0009058819220183678,1.0169888594419498,0.9783272349453391,0.5773044500114501,0.4321303781050609,0.14883843321153792,0.69,0.6751681999885477,320,1,0.6778649620723998,0.7638643828114255,0.0009058819220183678,0.07686209706146827,0.02167276505466087,320,advanced
S3,2,JADE,0.3066935133477836,0.7979531512601588,1.580824037650655,0.09931954513443142,0.69,0.31,0.1143695386889521,0.9990941180779817,0.0009058819220183678,1.0169888594419498,0.9783272349453391,0.5773044500114501,0.4321303781050609,0.14883843321153792,0.69,0.7162389000295661,320,1,0.6778649620723998,0.7638643828114255,0.0009058819220183678,0.07686209706146827,0.02167276505466087,320,advanced
S3,2,LSHADE-lite,0.3066935133477836,0.7979531512601588,1.580824037650655,0.09931954513443142,0.69,0.31,0.1143695386889521,0.9990941180779817,0.0009058819220183678,1.0169888594419498,0.9783272349453391,0.5773044500114501,0.4321303781050609,0.14883843321153792,0.69,0.6886901000398211,320,1,0.6778649620723998,0.7638643828114255,0.0009058819220183678,0.07686209706146827,0.02167276505466087,320,advanced
S3,2,CMAES-lite,0.3066935133477836,0.7979531512601588,1.580824037650655,0.09931954513443142,0.69,0.31,0.1143695386889521,0.9990941180779817,0.0009058819220183678,1.0169888594419498,0.9783272349453391,0.5773044500114501,0.4321303781050609,0.14883843321153792,0.69,0.6780504999915138,320,1,0.6778649620723998,0.7638643828114255,0.0009058819220183678,0.07686209706146827,0.02167276505466087,320,advanced
S3,2,GWO,0.3066935133477836,0.7979531512601588,1.580824037650655,0.09931954513443142,0.69,0.31,0.1143695386889521,0.9990941180779817,0.0009058819220183678,1.0169888594419498,0.9783272349453391,0.5773044500114501,0.4321303781050609,0.14883843321153792,0.69,0.7291823999839835,320,1,0.6778649620723998,0.7638643828114255,0.0009058819220183678,0.07686209706146827,0.02167276505466087,320,advanced
S3,3,RFOTO-ABC,0.32520057226907306,0.8665312570197746,1.9936304009256585,0.1064689293332658,0.7,0.3,0.12932763819063786,0.9981693054778976,0.0018306945221024495,1.0202597435391914,0.9743879368829841,0.5803212585862595,0.28718023299609574,0.16212736800410296,0.73,0.6549155000247993,320,1,0.7468451952873493,0.6960412566810195,0.0018306945221024495,0.1195005462924397,0.025612063117015915,320,advanced
S3,3,Standard-ABC,0.6912577605372541,1.5232080774935424,3.8873942373467587,0.18450998632207985,0.35,0.65,0.6433480188323997,0.9978715244928178,0.0021284755071822913,1.0441430942719896,0.8873113436989589,0.28674301535167196,0.18197748720790172,0.35637077649408877,0.41,0.6725360000273213,320,1,1.4228143416309085,1.1396028876138171,0.0021284755071822913,0.5891389937634471,0.11268865630104108,320,advanced
S3,3,GA,0.6028943892803214,1.4503870261291747,3.8963081605434993,0.17248518148183384,0.34,0.66,0.5107188022269198,0.9978981917186706,0.0021018082813295926,1.0554018667119425,0.9093644343855047,0.3378324324375368,0.25490086719771815,0.31570418740301553,0.42,0.728227500047069,320,1,1.3215165584274884,0.9100747498623388,0.0021018082813295926,0.48795336278263307,0.09063556561449526,320,advanced
S3,3,PSO,0.8403363130644779,1.8983725268895315,4.746582303796841,0.1947763590365567,0.24,0.76,0.9640681473422086,0.9980422809856774,0.0019577190143226686,1.0701280011468681,0.851027053588108,0.22672689922225767,0.13753045985925816,0.4183906981925706,0.23,0.7744004999985918,320,1,1.7793590633554088,1.0351485911780374,0.0019577190143226686,0.8699470911370869,0.14897294641189196,320,advanced
S3,3,DE,1.6421762298072033,3.1883759220947225,9.370560320881175,0.3228166958786964,0.15,0.85,2.1054301541681903,0.9967555030047442,0.0032444969952556513,1.0683733773241155,0.7782857720185183,0.09735474973972581,0.03647671525818554,0.5337369091999105,0.32,0.6601716000004672,320,1,2.951448123110645,2.473314479930544,0.0032444969952556513,1.997643973774748,0.22171422798148166,320,advanced
S3,3,Gbest-ABC,0.33139630633343653,0.8765548776582787,2.1787522943260993,0.1091909170922027,0.69,0.31,0.14629183663808806,0.9983611713543092,0.0016388286456906875,1.0183664404408401,0.9708013674316238,0.5159145841023418,0.28718023299609574,0.17342674252557744,0.71,0.68832899996778,320,1,0.7556144141798811,0.6968312803622021,0.0016388286456906875,0.13304180047896574,0.02919863256837618,320,advanced
S3,3,MeABC,0.33139630633343653,0.8765548776582787,2.1787522943260993,0.1091909170922027,0.69,0.31,0.14629183663808806,0.9983611713543092,0.0016388286456906875,1.0183664404408401,0.9708013674316238,0.5159145841023418,0.28718023299609574,0.17342674252557744,0.71,0.6676329999463633,320,1,0.7556144141798811,0.6968312803622021,0.0016388286456906875,0.13304180047896574,0.02919863256837618,320,advanced
S3,3,JADE,0.33139630633343653,0.8765548776582787,2.1787522943260993,0.1091909170922027,0.69,0.31,0.14629183663808806,0.9983611713543092,0.0016388286456906875,1.0183664404408401,0.9708013674316238,0.5159145841023418,0.28718023299609574,0.17342674252557744,0.71,0.6965731999953277,320,1,0.7556144141798811,0.6968312803622021,0.0016388286456906875,0.13304180047896574,0.02919863256837618,320,advanced
S3,3,LSHADE-lite,0.33139630633343653,0.8765548776582787,2.1787522943260993,0.1091909170922027,0.69,0.31,0.14629183663808806,0.9983611713543092,0.0016388286456906875,1.0183664404408401,0.9708013674316238,0.5159145841023418,0.28718023299609574,0.17342674252557744,0.71,0.6233129999600351,320,1,0.7556144141798811,0.6968312803622021,0.0016388286456906875,0.13304180047896574,0.02919863256837618,320,advanced
S3,3,CMAES-lite,0.33139630633343653,0.8765548776582787,2.1787522943260993,0.1091909170922027,0.69,0.31,0.14629183663808806,0.9983611713543092,0.0016388286456906875,1.0183664404408401,0.9708013674316238,0.5159145841023418,0.28718023299609574,0.17342674252557744,0.71,0.6240014999639243,320,1,0.7556144141798811,0.6968312803622021,0.0016388286456906875,0.13304180047896574,0.02919863256837618,320,advanced
S3,3,GWO,0.33139630633343653,0.8765548776582787,2.1787522943260993,0.1091909170922027,0.69,0.31,0.14629183663808806,0.9983611713543092,0.0016388286456906875,1.0183664404408401,0.9708013674316238,0.5159145841023418,0.28718023299609574,0.17342674252557744,0.71,0.7659645000239834,320,1,0.7556144141798811,0.6968312803622021,0.0016388286456906875,0.13304180047896574,0.02919863256837618,320,advanced
S3,4,RFOTO-ABC,0.36455018928033706,0.9229568809275459,1.7757117282609227,0.12773709268224845,0.56,0.44,0.1381723293588969,0.9995016740405103,0.0004983259594898082,1.0155499929409786,0.9765681556599417,0.6327213699045044,0.3545903690703515,0.15490019252752898,0.66,0.6743241000222042,320,1,0.8114105851131092,0.8699592824749464,0.0004983259594898082,0.1103568351516444,0.023431844340058294,320,advanced
S3,4,Standard-ABC,0.8380200900138773,1.7656742753102128,4.615644123740095,0.24853503352184833,0.27,0.73,0.8167273565221039,0.9973624058712396,0.0026375941287603653,1.0502133157238873,0.8700959004875011,0.2540443082216634,0.14736148764323015,0.38639176965843836,0.41,0.7516245000297204,320,1,1.6093649722783112,1.5710543768091472,0.0026375941287603653,0.7200302266812023,0.12990409951249893,320,advanced
S3,4,GA,0.5721101874556942,1.3921285887044332,3.807874163105481,0.17283720380112866,0.39,0.61,0.5044433046759429,0.9993202532664788,0.0006797467335213214,1.032414320336032,0.9112327640165327,0.35421265990240897,0.21032447841996654,0.3121128757467063,0.4,0.6151655000285245,320,1,1.2275818812705754,0.9967568185061935,0.0006797467335213214,0.4090006384715878,0.08876723598346725,320,advanced
S3,4,PSO,1.0483375247043998,2.3615206568952267,6.820629562090899,0.265892362337886,0.19,0.81,1.3217453093111249,0.9989365893785032,0.001063410621496711,1.0320042069364899,0.8307300402127007,0.21209534311923928,0.07212566519598594,0.4513983713772282,0.21,0.7559478000039235,320,1,2.1100829098134155,1.344324076226275,0.001063410621496711,1.1742600388988416,0.1692699597872993,320,advanced
S3,4,DE,1.8407797705424898,3.3916245917904426,11.258276895621684,0.3579156170454286,0.15,0.85,2.3351794487610475,0.9988777394031135,0.001122260596886533,1.0346404131591156,0.7548403329147103,0.08436867136262285,0.06296033644924398,0.5698977767245184,0.33,0.6783276000060141,320,1,3.4017274255831986,2.265580180836437,0.001122260596886533,2.454049939356216,0.2451596670852897,320,advanced
S3,4,Gbest-ABC,0.3743336416192322,0.8984784150984452,1.8169455508468824,0.12288645343937823,0.61,0.39,0.1869827531722829,0.999507320132402,0.0004926798675978905,1.0156910919109159,0.9648313303300402,0.5767371592117532,0.2630091297112284,0.19092037180897997,0.62,0.6888253000215627,320,1,0.822927874438691,0.8348617149248024,0.0004926798675978905,0.15199431738730249,0.035168669669959796,320,advanced
S3,4,MeABC,0.3743336416192322,0.8984784150984452,1.8169455508468824,0.12288645343937823,0.61,0.39,0.1869827531722829,0.999507320132402,0.0004926798675978905,1.0156910919109159,0.9648313303300402,0.5767371592117532,0.2630091297112284,0.19092037180897997,0.62,0.6670908000087366,320,1,0.822927874438691,0.8348617149248024,0.0004926798675978905,0.15199431738730249,0.035168669669959796,320,advanced
S3,4,JADE,0.3743336416192322,0.8984784150984452,1.8169455508468824,0.12288645343937823,0.61,0.39,0.1869827531722829,0.999507320132402,0.0004926798675978905,1.0156910919109159,0.9648313303300402,0.5767371592117532,0.2630091297112284,0.19092037180897997,0.62,0.6851469000102952,320,1,0.822927874438691,0.8348617149248024,0.0004926798675978905,0.15199431738730249,0.035168669669959796,320,advanced
S3,4,LSHADE-lite,0.3743336416192322,0.8984784150984452,1.8169455508468824,0.12288645343937823,0.61,0.39,0.1869827531722829,0.999507320132402,0.0004926798675978905,1.0156910919109159,0.9648313303300402,0.5767371592117532,0.2630091297112284,0.19092037180897997,0.62,0.7032107000122778,320,1,0.822927874438691,0.8348617149248024,0.0004926798675978905,0.15199431738730249,0.035168669669959796,320,advanced
S3,4,CMAES-lite,0.3743336416192322,0.8984784150984452,1.8169455508468824,0.12288645343937823,0.61,0.39,0.1869827531722829,0.999507320132402,0.0004926798675978905,1.0156910919109159,0.9648313303300402,0.5767371592117532,0.2630091297112284,0.19092037180897997,0.62,0.6738146999850869,320,1,0.822927874438691,0.8348617149248024,0.0004926798675978905,0.15199431738730249,0.035168669669959796,320,advanced
S3,4,GWO,0.3743336416192322,0.8984784150984452,1.8169455508468824,0.12288645343937823,0.61,0.39,0.1869827531722829,0.999507320132402,0.0004926798675978905,1.0156910919109159,0.9648313303300402,0.5767371592117532,0.2630091297112284,0.19092037180897997,0.62,0.7393944000359625,320,1,0.822927874438691,0.8348617149248024,0.0004926798675978905,0.15199431738730249,0.035168669669959796,320,advanced
S3,5,RFOTO-ABC,0.3418207420161463,0.8726092995818565,1.9164319053893164,0.11220200803246433,0.69,0.31,0.1283139095486753,0.9988371169696163,0.0011628830303835713,1.023236104268568,0.9751083089586051,0.5764277527367658,0.40795481835377206,0.15977203704946866,0.69,0.7060016000177711,320,1,0.7550481601073649,0.7919781323792199,0.0011628830303835713,0.12118260748054499,0.02489169104139488,320,advanced
S3,5,Standard-ABC,0.7550735486961679,1.593385295926945,3.9020472046437655,0.22908060628749982,0.32,0.68,0.6109220736594132,0.9945853906155357,0.005414609384464158,1.090320672105137,0.8983969948808217,0.30539829105389915,0.20019119386405576,0.336294009654572,0.45,0.7340424999711104,320,1,1.512859525460589,1.3777556945864644,0.005414609384464158,0.6154877619931259,0.1016030051191783,320,advanced
S3,5,GA,0.5272363864311461,1.360344433453402,3.3373151769472402,0.14794031817973782,0.38,0.62,0.44637744568006843,0.9991702301412033,0.000829769858796674,1.0471673762938332,0.9260034924315198,0.40614091064366603,0.20708319449176993,0.28268274444397223,0.41,0.7710776999592781,320,1,1.2168738995147559,0.7660049019753912,0.000829769858796674,0.3874069845964683,0.0739965075684802,320,advanced
S3,5,PSO,0.8632111401037261,2.1711668622271345,5.259102014787554,0.21723105111065005,0.16,0.84,1.0451071943768344,0.9980864859355243,0.0019135140644756842,1.0780131726317432,0.8663564381712366,0.22908854106402007,0.09057741343230243,0.3927586126969487,0.27,0.8135291999788024,320,1,1.8074680736672057,1.1078681180319314,0.0019135140644756842,0.8989386675797016,0.13364356182876336,320,advanced
S3,5,DE,1.383122072067875,3.24705477636513,9.629108657430733,0.3377634272150972,0.17,0.83,1.9473843932822283,0.998269622112503,0.0017303778874968622,1.049823158098591,0.7866194182160617,0.12125113225114545,0.048365018664906,0.5208289496009325,0.29,0.7062939000315964,320,1,2.570276521495546,1.95897714666372,0.0017303778874968622,1.6574128273973614,0.21338058178393826,320,advanced
S3,5,Gbest-ABC,0.3438738451182056,0.8765439575984044,1.9820530080574488,0.11451481855121243,0.7,0.3,0.1314515785666078,0.9988320907378463,0.0011679092621537813,1.0232984639435785,0.9745547521161165,0.5764277527367658,0.40795481835377206,0.16158469441998452,0.68,0.7084406000212766,320,1,0.7556946978033221,0.8007387038467735,0.0011679092621537813,0.12315598422138303,0.02544524788388347,320,advanced
S3,5,MeABC,0.3438738451182056,0.8765439575984044,1.9820530080574488,0.11451481855121243,0.7,0.3,0.1314515785666078,0.9988320907378463,0.0011679092621537813,1.0232984639435785,0.9745547521161165,0.5764277527367658,0.40795481835377206,0.16158469441998452,0.68,0.7327204999746755,320,1,0.7556946978033221,0.8007387038467735,0.0011679092621537813,0.12315598422138303,0.02544524788388347,320,advanced
S3,5,JADE,0.3438738451182056,0.8765439575984044,1.9820530080574488,0.11451481855121243,0.7,0.3,0.1314515785666078,0.9988320907378463,0.0011679092621537813,1.0232984639435785,0.9745547521161165,0.5764277527367658,0.40795481835377206,0.16158469441998452,0.68,0.7201917999773286,320,1,0.7556946978033221,0.8007387038467735,0.0011679092621537813,0.12315598422138303,0.02544524788388347,320,advanced
S3,5,LSHADE-lite,0.3438738451182056,0.8765439575984044,1.9820530080574488,0.11451481855121243,0.7,0.3,0.1314515785666078,0.9988320907378463,0.0011679092621537813,1.0232984639435785,0.9745547521161165,0.5764277527367658,0.40795481835377206,0.16158469441998452,0.68,0.6861979000386782,320,1,0.7556946978033221,0.8007387038467735,0.0011679092621537813,0.12315598422138303,0.02544524788388347,320,advanced
S3,5,CMAES-lite,0.3438738451182056,0.8765439575984044,1.9820530080574488,0.11451481855121243,0.7,0.3,0.1314515785666078,0.9988320907378463,0.0011679092621537813,1.0232984639435785,0.9745547521161165,0.5764277527367658,0.40795481835377206,0.16158469441998452,0.68,0.68530719995033,320,1,0.7556946978033221,0.8007387038467735,0.0011679092621537813,0.12315598422138303,0.02544524788388347,320,advanced
S3,5,GWO,0.3438738451182056,0.8765439575984044,1.9820530080574488,0.11451481855121243,0.7,0.3,0.1314515785666078,0.9988320907378463,0.0011679092621537813,1.0232984639435785,0.9745547521161165,0.5764277527367658,0.40795481835377206,0.16158469441998452,0.68,0.6868028999888338,320,1,0.7556946978033221,0.8007387038467735,0.0011679092621537813,0.12315598422138303,0.02544524788388347,320,advanced
S3,6,RFOTO-ABC,0.3343408515718151,0.7626166393231751,1.6835373613429967,0.08629527313029894,0.7,0.3,0.10203610994535989,0.998685384026512,0.001314615973488087,1.0142498473929182,0.9814042917403869,0.6825272826704772,0.3110694054791972,0.13765195556790358,0.71,0.679403199988883,320,1,0.7626828351424089,0.7626107333138499,0.001314615973488087,0.10490501342198325,0.018595708259613097,320,advanced
S3,6,Standard-ABC,0.7629690512429591,1.557386896543831,4.721230262710938,0.15620392031360666,0.3,0.7,0.7301947795814907,0.9982359430695046,0.001764056930495398,1.0346358163041398,0.8769759366342139,0.2759453273769058,0.17872233396465664,0.37454257776832367,0.35,0.718761199968867,320,1,1.6068053628325905,1.0598634128242121,0.001764056930495398,0.7339271108808503,0.12302406336578608,320,advanced
S3,6,GA,0.5906775000155626,1.2733333848812363,3.354949978350424,0.12687875072850516,0.37,0.63,0.546098218005572,0.9973949198954479,0.002605080104552201,1.0483347374389498,0.9072755168383405,0.30148701998418803,0.17872233396465664,0.31968894242928225,0.4,0.7096876999712549,320,1,1.3161047596289677,0.7900278407138132,0.002605080104552201,0.5148697820243577,0.09272448316165949,320,advanced
S3,6,PSO,0.9304578378763714,1.9900218483241152,6.809222381138521,0.18631156726450956,0.2,0.8,1.0278752789954952,0.9994576896791588,0.0005423103208411706,1.0326397019057616,0.8558838911903075,0.2075392429481964,0.07768379545727305,0.41034470854300265,0.25,0.751160699990578,320,1,1.906615179844536,1.2391229636480237,0.0005423103208411706,0.9848388799296466,0.1441161088096925,320,advanced
S3,6,DE,1.5688639578797259,3.019071404857659,12.774278830280585,0.2451322010155418,0.18,0.82,2.08439502640989,0.9977423333886309,0.0022576666113689713,1.0488495250466745,0.7712115374875677,0.08365209538981491,0.05542615114477089,0.5446660438388432,0.33,0.657019600039348,320,1,2.882174872272644,2.1964297929451404,0.0022576666113689713,1.9363438726826205,0.22878846251243234,320,advanced
S3,6,Gbest-ABC,0.3467684944935896,0.7588756575696171,1.6856773774435487,0.08663974848364925,0.72,0.28,0.10918612172812345,0.9988518845617765,0.0011481154382234637,1.012367126936244,0.9790579861122423,0.606825466592369,0.3110694054791972,0.14625307786665487,0.69,0.6773353000171483,320,1,0.7900399808212659,0.7612252648424358,0.0011481154382234637,0.12681513756439755,0.020942013887757738,320,advanced
S3,6,MeABC,0.3467684944935896,0.7588756575696171,1.6856773774435487,0.08663974848364925,0.72,0.28,0.10918612172812345,0.9988518845617765,0.0011481154382234637,1.012367126936244,0.9790579861122423,0.606825466592369,0.3110694054791972,0.14625307786665487,0.69,0.6575643999967724,320,1,0.7900399808212659,0.7612252648424358,0.0011481154382234637,0.12681513756439755,0.020942013887757738,320,advanced
S3,6,JADE,0.3467684944935896,0.7588756575696171,1.6856773774435487,0.08663974848364925,0.72,0.28,0.10918612172812345,0.9988518845617765,0.0011481154382234637,1.012367126936244,0.9790579861122423,0.606825466592369,0.3110694054791972,0.14625307786665487,0.69,0.6942455999669619,320,1,0.7900399808212659,0.7612252648424358,0.0011481154382234637,0.12681513756439755,0.020942013887757738,320,advanced
S3,6,LSHADE-lite,0.3467684944935896,0.7588756575696171,1.6856773774435487,0.08663974848364925,0.72,0.28,0.10918612172812345,0.9988518845617765,0.0011481154382234637,1.012367126936244,0.9790579861122423,0.606825466592369,0.3110694054791972,0.14625307786665487,0.69,0.6745954999933019,320,1,0.7900399808212659,0.7612252648424358,0.0011481154382234637,0.12681513756439755,0.020942013887757738,320,advanced
S3,6,CMAES-lite,0.3467684944935896,0.7588756575696171,1.6856773774435487,0.08663974848364925,0.72,0.28,0.10918612172812345,0.9988518845617765,0.0011481154382234637,1.012367126936244,0.9790579861122423,0.606825466592369,0.3110694054791972,0.14625307786665487,0.69,0.6867253999807872,320,1,0.7900399808212659,0.7612252648424358,0.0011481154382234637,0.12681513756439755,0.020942013887757738,320,advanced
S3,6,GWO,0.3467684944935896,0.7588756575696171,1.6856773774435487,0.08663974848364925,0.72,0.28,0.10918612172812345,0.9988518845617765,0.0011481154382234637,1.012367126936244,0.9790579861122423,0.606825466592369,0.3110694054791972,0.14625307786665487,0.69,0.6426284000044689,320,1,0.7900399808212659,0.7612252648424358,0.0011481154382234637,0.12681513756439755,0.020942013887757738,320,advanced
S3,7,RFOTO-ABC,0.3052302744019681,0.720131348966128,1.5345065423869046,0.08827010492719868,0.84,0.16,0.07324314661991395,0.9986541832654283,0.0013458167345716677,1.019441318236251,0.9856308840148362,0.7002223246743506,0.2910566584275882,0.12074186326281888,0.7,0.7341647000284865,320,1,0.712221105667319,0.737245908236621,0.0013458167345716677,0.05665432401982523,0.014369115985163772,320,advanced
S3,7,Standard-ABC,0.7363446800153399,1.5113891559007435,3.753832482508554,0.19550152635397197,0.35,0.65,0.6398004544238315,0.9967847508730199,0.003215249126980082,1.0912473405614223,0.8874958191035756,0.3291537158433801,0.23508998571096879,0.35604195177946746,0.34,0.656093499972485,320,1,1.5244946593407414,1.1591205820075543,0.003215249126980082,0.655337003676647,0.11250418089642444,320,advanced
S3,7,GA,0.5599931369922075,1.1858187733634122,3.1773869697514225,0.13854599292309852,0.5,0.5,0.42466956991605775,0.9950450955514372,0.00495490444856293,1.0642290855900693,0.9173866829814622,0.3675084139735024,0.2910566584275882,0.30008812791486006,0.46,0.8082422000006773,320,1,1.2380763116525177,0.8660649338154037,0.00495490444856293,0.42872536225709723,0.0826133170185378,320,advanced
S3,7,PSO,1.1648040163124413,2.537088037125862,6.278286693061098,0.2228885510415293,0.27,0.73,1.5518331351399182,0.9989798885351862,0.0010201114648138966,1.0467516313422185,0.800974223445789,0.1115743810334668,0.06635483370146725,0.49847730875568813,0.27,0.6960528999916278,320,1,2.325139412787542,1.3016344303267857,0.0010201114648138966,1.4328644391617746,0.19902577655421105,320,advanced
S3,7,DE,1.4963837859856637,2.7887783615315938,8.595561392944445,0.27439883435542106,0.16,0.84,2.0122315216815077,0.9961478020695506,0.003852197930449526,1.1004663507485142,0.7949434612770369,0.11062767682439285,0.03988488711050341,0.5078888638753518,0.23,0.6822103000013158,320,1,2.742039073099336,2.197216856268346,0.003852197930449526,1.7990502755041737,0.20505653872296314,320,advanced
S3,7,Gbest-ABC,0.3171170307658049,0.7320191189992111,1.6181368000572178,0.08940777926231126,0.82,0.18,0.09353572419325763,0.9990460431664865,0.0009539568335135418,1.0178118207316114,0.9812628683902235,0.6756287974103155,0.2910566584275882,0.13818435351232675,0.67,0.7525864000199363,320,1,0.7310015991884572,0.7426358664881927,0.0009539568335135418,0.07987955954917009,0.018737131609776525,320,advanced
S3,7,MeABC,0.3171170307658049,0.7320191189992111,1.6181368000572178,0.08940777926231126,0.82,0.18,0.09353572419325763,0.9990460431664865,0.0009539568335135418,1.0178118207316114,0.9812628683902235,0.6756287974103155,0.2910566584275882,0.13818435351232675,0.67,0.6839738000417128,320,1,0.7310015991884572,0.7426358664881927,0.0009539568335135418,0.07987955954917009,0.018737131609776525,320,advanced
S3,7,JADE,0.3171170307658049,0.7320191189992111,1.6181368000572178,0.08940777926231126,0.82,0.18,0.09353572419325763,0.9990460431664865,0.0009539568335135418,1.0178118207316114,0.9812628683902235,0.6756287974103155,0.2910566584275882,0.13818435351232675,0.67,0.7447987999767065,320,1,0.7310015991884572,0.7426358664881927,0.0009539568335135418,0.07987955954917009,0.018737131609776525,320,advanced
S3,7,LSHADE-lite,0.3171170307658049,0.7320191189992111,1.6181368000572178,0.08940777926231126,0.82,0.18,0.09353572419325763,0.9990460431664865,0.0009539568335135418,1.0178118207316114,0.9812628683902235,0.6756287974103155,0.2910566584275882,0.13818435351232675,0.67,0.6764400000101887,320,1,0.7310015991884572,0.7426358664881927,0.0009539568335135418,0.07987955954917009,0.018737131609776525,320,advanced
S3,7,CMAES-lite,0.3171170307658049,0.7320191189992111,1.6181368000572178,0.08940777926231126,0.82,0.18,0.09353572419325763,0.9990460431664865,0.0009539568335135418,1.0178118207316114,0.9812628683902235,0.6756287974103155,0.2910566584275882,0.13818435351232675,0.67,0.7144269000273198,320,1,0.7310015991884572,0.7426358664881927,0.0009539568335135418,0.07987955954917009,0.018737131609776525,320,advanced
S3,7,GWO,0.3171170307658049,0.7320191189992111,1.6181368000572178,0.08940777926231126,0.82,0.18,0.09353572419325763,0.9990460431664865,0.0009539568335135418,1.0178118207316114,0.9812628683902235,0.6756287974103155,0.2910566584275882,0.13818435351232675,0.67,0.7723734999890439,320,1,0.7310015991884572,0.7426358664881927,0.0009539568335135418,0.07987955954917009,0.018737131609776525,320,advanced
S4,0,RFOTO-ABC,0.27381377616172525,0.6303547613717534,1.4672753360738955,0.08680208861569208,0.88,0.12,0.04751174033644233,0.9981123777554411,0.0018876222445587953,1.0157992386952726,0.9908274869812297,0.8486350111918559,0.3047783953658019,0.0962155231104372,0.9,0.9385951000149362,320,1,0.5963334383724964,0.6982192106507117,0.0018876222445587953,0.07297653427706824,0.009172513018770312,320,advanced
S4,0,Standard-ABC,0.6597192369371057,1.4089118006364116,3.7094375046051304,0.173322061598466,0.36,0.64,0.5861157340367332,0.9978987722711049,0.002101227728895061,1.0370689349454114,0.8952795212635588,0.32642250540554013,0.2586527897633381,0.342008172741684,0.34,1.015891399991233,320,1,1.4209223778953641,0.921881320018312,0.002101227728895061,0.6003125084170904,0.10472047873644119,320,advanced
S4,0,GA,0.5687394737946323,1.2741722592594875,3.7094375046051304,0.15668448908679322,0.4,0.6,0.4860960201426673,0.9980396172080372,0.001960382791962699,1.0641400944470831,0.9138687226476085,0.330564107198589,0.22789542322392772,0.3070001142573624,0.35,1.1051249000011012,320,1,1.2444688732148792,0.8205767968748252,0.001960382791962699,0.48489587119375016,0.08613127735239146,320,advanced
S4,0,PSO,0.7422890359727397,1.645762513995081,4.1468287540782285,0.17806247134096076,0.22,0.78,0.7542708849669808,0.9994103270510242,0.0005896729489758245,1.0422484558197758,0.8820803680598793,0.30419646785161697,0.22789542322392772,0.36562760637727865,0.14,0.9629845999879763,320,1,1.629902881920991,0.8837362095066359,0.0005896729489758245,0.7377880187427331,0.11791963194012067,320,advanced
S4,0,DE,0.9485732391002606,1.9928882215756172,5.397483925875782,0.21315265927991034,0.17,0.83,1.12450696450458,0.9978727383129331,0.002127261687067018,1.0904200817581415,0.8616451661062317,0.2248564404280386,0.08236009653724184,0.4007125465611685,0.16,0.9659241000190377,320,1,1.993728343614885,1.071977991581877,0.002127261687067018,1.0726631081511164,0.13835483389376835,320,advanced
S4,0,Gbest-ABC,0.275534040029082,0.6281001522456704,1.4672753360738955,0.08725775759423694,0.88,0.12,0.04751174033644232,0.997994337368856,0.002005662631143974,1.016713246654433,0.9908269636636565,0.8486350111918559,0.3047783953658019,0.09621829316333966,0.9,0.9474831999978051,320,1,0.5951467631072633,0.7115075180421252,0.002005662631143974,0.07297653427706824,0.009173036336343476,320,advanced
S4,0,MeABC,0.275534040029082,0.6281001522456704,1.4672753360738955,0.08725775759423694,0.88,0.12,0.04751174033644232,0.997994337368856,0.002005662631143974,1.016713246654433,0.9908269636636565,0.8486350111918559,0.3047783953658019,0.09621829316333966,0.9,0.9647765000117943,320,1,0.5951467631072633,0.7115075180421252,0.002005662631143974,0.07297653427706824,0.009173036336343476,320,advanced
S4,0,JADE,0.275534040029082,0.6281001522456704,1.4672753360738955,0.08725775759423694,0.88,0.12,0.04751174033644232,0.997994337368856,0.002005662631143974,1.016713246654433,0.9908269636636565,0.8486350111918559,0.3047783953658019,0.09621829316333966,0.9,0.9140675999806263,320,1,0.5951467631072633,0.7115075180421252,0.002005662631143974,0.07297653427706824,0.009173036336343476,320,advanced
S4,0,LSHADE-lite,0.275534040029082,0.6281001522456704,1.4672753360738955,0.08725775759423694,0.88,0.12,0.04751174033644232,0.997994337368856,0.002005662631143974,1.016713246654433,0.9908269636636565,0.8486350111918559,0.3047783953658019,0.09621829316333966,0.9,0.9206697999616154,320,1,0.5951467631072633,0.7115075180421252,0.002005662631143974,0.07297653427706824,0.009173036336343476,320,advanced
S4,0,CMAES-lite,0.275534040029082,0.6281001522456704,1.4672753360738955,0.08725775759423694,0.88,0.12,0.04751174033644232,0.997994337368856,0.002005662631143974,1.016713246654433,0.9908269636636565,0.8486350111918559,0.3047783953658019,0.09621829316333966,0.9,0.9892408000305295,320,1,0.5951467631072633,0.7115075180421252,0.002005662631143974,0.07297653427706824,0.009173036336343476,320,advanced
S4,0,GWO,0.275534040029082,0.6281001522456704,1.4672753360738955,0.08725775759423694,0.88,0.12,0.04751174033644232,0.997994337368856,0.002005662631143974,1.016713246654433,0.9908269636636565,0.8486350111918559,0.3047783953658019,0.09621829316333966,0.9,0.9889733000309207,320,1,0.5951467631072633,0.7115075180421252,0.002005662631143974,0.07297653427706824,0.009173036336343476,320,advanced
S4,1,RFOTO-ABC,0.3041534512660814,0.6975710757007206,1.7744698852908576,0.08432716503824014,0.83,0.17,0.1052077913655898,0.9975446707434802,0.002455329256519737,1.0218402867204002,0.9776944276678022,0.5692845887940948,0.292904136538676,0.15104456946130124,0.85,0.9001711999881081,320,1,0.6654199536018234,0.6887702207887608,0.002455329256519737,0.12258411218471137,0.022305572332197765,320,advanced
S4,1,Standard-ABC,0.6842067532700044,1.4482078887599183,3.6592185717850714,0.1770561949676529,0.3,0.7,0.6270391301194228,0.9981370938773918,0.001862906122608211,1.0567839721969632,0.8948696805509485,0.3254954955859739,0.18883125699672756,0.34275523381916234,0.27,1.003720999986399,320,1,1.4807449642460468,0.9495601348562015,0.001862906122608211,0.6217774513527317,0.10513031944905149,320,advanced
S4,1,GA,0.5371921254299952,1.1812104223642634,3.4904129727206814,0.14585617072453372,0.41,0.59,0.4687586661540532,0.9974696291939888,0.0025303708060110995,1.0755466723950213,0.9135663353743748,0.3682915139122369,0.23173462050132906,0.3075894386723967,0.33,0.9430506999487989,320,1,1.193013083355401,0.8307125216269118,0.0025303708060110995,0.4034434099682484,0.08643366462562518,320,advanced
S4,1,PSO,0.7635660473855719,1.7056642585099708,4.800835473388343,0.16107754717262046,0.22,0.78,0.8170094637487137,0.9983493584338504,0.0016506415661494667,1.065106421336609,0.8766415845791028,0.26269004890469216,0.09464579400510986,0.37512270980626855,0.18,1.0776436000014655,320,1,1.6713276490076585,0.8891876122320969,0.0016506415661494667,0.774088410689913,0.1233584154208972,320,advanced
S4,1,DE,0.8845980974413604,1.7927540119921925,4.66618304518012,0.19801233660715975,0.14,0.86,0.8916060111034618,0.9991375902298613,0.0008624097701387545,1.0741627808977823,0.8724572114316104,0.2894725256714214,0.1446860972379376,0.38234541419085777,0.08,0.9803847000002861,320,1,1.9063322243202283,1.0057683754117293,0.0008624097701387545,0.9513835392410313,0.12754278856838963,320,advanced
S4,1,Gbest-ABC,0.3043806128824626,0.6961045334160392,1.7114506377539638,0.08503804741744837,0.82,0.18,0.10374084637778976,0.9975312934846887,0.002468706515311172,1.0222306775135028,0.9780410082426059,0.5701059196309138,0.292904136538676,0.1498399658903342,0.84,1.0103135000099428,320,1,0.6653371265059429,0.6923186698727746,0.002468706515311172,0.12164376283355749,0.02195899175739413,320,advanced
S4,1,MeABC,0.3043806128824626,0.6961045334160392,1.7114506377539638,0.08503804741744837,0.82,0.18,0.10374084637778976,0.9975312934846887,0.002468706515311172,1.0222306775135028,0.9780410082426059,0.5701059196309138,0.292904136538676,0.1498399658903342,0.84,1.0153970999526791,320,1,0.6653371265059429,0.6923186698727746,0.002468706515311172,0.12164376283355749,0.02195899175739413,320,advanced
S4,1,JADE,0.3043806128824626,0.6961045334160392,1.7114506377539638,0.08503804741744837,0.82,0.18,0.10374084637778976,0.9975312934846887,0.002468706515311172,1.0222306775135028,0.9780410082426059,0.5701059196309138,0.292904136538676,0.1498399658903342,0.84,0.9292460000142455,320,1,0.6653371265059429,0.6923186698727746,0.002468706515311172,0.12164376283355749,0.02195899175739413,320,advanced
S4,1,LSHADE-lite,0.30437588797786613,0.69606857208381,1.7114506377539638,0.08503804741744837,0.82,0.18,0.10375083475180398,0.9975312934846887,0.002468706515311172,1.0222306775135028,0.9780380652461902,0.5701059196309138,0.292904136538676,0.14985023196390326,0.84,0.9542583999573253,320,1,0.6653100582858522,0.6923186698727746,0.002468706515311172,0.12165016563741277,0.02196193475380981,320,advanced
S4,1,CMAES-lite,0.3043806128824626,0.6961045334160392,1.7114506377539638,0.08503804741744837,0.82,0.18,0.10374084637778976,0.9975312934846887,0.002468706515311172,1.0222306775135028,0.9780410082426059,0.5701059196309138,0.292904136538676,0.1498399658903342,0.84,1.0018889000057243,320,1,0.6653371265059429,0.6923186698727746,0.002468706515311172,0.12164376283355749,0.02195899175739413,320,advanced
S4,1,GWO,0.3043806128824626,0.6961045334160392,1.7114506377539638,0.08503804741744837,0.82,0.18,0.10374084637778976,0.9975312934846887,0.002468706515311172,1.0222306775135028,0.9780410082426059,0.5701059196309138,0.292904136538676,0.1498399658903342,0.84,0.9309950000024401,320,1,0.6653371265059429,0.6923186698727746,0.002468706515311172,0.12164376283355749,0.02195899175739413,320,advanced
S4,2,RFOTO-ABC,0.2723059501327273,0.6445990350927892,1.5300403678126788,0.08508024480745786,0.86,0.14,0.1041394185723451,0.9994474621739772,0.0005525378260228086,1.0189520823348577,0.9774064219705317,0.5471488568296238,0.3301688116596209,0.15203896783087664,0.76,0.9386156999971718,320,1,0.5732675238323632,0.7113410698963214,0.0005525378260228086,0.07515345768225358,0.022593578029468264,320,advanced
S4,2,Standard-ABC,0.6155074528902211,1.4655176851338825,4.241615602257,0.14057243283543455,0.4,0.6,0.6036745454384451,0.9988439707276839,0.001156029272316047,1.0690006989979886,0.8891295405222758,0.28223686343565074,0.24731509281569503,0.3531225109117685,0.21,0.9828363999840803,320,1,1.3367455420968941,0.880355537996472,0.001156029272316047,0.5296238475616197,0.11087045947772423,320,advanced
S4,2,GA,0.49750179877910655,1.1281165977609486,3.269407429818256,0.1346868888918491,0.5,0.5,0.4230259178569711,0.9970985506144204,0.0029014493855796853,1.0804323137377259,0.9179372401028222,0.3434799999251468,0.2650675834088749,0.29899681685134094,0.36,0.9112390999798663,320,1,1.0577411820444313,0.8998375562671234,0.0029014493855796853,0.34080466386495034,0.08206275989717782,320,advanced
S4,2,PSO,0.6756432940296664,1.5527992873386744,4.269711850555243,0.15725588490799225,0.34,0.66,0.6737223106833258,0.9992608684748341,0.0007391315251659958,1.0668118569339982,0.8807127690703855,0.29045332477353697,0.20450963691793586,0.36802712761210993,0.15,1.0667110999929719,320,1,1.4552240183746574,0.9756204294327305,0.0007391315251659958,0.5898132563064684,0.11928723092961446,320,advanced
S4,2,DE,0.7741542005935002,1.7353987382073397,4.385432070918641,0.18507906498021862,0.29,0.71,0.8010768640386918,0.9989424631306925,0.0010575368693074882,1.0575615730018868,0.8624583257328798,0.27359369389636107,0.16580255822896636,0.3993448552579478,0.12,0.9448869999614544,320,1,1.628010058805878,1.0474901425378673,0.0010575368693074882,0.756741623989684,0.13754167426712016,320,advanced
S4,2,Gbest-ABC,0.27345516017836313,0.6495102768188317,1.5300403678126788,0.08534414865666032,0.86,0.14,0.1041394185723451,0.998748740296381,0.0012512597036187934,1.0222283924717714,0.9773968889390118,0.5471488568296238,0.3301688116596209,0.152071781373273,0.76,0.9274101000046358,320,1,0.5751495735621327,0.7149245584492973,0.0012512597036187934,0.07515345768225358,0.022603111060988224,320,advanced
S4,2,MeABC,0.27345516017836313,0.6495102768188317,1.5300403678126788,0.08534414865666032,0.86,0.14,0.1041394185723451,0.998748740296381,0.0012512597036187934,1.0222283924717714,0.9773968889390118,0.5471488568296238,0.3301688116596209,0.152071781373273,0.76,0.9118032000260428,320,1,0.5751495735621327,0.7149245584492973,0.0012512597036187934,0.07515345768225358,0.022603111060988224,320,advanced
S4,2,JADE,0.27345516017836313,0.6495102768188317,1.5300403678126788,0.08534414865666032,0.86,0.14,0.1041394185723451,0.998748740296381,0.0012512597036187934,1.0222283924717714,0.9773968889390118,0.5471488568296238,0.3301688116596209,0.152071781373273,0.76,0.9036228000186384,320,1,0.5751495735621327,0.7149245584492973,0.0012512597036187934,0.07515345768225358,0.022603111060988224,320,advanced
S4,2,LSHADE-lite,0.27345516017836313,0.6495102768188317,1.5300403678126788,0.08534414865666032,0.86,0.14,0.1041394185723451,0.998748740296381,0.0012512597036187934,1.0222283924717714,0.9773968889390118,0.5471488568296238,0.3301688116596209,0.152071781373273,0.76,0.9011812999960966,320,1,0.5751495735621327,0.7149245584492973,0.0012512597036187934,0.07515345768225358,0.022603111060988224,320,advanced
S4,2,CMAES-lite,0.27345516017836313,0.6495102768188317,1.5300403678126788,0.08534414865666032,0.86,0.14,0.1041394185723451,0.998748740296381,0.0012512597036187934,1.0222283924717714,0.9773968889390118,0.5471488568296238,0.3301688116596209,0.152071781373273,0.76,0.9964327999623492,320,1,0.5751495735621327,0.7149245584492973,0.0012512597036187934,0.07515345768225358,0.022603111060988224,320,advanced
S4,2,GWO,0.27345516017836313,0.6495102768188317,1.5300403678126788,0.08534414865666032,0.86,0.14,0.1041394185723451,0.998748740296381,0.0012512597036187934,1.0222283924717714,0.9773968889390118,0.5471488568296238,0.3301688116596209,0.152071781373273,0.76,1.0386179000488482,320,1,0.5751495735621327,0.7149245584492973,0.0012512597036187934,0.07515345768225358,0.022603111060988224,320,advanced
S4,3,RFOTO-ABC,0.292477610451897,0.631441213267646,1.3088328989851967,0.07765352546622498,0.93,0.07,0.08026555268054374,0.9986037492305282,0.0013962507694719151,1.0142764605961991,0.983044240153097,0.754326080298253,0.30070607304456975,0.13133246538094687,0.86,0.9473273999756202,320,1,0.6456512983993556,0.6265327499368314,0.0013962507694719151,0.13704903692241416,0.016955759846903007,320,advanced
S4,3,Standard-ABC,0.6641932462530278,1.4711932432570543,3.9484365408777022,0.17734401684873893,0.38,0.62,0.5990417228260018,0.9966866276477836,0.0033133723522162564,1.1212913453683084,0.8911856036727375,0.300478258342581,0.21965151677202263,0.3494291223484104,0.27,0.9971450999728404,320,1,1.4485996335122318,0.866735637447674,0.0033133723522162564,0.6201926333531448,0.10881439632726253,320,advanced
S4,3,GA,0.5426260621381399,1.229487292400246,3.940986444349055,0.13942947013103724,0.5,0.5,0.4199774930271667,0.9978371124348075,0.002162887565192414,1.0551377101737518,0.9188895904882582,0.32608985802669727,0.2810819095486157,0.2971027222995664,0.41,0.9903427999815904,320,1,1.180879905928541,0.8667827837165369,0.002162887565192414,0.41915811663489744,0.08111040951174175,320,advanced
S4,3,PSO,0.7672438127888678,1.795060090064598,4.572401124489158,0.19269851084686798,0.25,0.75,0.7826119813714546,0.9996678540158603,0.00033214598413955023,1.0249224556184093,0.8691480850155034,0.2833777364048233,0.21950034891393688,0.38801020904786465,0.17,1.065908099990338,320,1,1.637602061522392,1.0044172687576187,0.00033214598413955023,0.7499459626004986,0.13085191498449655,320,advanced
S4,3,DE,0.9088834818958161,2.0127491013780903,5.115137166506231,0.20269676842827902,0.22,0.78,1.0200413353158986,0.998614769931909,0.0013852300680909702,1.0616610940628608,0.8455946748711096,0.20331990638464145,0.1278717016879134,0.42731684914655177,0.22,1.0220583000336774,320,1,1.8920313480386721,1.1084829396987925,0.0013852300680909702,0.9846614365935098,0.15440532512889038,320,advanced
S4,3,Gbest-ABC,0.2928868075882729,0.6324559865408009,1.3167473399702734,0.07881116059527966,0.92,0.08,0.08049232164181408,0.998606753287697,0.0013932467123030613,1.0142342345617334,0.9830465902066483,0.754326080298253,0.30070607304456975,0.1313232068131578,0.86,0.9421004999894649,320,1,0.6432802885985739,0.6329854679099329,0.0013932467123030613,0.13718901776270448,0.016953409793351693,320,advanced
S4,3,MeABC,0.2928868075882729,0.6324559865408009,1.3167473399702734,0.07881116059527966,0.92,0.08,0.08049232164181408,0.998606753287697,0.0013932467123030613,1.0142342345617334,0.9830465902066483,0.754326080298253,0.30070607304456975,0.1313232068131578,0.86,0.9527394999749959,320,1,0.6432802885985739,0.6329854679099329,0.0013932467123030613,0.13718901776270448,0.016953409793351693,320,advanced
S4,3,JADE,0.2928868075882729,0.6324559865408009,1.3167473399702734,0.07881116059527966,0.92,0.08,0.08049232164181408,0.998606753287697,0.0013932467123030613,1.0142342345617334,0.9830465902066483,0.754326080298253,0.30070607304456975,0.1313232068131578,0.86,0.9614189999992959,320,1,0.6432802885985739,0.6329854679099329,0.0013932467123030613,0.13718901776270448,0.016953409793351693,320,advanced
S4,3,LSHADE-lite,0.2928868075882729,0.6324559865408009,1.3167473399702734,0.07881116059527966,0.92,0.08,0.08049232164181408,0.998606753287697,0.0013932467123030613,1.0142342345617334,0.9830465902066483,0.754326080298253,0.30070607304456975,0.1313232068131578,0.86,0.8863319999654777,320,1,0.6432802885985739,0.6329854679099329,0.0013932467123030613,0.13718901776270448,0.016953409793351693,320,advanced
S4,3,CMAES-lite,0.2928868075882729,0.6324559865408009,1.3167473399702734,0.07881116059527966,0.92,0.08,0.08049232164181408,0.998606753287697,0.0013932467123030613,1.0142342345617334,0.9830465902066483,0.754326080298253,0.30070607304456975,0.1313232068131578,0.86,1.027777299983427,320,1,0.6432802885985739,0.6329854679099329,0.0013932467123030613,0.13718901776270448,0.016953409793351693,320,advanced
S4,3,GWO,0.2928868075882729,0.6324559865408009,1.3167473399702734,0.07881116059527966,0.92,0.08,0.08049232164181408,0.998606753287697,0.0013932467123030613,1.0142342345617334,0.9830465902066483,0.754326080298253,0.30070607304456975,0.1313232068131578,0.86,0.9995705000474118,320,1,0.6432802885985739,0.6329854679099329,0.0013932467123030613,0.13718901776270448,0.016953409793351693,320,advanced
S4,4,RFOTO-ABC,0.29061222637626943,0.7323283433476093,1.5886750021528142,0.08747183022066585,0.91,0.09,0.0960445201890412,0.9977053813779291,0.002294618622070874,1.0230510120997889,0.9801489333787442,0.5819149877563852,0.21456957974936455,0.14231343052192283,0.87,0.8696894999593496,320,1,0.627035522989174,0.6949667427929276,0.002294618622070874,0.10468700196973671,0.019851066621255797,320,advanced
S4,4,Standard-ABC,0.7053744277406332,1.7396020776301555,4.767458287662514,0.16300389111964855,0.33,0.67,0.6900867095550237,0.9978614772790227,0.0021385227209772782,1.0786025331676468,0.884600397517689,0.2914287693476011,0.1746844856683379,0.3611840731365403,0.25,0.9484572000219487,320,1,1.5179830425810386,0.9041826582042555,0.0021385227209772782,0.6900544937927725,0.11539960248231096,320,advanced
S4,4,GA,0.5807005929883341,1.5131671918722878,4.631051405020744,0.16563584228358016,0.41,0.59,0.5415541962479119,0.998404039290087,0.0015959607099129546,1.039518124598118,0.9036362679508001,0.32714658729441654,0.21456957974936455,0.32655773795105364,0.34,0.9933569999993779,320,1,1.2488502067790102,0.9124119432727779,0.0015959607099129546,0.46740999141320916,0.0963637320491999,320,advanced
S4,4,PSO,0.7879146319886396,1.9799187006414984,5.430475344475146,0.16817617485775063,0.28,0.72,0.8489611511113386,0.9992119464852027,0.0007880535147973478,1.0820362699604356,0.8651918026024992,0.26445596503749835,0.1746844856683379,0.39473165252764225,0.17,1.0903717000037432,320,1,1.6969673896252586,0.9198756053837804,0.0007880535147973478,0.8212504138486932,0.13480819739750083,320,advanced
S4,4,DE,1.0051265824063944,2.4006344001028856,6.610295629950036,0.24427475372975888,0.21,0.79,1.222669309888613,0.9994833182125298,0.0005166817874701834,1.0686851586720967,0.8401451395773638,0.17354535789500247,0.08834605767572858,0.4362001023973485,0.15,0.9706528999959119,320,1,1.9877489251814995,1.411395056751783,0.0005166817874701834,1.08959410870945,0.1598548604226362,320,advanced
S4,4,Gbest-ABC,0.2990069473381636,0.7635598706329312,1.7019297149928811,0.08623728479119654,0.9,0.1,0.12247054074978396,0.9985908857740051,0.0014091142259948985,1.019643834090194,0.9750138195540458,0.5583683095893966,0.21456957974936455,0.16008275519903373,0.86,0.9483571999589913,320,1,0.6403423334085282,0.6952397834284436,0.0014091142259948985,0.12242258623869157,0.024986180445954242,320,advanced
S4,4,MeABC,0.2990069473381636,0.7635598706329312,1.7019297149928811,0.08623728479119654,0.9,0.1,0.12247054074978396,0.9985908857740051,0.0014091142259948985,1.019643834090194,0.9750138195540458,0.5583683095893966,0.21456957974936455,0.16008275519903373,0.86,0.9901778000057675,320,1,0.6403423334085282,0.6952397834284436,0.0014091142259948985,0.12242258623869157,0.024986180445954242,320,advanced
S4,4,JADE,0.2990069473381636,0.7635598706329312,1.7019297149928811,0.08623728479119654,0.9,0.1,0.12247054074978396,0.9985908857740051,0.0014091142259948985,1.019643834090194,0.9750138195540458,0.5583683095893966,0.21456957974936455,0.16008275519903373,0.86,0.9493154999800026,320,1,0.6403423334085282,0.6952397834284436,0.0014091142259948985,0.12242258623869157,0.024986180445954242,320,advanced
S4,4,LSHADE-lite,0.2990069473381636,0.7635598706329312,1.7019297149928811,0.08623728479119654,0.9,0.1,0.12247054074978396,0.9985908857740051,0.0014091142259948985,1.019643834090194,0.9750138195540458,0.5583683095893966,0.21456957974936455,0.16008275519903373,0.86,0.9402089999639429,320,1,0.6403423334085282,0.6952397834284436,0.0014091142259948985,0.12242258623869157,0.024986180445954242,320,advanced
S4,4,CMAES-lite,0.2990069473381636,0.7635598706329312,1.7019297149928811,0.08623728479119654,0.9,0.1,0.12247054074978396,0.9985908857740051,0.0014091142259948985,1.019643834090194,0.9750138195540458,0.5583683095893966,0.21456957974936455,0.16008275519903373,0.86,1.0021891999640502,320,1,0.6403423334085282,0.6952397834284436,0.0014091142259948985,0.12242258623869157,0.024986180445954242,320,advanced
S4,4,GWO,0.2990069473381636,0.7635598706329312,1.7019297149928811,0.08623728479119654,0.9,0.1,0.12247054074978396,0.9985908857740051,0.0014091142259948985,1.019643834090194,0.9750138195540458,0.5583683095893966,0.21456957974936455,0.16008275519903373,0.86,0.9657237000064924,320,1,0.6403423334085282,0.6952397834284436,0.0014091142259948985,0.12242258623869157,0.024986180445954242,320,advanced
S4,5,RFOTO-ABC,0.3072022780817379,0.6376529914071186,1.6758333147185067,0.08585037007119521,0.88,0.12,0.10368000897301431,0.9994107078490789,0.0005892921509210513,1.0196927886863285,0.9791527463094325,0.6182235215040519,0.19957794147371613,0.1459147523919722,0.82,0.9951568000251427,320,1,0.6369111318996119,0.7712826255168789,0.0005892921509210513,0.11614861918213512,0.020847253690567502,320,advanced
S4,5,Standard-ABC,0.6652177302876832,1.39570127111441,3.5140616585746067,0.1378734776733162,0.39,0.61,0.6017384230425078,0.9987824705778866,0.0012175294221134158,1.0469625099692808,0.8942792253893763,0.3215996997345271,0.19957794147371613,0.34382986543591293,0.3,0.9635217000031844,320,1,1.442247272742932,0.8890139113800405,0.0012175294221134158,0.6208088132757115,0.10572077461062368,320,advanced
S4,5,GA,0.6000505883421575,1.306451087930006,3.5145471863235547,0.14627661733019914,0.41,0.59,0.4929836658966443,0.9974919364171235,0.0025080635828764308,1.0750418169114044,0.9105548361198365,0.3829062254691214,0.19957794147371613,0.31341904242027224,0.33,0.950266300002113,320,1,1.3120291824887587,0.87615124189301,0.0025080635828764308,0.5068088765496661,0.08944516388016355,320,advanced
S4,5,PSO,0.7473926570732231,1.6776035727762355,4.7607638137017405,0.15797657001967244,0.28,0.72,0.7770879442157234,0.9989983114329077,0.001001688567092267,1.0647939416899987,0.8704464865520668,0.2891422855408481,0.19957794147371613,0.38579230358355254,0.17,0.9354974000016227,320,1,1.6013591767278492,0.9789723738107796,0.001001688567092267,0.7222945683561418,0.1295535134479332,320,advanced
S4,5,DE,0.9618264454176046,1.9592474014937926,5.627937349591096,0.21490145135981625,0.21,0.79,1.0039772610061135,0.9997535305841381,0.00024646941586201065,1.0527608410354918,0.8479410013092099,0.22418262124993257,0.11040838415074648,0.42347058156811773,0.14,0.9708592999959365,320,1,1.8623765776158094,1.5565348964864985,0.00024646941586201065,0.9595756914155461,0.1520589986907901,320,advanced
S4,5,Gbest-ABC,0.31877697541090116,0.6562146367075847,1.836874450987032,0.08514916519502251,0.88,0.12,0.12366782043948633,0.9996298626893821,0.0003701373106179129,1.015493019227789,0.9747459129312467,0.5071388397375178,0.19957794147371613,0.16096080125764986,0.81,0.9275758999865502,320,1,0.6582390081703647,0.7684067698982804,0.0003701373106179129,0.14037626944452547,0.025254087068753317,320,advanced
S4,5,MeABC,0.31877697541090116,0.6562146367075847,1.836874450987032,0.08514916519502251,0.88,0.12,0.12366782043948633,0.9996298626893821,0.0003701373106179129,1.015493019227789,0.9747459129312467,0.5071388397375178,0.19957794147371613,0.16096080125764986,0.81,0.9339931000140496,320,1,0.6582390081703647,0.7684067698982804,0.0003701373106179129,0.14037626944452547,0.025254087068753317,320,advanced
S4,5,JADE,0.31877697541090116,0.6562146367075847,1.836874450987032,0.08514916519502251,0.88,0.12,0.12366782043948633,0.9996298626893821,0.0003701373106179129,1.015493019227789,0.9747459129312467,0.5071388397375178,0.19957794147371613,0.16096080125764986,0.81,0.9288273000274785,320,1,0.6582390081703647,0.7684067698982804,0.0003701373106179129,0.14037626944452547,0.025254087068753317,320,advanced
S4,5,LSHADE-lite,0.31877697541090116,0.6562146367075847,1.836874450987032,0.08514916519502251,0.88,0.12,0.12366782043948633,0.9996298626893821,0.0003701373106179129,1.015493019227789,0.9747459129312467,0.5071388397375178,0.19957794147371613,0.16096080125764986,0.81,0.9056079000001773,320,1,0.6582390081703647,0.7684067698982804,0.0003701373106179129,0.14037626944452547,0.025254087068753317,320,advanced
S4,5,CMAES-lite,0.31877697541090116,0.6562146367075847,1.836874450987032,0.08514916519502251,0.88,0.12,0.12366782043948633,0.9996298626893821,0.0003701373106179129,1.015493019227789,0.9747459129312467,0.5071388397375178,0.19957794147371613,0.16096080125764986,0.81,0.9648950999835506,320,1,0.6582390081703647,0.7684067698982804,0.0003701373106179129,0.14037626944452547,0.025254087068753317,320,advanced
S4,5,GWO,0.31877697541090116,0.6562146367075847,1.836874450987032,0.08514916519502251,0.88,0.12,0.12366782043948633,0.9996298626893821,0.0003701373106179129,1.015493019227789,0.9747459129312467,0.5071388397375178,0.19957794147371613,0.16096080125764986,0.81,0.9504654000047594,320,1,0.6582390081703647,0.7684067698982804,0.0003701373106179129,0.14037626944452547,0.025254087068753317,320,advanced
S4,6,RFOTO-ABC,0.2711250473437559,0.6666588781673068,1.5129084933731136,0.07318421129659228,0.92,0.08,0.07439147052160563,0.997584584763499,0.002415415236501025,1.0276972398581992,0.9835041980391557,0.8934164643646431,0.3345808272530814,0.1295085998181993,0.89,0.9093977999873459,320,1,0.5762595931569593,0.6848612915502725,0.002415415236501025,0.08549400792219335,0.016495801960844325,320,advanced
S4,6,Standard-ABC,0.6525354539410514,1.5465182349648663,3.9877777517795505,0.19712641508830736,0.4,0.6,0.6415703749715799,0.9968057323759996,0.003194267624000492,1.1048200960375312,0.8875697981453662,0.34328506094040234,0.10925126215164138,0.3559100383042375,0.31,0.9826278999680653,320,1,1.356276806345424,1.0305947759025236,0.003194267624000492,0.5654946086652867,0.11243020185463382,320,advanced
S4,6,GA,0.5282076216293072,1.2718978408594745,3.0170945186810267,0.1654483815961613,0.48,0.52,0.42251022821706535,0.9983513899258544,0.001648610074145709,1.0623520799632677,0.9177287774810512,0.35049292485340394,0.2677685130169603,0.29941034404492906,0.42,0.974006200034637,320,1,1.1615459073462424,0.8574469997844806,0.001648610074145709,0.3861347577296123,0.0822712225189488,320,advanced
S4,6,PSO,0.7709469358698237,1.8699329781980962,4.0658220060473385,0.2137078838980734,0.29,0.71,0.7945764752507033,0.999769332666244,0.00023066733375592063,1.0348466333903603,0.8711929830508561,0.3330540194659912,0.11937994664230381,0.3845143718098742,0.15,0.8685304000391625,320,1,1.6438140967963835,0.9985322593433296,0.00023066733375592063,0.7633855470404222,0.12880701694914387,320,advanced
S4,6,DE,0.8675731809782833,1.986913278061326,4.444932208494122,0.2109990098898849,0.29,0.71,0.9505137691133412,0.9995701132938817,0.0004298867061184064,1.0457598632004979,0.8468820860417314,0.24454612320406338,0.1115527631402475,0.4252080996590486,0.19,0.9036888999980874,320,1,1.8356835225230708,0.9729861617282508,0.0004298867061184064,0.9586028466132559,0.15311791395826857,320,advanced
S4,6,Gbest-ABC,0.2718897660006364,0.6687355682796047,1.6669059297064595,0.07331890698404896,0.92,0.08,0.07624012741063148,0.9976320307201902,0.0023679692798096773,1.0275994384505567,0.9829822959837213,0.9027651741176446,0.3345808272530814,0.13157628947905115,0.89,0.9279428999871016,320,1,0.5768869209734441,0.6864801680099484,0.0023679692798096773,0.0866790443895176,0.017017704016278667,320,advanced
S4,6,MeABC,0.2718897660006364,0.6687355682796047,1.6669059297064595,0.07331890698404896,0.92,0.08,0.07624012741063148,0.9976320307201902,0.0023679692798096773,1.0275994384505567,0.9829822959837213,0.9027651741176446,0.3345808272530814,0.13157628947905115,0.89,0.9184791999869049,320,1,0.5768869209734441,0.6864801680099484,0.0023679692798096773,0.0866790443895176,0.017017704016278667,320,advanced
S4,6,JADE,0.2718897660006364,0.6687355682796047,1.6669059297064595,0.07331890698404896,0.92,0.08,0.07624012741063148,0.9976320307201902,0.0023679692798096773,1.0275994384505567,0.9829822959837213,0.9027651741176446,0.3345808272530814,0.13157628947905115,0.89,0.919624499976635,320,1,0.5768869209734441,0.6864801680099484,0.0023679692798096773,0.0866790443895176,0.017017704016278667,320,advanced
S4,6,LSHADE-lite,0.2718897660006364,0.6687355682796047,1.6669059297064595,0.07331890698404896,0.92,0.08,0.07624012741063148,0.9976320307201902,0.0023679692798096773,1.0275994384505567,0.9829822959837213,0.9027651741176446,0.3345808272530814,0.13157628947905115,0.89,0.9277861000155099,320,1,0.5768869209734441,0.6864801680099484,0.0023679692798096773,0.0866790443895176,0.017017704016278667,320,advanced
S4,6,CMAES-lite,0.2718897660006364,0.6687355682796047,1.6669059297064595,0.07331890698404896,0.92,0.08,0.07624012741063148,0.9976320307201902,0.0023679692798096773,1.0275994384505567,0.9829822959837213,0.9027651741176446,0.3345808272530814,0.13157628947905115,0.89,0.9031021999544464,320,1,0.5768869209734441,0.6864801680099484,0.0023679692798096773,0.0866790443895176,0.017017704016278667,320,advanced
S4,6,GWO,0.2718897660006364,0.6687355682796047,1.6669059297064595,0.07331890698404896,0.92,0.08,0.07624012741063148,0.9976320307201902,0.0023679692798096773,1.0275994384505567,0.9829822959837213,0.9027651741176446,0.3345808272530814,0.13157628947905115,0.89,0.9518533999798819,320,1,0.5768869209734441,0.6864801680099484,0.0023679692798096773,0.0866790443895176,0.017017704016278667,320,advanced
S4,7,RFOTO-ABC,0.2766377945311663,0.6922063136910279,1.6400040410296124,0.08991405251365307,0.87,0.13,0.07962622308947546,0.9982501268181331,0.0017498731818669155,1.0249285729596884,0.9819480973943115,0.5875235398081148,0.4039895575930193,0.13558674172851748,0.81,0.9813787000020966,320,1,0.6233851523509382,0.6820537889002055,0.0017498731818669155,0.061702712324697456,0.018051902605688452,320,advanced
S4,7,Standard-ABC,0.7502914368869694,1.692540940436545,4.908380309973125,0.18322084240354616,0.4,0.6,0.7480151854888962,0.9990183842545579,0.0009816157454421138,1.0525192947783837,0.8723956924437085,0.28040711403014473,0.1398561723516766,0.3824510973128599,0.32,0.9401051999884658,320,1,1.613781580363727,0.867160328992404,0.0009816157454421138,0.7897400926585794,0.12760430755629149,320,advanced
S4,7,GA,0.592656204447676,1.4151713975275888,4.066297841154448,0.16502662101032875,0.44,0.56,0.5622519447523951,0.9977901454222871,0.002209854577712914,1.0709331809141502,0.8982225572607156,0.31586673472115673,0.19053447777996288,0.33661525097308925,0.32,0.9974055000348017,320,1,1.2955564693378365,0.8077741727190879,0.002209854577712914,0.5275694955156734,0.10177744273928435,320,advanced
S4,7,PSO,0.8438697906395757,1.9152482094685395,5.108227791590279,0.22248070028358163,0.29,0.71,0.8577804024737026,0.9992342068139587,0.0007657931860413236,1.0661558974523075,0.8613107942862648,0.2637995226620509,0.18545109739312055,0.40127433663029316,0.11,1.0443977999966592,320,1,1.8105554852576389,0.9451246809740228,0.0007657931860413236,0.9140227107391765,0.13868920571373522,320,advanced
S4,7,DE,1.0399089947989997,2.29286128512365,5.924023034322078,0.2499993799557255,0.27,0.73,1.248840550555676,0.9996165113909842,0.0003834886090157152,1.0661740660130634,0.8334759339289948,0.18991494143373966,0.05202687131074734,0.4469839933095974,0.18,0.9809113999945112,320,1,2.1162798864988916,1.2252744172574832,0.0003834886090157152,1.2079702118128006,0.16652406607100523,320,advanced
S4,7,Gbest-ABC,0.2916794810784673,0.7052668011119475,1.6810995722969304,0.09474363249436524,0.84,0.16,0.09349853153190091,0.9983135037167787,0.0016864962832212394,1.02436683256517,0.9793716101488781,0.5627263060364327,0.4039895575930193,0.14513057299384344,0.8,0.9379079000209458,320,1,0.6436511033666805,0.7047474426478919,0.0016864962832212394,0.08649212442120338,0.02062838985112192,320,advanced
S4,7,MeABC,0.2916794810784673,0.7052668011119475,1.6810995722969304,0.09474363249436524,0.84,0.16,0.09349853153190091,0.9983135037167787,0.0016864962832212394,1.02436683256517,0.9793716101488781,0.5627263060364327,0.4039895575930193,0.14513057299384344,0.8,0.875844500027597,320,1,0.6436511033666805,0.7047474426478919,0.0016864962832212394,0.08649212442120338,0.02062838985112192,320,advanced
S4,7,JADE,0.2916794810784673,0.7052668011119475,1.6810995722969304,0.09474363249436524,0.84,0.16,0.09349853153190091,0.9983135037167787,0.0016864962832212394,1.02436683256517,0.9793716101488781,0.5627263060364327,0.4039895575930193,0.14513057299384344,0.8,0.9127089999965392,320,1,0.6436511033666805,0.7047474426478919,0.0016864962832212394,0.08649212442120338,0.02062838985112192,320,advanced
S4,7,LSHADE-lite,0.2916794810784673,0.7052668011119475,1.6810995722969304,0.09474363249436524,0.84,0.16,0.09349853153190091,0.9983135037167787,0.0016864962832212394,1.02436683256517,0.9793716101488781,0.5627263060364327,0.4039895575930193,0.14513057299384344,0.8,0.8092068000114523,320,1,0.6436511033666805,0.7047474426478919,0.0016864962832212394,0.08649212442120338,0.02062838985112192,320,advanced
S4,7,CMAES-lite,0.2916794810784673,0.7052668011119475,1.6810995722969304,0.09474363249436524,0.84,0.16,0.09349853153190091,0.9983135037167787,0.0016864962832212394,1.02436683256517,0.9793716101488781,0.5627263060364327,0.4039895575930193,0.14513057299384344,0.8,0.9108808999881148,320,1,0.6436511033666805,0.7047474426478919,0.0016864962832212394,0.08649212442120338,0.02062838985112192,320,advanced
S4,7,GWO,0.2916794810784673,0.7052668011119475,1.6810995722969304,0.09474363249436524,0.84,0.16,0.09349853153190091,0.9983135037167787,0.0016864962832212394,1.02436683256517,0.9793716101488781,0.5627263060364327,0.4039895575930193,0.14513057299384344,0.8,0.9101250999956392,320,1,0.6436511033666805,0.7047474426478919,0.0016864962832212394,0.08649212442120338,0.02062838985112192,320,advanced
S5,0,RFOTO-ABC,0.3548832221736705,0.870423638088298,2.0336734264713914,0.1069548712929497,0.7333333333333333,0.26666666666666666,0.1540103477005427,0.9986354764888552,0.0013645235111448314,1.0222356738129688,0.9690578986779322,0.5689596359890337,0.22924372873040222,0.17868991369200943,0.7466666666666667,1.1057181999785826,320,1,0.7432700795937847,0.8838159833586421,0.0013645235111448314,0.12631633948355553,0.03094210132206776,320,advanced
S5,0,Standard-ABC,0.816832262485446,1.7205617240446927,4.728357096104683,0.17168912295052582,0.29333333333333333,0.7066666666666667,0.78129905330617,0.9967960689307366,0.0032039310692634636,1.0730810917470632,0.8652846377033017,0.27746428885284924,0.22676631019793483,0.3945745456089973,0.3466666666666667,1.184829699981492,320,1,1.660165315746534,1.235960166178606,0.0032039310692634636,0.782195272254657,0.13471536229669834,320,advanced
S5,0,GA,0.640549175015337,1.4770359299950369,4.1962356114850285,0.1403957230490841,0.37333333333333335,0.6266666666666667,0.6341518915402444,0.998673323964149,0.001326676035851039,1.066000251601879,0.8867523823710363,0.2891108582831435,0.22924372873040222,0.35736610221484155,0.32,1.1283624999923632,320,1,1.38605048679017,0.8718439767352957,0.001326676035851039,0.5840299158239419,0.11324761762896374,320,advanced
S5,0,PSO,0.8911109855508818,2.0173738792001576,4.878674831050818,0.16835811671941864,0.17333333333333334,0.8266666666666667,0.979771048589063,0.9990887802879714,0.0009112197120283734,1.0845478997458349,0.8493175833306618,0.2786805662693715,0.22924372873040222,0.4212076310903043,0.16,1.23400739999488,320,1,1.8673336151894895,1.0983224064846706,0.0009112197120283734,0.9469784573520098,0.15068241666933824,320,advanced
S5,0,DE,1.1030563199637253,2.5533716149033383,6.499540796552905,0.2429794601506618,0.16,0.84,1.4129009423386485,0.9993660836460432,0.0006339163539568552,1.054048198403551,0.8298776608517512,0.23467261091550812,0.03489762591975204,0.4527658219320061,0.12666666666666668,1.180454000015743,320,1,2.1605081360770857,1.5509281307301277,0.0006339163539568552,1.2185797287676232,0.1701223391482488,320,advanced
S5,0,Gbest-ABC,0.35876849368591895,0.8705349881504033,2.0336734264713914,0.10890557353278708,0.72,0.28,0.1612070881102998,0.9986472469910657,0.001352753008934271,1.021978887260541,0.9681999755164772,0.5689596359890337,0.22924372873040222,0.18123046030818124,0.7266666666666667,1.1286065999884158,320,1,0.7461505006435809,0.8934629036735526,0.001352753008934271,0.13268351479870205,0.031800024483522815,320,advanced
S5,0,MeABC,0.35876849368591895,0.8705349881504033,2.0336734264713914,0.10890557353278708,0.72,0.28,0.1612070881102998,0.9986472469910657,0.001352753008934271,1.021978887260541,0.9681999755164772,0.5689596359890337,0.22924372873040222,0.18123046030818124,0.7266666666666667,1.138162099989131,320,1,0.7461505006435809,0.8934629036735526,0.001352753008934271,0.13268351479870205,0.031800024483522815,320,advanced
S5,0,JADE,0.35876849368591895,0.8705349881504033,2.0336734264713914,0.10890557353278708,0.72,0.28,0.1612070881102998,0.9986472469910657,0.001352753008934271,1.021978887260541,0.9681999755164772,0.5689596359890337,0.22924372873040222,0.18123046030818124,0.7266666666666667,1.1750848999945447,320,1,0.7461505006435809,0.8934629036735526,0.001352753008934271,0.13268351479870205,0.031800024483522815,320,advanced
S5,0,LSHADE-lite,0.35876849368591895,0.8705349881504033,2.0336734264713914,0.10890557353278708,0.72,0.28,0.1612070881102998,0.9986472469910657,0.001352753008934271,1.021978887260541,0.9681999755164772,0.5689596359890337,0.22924372873040222,0.18123046030818124,0.7266666666666667,1.0993818999850191,320,1,0.7461505006435809,0.8934629036735526,0.001352753008934271,0.13268351479870205,0.031800024483522815,320,advanced
S5,0,CMAES-lite,0.35876849368591895,0.8705349881504033,2.0336734264713914,0.10890557353278708,0.72,0.28,0.1612070881102998,0.9986472469910657,0.001352753008934271,1.021978887260541,0.9681999755164772,0.5689596359890337,0.22924372873040222,0.18123046030818124,0.7266666666666667,1.148572999984026,320,1,0.7461505006435809,0.8934629036735526,0.001352753008934271,0.13268351479870205,0.031800024483522815,320,advanced
S5,0,GWO,0.35876849368591895,0.8705349881504033,2.0336734264713914,0.10890557353278708,0.72,0.28,0.1612070881102998,0.9986472469910657,0.001352753008934271,1.021978887260541,0.9681999755164772,0.5689596359890337,0.22924372873040222,0.18123046030818124,0.7266666666666667,1.1795363000128418,320,1,0.7461505006435809,0.8934629036735526,0.001352753008934271,0.13268351479870205,0.031800024483522815,320,advanced
S5,1,RFOTO-ABC,0.3133092238853307,0.8352211885666001,1.794927235985015,0.10630237696641621,0.7133333333333334,0.2866666666666667,0.1081691485858098,0.9991763052923653,0.0008236947076346464,1.0142378232835663,0.9791669720276478,0.6186324814790318,0.2774241248043494,0.14586389975411862,0.68,1.054509199981112,320,1,0.6879403986998067,0.7938698793551899,0.0008236947076346464,0.07581579667888338,0.020833027972352203,320,advanced
S5,1,Standard-ABC,0.7445490153108576,1.6272441561148578,4.348693962503471,0.18023233119517662,0.36666666666666664,0.6333333333333333,0.6916811594558785,0.9979995032220855,0.0020004967779144282,1.064545852536962,0.8757406515808995,0.315829383523747,0.2195465666246787,0.37668365952982763,0.28,1.1709126000059769,320,1,1.579993930914319,0.9801063975152002,0.0020004967779144282,0.7339822853461996,0.12425934841910047,320,advanced
S5,1,GA,0.6267893413072929,1.5426006924262037,4.109123253337914,0.16986169793877848,0.3933333333333333,0.6066666666666667,0.6145644647718477,0.9984233345070599,0.0015766654929402295,1.0522342295488258,0.8877178852267247,0.3303347637577467,0.20391494043286582,0.3556459004531268,0.2866666666666667,0.9813115000142716,320,1,1.349344902110602,0.9136764374313365,0.0015766654929402295,0.54097599940145,0.11228211477327532,320,advanced
S5,1,PSO,0.823244616752803,1.8731853830226044,4.390124964794369,0.20301975235826228,0.26,0.74,0.8603426101975626,0.9976149087403526,0.00238509125964725,1.1204874283502437,0.865980706327613,0.2937099214269609,0.09195681994118056,0.3933956507949997,0.16,1.3817785999854095,320,1,1.7176496218537083,1.0908320558672047,0.00238509125964725,0.8385099624260307,0.13401929367238696,320,advanced
S5,1,DE,1.1649496502969356,2.404585891919844,7.03604745839017,0.2768991853943442,0.18666666666666668,0.8133333333333334,1.4504803433361377,0.9995770423493116,0.0004229576506884573,1.048727835754208,0.8217411907334655,0.14559605880088933,0.07037129647752438,0.4657554785486397,0.14666666666666667,1.171384500048589,320,1,2.231591807848285,1.7077792610679325,0.0004229576506884573,1.2962455850182268,0.17825880926653448,320,advanced
S5,1,Gbest-ABC,0.31588621761416585,0.8159237828011345,1.9695847770152102,0.11154566545467581,0.7333333333333333,0.26666666666666666,0.10432837263231486,0.9990019221457358,0.000998077854264136,1.0144664609717715,0.9793596798361002,0.5982929980712326,0.35647453546337976,0.14517341887622578,0.6666666666666666,1.1503405999974348,320,1,0.6804392002354898,0.8275806505290357,0.000998077854264136,0.07337462552200101,0.020640320163899828,320,advanced
S5,1,MeABC,0.31588621761416585,0.8159237828011345,1.9695847770152102,0.11154566545467581,0.7333333333333333,0.26666666666666666,0.10432837263231486,0.9990019221457358,0.000998077854264136,1.0144664609717715,0.9793596798361002,0.5982929980712326,0.35647453546337976,0.14517341887622578,0.6666666666666666,1.0727228000178002,320,1,0.6804392002354898,0.8275806505290357,0.000998077854264136,0.07337462552200101,0.020640320163899828,320,advanced
S5,1,JADE,0.31588621761416585,0.8159237828011345,1.9695847770152102,0.11154566545467581,0.7333333333333333,0.26666666666666666,0.10432837263231486,0.9990019221457358,0.000998077854264136,1.0144664609717715,0.9793596798361002,0.5982929980712326,0.35647453546337976,0.14517341887622578,0.6666666666666666,1.0685307999956422,320,1,0.6804392002354898,0.8275806505290357,0.000998077854264136,0.07337462552200101,0.020640320163899828,320,advanced
S5,1,LSHADE-lite,0.31588621761416585,0.8159237828011345,1.9695847770152102,0.11154566545467581,0.7333333333333333,0.26666666666666666,0.10432837263231486,0.9990019221457358,0.000998077854264136,1.0144664609717715,0.9793596798361002,0.5982929980712326,0.35647453546337976,0.14517341887622578,0.6666666666666666,0.9902116000303067,320,1,0.6804392002354898,0.8275806505290357,0.000998077854264136,0.07337462552200101,0.020640320163899828,320,advanced
S5,1,CMAES-lite,0.31588621761416585,0.8159237828011345,1.9695847770152102,0.11154566545467581,0.7333333333333333,0.26666666666666666,0.10432837263231486,0.9990019221457358,0.000998077854264136,1.0144664609717715,0.9793596798361002,0.5982929980712326,0.35647453546337976,0.14517341887622578,0.6666666666666666,1.1582981999963522,320,1,0.6804392002354898,0.8275806505290357,0.000998077854264136,0.07337462552200101,0.020640320163899828,320,advanced
S5,1,GWO,0.31588621761416585,0.8159237828011345,1.9695847770152102,0.11154566545467581,0.7333333333333333,0.26666666666666666,0.10432837263231486,0.9990019221457358,0.000998077854264136,1.0144664609717715,0.9793596798361002,0.5982929980712326,0.35647453546337976,0.14517341887622578,0.6666666666666666,1.098141000024043,320,1,0.6804392002354898,0.8275806505290357,0.000998077854264136,0.07337462552200101,0.020640320163899828,320,advanced
S5,2,RFOTO-ABC,0.3314610945844255,0.7190281417206505,1.4192901663453243,0.09892949989634522,0.7866666666666666,0.21333333333333335,0.08747844904258244,0.998831976369096,0.0011680236309039855,1.0172774151716464,0.9823967101558784,0.6481175469022638,0.38564792248161645,0.13386081665239047,0.6666666666666666,1.1445095000090078,320,1,0.7257741585904836,0.8384283863515352,0.0011680236309039855,0.0855167951251012,0.017603289844121628,320,advanced
S5,2,Standard-ABC,0.7216294454079033,1.5282006373954766,4.169308340562741,0.15567101962334234,0.37333333333333335,0.6266666666666667,0.6863785704814772,0.9979512129403489,0.0020487870596510344,1.0735135350580396,0.8781199346167523,0.2886449338903151,0.22733771421593577,0.37255416335158253,0.22,1.3455053999787197,320,1,1.5638704359353266,0.9260962126026058,0.0020487870596510344,0.692222549257054,0.1218800653832477,320,advanced
S5,2,GA,0.5892119443581102,1.3561538146245846,3.734143877348248,0.1621718995205118,0.43333333333333335,0.5666666666666667,0.5430900363188743,0.9978922539359159,0.0021077460640842554,1.0521488218017052,0.8993162655171734,0.33593038578099577,0.22733771421593577,0.33459807160793686,0.31333333333333335,1.1966878999955952,320,1,1.2667190812766487,0.9407859797176963,0.0021077460640842554,0.46356067078421115,0.10068373448282664,320,advanced
S5,2,PSO,0.9151662607907056,1.9078846900736677,5.164987882889656,0.18526474742643387,0.25333333333333335,0.7466666666666667,0.9759592123332974,0.9982894135653118,0.0017105864346883563,1.1087147249654543,0.8501989268946741,0.24676216501370626,0.1297994615314763,0.4197562641752398,0.12,1.1819619999732822,320,1,1.88844329508495,1.2060999136135273,0.0017105864346883563,0.9573126868988098,0.14980107310532587,320,advanced
S5,2,DE,1.1839224523136382,2.325468801633546,7.391241273801829,0.2671515601432168,0.21333333333333335,0.7866666666666666,1.4083860361748881,0.9991257316945837,0.0008742683054165271,1.0716824010928934,0.8152922239129707,0.14298958061111625,0.07780453334999232,0.47597696955237534,0.17333333333333334,1.1934188000159338,320,1,2.165514442451634,2.0430490833807626,0.0008742683054165271,1.23282183647791,0.18470777608702926,320,advanced
S5,2,Gbest-ABC,0.33147722469345603,0.7190354074258285,1.4192901663453246,0.09884944342553763,0.7866666666666666,0.21333333333333335,0.08747844904258244,0.9988343958138578,0.0011656041861421713,1.0172764995633343,0.9823967522446353,0.6481175469022638,0.38564792248161645,0.13386065375689207,0.6666666666666666,1.1133794999914244,320,1,0.7257386146152298,0.8385984283856005,0.0011656041861421713,0.0855167951251012,0.017603247755364704,320,advanced
S5,2,MeABC,0.33147722469345603,0.7190354074258285,1.4192901663453246,0.09884944342553763,0.7866666666666666,0.21333333333333335,0.08747844904258244,0.9988343958138578,0.0011656041861421713,1.0172764995633343,0.9823967522446353,0.6481175469022638,0.38564792248161645,0.13386065375689207,0.6666666666666666,1.1423730999813415,320,1,0.7257386146152298,0.8385984283856005,0.0011656041861421713,0.0855167951251012,0.017603247755364704,320,advanced
S5,2,JADE,0.33147722469345603,0.7190354074258285,1.4192901663453246,0.09884944342553763,0.7866666666666666,0.21333333333333335,0.08747844904258244,0.9988343958138578,0.0011656041861421713,1.0172764995633343,0.9823967522446353,0.6481175469022638,0.38564792248161645,0.13386065375689207,0.6666666666666666,1.2115056000184268,320,1,0.7257386146152298,0.8385984283856005,0.0011656041861421713,0.0855167951251012,0.017603247755364704,320,advanced
S5,2,LSHADE-lite,0.33147722469345603,0.7190354074258285,1.4192901663453246,0.09884944342553763,0.7866666666666666,0.21333333333333335,0.08747844904258244,0.9988343958138578,0.0011656041861421713,1.0172764995633343,0.9823967522446353,0.6481175469022638,0.38564792248161645,0.13386065375689207,0.6666666666666666,1.0157676999806426,320,1,0.7257386146152298,0.8385984283856005,0.0011656041861421713,0.0855167951251012,0.017603247755364704,320,advanced
S5,2,CMAES-lite,0.33147722469345603,0.7190354074258285,1.4192901663453246,0.09884944342553763,0.7866666666666666,0.21333333333333335,0.08747844904258244,0.9988343958138578,0.0011656041861421713,1.0172764995633343,0.9823967522446353,0.6481175469022638,0.38564792248161645,0.13386065375689207,0.6666666666666666,1.2517516000079922,320,1,0.7257386146152298,0.8385984283856005,0.0011656041861421713,0.0855167951251012,0.017603247755364704,320,advanced
S5,2,GWO,0.33147722469345603,0.7190354074258285,1.4192901663453246,0.09884944342553763,0.7866666666666666,0.21333333333333335,0.08747844904258244,0.9988343958138578,0.0011656041861421713,1.0172764995633343,0.9823967522446353,0.6481175469022638,0.38564792248161645,0.13386065375689207,0.6666666666666666,1.2039313999703154,320,1,0.7257386146152298,0.8385984283856005,0.0011656041861421713,0.0855167951251012,0.017603247755364704,320,advanced
S5,3,RFOTO-ABC,0.3282474157310299,0.7645462297923984,1.7106478494902837,0.09072854425554083,0.7933333333333333,0.20666666666666667,0.12280628011437346,0.9986295976443025,0.0013704023556975146,1.0293847035060266,0.974381251515691,0.5435534875511323,0.25059792655637897,0.162149082464628,0.7333333333333333,1.134410200000275,320,1,0.7409944901677574,0.6952459632649637,0.0013704023556975146,0.13838002382224046,0.025618748484309006,320,advanced
S5,3,Standard-ABC,0.7276235500590602,1.592847084753196,4.5155316606390015,0.17019775238755946,0.4,0.6,0.6902396692142628,0.9974415005613366,0.0025584994386632885,1.0508803301764127,0.8740143913268656,0.2834115841174623,0.22537314002312667,0.3796655372331861,0.24,1.0733374999836087,320,1,1.5436783357520087,0.9980690395694441,0.0025584994386632885,0.6903362759877543,0.12598560867313435,320,advanced
S5,3,GA,0.6041449784608675,1.3815580459618924,4.141838330478377,0.15059648099272618,0.44,0.56,0.5622505593291961,0.999046965715069,0.0009530342849310469,1.0533232191974335,0.8940203798088829,0.33221400892407477,0.22460172788768046,0.34430035453177443,0.2866666666666667,1.0368840000010096,320,1,1.326915404055254,0.8272796663959004,0.0009530342849310469,0.5289465104080607,0.10597962019111706,320,advanced
S5,3,PSO,0.9039135504305634,1.9859541411109316,5.969364598082486,0.2310894614852071,0.3,0.7,0.986428377607465,0.998953521380357,0.0010464786196429307,1.0629163415015022,0.8420086371339346,0.22494886334863126,0.12368748563947488,0.4331700283122976,0.15333333333333332,1.3087459999951534,320,1,1.850729714717874,1.1915734055714002,0.0010464786196429307,0.9543484430461859,0.1579913628660654,320,advanced
S5,3,DE,1.158632881668538,2.468288273417355,7.39144565424157,0.3214634296248287,0.24,0.76,1.5080657633218182,0.9972533927462254,0.0027466072537748005,1.0872346655943708,0.8092948988759399,0.1543879029838042,0.04243003353457508,0.4854312752683483,0.19333333333333333,1.2235100000398234,320,1,2.24963875893572,1.5724500006751831,0.0027466072537748005,1.3248024208558664,0.19070510112406014,320,advanced
S5,3,Gbest-ABC,0.33788592065317136,0.7897842070603605,1.8473942452097423,0.08999520029453874,0.7866666666666666,0.21333333333333335,0.1503175355470237,0.9989190344629422,0.001080965537057832,1.0273234821665633,0.9694444602759286,0.4946752494263527,0.22537314002312667,0.17753480728197832,0.7133333333333334,1.1183552000438794,320,1,0.7572392131387352,0.6870442547226167,0.001080965537057832,0.16287982037629128,0.030555539724071434,320,advanced
S5,3,MeABC,0.33788592065317136,0.7897842070603605,1.8473942452097423,0.08999520029453874,0.7866666666666666,0.21333333333333335,0.1503175355470237,0.9989190344629422,0.001080965537057832,1.0273234821665633,0.9694444602759286,0.4946752494263527,0.22537314002312667,0.17753480728197832,0.7133333333333334,1.0448436999577098,320,1,0.7572392131387352,0.6870442547226167,0.001080965537057832,0.16287982037629128,0.030555539724071434,320,advanced
S5,3,JADE,0.33788592065317136,0.7897842070603605,1.8473942452097423,0.08999520029453874,0.7866666666666666,0.21333333333333335,0.1503175355470237,0.9989190344629422,0.001080965537057832,1.0273234821665633,0.9694444602759286,0.4946752494263527,0.22537314002312667,0.17753480728197832,0.7133333333333334,1.0588884999742731,320,1,0.7572392131387352,0.6870442547226167,0.001080965537057832,0.16287982037629128,0.030555539724071434,320,advanced
S5,3,LSHADE-lite,0.33788592065317136,0.7897842070603605,1.8473942452097423,0.08999520029453874,0.7866666666666666,0.21333333333333335,0.1503175355470237,0.9989190344629422,0.001080965537057832,1.0273234821665633,0.9694444602759286,0.4946752494263527,0.22537314002312667,0.17753480728197832,0.7133333333333334,1.0324631999828853,320,1,0.7572392131387352,0.6870442547226167,0.001080965537057832,0.16287982037629128,0.030555539724071434,320,advanced
S5,3,CMAES-lite,0.33788592065317136,0.7897842070603605,1.8473942452097423,0.08999520029453874,0.7866666666666666,0.21333333333333335,0.1503175355470237,0.9989190344629422,0.001080965537057832,1.0273234821665633,0.9694444602759286,0.4946752494263527,0.22537314002312667,0.17753480728197832,0.7133333333333334,1.0685326000093482,320,1,0.7572392131387352,0.6870442547226167,0.001080965537057832,0.16287982037629128,0.030555539724071434,320,advanced
S5,3,GWO,0.33788592065317136,0.7897842070603605,1.8473942452097423,0.08999520029453874,0.7866666666666666,0.21333333333333335,0.1503175355470237,0.9989190344629422,0.001080965537057832,1.0273234821665633,0.9694444602759286,0.4946752494263527,0.22537314002312667,0.17753480728197832,0.7133333333333334,1.0767674000235274,320,1,0.7572392131387352,0.6870442547226167,0.001080965537057832,0.16287982037629128,0.030555539724071434,320,advanced
S5,4,RFOTO-ABC,0.32706414534018224,0.8479118440797293,1.9295182472247348,0.08921623562010995,0.8,0.2,0.11970288684725773,0.9987361714963195,0.0012638285036804197,1.0168885133884966,0.9762672184019457,0.5228892416180785,0.2244332438013109,0.15591574277839768,0.7466666666666667,0.9994207000127062,320,1,0.7390604095363715,0.7225028194153061,0.0012638285036804197,0.12044374841339699,0.023732781598054253,320,advanced
S5,4,Standard-ABC,0.763736765489611,1.7461212767249306,4.660015597486353,0.15584632951042893,0.30666666666666664,0.6933333333333334,0.7874266218612966,0.9986406001681775,0.0013593998318224957,1.0500477859708581,0.8680305514871578,0.2842269923229872,0.1443650412195459,0.3899143289942553,0.25333333333333335,1.1594028999679722,320,1,1.6461724101847044,0.8917378483825334,0.0013593998318224957,0.7934627537710568,0.1319694485128422,320,advanced
S5,4,GA,0.6650813520845869,1.6145024451450327,4.298929746401674,0.15453418913040995,0.36,0.64,0.6576591525831399,0.9989980461284972,0.001001953871502752,1.0619500975197445,0.8837800755541103,0.3098369791462711,0.1894578815076151,0.36263372509022573,0.32666666666666666,1.0409181999857537,320,1,1.4413720305233793,0.8777597266183101,0.001001953871502752,0.6217640240792459,0.11621992444588969,320,advanced
S5,4,PSO,1.2087947181474055,2.583566956010596,7.263665377045044,0.317093143222918,0.18666666666666668,0.8133333333333334,1.5180048255695617,0.9985728940267691,0.0014271059732308615,1.0724340509948382,0.8174193983311011,0.14711345410317594,0.053480015107611814,0.47261211156153893,0.24666666666666667,1.1702155999955721,320,1,2.2208869273889285,1.9976028414120457,0.0014271059732308615,1.3050401945735421,0.1825806016688989,320,advanced
S5,4,DE,1.2834472677637219,2.991763865770156,8.794132321668373,0.33452236758044346,0.16666666666666666,0.8333333333333334,1.71676215292013,0.9995519435877841,0.0004480564122160158,1.0624214203141846,0.8254839046232769,0.10298353368769238,0.03153287508484289,0.45979414732846563,0.15333333333333332,1.0689865999738686,320,1,2.4719274846083357,1.7003488056019742,0.0004480564122160158,1.5365842007295605,0.17451609537672308,320,advanced
S5,4,Gbest-ABC,0.32706414534018224,0.8479118440797293,1.9295182472247348,0.08921623562010995,0.8,0.2,0.11970288684725773,0.9987361714963195,0.0012638285036804197,1.0168885133884966,0.9762672184019457,0.5228892416180785,0.2244332438013109,0.15591574277839768,0.7466666666666667,1.092502300045453,320,1,0.7390604095363715,0.7225028194153061,0.0012638285036804197,0.12044374841339699,0.023732781598054253,320,advanced
S5,4,MeABC,0.32706414534018224,0.8479118440797293,1.9295182472247348,0.08921623562010995,0.8,0.2,0.11970288684725773,0.9987361714963195,0.0012638285036804197,1.0168885133884966,0.9762672184019457,0.5228892416180785,0.2244332438013109,0.15591574277839768,0.7466666666666667,1.0789186999900267,320,1,0.7390604095363715,0.7225028194153061,0.0012638285036804197,0.12044374841339699,0.023732781598054253,320,advanced
S5,4,JADE,0.32706414534018224,0.8479118440797293,1.9295182472247348,0.08921623562010995,0.8,0.2,0.11970288684725773,0.9987361714963195,0.0012638285036804197,1.0168885133884966,0.9762672184019457,0.5228892416180785,0.2244332438013109,0.15591574277839768,0.7466666666666667,1.072037099977024,320,1,0.7390604095363715,0.7225028194153061,0.0012638285036804197,0.12044374841339699,0.023732781598054253,320,advanced
S5,4,LSHADE-lite,0.32706414534018224,0.8479118440797293,1.9295182472247348,0.08921623562010995,0.8,0.2,0.11970288684725773,0.9987361714963195,0.0012638285036804197,1.0168885133884966,0.9762672184019457,0.5228892416180785,0.2244332438013109,0.15591574277839768,0.7466666666666667,1.094477000006009,320,1,0.7390604095363715,0.7225028194153061,0.0012638285036804197,0.12044374841339699,0.023732781598054253,320,advanced
S5,4,CMAES-lite,0.32706414534018224,0.8479118440797293,1.9295182472247348,0.08921623562010995,0.8,0.2,0.11970288684725773,0.9987361714963195,0.0012638285036804197,1.0168885133884966,0.9762672184019457,0.5228892416180785,0.2244332438013109,0.15591574277839768,0.7466666666666667,1.1240237000165507,320,1,0.7390604095363715,0.7225028194153061,0.0012638285036804197,0.12044374841339699,0.023732781598054253,320,advanced
S5,4,GWO,0.32706414534018224,0.8479118440797293,1.9295182472247348,0.08921623562010995,0.8,0.2,0.11970288684725773,0.9987361714963195,0.0012638285036804197,1.0168885133884966,0.9762672184019457,0.5228892416180785,0.2244332438013109,0.15591574277839768,0.7466666666666667,1.1739166000043042,320,1,0.7390604095363715,0.7225028194153061,0.0012638285036804197,0.12044374841339699,0.023732781598054253,320,advanced
S5,5,RFOTO-ABC,0.3357877045320699,0.7881351256097222,1.8027949556123375,0.08986403212107527,0.8,0.2,0.14634137336055114,0.9984089605515982,0.0015910394484018261,1.0182666258609478,0.9701832477535356,0.4979430064069493,0.18513976248836433,0.17530862468531458,0.7133333333333334,1.1066081000026315,320,1,0.7307301079369477,0.7337490489692109,0.0015910394484018261,0.15300839790320553,0.029816752246464406,320,advanced
S5,5,Standard-ABC,0.7538752746667399,1.6962651885188915,4.874705001358249,0.18858566928246256,0.31333333333333335,0.6866666666666666,0.7725892050453657,0.9971283018407284,0.0028716981592714504,1.107702408398964,0.8710935432944881,0.2634730227445294,0.17453330392868088,0.3846847218045469,0.2866666666666667,1.143924500036519,320,1,1.5743720097265357,1.0916789472192157,0.0028716981592714504,0.7064804880581705,0.12890645670551193,320,advanced
S5,5,GA,0.6244264303777748,1.4651658123376672,4.239709985034019,0.14174990576544577,0.3933333333333333,0.6066666666666667,0.5995059077527317,0.9983827926947513,0.0016172073052486795,1.0676275455750721,0.892855708108254,0.3109005158171431,0.18513976248836433,0.34641275922214204,0.3,1.3753783000283875,320,1,1.3551534571956991,0.8872773530606249,0.0016172073052486795,0.5446055114997788,0.10714429189174601,320,advanced
S5,5,PSO,0.9512340032108828,2.2370505271112,6.224047975149223,0.20184954139121206,0.21333333333333335,0.7866666666666666,1.1951686050323067,0.9990911437783022,0.0009088562216976766,1.0705157011252935,0.8340601498851989,0.20173636935393688,0.07219726621006582,0.4460429309013916,0.14666666666666667,1.2920504999929108,320,1,1.961049672404875,1.1575268137955268,0.0009088562216976766,1.0490792571151015,0.16593985011480106,320,advanced
S5,5,DE,1.3699293294351285,2.680839017094691,7.483482139132764,0.3002227042192077,0.20666666666666667,0.7933333333333333,1.709464103922209,0.9996267980508484,0.00037320194915170394,1.0616739217751694,0.8088641221954106,0.12045691309652219,0.032143335055889496,0.4861086190861178,0.2,1.1978383000241593,320,1,2.512890400232571,2.1107448674719254,0.00037320194915170394,1.5853999087827129,0.1911358778045894,320,advanced
S5,5,Gbest-ABC,0.33620225561290984,0.7877725779163058,1.8027949556123375,0.09045515785400779,0.8066666666666666,0.19333333333333333,0.14743834663621982,0.9983973060311974,0.0016026939688026434,1.0184087854021473,0.9699409356449525,0.4979430064069493,0.18513976248836433,0.1760415098531293,0.7066666666666667,1.103507499967236,320,1,0.730178405890178,0.7360269131982143,0.0016026939688026434,0.153696874854462,0.03005906435504746,320,advanced
S5,5,MeABC,0.33620225561290984,0.7877725779163058,1.8027949556123375,0.09045515785400779,0.8066666666666666,0.19333333333333333,0.14743834663621982,0.9983973060311974,0.0016026939688026434,1.0184087854021473,0.9699409356449525,0.4979430064069493,0.18513976248836433,0.1760415098531293,0.7066666666666667,1.1197099999990314,320,1,0.730178405890178,0.7360269131982143,0.0016026939688026434,0.153696874854462,0.03005906435504746,320,advanced
S5,5,JADE,0.33620225561290984,0.7877725779163058,1.8027949556123375,0.09045515785400779,0.8066666666666666,0.19333333333333333,0.14743834663621982,0.9983973060311974,0.0016026939688026434,1.0184087854021473,0.9699409356449525,0.4979430064069493,0.18513976248836433,0.1760415098531293,0.7066666666666667,1.1865272999857552,320,1,0.730178405890178,0.7360269131982143,0.0016026939688026434,0.153696874854462,0.03005906435504746,320,advanced
S5,5,LSHADE-lite,0.33620225561290984,0.7877725779163058,1.8027949556123375,0.09045515785400779,0.8066666666666666,0.19333333333333333,0.14743834663621982,0.9983973060311974,0.0016026939688026434,1.0184087854021473,0.9699409356449525,0.4979430064069493,0.18513976248836433,0.1760415098531293,0.7066666666666667,1.1148156999843195,320,1,0.730178405890178,0.7360269131982143,0.0016026939688026434,0.153696874854462,0.03005906435504746,320,advanced
S5,5,CMAES-lite,0.33620225561290984,0.7877725779163058,1.8027949556123375,0.09045515785400779,0.8066666666666666,0.19333333333333333,0.14743834663621982,0.9983973060311974,0.0016026939688026434,1.0184087854021473,0.9699409356449525,0.4979430064069493,0.18513976248836433,0.1760415098531293,0.7066666666666667,1.1669225999503396,320,1,0.730178405890178,0.7360269131982143,0.0016026939688026434,0.153696874854462,0.03005906435504746,320,advanced
S5,5,GWO,0.33620225561290984,0.7877725779163058,1.8027949556123375,0.09045515785400779,0.8066666666666666,0.19333333333333333,0.14743834663621982,0.9983973060311974,0.0016026939688026434,1.0184087854021473,0.9699409356449525,0.4979430064069493,0.18513976248836433,0.1760415098531293,0.7066666666666667,1.228326000040397,320,1,0.730178405890178,0.7360269131982143,0.0016026939688026434,0.153696874854462,0.03005906435504746,320,advanced
S5,6,RFOTO-ABC,0.3792793363946454,0.8160766739903927,1.8476630546476094,0.10083337545877458,0.7866666666666666,0.21333333333333335,0.13651362429326902,0.9983499763330781,0.0016500236669217782,1.015142967669571,0.9725512554283615,0.5598020629242972,0.23420570333792698,0.16799834118105034,0.68,1.0229283000226133,320,1,0.8061268655541942,0.8972013331925253,0.0016500236669217782,0.15488041443235195,0.027448744571638484,320,advanced
S5,6,Standard-ABC,0.7603698490021409,1.6754388955432502,4.0569409274116435,0.15161344743542254,0.31333333333333335,0.6866666666666666,0.7566521699756072,0.9978378960185391,0.0021621039814609805,1.090842402830211,0.8742714105459073,0.27960637145377787,0.19463671245742686,0.37922231336559487,0.25333333333333335,1.1026965000201017,320,1,1.6140027640491472,1.0155067818077619,0.0021621039814609805,0.7410057260171348,0.1257285894540927,320,advanced
S5,6,GA,0.6763276974288268,1.5359476296765278,3.7056274360770414,0.14141990335890586,0.3466666666666667,0.6533333333333333,0.666540705950725,0.9983983128362214,0.00160168716377866,1.0655893185420875,0.8854671001420694,0.28953882746448295,0.20988931805416247,0.3596490468424292,0.25333333333333335,1.0236587999970652,320,1,1.4632818690491392,0.9229070838235016,0.00160168716377866,0.6182835807262855,0.11453289985793058,320,advanced
S5,6,PSO,0.9503225658168704,2.152709591175818,5.244210686411623,0.17118168076203327,0.22666666666666666,0.7733333333333333,1.132461163486062,0.9990278345692278,0.0009721654307723242,1.065039156637527,0.8393061436589987,0.22157742820193713,0.07816024721645684,0.4375618355291491,0.13333333333333333,1.2273798999958672,320,1,1.9977591264434573,1.0299233363843072,0.0009721654307723242,1.0883830888442216,0.1606938563410013,320,advanced
S5,6,DE,1.4431118028386234,3.0085986680513406,8.404601891323269,0.3704295653767726,0.18666666666666668,0.8133333333333334,1.9366702371147115,0.9989921159370996,0.0010078840629003305,1.0459029077512367,0.7910716454732186,0.12581302833608773,0.02263013382140891,0.5139143951496465,0.22666666666666666,1.1443795000086538,320,1,2.5963700051375462,2.300717551449159,0.0010078840629003305,1.6694833553810629,0.20892835452678138,320,advanced
S5,6,Gbest-ABC,0.3872446300534172,0.8333820885701977,2.4860450629532975,0.10140972172014077,0.78,0.22,0.15056170007668668,0.998709795965075,0.0012902040349250213,1.015075787293862,0.9694193992807085,0.5179348318865631,0.23420570333792698,0.17760989317247095,0.6666666666666666,1.123444799974095,320,1,0.8203975660493288,0.8973958369712911,0.0012902040349250213,0.17076292832205042,0.030580600719291473,320,advanced
S5,6,MeABC,0.3872446300534172,0.8333820885701977,2.4860450629532975,0.10140972172014077,0.78,0.22,0.15056170007668668,0.998709795965075,0.0012902040349250213,1.015075787293862,0.9694193992807085,0.5179348318865631,0.23420570333792698,0.17760989317247095,0.6666666666666666,1.0806985999806784,320,1,0.8203975660493288,0.8973958369712911,0.0012902040349250213,0.17076292832205042,0.030580600719291473,320,advanced
S5,6,JADE,0.3872446300534172,0.8333820885701977,2.4860450629532975,0.10140972172014077,0.78,0.22,0.15056170007668668,0.998709795965075,0.0012902040349250213,1.015075787293862,0.9694193992807085,0.5179348318865631,0.23420570333792698,0.17760989317247095,0.6666666666666666,1.1165011000121012,320,1,0.8203975660493288,0.8973958369712911,0.0012902040349250213,0.17076292832205042,0.030580600719291473,320,advanced
S5,6,LSHADE-lite,0.3872446300534172,0.8333820885701977,2.4860450629532975,0.10140972172014077,0.78,0.22,0.15056170007668668,0.998709795965075,0.0012902040349250213,1.015075787293862,0.9694193992807085,0.5179348318865631,0.23420570333792698,0.17760989317247095,0.6666666666666666,1.0770509000285529,320,1,0.8203975660493288,0.8973958369712911,0.0012902040349250213,0.17076292832205042,0.030580600719291473,320,advanced
S5,6,CMAES-lite,0.3872446300534172,0.8333820885701977,2.4860450629532975,0.10140972172014077,0.78,0.22,0.15056170007668668,0.998709795965075,0.0012902040349250213,1.015075787293862,0.9694193992807085,0.5179348318865631,0.23420570333792698,0.17760989317247095,0.6666666666666666,1.1597030999837443,320,1,0.8203975660493288,0.8973958369712911,0.0012902040349250213,0.17076292832205042,0.030580600719291473,320,advanced
S5,6,GWO,0.3872446300534172,0.8333820885701977,2.4860450629532975,0.10140972172014077,0.78,0.22,0.15056170007668668,0.998709795965075,0.0012902040349250213,1.015075787293862,0.9694193992807085,0.5179348318865631,0.23420570333792698,0.17760989317247095,0.6666666666666666,1.1135299999732524,320,1,0.8203975660493288,0.8973958369712911,0.0012902040349250213,0.17076292832205042,0.030580600719291473,320,advanced
S5,7,RFOTO-ABC,0.381250097719619,0.8140357039646543,1.6036796229884285,0.11026879274152783,0.7666666666666667,0.23333333333333334,0.12050960394548696,0.9983306896252755,0.0016693103747245175,1.023868966420304,0.9767658091753916,0.5951193185281513,0.23877598782532858,0.15422989091475703,0.7066666666666667,1.2141079000430182,320,1,0.7759976917176246,0.9724124274580038,0.0016693103747245175,0.15027927989150447,0.023234190824608425,320,advanced
S5,7,Standard-ABC,0.7263078823547632,1.6498004624488567,4.413439212033721,0.1810040971649794,0.2733333333333333,0.7266666666666667,0.702518666832444,0.9981396500218916,0.0018603499781083266,1.0777415986101788,0.8878090743779512,0.2948533812407062,0.19219433127800153,0.3554831957242731,0.24666666666666667,1.299664499994833,320,1,1.5446742974568002,0.9855872747501379,0.0018603499781083266,0.7004020317564539,0.1121909256220488,320,advanced
S5,7,GA,0.6383667433391315,1.5117456401885163,4.810168505256863,0.17290578178966778,0.3333333333333333,0.6666666666666666,0.5947595769969456,0.997452876188585,0.002547123811414979,1.0743856204605668,0.9027126840445931,0.28380775965326627,0.1778907178410709,0.32828673793907737,0.26,1.1401987000135705,320,1,1.3844918814191534,0.9489860178225524,0.002547123811414979,0.5391733926214649,0.09728731595540685,320,advanced
S5,7,PSO,0.9356582977897833,2.072541892889682,5.61983156639745,0.2233501616929135,0.18666666666666668,0.8133333333333334,1.0143780265447349,0.998494149175851,0.0015058508241490005,1.0583545940177654,0.8610017838612112,0.20719065359009825,0.0994741711587239,0.40179320490493287,0.18,1.2896143000107259,320,1,1.9410283334013636,1.1576765736097834,0.0015058508241490005,1.022395303249307,0.13899821613878882,320,advanced
S5,7,DE,1.0348909819602712,2.2782524825136363,6.331170002547272,0.20825955959290982,0.14666666666666667,0.8533333333333334,1.218675854192967,0.998761431011087,0.00123856898891285,1.1616235812282498,0.8480882154046298,0.18948535354238935,0.06466853562317716,0.4232288054027758,0.1,1.1771569999982603,320,1,2.181865691880335,1.0565761827812117,0.00123856898891285,1.2316146003436705,0.15191178459537025,320,advanced
S5,7,Gbest-ABC,0.381250097719619,0.8140357039646543,1.6036796229884278,0.11026879274152786,0.7666666666666667,0.23333333333333334,0.12050960394548696,0.9983306896252755,0.0016693103747245175,1.023868966420304,0.9767658091753916,0.5951193185281513,0.23877598782532858,0.15422989091475703,0.7066666666666667,1.1538421000004746,320,1,0.7759976917176246,0.9724124274580036,0.0016693103747245175,0.15027927989150447,0.023234190824608425,320,advanced
S5,7,MeABC,0.381250097719619,0.8140357039646543,1.6036796229884278,0.11026879274152786,0.7666666666666667,0.23333333333333334,0.12050960394548696,0.9983306896252755,0.0016693103747245175,1.023868966420304,0.9767658091753916,0.5951193185281513,0.23877598782532858,0.15422989091475703,0.7066666666666667,1.1288851000135764,320,1,0.7759976917176246,0.9724124274580036,0.0016693103747245175,0.15027927989150447,0.023234190824608425,320,advanced
S5,7,JADE,0.381250097719619,0.8140357039646543,1.6036796229884278,0.11026879274152786,0.7666666666666667,0.23333333333333334,0.12050960394548696,0.9983306896252755,0.0016693103747245175,1.023868966420304,0.9767658091753916,0.5951193185281513,0.23877598782532858,0.15422989091475703,0.7066666666666667,1.1413392999675125,320,1,0.7759976917176246,0.9724124274580036,0.0016693103747245175,0.15027927989150447,0.023234190824608425,320,advanced
S5,7,LSHADE-lite,0.381250097719619,0.8140357039646543,1.6036796229884278,0.11026879274152786,0.7666666666666667,0.23333333333333334,0.12050960394548696,0.9983306896252755,0.0016693103747245175,1.023868966420304,0.9767658091753916,0.5951193185281513,0.23877598782532858,0.15422989091475703,0.7066666666666667,1.0842591999680735,320,1,0.7759976917176246,0.9724124274580036,0.0016693103747245175,0.15027927989150447,0.023234190824608425,320,advanced
S5,7,CMAES-lite,0.381250097719619,0.8140357039646543,1.6036796229884278,0.11026879274152786,0.7666666666666667,0.23333333333333334,0.12050960394548696,0.9983306896252755,0.0016693103747245175,1.023868966420304,0.9767658091753916,0.5951193185281513,0.23877598782532858,0.15422989091475703,0.7066666666666667,1.229587999987416,320,1,0.7759976917176246,0.9724124274580036,0.0016693103747245175,0.15027927989150447,0.023234190824608425,320,advanced
S5,7,GWO,0.381250097719619,0.8140357039646543,1.6036796229884278,0.11026879274152786,0.7666666666666667,0.23333333333333334,0.12050960394548696,0.9983306896252755,0.0016693103747245175,1.023868966420304,0.9767658091753916,0.5951193185281513,0.23877598782532858,0.15422989091475703,0.7066666666666667,1.201816599990707,320,1,0.7759976917176246,0.9724124274580036,0.0016693103747245175,0.15027927989150447,0.023234190824608425,320,advanced
S6,0,RFOTO-ABC,0.3452774189704792,0.832951762633991,1.9736975381747883,0.10216559641425998,0.725,0.275,0.14788377636050215,0.9985384244892248,0.001461575510775276,1.019240455201817,0.9711114969607229,0.5497946642739162,0.24164106948904107,0.17247572178489903,0.665,1.4010625999653712,320,1,0.7323082862514498,0.8643979935159425,0.001461575510775276,0.11166023128871491,0.028888503039277147,320,advanced
S6,0,Standard-ABC,0.7620053663855573,1.6826247170771385,4.779584491438996,0.1884882288447138,0.335,0.665,0.7595075084951106,0.9964981256464727,0.0035018743535273804,1.0991977309002032,0.8719884803251728,0.2776466607592959,0.16730881018234248,0.38315028492494313,0.26,1.3548082999768667,320,1,1.5822536139026333,1.0989974114192596,0.0035018743535273804,0.7267609935003216,0.12801151967482716,320,advanced
S6,0,GA,0.6551380431555572,1.5620444662623325,4.693251728021393,0.16477517805752293,0.38,0.62,0.6581545710591342,0.9984339063886578,0.001566093611342178,1.0657066607240242,0.8842270939387697,0.2904162331314132,0.18704386787696486,0.36184415219370925,0.26,1.4593157999916002,320,1,1.3846009618355357,0.9589872452458412,0.001566093611342178,0.5898422451133769,0.11577290606123025,320,advanced
S6,0,PSO,0.7987595668241232,1.802180953878985,4.802213536851837,0.17690997941123535,0.255,0.745,0.8425495184795494,0.999138007487908,0.0008619925120919924,1.059963480660665,0.8644772963065511,0.27738945001463794,0.21405696642432331,0.395939866841667,0.13,1.5177828000159934,320,1,1.6881198221452007,1.0363288310835235,0.0008619925120919924,0.8031179302754354,0.13552270369344888,320,advanced
S6,0,DE,0.9289670313626427,2.033008404699263,4.830424375537964,0.22912126333649255,0.215,0.785,1.0344401402967132,0.9984470617921011,0.0015529382078989045,1.1332881115483338,0.8532980103228722,0.25959197565933345,0.0498528059175516,0.41463660086993503,0.11,1.4296210000175051,320,1,1.8851872096488824,1.2902696396584645,0.0015529382078989045,0.9672555876340134,0.14670198967712778,320,advanced
S6,0,Gbest-ABC,0.3476869645972947,0.8279591747147715,1.9736975381747883,0.10289335611968806,0.725,0.275,0.1472260831914573,0.998606205479858,0.00139379452014188,1.019622632281502,0.9713590771330677,0.5497946642739162,0.24164106948904107,0.1717131686444365,0.66,1.3976799999945797,320,1,0.7349536660851775,0.8736669737144996,0.00139379452014188,0.11329441873902858,0.028640922866932317,320,advanced
S6,0,MeABC,0.3476869645972947,0.8279591747147715,1.9736975381747883,0.10289335611968806,0.725,0.275,0.1472260831914573,0.998606205479858,0.00139379452014188,1.019622632281502,0.9713590771330677,0.5497946642739162,0.24164106948904107,0.1717131686444365,0.66,1.3734495000098832,320,1,0.7349536660851775,0.8736669737144996,0.00139379452014188,0.11329441873902858,0.028640922866932317,320,advanced
S6,0,JADE,0.3476869645972947,0.8279591747147715,1.9736975381747883,0.10289335611968806,0.725,0.275,0.1472260831914573,0.998606205479858,0.00139379452014188,1.019622632281502,0.9713590771330677,0.5497946642739162,0.24164106948904107,0.1717131686444365,0.66,1.4366027999785729,320,1,0.7349536660851775,0.8736669737144996,0.00139379452014188,0.11329441873902858,0.028640922866932317,320,advanced
S6,0,LSHADE-lite,0.3476869645972947,0.8279591747147715,1.9736975381747883,0.10289335611968806,0.725,0.275,0.1472260831914573,0.998606205479858,0.00139379452014188,1.019622632281502,0.9713590771330677,0.5497946642739162,0.24164106948904107,0.1717131686444365,0.66,1.3892456999747083,320,1,0.7349536660851775,0.8736669737144996,0.00139379452014188,0.11329441873902858,0.028640922866932317,320,advanced
S6,0,CMAES-lite,0.3476869645972947,0.8279591747147715,1.9736975381747883,0.10289335611968806,0.725,0.275,0.1472260831914573,0.998606205479858,0.00139379452014188,1.019622632281502,0.9713590771330677,0.5497946642739162,0.24164106948904107,0.1717131686444365,0.66,1.4844264999846928,320,1,0.7349536660851775,0.8736669737144996,0.00139379452014188,0.11329441873902858,0.028640922866932317,320,advanced
S6,0,GWO,0.3476869645972947,0.8279591747147715,1.9736975381747883,0.10289335611968806,0.725,0.275,0.1472260831914573,0.998606205479858,0.00139379452014188,1.019622632281502,0.9713590771330677,0.5497946642739162,0.24164106948904107,0.1717131686444365,0.66,1.3969426999683492,320,1,0.7349536660851775,0.8736669737144996,0.00139379452014188,0.11329441873902858,0.028640922866932317,320,advanced
S6,1,RFOTO-ABC,0.320979306824421,0.8130531276681193,1.8493595669048037,0.0933484580615308,0.745,0.255,0.14723029031557472,0.9986394313185413,0.0013605686814587104,1.0153690362957777,0.9709800686283617,0.4743353398632356,0.18930736023560787,0.17287931494012337,0.66,1.4440763000166044,320,1,0.7165815573808105,0.7129025408703502,0.0013605686814587104,0.12109373162651328,0.029019931371638275,320,advanced
S6,1,Standard-ABC,0.7224850781586751,1.5300494725435578,4.187207075169413,0.1645370046417236,0.32,0.68,0.6883962175678232,0.9987831158636353,0.001216884136364531,1.0814375000637997,0.8821587161893326,0.3013809974084128,0.18930736023560787,0.3654898896893586,0.215,1.5248870000359602,320,1,1.5129428909802953,1.073197593311352,0.001216884136364531,0.6614005880721017,0.11784128381066739,320,advanced
S6,1,GA,0.6234097186078864,1.4696384670229978,4.512945725615411,0.16220051987861972,0.375,0.625,0.5795178168830334,0.9984777655557912,0.001522234444208908,1.067774137269595,0.8984212597277074,0.30860636248508233,0.18930736023560787,0.3362493095044707,0.23,1.387851400009822,320,1,1.357967074445089,0.9107184430273517,0.001522234444208908,0.5270757024513033,0.10157874027229263,320,advanced
S6,1,PSO,0.780048927220018,1.6944227249576267,4.5752318046899525,0.17827829374174342,0.245,0.755,0.7626619489560614,0.9993605677214508,0.0006394322785492329,1.0641359190617699,0.8766110595085332,0.2881865817974279,0.18930736023560787,0.37517565099216726,0.08,1.6349592999904417,320,1,1.6981563544847267,0.9564487913331092,0.0006394322785492329,0.7736251694777604,0.12338894049146676,320,advanced
S6,1,DE,1.0274665623585164,2.072135038209139,5.526591083079487,0.23740170471598646,0.235,0.765,1.1702365501750356,0.9989877206639841,0.0010122793360158428,1.0844908538904354,0.843950560479569,0.22821714042204455,0.053868456881178375,0.4300041070320535,0.15,1.4770191999850795,320,1,2.0008822414206815,1.5495949788583183,0.0010122793360158428,1.0847875335173223,0.15604943952043104,320,advanced
S6,1,Gbest-ABC,0.3240159914658269,0.8166672275178165,2.0002213481348283,0.0943940970441593,0.735,0.265,0.15263461287180838,0.9988632829228427,0.0011367170771573653,1.0153594324517397,0.9698695408586113,0.4753245682458468,0.18930736023560787,0.17625693537938533,0.65,1.3313715000404045,320,1,0.7208121513654211,0.7156434846135601,0.0011367170771573653,0.12687807458319128,0.030130459141388677,320,advanced
S6,1,MeABC,0.3240159914658269,0.8166672275178165,2.0002213481348283,0.0943940970441593,0.735,0.265,0.15263461287180838,0.9988632829228427,0.0011367170771573653,1.0153594324517397,0.9698695408586113,0.4753245682458468,0.18930736023560787,0.17625693537938533,0.65,1.3765238000196405,320,1,0.7208121513654211,0.7156434846135601,0.0011367170771573653,0.12687807458319128,0.030130459141388677,320,advanced
S6,1,JADE,0.3240159914658269,0.8166672275178165,2.0002213481348283,0.0943940970441593,0.735,0.265,0.15263461287180838,0.9988632829228427,0.0011367170771573653,1.0153594324517397,0.9698695408586113,0.4753245682458468,0.18930736023560787,0.17625693537938533,0.65,1.3508599000051618,320,1,0.7208121513654211,0.7156434846135601,0.0011367170771573653,0.12687807458319128,0.030130459141388677,320,advanced
S6,1,LSHADE-lite,0.3240159914658269,0.8166672275178165,2.0002213481348283,0.0943940970441593,0.735,0.265,0.15263461287180838,0.9988632829228427,0.0011367170771573653,1.0153594324517397,0.9698695408586113,0.4753245682458468,0.18930736023560787,0.17625693537938533,0.65,1.26777099998435,320,1,0.7208121513654211,0.7156434846135601,0.0011367170771573653,0.12687807458319128,0.030130459141388677,320,advanced
S6,1,CMAES-lite,0.3240159914658269,0.8166672275178165,2.0002213481348283,0.0943940970441593,0.735,0.265,0.15263461287180838,0.9988632829228427,0.0011367170771573653,1.0153594324517397,0.9698695408586113,0.4753245682458468,0.18930736023560787,0.17625693537938533,0.65,1.432910899980925,320,1,0.7208121513654211,0.7156434846135601,0.0011367170771573653,0.12687807458319128,0.030130459141388677,320,advanced
S6,1,GWO,0.3240159914658269,0.8166672275178165,2.0002213481348283,0.0943940970441593,0.735,0.265,0.15263461287180838,0.9988632829228427,0.0011367170771573653,1.0153594324517397,0.9698695408586113,0.4753245682458468,0.18930736023560787,0.17625693537938533,0.65,1.42694139998639,320,1,0.7208121513654211,0.7156434846135601,0.0011367170771573653,0.12687807458319128,0.030130459141388677,320,advanced
S6,2,RFOTO-ABC,0.3980009521670728,0.8888289158572412,2.27916707467166,0.11924378549091653,0.71,0.29,0.17184028059290263,0.9978414892644029,0.002158510735597145,1.025390919093558,0.9646676937619458,0.47731936511224105,0.27502062494166635,0.19138025360844815,0.655,1.3534704999765381,320,1,0.8306159121850933,0.9463958624592039,0.002158510735597145,0.17062418667636547,0.03533230623805417,320,advanced
S6,2,Standard-ABC,0.7839911384201539,1.6452173681951359,4.577580141937527,0.20953374170783173,0.29,0.71,0.7328336150882943,0.9979980297160591,0.002001970283940809,1.0864339316570457,0.881420404318349,0.2702497456273276,0.17798459265520222,0.36678657605702997,0.25,1.5911569999880157,320,1,1.5770713154864828,1.301762431998671,0.002001970283940809,0.7050864453587872,0.118579595681651,320,advanced
S6,2,GA,0.6786498051848701,1.5274218492032974,4.591951796897162,0.1660523535053444,0.35,0.65,0.6406420961258705,0.998758770565961,0.001241229434038989,1.0547253349096437,0.8893360071374121,0.2920217314375006,0.17275869792306447,0.3527526051892724,0.285,1.5334543999633752,320,1,1.473110354029698,0.9159606380361939,0.001241229434038989,0.6245211046232816,0.11066399286258788,320,advanced
S6,2,PSO,0.8334711163043231,1.8732418872859389,5.087230430439917,0.18294765634765234,0.22,0.78,0.8674064549557566,0.9989397870158672,0.0010602129841328495,1.1136412625996053,0.8693000450395165,0.2674928769035271,0.14221726119288458,0.3877509476587772,0.105,1.5366722999606282,320,1,1.7829480214581992,1.008363916489401,0.0010602129841328495,0.8666499505018566,0.13069995496048348,320,advanced
S6,2,DE,1.078618656020793,2.3518264372023974,6.183249179639935,0.21434687101840041,0.195,0.805,1.4224495681482967,0.9986548478080834,0.001345152191916551,1.0547987717013785,0.8291243110732386,0.17008438991615002,0.04258352074331708,0.4539733037096987,0.135,1.480355400010012,320,1,2.2199253531405345,1.1909149903765088,0.001345152191916551,1.2763987416071425,0.17087568892676142,320,advanced
S6,2,Gbest-ABC,0.40059574445088664,0.8905292156345738,2.27916707467166,0.12047833550720398,0.705,0.295,0.18025262312802073,0.9978310772545774,0.0021689227454225156,1.0248321618165275,0.962903034186382,0.47562861058728184,0.27502062494166635,0.19628084424695355,0.645,1.4210964000085369,320,1,0.8327027609814068,0.947175725089387,0.0021689227454225156,0.17738146408399885,0.03709696581361799,320,advanced
S6,2,MeABC,0.40059574445088664,0.8905292156345738,2.27916707467166,0.12047833550720398,0.705,0.295,0.18025262312802073,0.9978310772545774,0.0021689227454225156,1.0248321618165275,0.962903034186382,0.47562861058728184,0.27502062494166635,0.19628084424695355,0.645,1.364296399988234,320,1,0.8327027609814068,0.947175725089387,0.0021689227454225156,0.17738146408399885,0.03709696581361799,320,advanced
S6,2,JADE,0.40059574445088664,0.8905292156345738,2.27916707467166,0.12047833550720398,0.705,0.295,0.18025262312802073,0.9978310772545774,0.0021689227454225156,1.0248321618165275,0.962903034186382,0.47562861058728184,0.27502062494166635,0.19628084424695355,0.645,1.3795800000079907,320,1,0.8327027609814068,0.947175725089387,0.0021689227454225156,0.17738146408399885,0.03709696581361799,320,advanced
S6,2,LSHADE-lite,0.40059574445088664,0.8905292156345738,2.27916707467166,0.12047833550720398,0.705,0.295,0.18025262312802073,0.9978310772545774,0.0021689227454225156,1.0248321618165275,0.962903034186382,0.47562861058728184,0.27502062494166635,0.19628084424695355,0.645,1.2935308000305668,320,1,0.8327027609814068,0.947175725089387,0.0021689227454225156,0.17738146408399885,0.03709696581361799,320,advanced
S6,2,CMAES-lite,0.40059574445088664,0.8905292156345738,2.27916707467166,0.12047833550720398,0.705,0.295,0.18025262312802073,0.9978310772545774,0.0021689227454225156,1.0248321618165275,0.962903034186382,0.47562861058728184,0.27502062494166635,0.19628084424695355,0.645,1.5815754000213929,320,1,0.8327027609814068,0.947175725089387,0.0021689227454225156,0.17738146408399885,0.03709696581361799,320,advanced
S6,2,GWO,0.40059574445088664,0.8905292156345738,2.27916707467166,0.12047833550720398,0.705,0.295,0.18025262312802073,0.9978310772545774,0.0021689227454225156,1.0248321618165275,0.962903034186382,0.47562861058728184,0.27502062494166635,0.19628084424695355,0.645,1.5124525999999605,320,1,0.8327027609814068,0.947175725089387,0.0021689227454225156,0.17738146408399885,0.03709696581361799,320,advanced
S6,3,RFOTO-ABC,0.3492369769066029,0.8662709480534084,1.7102706121148712,0.10052086514512666,0.735,0.265,0.15630033065636648,0.9984277819160101,0.001572218083989848,1.0183002799066938,0.9695414431210228,0.5318279039776161,0.17360860353617447,0.17724397140781015,0.65,1.4748691000277176,320,1,0.7857772234841934,0.7492525829516956,0.001572218083989848,0.14208622577662278,0.03045855687897725,320,advanced
S6,3,Standard-ABC,0.7695078371617164,1.7693364647950987,4.669687626087096,0.21528630178031435,0.275,0.725,0.7683761672112891,0.9972164271527566,0.002783572847243303,1.115193084589596,0.8734834891337967,0.27216410349247977,0.17360860353617447,0.3805802552013857,0.23,1.3345498000271618,320,1,1.6359894506001278,1.0188921729724323,0.002783572847243303,0.7525698294657619,0.1265165108662033,320,advanced
S6,3,GA,0.6998435318719342,1.6223693404967303,4.341666487139989,0.15987675994365252,0.325,0.675,0.6862429206272906,0.9985291704107309,0.0014708295892691624,1.065469862156065,0.8836396138379282,0.2877490173264069,0.17360860353617447,0.3628816339090022,0.25,1.543730300036259,320,1,1.5200500310248994,0.9017678587501595,0.0014708295892691624,0.6672704858440834,0.11636038616207178,320,advanced
S6,3,PSO,0.901453624450798,2.0622921508649332,5.671237380236191,0.20146040976577573,0.22,0.78,1.0273048103971743,0.9989173001629977,0.0010826998370022467,1.0753247809173323,0.8512665260578132,0.24055738872358243,0.08137481886722697,0.4179954773634793,0.13,1.2391444999957457,320,1,1.8980068319795174,1.0377202600175688,0.0010826998370022467,0.9950692655782192,0.14873347394218683,320,advanced
S6,3,DE,1.1137963717861328,2.4471228003132266,6.385746416932723,0.25705943430470873,0.205,0.795,1.4020309781479818,0.9992547417288802,0.0007452582711198591,1.0813035026323397,0.8277867845394927,0.1728738759648731,0.06075962713729168,0.45611462047021945,0.13,1.495086699957028,320,1,2.192641002678215,1.4718994887824386,0.0007452582711198591,1.275480655303653,0.17221321546050727,320,advanced
S6,3,Gbest-ABC,0.35300116479098,0.8816010287477798,1.899499445091961,0.1009148003038436,0.735,0.265,0.1732443541010101,0.9984646454435168,0.0015353545564833627,1.0151737318311027,0.9659309188743109,0.4986198519828136,0.17360860353617447,0.1878050111750147,0.63,1.396399199962616,320,1,0.7924685574338745,0.7416462866867173,0.0015353545564833627,0.15287859739741488,0.03406908112568907,320,advanced
S6,3,MeABC,0.35300116479098,0.8816010287477798,1.899499445091961,0.1009148003038436,0.735,0.265,0.1732443541010101,0.9984646454435168,0.0015353545564833627,1.0151737318311027,0.9659309188743109,0.4986198519828136,0.17360860353617447,0.1878050111750147,0.63,1.4804261999670416,320,1,0.7924685574338745,0.7416462866867173,0.0015353545564833627,0.15287859739741488,0.03406908112568907,320,advanced
S6,3,JADE,0.35300116479098,0.8816010287477798,1.899499445091961,0.1009148003038436,0.735,0.265,0.1732443541010101,0.9984646454435168,0.0015353545564833627,1.0151737318311027,0.9659309188743109,0.4986198519828136,0.17360860353617447,0.1878050111750147,0.63,1.4286427000188269,320,1,0.7924685574338745,0.7416462866867173,0.0015353545564833627,0.15287859739741488,0.03406908112568907,320,advanced
S6,3,LSHADE-lite,0.35300116479098,0.8816010287477798,1.899499445091961,0.1009148003038436,0.735,0.265,0.1732443541010101,0.9984646454435168,0.0015353545564833627,1.0151737318311027,0.9659309188743109,0.4986198519828136,0.17360860353617447,0.1878050111750147,0.63,1.3521167999715544,320,1,0.7924685574338745,0.7416462866867173,0.0015353545564833627,0.15287859739741488,0.03406908112568907,320,advanced
S6,3,CMAES-lite,0.35300116479098,0.8816010287477798,1.899499445091961,0.1009148003038436,0.735,0.265,0.1732443541010101,0.9984646454435168,0.0015353545564833627,1.0151737318311027,0.9659309188743109,0.4986198519828136,0.17360860353617447,0.1878050111750147,0.63,1.408537500014063,320,1,0.7924685574338745,0.7416462866867173,0.0015353545564833627,0.15287859739741488,0.03406908112568907,320,advanced
S6,3,GWO,0.35300116479098,0.8816010287477798,1.899499445091961,0.1009148003038436,0.735,0.265,0.1732443541010101,0.9984646454435168,0.0015353545564833627,1.0151737318311027,0.9659309188743109,0.4986198519828136,0.17360860353617447,0.1878050111750147,0.63,1.4120891999918967,320,1,0.7924685574338745,0.7416462866867173,0.0015353545564833627,0.15287859739741488,0.03406908112568907,320,advanced
S6,4,RFOTO-ABC,0.4035979774835402,0.960008641330119,2.3207598300942514,0.1274666784742322,0.63,0.37,0.19848675453796497,0.9991919535200354,0.0008080464799644887,1.0174106445082667,0.9609501665519897,0.45341845126703345,0.2740334655497078,0.2015854394568161,0.61,1.3627160000032745,320,1,0.8559588346670033,0.9194659810572223,0.0008080464799644887,0.18267714938004662,0.039049833448010274,320,advanced
S6,4,Standard-ABC,0.7824170352278254,1.7931334847596678,4.312849996797516,0.19422659722914618,0.275,0.725,0.8012043319012517,0.997870479628533,0.002129520371466891,1.075532408933002,0.8653263587844684,0.28161616051468297,0.22117496109168214,0.3945039306956233,0.21,1.4087104000500403,320,1,1.6337905619402675,1.089473930294206,0.002129520371466891,0.7596854197680177,0.1346736412155316,320,advanced
S6,4,GA,0.6766745186106181,1.7008831334864354,4.227147870054525,0.17691271920665252,0.31,0.69,0.7044183738392654,0.9996419185340468,0.0003580814659530712,1.042713630377039,0.8781392771362603,0.28160022032186793,0.22117496109168214,0.37252049700336726,0.22,1.5211135999998078,320,1,1.4573500008704274,0.9343857209741526,0.0003580814659530712,0.6153137420965474,0.12186072286373972,320,advanced
S6,4,PSO,0.8064624407032761,1.9509317926461094,4.937630642310444,0.18844069620213685,0.225,0.775,0.8649520753588095,0.9990836076457644,0.0009163923542355634,1.0942183101641192,0.8610598412124484,0.27868890178490013,0.22117496109168214,0.40169574187125334,0.095,1.5600895999814384,320,1,1.7364979269019762,0.977019094620534,0.0009163923542355634,0.8190431699828886,0.13894015878755162,320,advanced
S6,4,DE,1.01245995744402,2.4044330162824714,5.997043333196304,0.2486486789864313,0.17,0.83,1.2579808160492143,0.9988454854870707,0.00115451451292915,1.0673599401829872,0.8320509528973082,0.17018706157160063,0.0817192978826829,0.4492766117915063,0.11,1.522007499996107,320,1,2.0847552217889347,1.1943213639774555,0.00115451451292915,1.1467987497287138,0.16794904710269176,320,advanced
S6,4,Gbest-ABC,0.4037581094300214,0.9595509537202966,2.3236367235876667,0.12716880527642324,0.63,0.37,0.20089501654444164,0.9991904375708052,0.0008095624291948539,1.0175908171787615,0.9605707003579554,0.45341845126703345,0.2740334655497078,0.20260252974424858,0.605,1.3828457999625243,320,1,0.8561478576083725,0.9175368469378268,0.0008095624291948539,0.1840572422204344,0.03942929964204456,320,advanced
S6,4,MeABC,0.4037581094300214,0.9595509537202966,2.3236367235876667,0.12716880527642324,0.63,0.37,0.20089501654444164,0.9991904375708052,0.0008095624291948539,1.0175908171787615,0.9605707003579554,0.45341845126703345,0.2740334655497078,0.20260252974424858,0.605,1.3883915999904275,320,1,0.8561478576083725,0.9175368469378268,0.0008095624291948539,0.1840572422204344,0.03942929964204456,320,advanced
S6,4,JADE,0.4037581094300214,0.9595509537202966,2.3236367235876667,0.12716880527642324,0.63,0.37,0.20089501654444164,0.9991904375708052,0.0008095624291948539,1.0175908171787615,0.9605707003579554,0.45341845126703345,0.2740334655497078,0.20260252974424858,0.605,1.3950143000110984,320,1,0.8561478576083725,0.9175368469378268,0.0008095624291948539,0.1840572422204344,0.03942929964204456,320,advanced
S6,4,LSHADE-lite,0.4037581094300214,0.9595509537202966,2.3236367235876667,0.12716880527642324,0.63,0.37,0.20089501654444164,0.9991904375708052,0.0008095624291948539,1.0175908171787615,0.9605707003579554,0.45341845126703345,0.2740334655497078,0.20260252974424858,0.605,1.3069050000049174,320,1,0.8561478576083725,0.9175368469378268,0.0008095624291948539,0.1840572422204344,0.03942929964204456,320,advanced
S6,4,CMAES-lite,0.4037581094300214,0.9595509537202966,2.3236367235876667,0.12716880527642324,0.63,0.37,0.20089501654444164,0.9991904375708052,0.0008095624291948539,1.0175908171787615,0.9605707003579554,0.45341845126703345,0.2740334655497078,0.20260252974424858,0.605,1.4505371999694034,320,1,0.8561478576083725,0.9175368469378268,0.0008095624291948539,0.1840572422204344,0.03942929964204456,320,advanced
S6,4,GWO,0.4037581094300214,0.9595509537202966,2.3236367235876667,0.12716880527642324,0.63,0.37,0.20089501654444164,0.9991904375708052,0.0008095624291948539,1.0175908171787615,0.9605707003579554,0.45341845126703345,0.2740334655497078,0.20260252974424858,0.605,1.3823627999518067,320,1,0.8561478576083725,0.9175368469378268,0.0008095624291948539,0.1840572422204344,0.03942929964204456,320,advanced
S6,5,RFOTO-ABC,0.3818659240517157,0.9944853990704384,2.2485234279910506,0.11787177831065548,0.665,0.335,0.18922210401783793,0.9993912243545787,0.0006087756454212529,1.0222741944438856,0.9636635163317627,0.5172929308877396,0.26743440365447346,0.19418189735346075,0.63,1.4378843999584205,320,1,0.8166202577234147,0.8739622154270401,0.0006087756454212529,0.16417719850994444,0.036336483668237274,320,advanced
S6,5,Standard-ABC,0.7866430933412817,1.7784140528597094,4.963212284496783,0.18481608892807683,0.295,0.705,0.7836108858658288,0.9978950483575351,0.0021049516424649878,1.0612911183983686,0.8699275591285552,0.273902977162013,0.21021359501969458,0.3866794572347081,0.235,1.5744156999862753,320,1,1.6661786297195693,1.0049746107668367,0.0021049516424649878,0.7976815513486171,0.13007244087144476,320,advanced
S6,5,GA,0.6588827074083147,1.613747877079441,4.745819406622282,0.17426827152867005,0.31,0.69,0.6402238684710869,0.9989709189735997,0.0010290810264002414,1.0617146933397794,0.8934642340126108,0.2939194772910694,0.21788325419883842,0.34530998002164365,0.225,1.5327888999599963,320,1,1.419363255722406,0.9641823790165926,0.0010290810264002414,0.5729134220873434,0.10653576598738923,320,advanced
S6,5,PSO,1.0038364827685866,2.242200962805797,5.3952633104051815,0.2342425798107194,0.195,0.805,1.1756070420239517,0.9987591455046797,0.0012408544953201968,1.104716226209891,0.8430991855615718,0.22594495711039814,0.05981577441932358,0.43139316919491477,0.13,1.6830546000273898,320,1,1.985220585993272,1.4503207840458254,0.0012408544953201968,1.064799702394266,0.15690081443842818,320,advanced
S6,5,DE,1.2278110340761077,2.7565065204141934,7.026553990613394,0.28558984093437045,0.165,0.835,1.5749083814770877,0.9982949530933206,0.0017050469066793195,1.1195292486680237,0.8204241601697322,0.15860578036033873,0.030455342338022558,0.46784795180763994,0.155,1.500538099964615,320,1,2.347831860250661,1.7330628435285542,0.0017050469066793195,1.414465028513133,0.1795758398302678,320,advanced
S6,5,Gbest-ABC,0.38451732924847526,0.9945106428847269,2.436688637001272,0.11785657787627483,0.665,0.335,0.19705169266123723,0.9993919213382554,0.0006080786617444606,1.0225846242506664,0.9615065570605079,0.47787729711133564,0.26743440365447346,0.20008625397159768,0.625,1.389282300020568,320,1,0.8171802864611674,0.8808166707813632,0.0006080786617444606,0.16881649937082516,0.038493442939492084,320,advanced
S6,5,MeABC,0.38451732924847526,0.9945106428847269,2.436688637001272,0.11785657787627483,0.665,0.335,0.19705169266123723,0.9993919213382554,0.0006080786617444606,1.0225846242506664,0.9615065570605079,0.47787729711133564,0.26743440365447346,0.20008625397159768,0.625,1.3804572999943048,320,1,0.8171802864611674,0.8808166707813632,0.0006080786617444606,0.16881649937082516,0.038493442939492084,320,advanced
S6,5,JADE,0.38451732924847526,0.9945106428847269,2.436688637001272,0.11785657787627483,0.665,0.335,0.19705169266123723,0.9993919213382554,0.0006080786617444606,1.0225846242506664,0.9615065570605079,0.47787729711133564,0.26743440365447346,0.20008625397159768,0.625,1.3423058000043966,320,1,0.8171802864611674,0.8808166707813632,0.0006080786617444606,0.16881649937082516,0.038493442939492084,320,advanced
S6,5,LSHADE-lite,0.38451732924847526,0.9945106428847269,2.436688637001272,0.11785657787627483,0.665,0.335,0.19705169266123723,0.9993919213382554,0.0006080786617444606,1.0225846242506664,0.9615065570605079,0.47787729711133564,0.26743440365447346,0.20008625397159768,0.625,1.22793339996133,320,1,0.8171802864611674,0.8808166707813632,0.0006080786617444606,0.16881649937082516,0.038493442939492084,320,advanced
S6,5,CMAES-lite,0.38451732924847526,0.9945106428847269,2.436688637001272,0.11785657787627483,0.665,0.335,0.19705169266123723,0.9993919213382554,0.0006080786617444606,1.0225846242506664,0.9615065570605079,0.47787729711133564,0.26743440365447346,0.20008625397159768,0.625,1.5354240000015125,320,1,0.8171802864611674,0.8808166707813632,0.0006080786617444606,0.16881649937082516,0.038493442939492084,320,advanced
S6,5,GWO,0.38451732924847526,0.9945106428847269,2.436688637001272,0.11785657787627483,0.665,0.335,0.19705169266123723,0.9993919213382554,0.0006080786617444606,1.0225846242506664,0.9615065570605079,0.47787729711133564,0.26743440365447346,0.20008625397159768,0.625,1.51419330004137,320,1,0.8171802864611674,0.8808166707813632,0.0006080786617444606,0.16881649937082516,0.038493442939492084,320,advanced
S6,6,RFOTO-ABC,0.3845767471574708,0.8929932625288641,2.0364669482408155,0.11484957208285675,0.7,0.3,0.16145303847012843,0.9986563077942128,0.0013436922057871309,1.0233098277357446,0.9678078921655415,0.5003047897195126,0.30487595431949427,0.18238122451063035,0.65,1.3766504999948665,320,1,0.7955799744130478,0.9756064000775123,0.0013436922057871309,0.13697295570502324,0.03219210783445847,320,advanced
S6,6,Standard-ABC,0.7797196601244243,1.6819580549304687,4.2544346438061496,0.16881932182865278,0.265,0.735,0.7821731742150203,0.9984172840918365,0.0015827159081635506,1.0962208313608963,0.8733807845777137,0.3088198094819717,0.12380093242647618,0.3807570845090836,0.19,1.4693320999504067,320,1,1.6550505259625798,1.0334686907400632,0.0015827159081635506,0.7665091981111769,0.12661921542228627,320,advanced
S6,6,GA,0.6779212799192421,1.5487887788807106,4.155276587128097,0.14870421744529647,0.355,0.645,0.6977845663629629,0.9983504574321151,0.0016495425678848459,1.0787604948784488,0.8777209787443855,0.3088198094819717,0.16169102962342966,0.3732482133919674,0.27,1.3457565999706276,320,1,1.470039131539286,0.8753026809314127,0.0016495425678848459,0.6417773327711583,0.12227902125561452,320,advanced
S6,6,PSO,0.8679827792024161,1.9142101667789007,4.676820608702328,0.1765326702310152,0.19,0.81,0.969947687745448,0.9975174447277069,0.002482555272293167,1.0846157318285676,0.8604121805205871,0.27777569132810676,0.11046818544414491,0.40278240118228437,0.1,1.985030599986203,320,1,1.8425213453889306,1.0379868379779496,0.002482555272293167,0.9208789327284823,0.1395878194794129,320,advanced
S6,6,DE,1.122462480225815,2.2603861357465993,5.248940761487379,0.22496761843705676,0.195,0.805,1.344589596508695,0.9986720298170252,0.0013279701829747336,1.1068988959105506,0.8327864632584977,0.16117897839866863,0.05933491301962401,0.4480937513899197,0.11,1.4942107999813743,320,1,2.176120639105424,1.6303961152026392,0.0013279701829747336,1.2341011144849707,0.1672135367415023,320,advanced
S6,6,Gbest-ABC,0.38567916390658596,0.8974912014650733,2.0364669482408155,0.11528098823130722,0.685,0.315,0.16492131980059163,0.9987773542207412,0.001222645779258804,1.0224717670980488,0.9673630171873143,0.5003047897195126,0.30487595431949427,0.1836793193392808,0.64,1.3608937000390142,320,1,0.796870020812998,0.9750029392147193,0.001222645779258804,0.14028456497349584,0.03263698281268568,320,advanced
S6,6,MeABC,0.38567916390658596,0.8974912014650733,2.0364669482408155,0.11528098823130722,0.685,0.315,0.16492131980059163,0.9987773542207412,0.001222645779258804,1.0224717670980488,0.9673630171873143,0.5003047897195126,0.30487595431949427,0.1836793193392808,0.64,1.3844454000354744,320,1,0.796870020812998,0.9750029392147193,0.001222645779258804,0.14028456497349584,0.03263698281268568,320,advanced
S6,6,JADE,0.38567916390658596,0.8974912014650733,2.0364669482408155,0.11528098823130722,0.685,0.315,0.16492131980059163,0.9987773542207412,0.001222645779258804,1.0224717670980488,0.9673630171873143,0.5003047897195126,0.30487595431949427,0.1836793193392808,0.64,1.4401123000425287,320,1,0.796870020812998,0.9750029392147193,0.001222645779258804,0.14028456497349584,0.03263698281268568,320,advanced
S6,6,LSHADE-lite,0.38567916390658596,0.8974912014650733,2.0364669482408155,0.11528098823130722,0.685,0.315,0.16492131980059163,0.9987773542207412,0.001222645779258804,1.0224717670980488,0.9673630171873143,0.5003047897195126,0.30487595431949427,0.1836793193392808,0.64,1.2928562000161037,320,1,0.796870020812998,0.9750029392147193,0.001222645779258804,0.14028456497349584,0.03263698281268568,320,advanced
S6,6,CMAES-lite,0.38567916390658596,0.8974912014650733,2.0364669482408155,0.11528098823130722,0.685,0.315,0.16492131980059163,0.9987773542207412,0.001222645779258804,1.0224717670980488,0.9673630171873143,0.5003047897195126,0.30487595431949427,0.1836793193392808,0.64,1.4470789000042714,320,1,0.796870020812998,0.9750029392147193,0.001222645779258804,0.14028456497349584,0.03263698281268568,320,advanced
S6,6,GWO,0.38567916390658596,0.8974912014650733,2.0364669482408155,0.11528098823130722,0.685,0.315,0.16492131980059163,0.9987773542207412,0.001222645779258804,1.0224717670980488,0.9673630171873143,0.5003047897195126,0.30487595431949427,0.1836793193392808,0.64,1.4509388000005856,320,1,0.796870020812998,0.9750029392147193,0.001222645779258804,0.14028456497349584,0.03263698281268568,320,advanced
S6,7,RFOTO-ABC,0.3641299577996773,0.835894492653097,2.229385541467858,0.11179984203825839,0.725,0.275,0.15985403551475028,0.9981287011872749,0.0018712988127251805,1.0245405993416552,0.9680123288888698,0.4909942872069476,0.26843901207375176,0.1817819955659906,0.62,1.419661600026302,320,1,0.7856157060218925,0.8228533517195796,0.0018712988127251805,0.15650247242821055,0.03198767111113021,320,advanced
S6,7,Standard-ABC,0.7166881850156336,1.5435547995291194,4.059062398441843,0.17431822499041727,0.345,0.655,0.6705713124126254,0.996898376320353,0.003101623679646939,1.1131203924661628,0.8877789286910003,0.3078169595676018,0.10153383534938155,0.3555369878668895,0.225,1.4639746999600902,320,1,1.530702342179563,1.00016796926735,0.003101623679646939,0.6661356745934441,0.11222107130899972,320,advanced
S6,7,GA,0.6057533041177271,1.4239267949913355,3.6741434548583354,0.1787576346091879,0.36,0.64,0.5489123139980953,0.9990889488539182,0.00091105114608178,1.0566124629627296,0.9062251691452246,0.3345101149886097,0.19679304229925573,0.32168075897079096,0.215,1.5282500000321306,320,1,1.3215018433442505,0.9236877075122542,0.00091105114608178,0.4903050091895751,0.09377483085477545,320,advanced
S6,7,PSO,0.7936912995164874,1.7417502259426718,4.220833399208955,0.20548037636869068,0.235,0.765,0.7629325876648193,0.9995493807050537,0.0004506192949462773,1.0621361690046984,0.8786794421848251,0.28561859456451905,0.18181672086763076,0.3715796885767884,0.125,1.329789699986577,320,1,1.6635635181173374,1.1632830337854918,0.0004506192949462773,0.7400790295522554,0.12132055781517492,320,advanced
S6,7,DE,1.0425740578221143,2.18583438208937,4.5777898105013595,0.2596148001353815,0.21,0.79,1.1258794703954,0.9991350980045542,0.0008649019954456449,1.06512723086031,0.8561466145550961,0.21185953999001972,0.037780781423412686,0.4099076010618728,0.125,1.424767900025472,320,1,2.1406600831829303,1.2371508994500184,0.0008649019954456449,1.2003416555722177,0.1438533854449039,320,advanced
S6,7,Gbest-ABC,0.3663264226694305,0.8395177062260819,2.3009196037089956,0.1157922728328916,0.725,0.275,0.1641067506405854,0.9982971887231119,0.0017028112768880282,1.0233419023897552,0.9669815071349815,0.4909942872069476,0.26843901207375176,0.18478620173847157,0.615,1.3897232000017539,320,1,0.7884480188665753,0.8227945363223952,0.0017028112768880282,0.1620076052771881,0.033018492865018456,320,advanced
S6,7,MeABC,0.3663264226694305,0.8395177062260819,2.3009196037089956,0.1157922728328916,0.725,0.275,0.1641067506405854,0.9982971887231119,0.0017028112768880282,1.0233419023897552,0.9669815071349815,0.4909942872069476,0.26843901207375176,0.18478620173847157,0.615,1.3465682999812998,320,1,0.7884480188665753,0.8227945363223952,0.0017028112768880282,0.1620076052771881,0.033018492865018456,320,advanced
S6,7,JADE,0.3663264226694305,0.8395177062260819,2.3009196037089956,0.1157922728328916,0.725,0.275,0.1641067506405854,0.9982971887231119,0.0017028112768880282,1.0233419023897552,0.9669815071349815,0.4909942872069476,0.26843901207375176,0.18478620173847157,0.615,1.385227799997665,320,1,0.7884480188665753,0.8227945363223952,0.0017028112768880282,0.1620076052771881,0.033018492865018456,320,advanced
S6,7,LSHADE-lite,0.3663264226694305,0.8395177062260819,2.3009196037089956,0.1157922728328916,0.725,0.275,0.1641067506405854,0.9982971887231119,0.0017028112768880282,1.0233419023897552,0.9669815071349815,0.4909942872069476,0.26843901207375176,0.18478620173847157,0.615,1.37552289996529,320,1,0.7884480188665753,0.8227945363223952,0.0017028112768880282,0.1620076052771881,0.033018492865018456,320,advanced
S6,7,CMAES-lite,0.3663264226694305,0.8395177062260819,2.3009196037089956,0.1157922728328916,0.725,0.275,0.1641067506405854,0.9982971887231119,0.0017028112768880282,1.0233419023897552,0.9669815071349815,0.4909942872069476,0.26843901207375176,0.18478620173847157,0.615,1.4228991999989375,320,1,0.7884480188665753,0.8227945363223952,0.0017028112768880282,0.1620076052771881,0.033018492865018456,320,advanced
S6,7,GWO,0.3663264226694305,0.8395177062260819,2.3009196037089956,0.1157922728328916,0.725,0.275,0.1641067506405854,0.9982971887231119,0.0017028112768880282,1.0233419023897552,0.9669815071349815,0.4909942872069476,0.26843901207375176,0.18478620173847157,0.615,1.3974189999862574,320,1,0.7884480188665753,0.8227945363223952,0.0017028112768880282,0.1620076052771881,0.033018492865018456,320,advanced
