scenario,run,algorithm,objective,delay_mean_s,delay_p95_s,energy_mean_j,success_rate,violation_rate,violation_mean,reliability_mean,link_failure_rate,attempts_mean,jain,utility_p05,utility_min,utility_cv,offload_rate,runtime_s,evaluations,feasible,t_hat,e_hat,r_hat,v_hat,fairness_loss,episode,slot,load_state,active_users,assignment_changes
S6-dynamic,0,Cold-RFOTO,0.3536228117010372,0.8277694537834803,2.5045674617789717,0.09401930017888897,0.8372093023255814,0.16279069767441862,0.13900605398455423,0.9977959895309568,0.0022040104690433317,1.0314112524577153,0.9707706618285966,0.5117275607302217,0.2450295186001184,0.1735206514743332,0.7596899224806202,0.3805862999288365,110,1,0.7593017508237367,0.7455416183692568,0.0022040104690433317,0.18856371368078137,0.029229338171403385,0,0,high,129,0
S6-dynamic,0,Warm-RFOTO,0.3532542929247965,0.8265735297231181,2.527302427443364,0.09467336508770091,0.8294573643410853,0.17054263565891473,0.13619530817278622,0.9976487784617049,0.0023512215382951547,1.03194908873548,0.971453394699575,0.5117275607302217,0.2450295186001184,0.17142187853716734,0.7674418604651163,0.3708700999850407,110,1,0.7587758379624008,0.7471336231842108,0.0023512215382951547,0.18695221941536772,0.028546605300424965,0,0,high,129,0
S6-dynamic,0,Standard-ABC,0.36323918006131506,0.8383242615353611,2.8693389384170476,0.09121259218060493,0.8294573643410853,0.17054263565891473,0.1557486985039481,0.9982214139969477,0.0017785860030524055,1.0296429486795213,0.966811136575377,0.47610377672274656,0.2450295186001184,0.18527864579884423,0.7441860465116279,0.3487264000577852,110,1,0.7861015026075107,0.7138696845472761,0.0017785860030524055,0.2171972200521678,0.033188863424623016,0,0,high,129,0
S6-dynamic,0,Delay-Greedy,0.40522716344409504,0.9198290151718926,2.8693389384170476,0.09970530809745014,0.7131782945736435,0.2868217054263566,0.1959786591347824,0.9974757944141794,0.002524205585820452,1.0311117300638244,0.9612370532059327,0.47610377672274656,0.2450295186001184,0.2008136087893616,0.875968992248062,0.007709500030614436,1,1,0.8395187436611576,0.8581266559682713,0.002524205585820452,0.24123678398916326,0.03876294679406733,0,0,high,129,0
S6-dynamic,0,Max-SINR,0.381533346453203,0.8384429451341011,2.696077373355095,0.10382187697078259,0.7984496124031008,0.20155038759689922,0.14471243904754494,0.9974016975943892,0.00259830240561077,1.02507475646286,0.9699234997076817,0.5114429108539721,0.2450295186001184,0.17609414217506617,0.8992248062015504,0.0017732999986037612,1,1,0.8238008743139499,0.7840943677073332,0.00259830240561077,0.21175134877458246,0.030076500292318342,0,0,high,129,0
S6-dynamic,1,Cold-RFOTO,0.3432862572027873,0.8680149803832675,2.607014293452687,0.09534928085787846,0.8,0.2,0.19232563998011773,0.9979463221701061,0.0020536778298939594,1.027912806923408,0.9608912030319584,0.4008451526044396,0.19515856913897658,0.201743764148032,0.7538461538461538,0.3628652999177575,110,1,0.775004314570614,0.6553783695313922,0.0020536778298939594,0.17980547207695993,0.03910879696804159,0,1,high,130,0
S6-dynamic,1,Warm-RFOTO,0.3432862572027873,0.8680149803832675,2.607014293452687,0.09534928085787846,0.8,0.2,0.19232563998011773,0.9979463221701061,0.0020536778298939594,1.027912806923408,0.9608912030319584,0.4008451526044396,0.19515856913897658,0.201743764148032,0.7538461538461538,0.3836814999813214,110,1,0.775004314570614,0.6553783695313922,0.0020536778298939594,0.17980547207695993,0.03910879696804159,0,1,high,130,48
S6-dynamic,1,Standard-ABC,0.34263532047111295,0.8680727134587003,2.607014293452687,0.09430716067260246,0.8,0.2,0.1971755216087333,0.9979456975721991,0.0020543024278009163,1.0277263858425485,0.9595713083807388,0.4008451526044396,0.19515856913897658,0.20526089412171597,0.7461538461538462,0.32343690004199743,110,1,0.7761986222472013,0.6427474198632703,0.0020543024278009163,0.18279355080549087,0.040428691619261214,0,1,high,130,0
S6-dynamic,1,Delay-Greedy,0.42572849389332307,0.9759243887088209,2.992745407160317,0.12139180144188504,0.7230769230769231,0.27692307692307694,0.26233660878378695,0.9970464183185446,0.0029535816814555238,1.034939981093679,0.9472564737822115,0.33750810312366064,0.19515856913897658,0.23596673847952374,0.8384615384615385,0.0077034999849274755,1,1,0.8524519128505947,0.9891881490898253,0.0029535816814555238,0.22294019219296468,0.05274352621778855,0,1,high,130,0
S6-dynamic,1,Max-SINR,0.3819671974590643,0.9316772778170964,2.683852436113096,0.1021012197972079,0.7076923076923077,0.2923076923076923,0.2348290777090547,0.9973557694945439,0.0026442305054560074,1.0293972373643938,0.9532529175053956,0.36180219911342026,0.19515856913897658,0.22144872502298774,0.823076923076923,0.0022909999825060368,1,1,0.8727945618750508,0.68255923349241,0.0026442305054560074,0.21537505396463308,0.04674708249460435,0,1,high,130,0
S6-dynamic,2,Cold-RFOTO,0.2974865320497783,0.506863873373012,1.6019762523141103,0.048361099145345025,0.85,0.15,0.18252674095710458,0.9946547746193526,0.005345225380647485,1.054468752188917,0.9625240637635301,0.45831417246846107,0.24576856883706677,0.1973197005383969,0.85,0.3306740999687463,110,1,0.637700544706672,0.5242656502413856,0.005345225380647485,0.21092445130120988,0.03747593623646994,0,2,low,60,0
S6-dynamic,2,Warm-RFOTO,0.2974865320497783,0.506863873373012,1.6019762523141103,0.048361099145345025,0.85,0.15,0.18252674095710458,0.9946547746193526,0.005345225380647485,1.054468752188917,0.9625240637635301,0.45831417246846107,0.24576856883706677,0.1973197005383969,0.85,0.31768360000569373,110,1,0.637700544706672,0.5242656502413856,0.005345225380647485,0.21092445130120988,0.03747593623646994,0,2,low,60,22
S6-dynamic,2,Standard-ABC,0.2974865320497783,0.506863873373012,1.6019762523141103,0.048361099145345025,0.85,0.15,0.18252674095710458,0.9946547746193526,0.005345225380647485,1.054468752188917,0.9625240637635301,0.45831417246846107,0.24576856883706677,0.1973197005383969,0.85,0.2956563000334427,110,1,0.637700544706672,0.5242656502413856,0.005345225380647485,0.21092445130120988,0.03747593623646994,0,2,low,60,0
S6-dynamic,2,Delay-Greedy,0.3047275281241707,0.5240065991111929,1.6019762523141103,0.04931236415138795,0.85,0.15,0.18423422470401907,0.9946303407684056,0.005369659231594263,1.052558170571741,0.9621403011069083,0.45831417246846107,0.24576856883706677,0.19836697685317922,0.8666666666666667,0.00372490007430315,1,1,0.6545893789925978,0.5415088535729075,0.005369659231594263,0.21240387463921012,0.03785969889309171,0,2,low,60,0
S6-dynamic,2,Max-SINR,0.29152345930556584,0.46390151195678603,1.6019762523141103,0.05381371756119025,0.8333333333333334,0.16666666666666666,0.18007940530933167,0.9941551163440703,0.005844883655929641,1.0475202710840734,0.9611914055522935,0.45831417246846107,0.2520626878487757,0.20093658524772878,0.85,0.0017910999013110995,1,1,0.6471325056497914,0.4779884145170629,0.005844883655929641,0.2042072192688666,0.03880859444770646,0,2,low,60,0
S6-dynamic,3,Cold-RFOTO,0.30982147650534025,0.5425601675404792,2.6612342130673565,0.053659560288594955,0.8541666666666666,0.14583333333333334,0.17498709607085447,0.9963045569488044,0.0036954430511955036,1.0462556153293012,0.9614110575791623,0.43808465327988244,0.3011513585507794,0.2003442496887036,0.8541666666666666,0.2458657999522984,110,1,0.6417051418619772,0.5114152490999101,0.0036954430511955036,0.2646218948059785,0.03858894242083766,0,3,low,48,0
S6-dynamic,3,Warm-RFOTO,0.25530208523596676,0.5015074536597618,2.443646360594879,0.06469580117099538,0.875,0.125,0.12783347152662114,0.9963310016977096,0.003668998302290454,1.0511380349360744,0.9723023425512791,0.5736637194994695,0.3011513585507794,0.16877994998899648,0.8958333333333334,0.2690585000673309,110,1,0.5088110563799426,0.5554874391624945,0.003668998302290454,0.15955102795536283,0.02769765744872088,0,3,low,48,6
S6-dynamic,3,Standard-ABC,0.30947175945069705,0.5288977795568801,2.554302804869838,0.061684708343980536,0.8541666666666666,0.14583333333333334,0.16492647361116478,0.9963875538460646,0.003612446153935328,1.0482905088492356,0.9641898669510492,0.4480894836689807,0.3011513585507794,0.19271773633696182,0.875,0.2663174000335857,110,1,0.6360936933391654,0.5323510278570609,0.003612446153935328,0.25800669099686746,0.035810133048950754,0,3,low,48,0
S6-dynamic,3,Delay-Greedy,0.30730616411398426,0.5289420592819695,2.554302804869838,0.06082772245988908,0.8541666666666666,0.14583333333333334,0.1653806889014249,0.9965751855618336,0.0034248144381663717,1.0475895349548372,0.9640565020437932,0.4480894836689807,0.3011513585507794,0.19308961906915614,0.875,0.0032659999560564756,1,1,0.635753226312322,0.5181002111897103,0.0034248144381663717,0.25830535310553165,0.03594349795620677,0,3,low,48,0
S6-dynamic,3,Max-SINR,0.23668445102014077,0.4331643578869086,2.131487464203318,0.06362909358447753,0.8958333333333334,0.10416666666666667,0.08102532550582332,0.9973264501749378,0.0026735498250622333,1.0292201056741077,0.9817552827241549,0.6172027035896311,0.3842721079396138,0.13632231277163556,0.9166666666666666,0.001673900056630373,1,1,0.4887419006528395,0.5429740531857357,0.0026735498250622333,0.11912580129072536,0.01824471727584509,0,3,low,48,0
S6-dynamic,4,Cold-RFOTO,0.36800154841628446,0.788180390812693,1.7428031060837748,0.10033456470361034,0.8043478260869565,0.1956521739130435,0.12345014331061945,0.9962577952005706,0.0037422047994292076,1.0408880361042254,0.9751767221131892,0.5374382903616292,0.18990403106303427,0.15954672781459017,0.7753623188405797,0.36810149997472763,110,1,0.7258685658812225,0.9948814591295011,0.0037422047994292076,0.1313210217345848,0.024823277886810824,0,4,high,138,0
S6-dynamic,4,Warm-RFOTO,0.373889592244664,0.7859403911096604,1.7428031060837748,0.1023569055722242,0.8115942028985508,0.18840579710144928,0.12364533511649194,0.9961894655783495,0.0038105344216504437,1.0415120511048495,0.9750337626121175,0.5374382903616292,0.18990403106303427,0.16001721983925732,0.7753623188405797,0.40544370003044605,110,1,0.7398476170212925,0.9961201565228738,0.0038105344216504437,0.14001048807358923,0.024966237387882506,0,4,high,138,17
S6-dynamic,4,Standard-ABC,0.3882380267660616,0.8079974552790927,1.8456750566422042,0.10234263932859756,0.7898550724637681,0.21014492753623187,0.14526893891691442,0.996164037276847,0.0038359627231529026,1.041778214528074,0.9709975147602878,0.5112211124489867,0.18990403106303427,0.1728257889231649,0.7536231884057971,0.3681825998937711,110,1,0.7713927633286316,0.9877665857642286,0.0038359627231529026,0.16842913095472803,0.02900248523971216,0,4,high,138,0
S6-dynamic,4,Delay-Greedy,0.39131195560621923,0.825081551289278,1.8456750566422042,0.10441065915242914,0.8043478260869565,0.1956521739130435,0.13652874416345803,0.9966450601499359,0.0033549398500640035,1.0374842790110015,0.972088574716822,0.5073411026690071,0.18990403106303427,0.16944864005541174,0.8695652173913043,0.007282399921678007,1,1,0.7647413782849006,1.0543172114972135,0.0033549398500640035,0.1484853101916902,0.027911425283178026,0,4,high,138,0
S6-dynamic,4,Max-SINR,0.3716264611985137,0.8489935412381153,1.945318030630133,0.10176737625174889,0.8043478260869565,0.1956521739130435,0.14672403899277622,0.9970629840375203,0.0029370159624796887,1.0254060968322778,0.9699630670040846,0.5035319947691024,0.18990403106303427,0.17597468393165563,0.8695652173913043,0.0018135999562218785,1,1,0.8135918520407767,0.8261529387284586,0.0029370159624796887,0.15685045694867011,0.030036932995915366,0,4,high,138,0
S6-dynamic,5,Cold-RFOTO,0.22878646779011225,0.4322295592783577,1.1733616263208795,0.0547733209024359,0.8805970149253731,0.11940298507462686,0.07031224519197299,0.9987288267179099,0.001271173282090067,1.0207352939258736,0.984311956508254,0.6121356096577513,0.4402054272291493,0.12624611200530395,0.8208955223880597,0.28540159994736314,110,1,0.4881870732290523,0.6078829078098238,0.001271173282090067,0.05179928852478278,0.015688043491746018,0,5,low,67,0
S6-dynamic,5,Warm-RFOTO,0.23178877456070704,0.43070823578181106,1.1311923678139137,0.05759039167903308,0.8805970149253731,0.11940298507462686,0.06422316758591086,0.9986497773422763,0.0013502226577235793,1.02418039567863,0.9859992752605247,0.6857944444709959,0.4402054272291493,0.1191617741913564,0.835820895522388,0.30616789998020977,110,1,0.48709965171705305,0.6375306209174179,0.0013502226577235793,0.04805646100546019,0.014000724739475334,0,5,low,67,19
S6-dynamic,5,Standard-ABC,0.23025474080052014,0.43292799580196145,1.1131527305943514,0.057954814321197326,0.8805970149253731,0.11940298507462686,0.06379016972887974,0.9986614822410022,0.0013385177589978448,1.0244183283569563,0.986089462660941,0.6857944444709959,0.4402054272291493,0.1187719246755941,0.835820895522388,0.24814459995832294,110,1,0.4884131313594173,0.625663981454391,0.0013385177589978448,0.0477903063593952,0.013910537339059004,0,5,low,67,0
S6-dynamic,5,Delay-Greedy,0.23125104899857557,0.4332156937455796,1.1311923678139137,0.05767420084086894,0.8955223880597015,0.1044776119402985,0.06103156520457248,0.9978060367823237,0.002193963217676373,1.0266456723134065,0.9862984693899562,0.6749444951609004,0.4402054272291493,0.11786377941893478,0.8507462686567164,0.0038228000048547983,1,1,0.48866534655228955,0.633780183557426,0.002193963217676373,0.04609465036738981,0.013701530610043755,0,5,low,67,0
S6-dynamic,5,Max-SINR,0.21798133618580232,0.4058373632277003,1.065274038864151,0.05111376616829349,0.8955223880597015,0.1044776119402985,0.06748969588914011,0.9984430540230907,0.0015569459769091574,1.0149143279418038,0.9845001429270012,0.6121356096577513,0.4402054272291493,0.12547463903477118,0.835820895522388,0.0017666000640019774,1,1,0.49991361332946743,0.5190032222695067,0.0015569459769091574,0.0500643270267112,0.015499857072998835,0,5,low,67,0
S6-dynamic,6,Cold-RFOTO,0.15605820860656633,0.3040919848688766,1.115584984054878,0.04351461856873376,0.9259259259259259,0.07407407407407407,0.02925819147627657,0.9984786641788311,0.0015213358211689232,1.0208457645137443,0.9934964951888813,0.9539578491150371,0.4621821790009061,0.08090783185852307,0.8888888888888888,0.2918530999450013,110,1,0.33927991881574443,0.41028019862204057,0.0015213358211689232,0.0336656248936901,0.006503504811118721,0,6,low,54,0
S6-dynamic,6,Warm-RFOTO,0.15605820860656633,0.3040919848688766,1.115584984054878,0.04351461856873376,0.9259259259259259,0.07407407407407407,0.02925819147627657,0.9984786641788311,0.0015213358211689232,1.0208457645137443,0.9934964951888813,0.9539578491150371,0.4621821790009061,0.08090783185852307,0.8888888888888888,0.26369110005907714,110,1,0.33927991881574443,0.41028019862204057,0.0015213358211689232,0.0336656248936901,0.006503504811118721,0,6,low,54,10
S6-dynamic,6,Standard-ABC,0.1555841899687039,0.30391666203034484,1.115584984054878,0.043479086643626756,0.9259259259259259,0.07407407407407407,0.02925819147627657,0.9985044334523198,0.0014955665476801786,1.0205700942249838,0.9934976213604315,0.9546287921585694,0.4621821790009061,0.0809007805495147,0.8888888888888888,0.2531778000993654,110,1,0.339252387035099,0.40720144587356893,0.0014955665476801786,0.0336656248936901,0.006502378639568485,0,6,low,54,0
S6-dynamic,6,Delay-Greedy,0.16319808135953048,0.3218114627877591,1.162431746238613,0.04601121816047239,0.9259259259259259,0.07407407407407407,0.02925819147627657,0.9984962179251136,0.0015037820748864785,1.0230323629003109,0.9935007258139065,0.9554559636639995,0.4621821790009061,0.08088133950417908,0.8888888888888888,0.004128600005060434,1,1,0.3538573755346747,0.4336112247303199,0.0015037820748864785,0.0336656248936901,0.006499274186093529,0,6,low,54,0
S6-dynamic,6,Max-SINR,0.1361914803754891,0.2812949478828725,0.8407486351884322,0.035696109178462984,0.9444444444444444,0.05555555555555555,0.02873769041629048,0.9962061518484622,0.0037938481515377154,1.020240558521633,0.9932972591631899,0.911920733133014,0.4621821790009061,0.08214603298897656,0.9074074074074074,0.0015793000347912312,1,1,0.3040310070185484,0.33558499643918116,0.0037938481515377154,0.032327193596583016,0.006702740836810106,0,6,low,54,0
S6-dynamic,7,Cold-RFOTO,0.18067138633133936,0.3233885638888253,0.768839712724542,0.04900512860467401,0.9649122807017544,0.03508771929824561,0.01203469751980021,0.9951910336227942,0.004808966377205823,1.0510815240981073,0.9972510344535064,0.9477286146451221,0.615973361397677,0.05250279219952619,0.9473684210526315,0.26861979998648167,110,1,0.3394067899068098,0.6151310226411731,0.004808966377205823,0.008703589404182897,0.0027489655464936202,0,7,low,57,0
S6-dynamic,7,Warm-RFOTO,0.18067138633133936,0.3233885638888253,0.768839712724542,0.04900512860467401,0.9649122807017544,0.03508771929824561,0.01203469751980021,0.9951910336227942,0.004808966377205823,1.0510815240981073,0.9972510344535064,0.9477286146451221,0.615973361397677,0.05250279219952619,0.9473684210526315,0.2700159000232816,110,1,0.3394067899068098,0.6151310226411731,0.004808966377205823,0.008703589404182897,0.0027489655464936202,0,7,low,57,5
S6-dynamic,7,Standard-ABC,0.1654042233078544,0.32029945239277935,0.713807813729856,0.046089424144008066,0.9649122807017544,0.03508771929824561,0.01203469751980021,0.9953220998886532,0.004677900111346824,1.0506825812208505,0.9972520487029165,0.9477286146451221,0.615973361397677,0.052493078982113035,0.9298245614035088,0.24129989999346435,110,1,0.33595022470899555,0.5192866470848526,0.004677900111346824,0.008703589404182897,0.002747951297083495,0,7,low,57,0
S6-dynamic,7,Delay-Greedy,0.1818470328874296,0.32527929500577746,0.768839712724542,0.049168889722861535,0.9649122807017544,0.03508771929824561,0.01203469751980021,0.9954497214095636,0.0045502785904364814,1.0447240326969152,0.9972171717044207,0.9409161028063414,0.615973361397677,0.05282607348302534,0.9473684210526315,0.0028258999809622765,1,1,0.3426175729744289,0.617928415535683,0.0045502785904364814,0.008703589404182897,0.0027828282955792982,0,7,low,57,0
S6-dynamic,7,Max-SINR,0.21025111118343875,0.3457623476148262,0.8181341416724881,0.04604430046808308,0.9473684210526315,0.05263157894736842,0.05460755718668154,0.9940550901531325,0.005944909846867487,1.0403663788629631,0.9875313141783717,0.9138523175607673,0.321861871682464,0.11236599532991272,0.9122807017543859,0.001378699904307723,1,1,0.4605127646513643,0.41144928885219306,0.005944909846867487,0.12138496740060387,0.0124686858216283,0,7,low,57,0
S6-dynamic,8,Cold-RFOTO,0.2733966561037334,0.4542469790788249,1.4688948227796157,0.051629284930106115,0.7959183673469388,0.20408163265306123,0.13448356069856443,0.9970516262330469,0.002948373766953191,1.0433956333419174,0.9719104821861885,0.5833251463345724,0.33596327344635485,0.17000394875229916,0.8163265306122449,0.2866965999128297,110,1,0.6423354591569866,0.44587733168710003,0.002948373766953191,0.1645123565438377,0.028089517813811526,0,8,low,49,0
S6-dynamic,8,Warm-RFOTO,0.27286477333716835,0.45200720873823425,1.4688948227796157,0.05153339598130726,0.7959183673469388,0.20408163265306123,0.13218260799818524,0.9967689005024654,0.0032310994975346713,1.0442538455168784,0.9723990773620839,0.5833251463345724,0.33596327344635485,0.1684765772499521,0.8163265306122449,0.2685676000546664,110,1,0.6394039574876472,0.4497380273709112,0.0032310994975346713,0.16306688625770205,0.027600922637916137,0,8,low,49,8
S6-dynamic,8,Standard-ABC,0.2722539045745093,0.4632392636434928,1.4688948227796157,0.05116277575276413,0.7959183673469388,0.20408163265306123,0.13448356069856443,0.9969764929933005,0.0030235070066995536,1.0455160566880033,0.9719154383935087,0.5833251463345724,0.33596327344635485,0.16998851663821335,0.7959183673469388,0.2641264999983832,110,1,0.6453388176299105,0.433158169258391,0.0030235070066995536,0.1645123565438377,0.02808456160649131,0,8,low,49,0
S6-dynamic,8,Delay-Greedy,0.27089353054773035,0.4465723274807971,1.4688948227796157,0.048336036692594786,0.8163265306122449,0.1836734693877551,0.1326549542449132,0.9977035169297007,0.002296483070299255,1.043172440181073,0.9719005373244254,0.5539612759073506,0.33596327344635485,0.1700349102607972,0.8571428571428571,0.00246850005351007,1,1,0.6266664404025168,0.4674232023781639,0.002296483070299255,0.15775689629992198,0.028099462675574616,0,8,low,49,0
S6-dynamic,8,Max-SINR,0.24905099577623904,0.4040595839294212,1.4688948227796157,0.04293591026166566,0.8367346938775511,0.16326530612244897,0.13438538361081684,0.9975686815734534,0.0024313184265465585,1.0400391378559675,0.9729636365887481,0.6072415545007236,0.2800733121635093,0.16669625115356268,0.8367346938775511,0.0024421000853180885,1,1,0.6191263148573405,0.3179609008085368,0.0024313184265465585,0.16813425497450513,0.02703636341125193,0,8,low,49,0
S6-dynamic,9,Cold-RFOTO,0.2130519545164938,0.4521678648579492,1.6024489424772288,0.06429371795466392,0.8085106382978723,0.19148936170212766,0.07592617455506082,0.9985426735027816,0.0014573264972184165,1.0290272592315501,0.9853303078950205,0.685202184702564,0.5918944273595881,0.12201678527022716,0.7659574468085106,0.27078850008547306,110,1,0.45735975926884037,0.5275043870134715,0.0014573264972184165,0.06837775012828955,0.014669692104979482,0,9,low,47,0
S6-dynamic,9,Warm-RFOTO,0.21713570983562697,0.45507742730164835,1.6024489424772288,0.0652400724227121,0.8085106382978723,0.19148936170212766,0.07592617455506082,0.9981566963535137,0.0018433036464864123,1.0289988135934094,0.9853551652061556,0.685202184702564,0.5918944273595881,0.12191182697591361,0.7659574468085106,0.30268089997116476,110,1,0.46041856656251456,0.5491416314303469,0.0018433036464864123,0.06837775012828955,0.014644834793844375,0,9,low,47,7
S6-dynamic,9,Standard-ABC,0.20750537459862758,0.43433927760749136,1.5295998515294185,0.065139050442419,0.8297872340425532,0.1702127659574468,0.06660504688998237,0.9973873626907356,0.002612637309264555,1.0410177852510776,0.9870023892172911,0.6896283641335386,0.5918944273595881,0.11475527601597689,0.7872340425531915,0.22739660006482154,110,1,0.4355631050186027,0.5462012168254726,0.002612637309264555,0.056848986963587235,0.01299761078270889,0,9,low,47,0
S6-dynamic,9,Delay-Greedy,0.23891541521555767,0.5144557860948842,1.6024489424772288,0.06951957401833875,0.8085106382978723,0.19148936170212766,0.12257115594805659,0.9978102776064316,0.0021897223935685114,1.0298069294993075,0.9759571290012863,0.627271147273985,0.26426274115329423,0.15695595319368766,0.7872340425531915,0.0033502000151202083,1,1,0.4942783548357058,0.5799696948185257,0.0021897223935685114,0.09722398862132642,0.024042870998713717,0,9,low,47,0
S6-dynamic,9,Max-SINR,0.21431158238061634,0.4562240873845901,1.6059028959436437,0.06563175249730932,0.7872340425531915,0.2127659574468085,0.08225508723740904,0.9983077001146116,0.0016922998853885673,1.032985425639894,0.984053099015465,0.6676056403063138,0.5918944273595881,0.12730014025537748,0.7446808510638298,0.0020483999978750944,1,1,0.4877429520019328,0.47062630201191485,0.0016922998853885673,0.07620561581435181,0.015946900984534995,0,9,low,47,0
S6-dynamic,10,Cold-RFOTO,0.23392833449494166,0.41329584173500555,1.1112033893057625,0.04927399605675693,0.921875,0.078125,0.06731410948941427,0.9973672873669198,0.0026327126330801583,1.035518831896639,0.983982841314192,0.6234887795838874,0.42065106342661507,0.12758481155346593,0.890625,0.2790883000707254,110,1,0.48497379205466695,0.5830167129673584,0.0026327126330801583,0.08921305282673583,0.016017158685807997,0,10,low,64,0
S6-dynamic,10,Warm-RFOTO,0.23384906783822296,0.4108469004625144,1.1821686410900303,0.04935498346986663,0.921875,0.078125,0.06376021967067849,0.9974595690430655,0.0025404309569344724,1.035835262319951,0.9850149991466057,0.6429758925094002,0.42065106342661507,0.12334085770563787,0.890625,0.2822852999670431,110,1,0.4811531439130643,0.593587456886209,0.0025404309569344724,0.08706730803051801,0.01498500085339427,0,10,low,64,10
S6-dynamic,10,Standard-ABC,0.23447107235099687,0.41033339802855917,1.1082833079520809,0.049906014705786456,0.921875,0.078125,0.06376021967067849,0.9974790132275908,0.002520986772409294,1.0356020162454753,0.9850134618615544,0.6429758925094002,0.42065106342661507,0.12334728045725747,0.890625,0.25325309997424483,110,1,0.48171566097896035,0.5968210134891905,0.002520986772409294,0.08706730803051801,0.014986538138445638,0,10,low,64,0
S6-dynamic,10,Delay-Greedy,0.24584100447955695,0.42842799355190675,1.3415835649806835,0.05211055744004088,0.890625,0.109375,0.06775713317172295,0.9962921033226938,0.0037078966773062064,1.0473188716513142,0.9843289484021094,0.6314381802583539,0.42065106342661507,0.12617663512976326,0.90625,0.0038053999887779355,1,1,0.49942757034095536,0.6357977938079177,0.0037078966773062064,0.09008882299194254,0.015671051597890617,0,10,low,64,0
S6-dynamic,10,Max-SINR,0.23489147178131195,0.3933602666027001,1.1233866751613233,0.05164838470494042,0.890625,0.109375,0.06237917291864627,0.9946324944952425,0.005367505504757536,1.0470825313898127,0.9849044894651507,0.6733374555407761,0.42065106342661507,0.1238017672603085,0.921875,0.0021733000176027417,1,1,0.49998113502385705,0.5657040119730992,0.005367505504757536,0.08681103419281579,0.015095510534849255,0,10,low,64,0
S6-dynamic,11,Cold-RFOTO,0.3342556248262601,0.7391223964295527,1.8766987158785804,0.0896280848537419,0.8739495798319328,0.12605042016806722,0.10048626297201405,0.9980171381718003,0.0019828618281997903,1.0251739084366185,0.9782373822263305,0.5065040103235167,0.27735526439544844,0.14915349687752186,0.8991596638655462,0.34786990005522966,110,1,0.6672781505699932,0.8577305867870294,0.0019828618281997903,0.14046213653606807,0.0217626177736695,0,11,high,119,0
S6-dynamic,11,Warm-RFOTO,0.33215560996320476,0.7364432098292181,1.6751739688214973,0.09110263720658945,0.8739495798319328,0.12605042016806722,0.09343155474397723,0.9977860467769021,0.0022139532230979206,1.0264497965577906,0.9800589675125344,0.6980185984682382,0.27735526439544844,0.14264209774876624,0.907563025210084,0.3503053999738768,110,1,0.6643352239811193,0.8645734040173495,0.0022139532230979206,0.13180739139033215,0.019941032487465593,0,11,high,119,17
S6-dynamic,11,Standard-ABC,0.3336608185525657,0.7412271819475305,1.970887452961373,0.08961209540624829,0.8739495798319328,0.12605042016806722,0.10103589894450127,0.9980183176843914,0.0019816823156085543,1.0251630302070676,0.9781291453043043,0.5065040103235167,0.27735526439544844,0.14953221886996101,0.8991596638655462,0.33484339993447065,110,1,0.6680679011687474,0.8517803833279155,0.0019816823156085543,0.14079928437486175,0.02187085469569572,0,11,high,119,0
S6-dynamic,11,Delay-Greedy,0.3288290576304737,0.7875705938920826,2.072675450721136,0.09201348219378311,0.8235294117647058,0.17647058823529413,0.1216288655377298,0.9974149052595634,0.0025850947404365983,1.0297527258766694,0.9743114043168857,0.5360586363038802,0.2330475274965973,0.16237579435329239,0.957983193277311,0.00530409999191761,1,1,0.6554152672064743,0.8645679817046116,0.0025850947404365983,0.12367894109043577,0.025688595683114324,0,11,high,119,0
S6-dynamic,11,Max-SINR,0.3190984454627951,0.7246198590198785,1.7951091254951625,0.08463062151282211,0.8571428571428571,0.14285714285714285,0.11268245886436702,0.9975239602332566,0.0024760397667432507,1.0283727758488663,0.976004298598148,0.5065040103235167,0.2580683212706423,0.15679812291742,0.9495798319327731,0.0017325000371783972,1,1,0.7093799063776683,0.7002781096802381,0.0024760397667432507,0.1304687570108631,0.023995701401852032,0,11,high,119,0
S6-dynamic,12,Cold-RFOTO,0.3348667626553269,0.8503292812566083,1.8869724720242822,0.0980468901984713,0.8043478260869565,0.1956521739130435,0.15736290699163596,0.9988286580799219,0.001171341920078201,1.0247385437464525,0.969889289714719,0.5244523736754692,0.18868714757771465,0.17619736866533803,0.7463768115942029,0.38543159991968423,110,1,0.7537816744757029,0.6782877898968552,0.001171341920078201,0.15970920250026038,0.030110710285281006,0,12,high,138,0
S6-dynamic,12,Warm-RFOTO,0.3353493065663143,0.8531381183617422,2.042478381798843,0.09961403913336264,0.8115942028985508,0.18840579710144928,0.15603448884199778,0.9986038545250215,0.0013961454749784566,1.02482547596053,0.9698767130750756,0.5244523736754692,0.18868714757771465,0.1762353045099577,0.7536231884057971,0.3435549000278115,110,1,0.7533409758792868,0.6832788622265831,0.0013961454749784566,0.1588980445150831,0.030123286924924386,0,12,high,138,37
S6-dynamic,12,Standard-ABC,0.33591188088223034,0.8541188365032936,2.042478381798843,0.09909463978746787,0.8043478260869565,0.1956521739130435,0.16001375978495735,0.9987899847058243,0.0012100152941756468,1.025172966655247,0.9690459076218243,0.5244523736754692,0.18868714757771465,0.17872564014574044,0.7463768115942029,0.33270839997567236,110,1,0.7553501277754642,0.6790484387763754,0.0012100152941756468,0.16132786482538586,0.0309540923781757,0,12,high,138,0
S6-dynamic,12,Delay-Greedy,0.3605667593840416,0.897734103902937,2.173879764531874,0.10313237902707295,0.7318840579710145,0.26811594202898553,0.17097650568668293,0.9972099000027732,0.0027900999972269008,1.0256916000586302,0.9677621388958919,0.5244523736754692,0.18868714757771465,0.18251509808589436,0.9057971014492754,0.00520769995637238,1,1,0.7778491880719016,0.7923487947412546,0.0027900999972269008,0.16743377595926562,0.03223786110410809,0,12,high,138,0
S6-dynamic,12,Max-SINR,0.3531521378290014,0.847862032823846,1.94289553136291,0.10257537700734895,0.7971014492753623,0.2028985507246377,0.1620675218188064,0.9977651234804485,0.0022348765195514524,1.0199114500165187,0.9690865628723028,0.4908284079674597,0.18868714757771465,0.17860448549626606,0.8985507246376812,0.0026951999170705676,1,1,0.8050538311122253,0.6975095826693734,0.0022348765195514524,0.1687130071098968,0.03091343712769723,0,12,high,138,0
S6-dynamic,13,Cold-RFOTO,0.3086215646975233,0.7837757830315162,2.027697001550549,0.09914265658894965,0.8260869565217391,0.17391304347826086,0.1332306602813966,0.9974324136986709,0.0025675863013292105,1.0274212626228219,0.972071090189832,0.524672251866545,0.24282584157532738,0.16950322991630154,0.7608695652173914,0.3805312999757007,110,1,0.6885021965713869,0.665014084103917,0.0025675863013292105,0.12816419682919178,0.027928909810168046,0,13,high,138,0
S6-dynamic,13,Warm-RFOTO,0.3086215646975233,0.7837757830315162,2.027697001550549,0.09914265658894965,0.8260869565217391,0.17391304347826086,0.1332306602813966,0.9974324136986709,0.0025675863013292105,1.0274212626228219,0.972071090189832,0.524672251866545,0.24282584157532738,0.16950322991630154,0.7608695652173914,0.4107922000112012,110,1,0.6885021965713869,0.665014084103917,0.0025675863013292105,0.12816419682919178,0.027928909810168046,0,13,high,138,39
S6-dynamic,13,Standard-ABC,0.3086215646975233,0.7837757830315162,2.027697001550549,0.09914265658894965,0.8260869565217391,0.17391304347826086,0.1332306602813966,0.9974324136986709,0.0025675863013292105,1.0274212626228219,0.972071090189832,0.524672251866545,0.24282584157532738,0.16950322991630154,0.7608695652173914,0.3716652999864891,110,1,0.6885021965713869,0.665014084103917,0.0025675863013292105,0.12816419682919178,0.027928909810168046,0,13,high,138,0
S6-dynamic,13,Delay-Greedy,0.3699417729047823,0.8529922520150551,2.1009931569359432,0.11450205935240353,0.7753623188405797,0.2246376811594203,0.14568765880633974,0.9967996623432546,0.003200337656745534,1.0321194328389462,0.9696868539577032,0.4676217472729079,0.24282584157532738,0.1768071207950846,0.927536231884058,0.006776499911211431,1,1,0.7328141329313869,0.9820952350176769,0.003200337656745534,0.136947659926362,0.030313146042296846,0,13,high,138,0
S6-dynamic,13,Max-SINR,0.3217956028819741,0.7492150711978337,1.8007607519308801,0.09768378280439902,0.8840579710144928,0.11594202898550725,0.11618510031568341,0.9965700670963578,0.0034299329036421326,1.0300350675283168,0.9746735155922648,0.5256508558951365,0.24282584157532738,0.16119734033809469,0.9347826086956522,0.0019635999342426658,1,1,0.7275438840068016,0.7026244939315248,0.0034299329036421326,0.12012399419462505,0.025326484407735217,0,13,high,138,0
S6-dynamic,14,Cold-RFOTO,0.28110472130664454,0.6931536846669505,1.6398256677522476,0.09707800185673802,0.8225806451612904,0.1774193548387097,0.0896329562399363,0.9974977031810186,0.0025022968189815035,1.0295660164345772,0.9811720164837564,0.5947049225948001,0.35069312951365494,0.13852537292455672,0.8306451612903226,0.35162179998587817,110,1,0.604379754012613,0.720319039270105,0.0025022968189815035,0.07454908008697093,0.018827983516243596,0,14,high,124,0
S6-dynamic,14,Warm-RFOTO,0.28212123566403785,0.700253607702133,1.6398256677522476,0.09733272739473256,0.7983870967741935,0.20161290322580644,0.09550113176399944,0.9976355817350483,0.0023644182649517577,1.030341937700435,0.9802636024288096,0.5947049225948001,0.35069312951365494,0.14189350081362856,0.8306451612903226,0.38155980000738055,110,1,0.6086271537677139,0.7121992248275667,0.0023644182649517577,0.0788048808372219,0.01973639757119039,0,14,high,124,39
S6-dynamic,14,Standard-ABC,0.28264694866888057,0.6970513872188758,1.6398256677522476,0.09698251666639407,0.8145161290322581,0.18548387096774194,0.09494271137905999,0.9972898500224898,0.0027101499775102292,1.0306125853253107,0.9800437412264542,0.5947049225948001,0.35069312951365494,0.14269765414155017,0.8306451612903226,0.3598451999714598,110,1,0.6111984472038019,0.7084257721664188,0.0027101499775102292,0.08019200892573326,0.019956258773545787,0,14,high,124,0
S6-dynamic,14,Delay-Greedy,0.3141700367589905,0.7759765589784521,2.141471974174363,0.10218790485446863,0.7741935483870968,0.22580645161290322,0.14047835840640327,0.9987880932191386,0.0012119067808614248,1.0187126870537577,0.9707436093588065,0.5242176657071537,0.29116636652224503,0.17360335063341087,0.8951612903225806,0.006174199981614947,1,1,0.6723429648427908,0.7473263092773719,0.0012119067808614248,0.11741803681734288,0.029256390641193453,0,14,high,124,0
S6-dynamic,14,Max-SINR,0.2645165882724874,0.659038437684535,1.8815741849977063,0.077672468908321,0.8709677419354839,0.12903225806451613,0.10614337877199453,0.9979249391841339,0.0020750608158660957,1.0226252608684583,0.9773845445066586,0.5837877824383554,0.26162843222331594,0.15211426244062537,0.8790322580645161,0.002744200057350099,1,1,0.631951525649056,0.5342034795692646,0.0020750608158660957,0.09036341775063718,0.02261545549334143,0,14,high,124,0
S6-dynamic,15,Cold-RFOTO,0.22111655313846962,0.3826335658691302,0.7957762785685589,0.050931317626496615,0.921875,0.078125,0.034300115962406376,0.9954108005241731,0.004589199475826896,1.0524264419707097,0.9925640418318329,0.8612375787932042,0.5150553381598953,0.08655440995279917,0.9375,0.2952987999888137,110,1,0.4610668106254783,0.5839246477590461,0.004589199475826896,0.06491167879141069,0.007435958168167112,0,15,low,64,0
S6-dynamic,15,Warm-RFOTO,0.23999983177294698,0.44971384830740946,0.9672743848523798,0.05413651739492001,0.90625,0.09375,0.09350423747888814,0.9971764084393477,0.0028235915606521743,1.049140650735428,0.9789005798781236,0.560670514144408,0.3168575203022704,0.14681349144360134,0.890625,0.3138787999050692,110,1,0.5284023569410291,0.49072584104973493,0.0028235915606521743,0.12224294019927041,0.021099420121876378,0,15,low,64,20
S6-dynamic,15,Standard-ABC,0.23843812513113588,0.4452926839910135,0.9672743848523798,0.05327237135866847,0.90625,0.09375,0.09350423747888814,0.996908636957718,0.0030913630422819815,1.0458734988521643,0.9788951463804689,0.560670514144408,0.3168575203022704,0.1468328013514228,0.890625,0.27580009994562715,110,1,0.5266050063325112,0.4829475856453629,0.0030913630422819815,0.12224294019927041,0.021104853619531072,0,15,low,64,0
S6-dynamic,15,Delay-Greedy,0.22238818940550747,0.3878247926483103,0.9163290864679912,0.049655277913293244,0.921875,0.078125,0.03860973234423209,0.9948481099905238,0.005151890009476289,1.0297310139764255,0.9909905451154155,0.8949588299580902,0.5150553381598953,0.0953486397929547,0.921875,0.004255600040778518,1,1,0.47746594549774024,0.5523182164837848,0.005151890009476289,0.07116869729568712,0.009009454884584489,0,15,low,64,0
S6-dynamic,15,Max-SINR,0.19489341456850828,0.37846905715838214,0.6915738516930503,0.03806974239719504,0.953125,0.046875,0.07468702229695706,0.9963359435800637,0.003664056419936222,1.0322224861788167,0.9845475812370106,0.9334326099993401,0.28553400625350617,0.12527946201999762,0.9375,0.001444100053049624,1,1,0.44093687680545846,0.43808490100656194,0.003664056419936222,0.06358314447089483,0.015452418762989417,0,15,low,64,0
S6-dynamic,16,Cold-RFOTO,0.1831860025365114,0.3873535153965087,1.2962002159873292,0.04426500524479897,0.9019607843137255,0.09803921568627451,0.07656823629867862,0.998905818538442,0.0010941814615582177,1.0210401736680508,0.9822122971072014,0.5914439908440671,0.43113208030910327,0.13457278796946356,0.8627450980392157,0.2402962000342086,110,1,0.38770935749094143,0.45597419094688885,0.0010941814615582177,0.05990217118204514,0.01778770289279863,0,16,low,51,0
S6-dynamic,16,Warm-RFOTO,0.1831860025365114,0.3873535153965087,1.2962002159873292,0.04426500524479897,0.9019607843137255,0.09803921568627451,0.07656823629867862,0.998905818538442,0.0010941814615582177,1.0210401736680508,0.9822122971072014,0.5914439908440671,0.43113208030910327,0.13457278796946356,0.8627450980392157,0.2689566999906674,110,1,0.38770935749094143,0.45597419094688885,0.0010941814615582177,0.05990217118204514,0.01778770289279863,0,16,low,51,10
S6-dynamic,16,Standard-ABC,0.18296766390398275,0.386339044839458,1.2962002159873292,0.04378931487206986,0.9019607843137255,0.09803921568627451,0.07656823629867862,0.9988922837730528,0.0011077162269471598,1.0217598962528305,0.9822129481468879,0.5914439908440671,0.43113208030910327,0.13457028062939114,0.8627450980392157,0.2353295999346301,110,1,0.3878144509811947,0.45432604893211037,0.0011077162269471598,0.05990217118204514,0.017787051853112135,0,16,low,51,0
S6-dynamic,16,Delay-Greedy,0.1797376796579107,0.38394480095210803,1.2962002159873292,0.042577600541878514,0.9019607843137255,0.09803921568627451,0.07656823629867862,0.998791754780625,0.0012082452193751107,1.0208203946909025,0.9822157923495121,0.5914439908440671,0.43113208030910327,0.13455932628253514,0.8627450980392157,0.002995199989527464,1,1,0.38450463410641605,0.4381779876289815,0.0012082452193751107,0.05990217118204514,0.017784207650487938,0,16,low,51,0
S6-dynamic,16,Max-SINR,0.18095177554959072,0.3961459012067726,1.2962002159873292,0.04294019705121127,0.9019607843137255,0.09803921568627451,0.07656823629867862,0.9991473527184584,0.000852647281541576,1.012014397395165,0.9822029731833466,0.5914439908440671,0.43113208030910327,0.13460869230794723,0.8627450980392157,0.001975600025616586,1,1,0.4219680619330244,0.3842942252801133,0.000852647281541576,0.05990217118204514,0.017797026816653405,0,16,low,51,0
S6-dynamic,17,Cold-RFOTO,0.35728398154056984,0.6697523762046046,3.1252246881205843,0.06472891780906628,0.8305084745762712,0.1694915254237288,0.28063018763572684,0.9965919115538443,0.003408088446155729,1.046060453666151,0.9405534545551645,0.325618742428096,0.24745901744326884,0.2514036447076069,0.7796610169491526,0.28761549992486835,110,1,0.7423339955641663,0.5671258059104582,0.003408088446155729,0.3081320490280122,0.05944654544483552,0,17,low,59,0
S6-dynamic,17,Warm-RFOTO,0.34684092095156455,0.6481470066216544,2.5988421974023086,0.07181896018136787,0.8305084745762712,0.1694915254237288,0.25780606328503225,0.9965881948991983,0.003411805100801774,1.0492665626837931,0.9452296958598684,0.3661057264121627,0.24745901744326884,0.2407154122554724,0.7966101694915254,0.27936960000079125,110,1,0.7191270876629294,0.5886074681762057,0.003411805100801774,0.279480488672885,0.05477030414013162,0,17,low,59,6
S6-dynamic,17,Standard-ABC,0.35383641094024965,0.6567932469448976,2.5988421974023086,0.07146819187153981,0.8135593220338984,0.1864406779661017,0.25750106816371515,0.9958036759756428,0.004196324024357238,1.0633122229109044,0.9457911688910389,0.3661057264121627,0.24745901744326884,0.2394073029482274,0.7627118644067796,0.27287779992911965,110,1,0.7346128478710672,0.6205551388564109,0.004196324024357238,0.2725173546912223,0.05420883110896113,0,17,low,59,0
S6-dynamic,17,Delay-Greedy,0.35657005944044445,0.6684413296222328,3.1252246881205843,0.06390275845993536,0.8305084745762712,0.1694915254237288,0.28063018763572684,0.9968359007662744,0.003164099233725637,1.042442668881432,0.9405512173090194,0.325618742428096,0.24745901744326884,0.25140867440580095,0.7796610169491526,0.004116600030101836,1,1,0.742804226672115,0.5619056884334697,0.003164099233725637,0.3081320490280122,0.05944878269098064,0,17,low,59,0
S6-dynamic,17,Max-SINR,0.3174227303074614,0.6440067476716639,2.5988421974023086,0.06167807670019046,0.8135593220338984,0.1864406779661017,0.25325058805189726,0.9958312928812258,0.0041687071187740754,1.0502344219530888,0.9452635968973411,0.36811249793828216,0.24745901744326884,0.24063658799262708,0.7966101694915254,0.001451799995265901,1,1,0.7064502185699234,0.45702054505910333,0.0041687071187740754,0.2528515680678455,0.054736403102658926,0,17,low,59,0
S6-dynamic,18,Cold-RFOTO,0.33778972622209186,0.5491341137307185,1.9575829543319163,0.05415078724936379,0.8727272727272727,0.12727272727272726,0.16112199896274926,0.9967572180870711,0.0032427819129289856,1.0305504010705289,0.9693709933646684,0.6034593745801702,0.22911674309532723,0.1777548445628739,0.8909090909090909,0.27026280004065484,110,1,0.7050206257863013,0.5638090090477978,0.0032427819129289856,0.286881244161845,0.030629006635331635,0,18,low,55,0
S6-dynamic,18,Warm-RFOTO,0.3299166352678539,0.5400917634275405,1.9930809120274064,0.05346996273199817,0.8909090909090909,0.10909090909090909,0.16011180617334728,0.9966432983650682,0.003356701634931847,1.031148621720622,0.9692468562544498,0.585599110575435,0.22911674309532723,0.17812609970348411,0.8909090909090909,0.26791179995052516,110,1,0.6987561057408341,0.5224822824277595,0.003356701634931847,0.28628381831865024,0.03075314374555016,0,18,low,55,9
S6-dynamic,18,Standard-ABC,0.3338604055254418,0.5545789816499888,2.238578717507985,0.05283678905808366,0.8909090909090909,0.10909090909090909,0.16650642800849685,0.9966482648043455,0.003351735195654591,1.0298447822127246,0.9674200999646202,0.48995745156738757,0.22911674309532723,0.18351320517040834,0.8727272727272727,0.21827749989461154,110,1,0.7086129498482734,0.5242229335927656,0.003351735195654591,0.29006558392008286,0.032579900035379805,0,18,low,55,0
S6-dynamic,18,Delay-Greedy,0.3421616399655967,0.5636292515275159,2.097435034040402,0.0546713570029215,0.8727272727272727,0.12727272727272726,0.16985508677680516,0.9956769797096046,0.004323020290395457,1.0284933940628573,0.9664064585708466,0.49313573625237456,0.22911674309532723,0.18644381588745473,0.9090909090909091,0.0027221000054851174,1,1,0.7150025490648381,0.5633058269891608,0.004323020290395457,0.29204597351424366,0.033593541429153384,0,18,low,55,0
S6-dynamic,18,Max-SINR,0.32478926921654827,0.5525724943108087,2.8308294843606605,0.04869440333665564,0.8727272727272727,0.12727272727272726,0.1739220632652196,0.9981892232704036,0.001810776729596282,1.026431540987403,0.9657665174926686,0.4255022322732575,0.22911674309532723,0.1882736179848484,0.8545454545454545,0.0013553000753745437,1,1,0.724289699887213,0.4297244215004861,0.001810776729596282,0.29504401319061246,0.03423348250733138,0,18,low,55,0
S6-dynamic,19,Cold-RFOTO,0.19752353007666038,0.4213457525593978,1.075461052818909,0.056330397831687425,0.9107142857142857,0.08928571428571429,0.07566916812265702,0.997064981460789,0.0029350185392109673,1.0418127901370402,0.9824011560160598,0.6464953605243625,0.3900545964847979,0.1338436088866385,0.8928571428571429,0.2931434999918565,110,1,0.4441187243452426,0.4400099444477288,0.0029350185392109673,0.06906210807102872,0.017598843983940182,0,19,low,56,0
S6-dynamic,19,Warm-RFOTO,0.1991004315211078,0.42212480446944173,1.075461052818909,0.05692122304729748,0.9107142857142857,0.08928571428571429,0.07566916812265702,0.997126643697934,0.002873356302066058,1.0412250470963613,0.9824003181413385,0.6464953605243625,0.3900545964847979,0.13384685205006033,0.8928571428571429,0.2810520000057295,110,1,0.4439167149961713,0.450940681433969,0.002873356302066058,0.06906210807102872,0.017599681858661453,0,19,low,56,6
S6-dynamic,19,Standard-ABC,0.1985173307435276,0.4239225324173376,1.075461052818909,0.05657150191850992,0.9107142857142857,0.08928571428571429,0.07566916812265702,0.9970884336831966,0.002911566316803479,1.0417536293935987,0.9824015353592295,0.6464953605243625,0.3900545964847979,0.1338421405382218,0.8928571428571429,0.24153449991717935,110,1,0.44511692583897744,0.44500326204366525,0.002911566316803479,0.06906210807102872,0.017598464640770528,0,19,low,56,0
S6-dynamic,19,Delay-Greedy,0.20128391380296945,0.428790036249134,1.075461052818909,0.05750808268183527,0.9107142857142857,0.08928571428571429,0.07566916812265702,0.9972902799079654,0.0027097200920346664,1.040934875648328,0.9824105321111863,0.6464953605243625,0.3900545964847979,0.13380731183171507,0.8928571428571429,0.0044686000328511,1,1,0.4465918730619426,0.4612670287866509,0.0027097200920346664,0.06906210807102872,0.01758946788881366,0,19,low,56,0
S6-dynamic,19,Max-SINR,0.20650319409917967,0.4179142462077276,1.401434102740349,0.058631507465996734,0.875,0.125,0.08364592659797564,0.9962242827509218,0.0037757172490782915,1.0437636910631984,0.9813228529423148,0.6464953605243625,0.3900545964847979,0.1379587697114343,0.8571428571428571,0.0021994999842718244,1,1,0.4997021750392682,0.3753568278310611,0.0037757172490782915,0.08686964262494005,0.018677147057685195,0,19,low,56,0
S6-dynamic,20,Cold-RFOTO,0.26137552058353514,0.47718752860489705,1.0482667854538283,0.04693979057098963,0.9166666666666666,0.08333333333333333,0.09861153389044253,0.9972692460408946,0.0027307539591053375,1.0255673625677832,0.9795376107247944,0.7056070898307704,0.24694744192110102,0.14453319834617107,0.9305555555555556,0.31122959998901933,110,1,0.5335858574059433,0.5915230605707363,0.0027307539591053375,0.14254035185334768,0.020462389275205606,0,20,low,72,0
S6-dynamic,20,Warm-RFOTO,0.2631423373175318,0.47656796439713567,1.0482667854538283,0.04682051352504555,0.9166666666666666,0.08333333333333333,0.09861153389044253,0.9972691948646042,0.002730805135395853,1.0255983201818664,0.9795376127415297,0.7056070898307704,0.24694744192110102,0.14453319107492155,0.9305555555555556,0.3149136999854818,110,1,0.5331696414820206,0.6039954657855999,0.002730805135395853,0.14254035185334768,0.02046238725847027,0,20,low,72,8
S6-dynamic,20,Standard-ABC,0.26303080104639204,0.47726235833732233,1.0482667854538283,0.046778470384120724,0.9166666666666666,0.08333333333333333,0.09861153389044253,0.9972691780374314,0.0027308219625686737,1.0256064031294503,0.9795376134045946,0.7056070898307704,0.24694744192110102,0.14453318868426984,0.9305555555555556,0.2766482000006363,110,1,0.5335208592948513,0.6026665058501183,0.0027308219625686737,0.14254035185334768,0.020462386595405446,0,20,low,72,0
S6-dynamic,20,Delay-Greedy,0.278059485574034,0.5098427374499234,1.197894203852729,0.052835167745879166,0.8611111111111112,0.1388888888888889,0.09464215574193671,0.9969976641610943,0.0030023358389057748,1.0263169318854493,0.9808515946651704,0.6520892482480297,0.24694744192110102,0.1397219553559884,0.9444444444444444,0.004393300041556358,1,1,0.5553708868338799,0.6712972926037224,0.0030023358389057748,0.140197768028,0.019148405334829643,0,20,low,72,0
S6-dynamic,20,Max-SINR,0.23316591326206598,0.38529961810130514,0.72170181820395,0.04598444412980507,0.9166666666666666,0.08333333333333333,0.05423904958408136,0.9980440802455561,0.0019559197544437904,1.0198501009886434,0.9874342959571225,0.7335110015879973,0.4274376506810186,0.1128078467821125,0.9583333333333334,0.005049299914389849,1,1,0.4807254803727986,0.6373886432786643,0.0019559197544437904,0.06040082847898535,0.01256570404287749,0,20,low,72,0
S6-dynamic,21,Cold-RFOTO,0.22453637639020066,0.36531447904677844,1.2923560242932908,0.04778099906230643,0.8775510204081632,0.12244897959183673,0.09313012846233501,0.9956737447989905,0.0043262552010095035,1.0266535446297598,0.9785042379732405,0.5840702689255121,0.4714912967376364,0.14821599275370656,0.8775510204081632,0.2554207999492064,110,1,0.4806336806226387,0.45535303961117657,0.0043262552010095035,0.1279415397945946,0.021495762026759513,0,21,low,49,0
S6-dynamic,21,Warm-RFOTO,0.22453637639020066,0.36531447904677844,1.2923560242932908,0.04778099906230643,0.8775510204081632,0.12244897959183673,0.09313012846233501,0.9956737447989905,0.0043262552010095035,1.0266535446297598,0.9785042379732405,0.5840702689255121,0.4714912967376364,0.14821599275370656,0.8775510204081632,0.2796813000459224,110,1,0.4806336806226387,0.45535303961117657,0.0043262552010095035,0.1279415397945946,0.021495762026759513,0,21,low,49,14
S6-dynamic,21,Standard-ABC,0.22241237515328013,0.36582602666701,1.2923560242932908,0.04665255940839158,0.8775510204081632,0.12244897959183673,0.09313012846233501,0.9967906680241053,0.003209331975894626,1.014064834195229,0.9784940108631647,0.5840702689255121,0.4714912967376364,0.14825202191915035,0.8775510204081632,0.23196669993922114,110,1,0.48112988361158526,0.4418450302402062,0.003209331975894626,0.1279415397945946,0.021505989136835324,0,21,low,49,0
S6-dynamic,21,Delay-Greedy,0.22220755889614868,0.36857039021411137,1.2923560242932908,0.04667561840442813,0.8775510204081632,0.12244897959183673,0.09313012846233501,0.9981898302203074,0.0018101697796925552,1.013112657279663,0.9785090093584387,0.5840702689255121,0.4714912967376364,0.14819918086494638,0.8775510204081632,0.0024628000101074576,1,1,0.4853236193623961,0.4353705770315221,0.0018101697796925552,0.1279415397945946,0.021490990641561347,0,21,low,49,0
S6-dynamic,21,Max-SINR,0.16717595802141225,0.3183164490811178,0.6046200586061646,0.03739538306983581,0.9387755102040817,0.061224489795918366,0.03432601395060727,0.9969484924111872,0.003051507588812885,1.025545372832788,0.9923136360899311,0.8328311123646888,0.590156088437608,0.08801080461837603,0.9183673469387755,0.0012889000354334712,1,1,0.4132425617347244,0.3312701750877482,0.003051507588812885,0.04964614088118391,0.0076863639100689385,0,21,low,49,0
S6-dynamic,22,Cold-RFOTO,0.19528306331812065,0.3421795668265862,0.9481338628488699,0.04511612265787613,0.9259259259259259,0.07407407407407407,0.05155535430920351,0.9970311440078317,0.0029688559921683317,1.0385498544634244,0.9881553980741116,0.8642794328118013,0.4177004820097205,0.10948323238194194,0.9259259259259259,0.24362919991835952,110,1,0.4182076678508656,0.45098111214568953,0.0029688559921683317,0.08285407218493543,0.011844601925888432,0,22,low,54,0
S6-dynamic,22,Warm-RFOTO,0.1963090672339555,0.34269049515253264,0.9753879444916531,0.04519527023226962,0.9259259259259259,0.07407407407407407,0.05518811874324652,0.9970321526129277,0.0029678473870723278,1.0385523579967417,0.9871215849476195,0.8303156376581096,0.4177004820097205,0.11422098066506968,0.9259259259259259,0.2650778000243008,110,1,0.4191172949586395,0.451514592578787,0.0029678473870723278,0.0851088914888242,0.01287841505238052,0,22,low,54,7
S6-dynamic,22,Standard-ABC,0.1949677621200573,0.34306838520274646,0.9889595398250413,0.045016956731722506,0.9259259259259259,0.07407407407407407,0.05623616370539516,0.9972046535373026,0.0027953464626974556,1.0387313866792587,0.9868207093937107,0.8221054800690257,0.4177004820097205,0.11556515062664524,0.9259259259259259,0.23593319999054074,110,1,0.41975310628202234,0.4403578141821498,0.0027953464626974556,0.08575940215498543,0.013179290606289307,0,22,low,54,0
S6-dynamic,22,Delay-Greedy,0.19200872450050138,0.33856131852737864,0.8962410757211728,0.04306882377247721,0.9259259259259259,0.07407407407407407,0.0550247158231712,0.9965999317699568,0.003400068230043442,1.0360061931297984,0.9871719901117557,0.8316640209077978,0.4177004820097205,0.11399432488801974,0.9259259259259259,0.0029551000334322453,1,1,0.4159384460367961,0.4277868707691994,0.003400068230043442,0.08500746898670848,0.012828009888244285,0,22,low,54,0
S6-dynamic,22,Max-SINR,0.17400806945944544,0.31959866912407153,0.9848526049129449,0.042059487354918906,0.9259259259259259,0.07407407407407407,0.035648627566131644,0.994470369422147,0.00552963057785294,1.054501327769408,0.9920945940689724,0.8631265647362887,0.5043662607393704,0.08926589137296088,0.9074074074074074,0.0013568000867962837,1,1,0.38510380286297835,0.40800712204629375,0.00552963057785294,0.05695725372612824,0.00790540593102762,0,22,low,54,0
S6-dynamic,23,Cold-RFOTO,0.20562922206981873,0.3552048209998725,0.9916779746416751,0.0499566959081704,0.9272727272727272,0.07272727272727272,0.031541946771402034,0.9952835896485737,0.004716410351426446,1.040988367707054,0.9932919132327575,0.8655537943262792,0.5192989363000194,0.08217900636544696,0.9090909090909091,0.2640589999500662,110,1,0.477658003027372,0.4461143700222198,0.004716410351426446,0.06939228289708448,0.006708086767242549,0,23,low,55,0
S6-dynamic,23,Warm-RFOTO,0.2061121807452385,0.35467212586422187,0.9619899148023326,0.04974485881158699,0.9272727272727272,0.07272727272727272,0.031541946771402034,0.9956490873652288,0.004350912634771221,1.0414561905278161,0.9933109063771872,0.8655537943262792,0.5192989363000194,0.08206179932489749,0.9090909090909091,0.25977529992815107,110,1,0.47716936230146123,0.45065481916817274,0.004350912634771221,0.06939228289708448,0.006689093622812781,0,23,low,55,7
S6-dynamic,23,Standard-ABC,0.20588768125620624,0.35524344984219597,0.9619899148023326,0.049779860378873185,0.9272727272727272,0.07272727272727272,0.031541946771402034,0.9956758585666021,0.004324141433397905,1.0414087016912321,0.9933127264288822,0.8655537943262792,0.5192989363000194,0.08205055919752423,0.9090909090909091,0.22851299995090812,110,1,0.4772244133056139,0.44910391922122944,0.004324141433397905,0.06939228289708448,0.006687273571117758,0,23,low,55,0
S6-dynamic,23,Delay-Greedy,0.21007411000797577,0.35930517468275,0.9619899148023326,0.050038020796952985,0.9272727272727272,0.07272727272727272,0.031541946771402034,0.9951865794020103,0.0048134205979898145,1.038996396383724,0.9933160822707852,0.8655537943262792,0.5192989363000194,0.08202983053184976,0.9090909090909091,0.0029334999853745103,1,1,0.48631251965463534,0.4612175839404376,0.0048134205979898145,0.06939228289708448,0.006683917729214839,0,23,low,55,0
S6-dynamic,23,Max-SINR,0.20008398911593223,0.35302277689986206,1.1199847697829621,0.04447281836369147,0.9090909090909091,0.09090909090909091,0.03807227126636345,0.9930425406039624,0.006957459396037461,1.0416239705221977,0.991964218159155,0.8092605960532574,0.5192989363000194,0.09000488172915132,0.8909090909090909,0.0027869000332430005,1,1,0.5011440599778069,0.35970083082545307,0.006957459396037461,0.07298396136931326,0.008035781840844969,0,23,low,55,0
S6-dynamic,24,Cold-RFOTO,0.18914903493106924,0.4127757099841945,1.0584598987209728,0.05308045359001654,0.9516129032258065,0.04838709677419355,0.026225708687812096,0.9985966011114583,0.0014033988885415864,1.02862644209152,0.9941819321194573,0.9745544759333011,0.47357626887230564,0.07649912344611395,0.9516129032258065,0.27658840001095086,110,1,0.39030259297657094,0.5537392930070156,0.0014033988885415864,0.029436411104337694,0.005818067880542732,0,24,low,62,0
S6-dynamic,24,Warm-RFOTO,0.18914903493106924,0.4127757099841945,1.0584598987209728,0.05308045359001654,0.9516129032258065,0.04838709677419355,0.026225708687812096,0.9985966011114583,0.0014033988885415864,1.02862644209152,0.9941819321194573,0.9745544759333011,0.47357626887230564,0.07649912344611395,0.9516129032258065,0.26362789992708713,110,1,0.39030259297657094,0.5537392930070156,0.0014033988885415864,0.029436411104337694,0.005818067880542732,0,24,low,62,8
S6-dynamic,24,Standard-ABC,0.18914903493106924,0.4127757099841945,1.0584598987209728,0.05308045359001654,0.9516129032258065,0.04838709677419355,0.026225708687812096,0.9985966011114583,0.0014033988885415864,1.02862644209152,0.9941819321194573,0.9745544759333011,0.47357626887230564,0.07649912344611395,0.9516129032258065,0.23822509997989982,110,1,0.39030259297657094,0.5537392930070156,0.0014033988885415864,0.029436411104337694,0.005818067880542732,0,24,low,62,0
S6-dynamic,24,Delay-Greedy,0.20887811264954692,0.4391887982317474,1.2471657098553461,0.058651153370865516,0.9354838709677419,0.06451612903225806,0.04065767986510326,0.9967105209488557,0.0032894790511443597,1.0378690579613183,0.9906622648565886,0.8408331971730868,0.47357626887230564,0.09708630337627971,0.9516129032258065,0.002929899957962334,1,1,0.4125745727932344,0.626076547092432,0.0032894790511443597,0.03905772522253181,0.009337735143411408,0,24,low,62,0
S6-dynamic,24,Max-SINR,0.1676177457594446,0.3605932261001854,0.6668642180684846,0.043976429375893814,0.967741935483871,0.03225806451612903,0.023933969811244984,0.9980722241143344,0.0019277758856656008,1.0354509390946456,0.9943894827358398,0.9705563695878713,0.47357626887230564,0.07511439790016419,0.9354838709677419,0.0016477999743074179,1,1,0.40411406242863407,0.3892330072591491,0.0019277758856656008,0.02790858518662629,0.005610517264160175,0,24,low,62,0
S6-dynamic,25,Cold-RFOTO,0.30481412947612685,0.6200805953806408,2.2796885964670164,0.06841055010399505,0.8225806451612904,0.1774193548387097,0.18177183845653505,0.9954341723410239,0.0045658276589761095,1.0665338889049485,0.9628787205453421,0.45515610996310957,0.22198200142454988,0.19634763464918448,0.8387096774193549,0.2767152999294922,110,1,0.6126452475949677,0.6242252764887675,0.0045658276589761095,0.20615067461630351,0.03712127945465793,0,25,low,62,0
S6-dynamic,25,Warm-RFOTO,0.3113450710178907,0.6235192361311124,2.2796885964670164,0.07018858438309204,0.8225806451612904,0.1774193548387097,0.1889108154588535,0.9962498542344401,0.0037501457655598936,1.0628784252316266,0.9616788945315861,0.44760751381326697,0.22198200142454988,0.19961996356907435,0.8387096774193549,0.2916864000726491,110,1,0.6163175943853616,0.65415511572494,0.0037501457655598936,0.21057684035774096,0.03832110546841394,0,25,low,62,8
S6-dynamic,25,Standard-ABC,0.3112139485129773,0.6243741897912817,2.2796885964670164,0.07038542493325234,0.8225806451612904,0.1774193548387097,0.1889108154588535,0.9962539816461436,0.00374601835385653,1.062705289387129,0.9616785646270085,0.44760751381326697,0.22198200142454988,0.19962085706665578,0.8387096774193549,0.25849900010507554,110,1,0.6168622184586103,0.652378432214463,0.00374601835385653,0.21057684035774096,0.038321435372991486,0,25,low,62,0
S6-dynamic,25,Delay-Greedy,0.32514567025222885,0.6617266113060342,2.477832720720921,0.06937559470807825,0.7903225806451613,0.20967741935483872,0.2059851582649714,0.9972631034017612,0.0027368965982389254,1.0488442966161706,0.9578123680556425,0.44760751381326697,0.22198200142454988,0.20987096231226876,0.8225806451612904,0.003668599994853139,1,1,0.6605654808245347,0.6331417456268446,0.0027368965982389254,0.23263005636306858,0.042187631944357484,0,25,low,62,0
S6-dynamic,25,Max-SINR,0.27587281219163473,0.5875277517266274,2.2796885964670164,0.05714018280907057,0.8225806451612904,0.1774193548387097,0.18577018877831358,0.9962051955241883,0.0037948044758116454,1.0535853156842605,0.9626767655194579,0.45461259960448275,0.22198200142454988,0.1969016663653433,0.8225806451612904,0.0013729999773204327,1,1,0.6104715665412019,0.43160041023426,0.0037948044758116454,0.2086296518158062,0.03732323448054209,0,25,low,62,0
S6-dynamic,26,Cold-RFOTO,0.1847497398122526,0.3523170794382671,0.7202772687704279,0.04933251194117041,0.9672131147540983,0.03278688524590164,0.01750095894180124,0.9978968049582327,0.0021031950417673023,1.0268208756534787,0.9960479647761318,0.9778088737818407,0.537679094832475,0.06298980692441157,0.9016393442622951,0.27654750004876405,110,1,0.40294744319313597,0.5322854794252203,0.0021031950417673023,0.012626451233007416,0.003952035223868222,0,26,low,61,0
S6-dynamic,26,Warm-RFOTO,0.1911084215114114,0.34435292119035593,0.7740754390570391,0.05205234014289095,0.9672131147540983,0.03278688524590164,0.01750095894180124,0.9980218462599907,0.0019781537400091723,1.0281548230370867,0.9960495932743716,0.9766265375965834,0.537679094832475,0.06297677613489551,0.9180327868852459,0.29161269997712225,110,1,0.38287647826171195,0.6082966492059032,0.0019781537400091723,0.012626451233007416,0.003950406725628408,0,26,low,61,6
S6-dynamic,26,Standard-ABC,0.18856024837583166,0.34443689199743116,0.7740754390570391,0.05170694490986841,0.9672131147540983,0.03278688524590164,0.01750095894180124,0.9980282812434714,0.001971718756528468,1.028229448754958,0.9960499391441537,0.9766265375965834,0.537679094832475,0.06297400823953256,0.9180327868852459,0.2825143999652937,110,1,0.38296428472748006,0.5911714100401809,0.001971718756528468,0.012626451233007416,0.00395006085584626,0,26,low,61,0
S6-dynamic,26,Delay-Greedy,0.18476471753766407,0.35462675918550485,0.8534162974953352,0.05190082429189141,0.9672131147540983,0.03278688524590164,0.01750095894180124,0.997820016122838,0.0021799838771620244,1.027845470229879,0.9960411195514561,0.9704739778262536,0.537679094832475,0.06304455151749654,0.9344262295081968,0.004165499936789274,1,1,0.38875032772558327,0.5559379597020162,0.0021799838771620244,0.012626451233007416,0.003958880448543867,0,26,low,61,0
S6-dynamic,26,Max-SINR,0.1889698016262735,0.35114285283880087,0.6989746397218568,0.050992626134450554,0.9508196721311475,0.04918032786885246,0.037920854524389355,0.998100875124551,0.0018991248754490217,1.0298203909961772,0.9910935398240494,0.9755857772078743,0.4453125802235523,0.09479714163976932,0.9016393442622951,0.0014341999776661396,1,1,0.422103626542941,0.4827005604615358,0.0018991248754490217,0.037292067679301974,0.008906460175950648,0,26,low,61,0
S6-dynamic,27,Cold-RFOTO,0.25216089877663617,0.4481645049601238,1.4058051133776226,0.04882927833117211,0.8793103448275862,0.1206896551724138,0.16785026645617196,0.9973582617277642,0.002641738272235702,1.0320035772497533,0.9654820673304236,0.5098504985056669,0.21217479357147973,0.18908204154468644,0.8448275862068966,0.27228929998818785,110,1,0.5820666094268848,0.3534640553315221,0.002641738272235702,0.19167440226121216,0.03451793266957637,0,27,low,58,0
S6-dynamic,27,Warm-RFOTO,0.25216089877663617,0.4481645049601238,1.4058051133776226,0.04882927833117211,0.8793103448275862,0.1206896551724138,0.16785026645617196,0.9973582617277642,0.002641738272235702,1.0320035772497533,0.9654820673304236,0.5098504985056669,0.21217479357147973,0.18908204154468644,0.8448275862068966,0.30736640002578497,110,1,0.5820666094268848,0.3534640553315221,0.002641738272235702,0.19167440226121216,0.03451793266957637,0,27,low,58,6
S6-dynamic,27,Standard-ABC,0.2517763268793902,0.4476960597435085,1.4058051133776226,0.048539060332885436,0.8793103448275862,0.1206896551724138,0.16785026645617196,0.997357541730305,0.002642458269694865,1.0322015747544309,0.9654821169559836,0.5098504985056669,0.21217479357147973,0.18908190076601597,0.8448275862068966,0.2663913000142202,110,1,0.5816422035952981,0.3516066753648083,0.002642458269694865,0.19167440226121216,0.03451788304401637,0,27,low,58,0
S6-dynamic,27,Delay-Greedy,0.2535643408151145,0.44028740828309987,1.3190981607479284,0.04695787771774136,0.896551724137931,0.10344827586206896,0.15818817086958772,0.9970255187884078,0.0029744812115921845,1.0338219313072254,0.9674569182732453,0.5098504985056669,0.21217479357147973,0.18340599236560487,0.8620689655172413,0.0040178000926971436,1,1,0.5853166001784255,0.36931268439659876,0.0029744812115921845,0.18544771843874674,0.032543081726754686,0,27,low,58,0
S6-dynamic,27,Max-SINR,0.21501480061666756,0.41605208055791204,1.3190981607479284,0.04343069429118214,0.8793103448275862,0.1206896551724138,0.13620884081365928,0.997579655126698,0.0024203448733020622,1.0234234561864535,0.9725894898599521,0.5274220645320297,0.21217479357147973,0.16787799476527698,0.8448275862068966,0.001891199965029955,1,1,0.5348356711478135,0.33023245502900145,0.0024203448733020622,0.10870147631878542,0.027410510140047917,0,27,low,58,0
S6-dynamic,28,Cold-RFOTO,0.2593787636788014,0.5777545657735607,2.3948009181487544,0.08520941828441704,0.8970588235294118,0.10294117647058823,0.12918912709773955,0.9982671377657181,0.0017328622342819094,1.0306596848177063,0.9704339883687759,0.4561820140527356,0.3285009742022605,0.17454739526311572,0.8970588235294118,0.3197857999475673,110,1,0.553528101318527,0.555920765909072,0.0017328622342819094,0.13130859708507556,0.029566011631224076,0,28,low,68,0
S6-dynamic,28,Warm-RFOTO,0.254455770550782,0.5623216516998746,1.7490476675921716,0.08268425895234159,0.9117647058823529,0.08823529411764706,0.10844211106372459,0.9970333804565541,0.002966619543445988,1.0343942671080901,0.9752393234960071,0.497041198811915,0.3285009742022605,0.1593403074535884,0.9117647058823529,0.3105660000583157,110,1,0.5475783705109081,0.5573604946108428,0.002966619543445988,0.11859871338856189,0.02476067650399294,0,28,low,68,8
S6-dynamic,28,Standard-ABC,0.2593787636788014,0.5777545657735607,2.3948009181487544,0.08520941828441704,0.8970588235294118,0.10294117647058823,0.12918912709773955,0.9982671377657181,0.0017328622342819094,1.0306596848177063,0.9704339883687759,0.4561820140527356,0.3285009742022605,0.17454739526311572,0.8970588235294118,0.23890709993429482,110,1,0.553528101318527,0.555920765909072,0.0017328622342819094,0.13130859708507556,0.029566011631224076,0,28,low,68,0
S6-dynamic,28,Delay-Greedy,0.25166845101630625,0.5525208124924191,1.6257454430312177,0.08158500127377302,0.9117647058823529,0.08823529411764706,0.10744685167624897,0.9983403487224398,0.0016596512775601143,1.028799255856023,0.975340621346799,0.497041198811915,0.3285009742022605,0.15900577889503048,0.9264705882352942,0.005147799965925515,1,1,0.5477076705270046,0.5414229673154642,0.0016596512775601143,0.11798900493497322,0.024659378653201003,0,28,low,68,0
S6-dynamic,28,Max-SINR,0.29057735098418996,0.5601738139956577,2.2904847521667793,0.08560055910111232,0.8823529411764706,0.11764705882352941,0.14341130240840885,0.9984581303850196,0.0015418696149804845,1.0290508159411549,0.9669675946633088,0.4435544875037235,0.3285009742022605,0.184826457437001,0.9264705882352942,0.0020779999904334545,1,1,0.6318222276048756,0.6128636921194286,0.0015418696149804845,0.14171602216622797,0.03303240533669116,0,28,low,68,0
S6-dynamic,29,Cold-RFOTO,0.22887176252130317,0.4484766466386984,1.7965920867177931,0.05668254525269237,0.8518518518518519,0.14814814814814814,0.08350177260959625,0.9977252070483976,0.0022747929516025445,1.0326596386487916,0.9811782666830209,0.5936676444908349,0.4633420576137842,0.13850193720971937,0.8148148148148148,0.31395169999450445,110,1,0.46885866279564065,0.5677568324675732,0.0022747929516025445,0.09286141345755848,0.018821733316979117,0,29,low,54,0
S6-dynamic,29,Warm-RFOTO,0.22685793402956067,0.447965686738496,1.7965920867177931,0.05626043800410109,0.8518518518518519,0.14814814814814814,0.08350177260959625,0.9976989652983852,0.002301034701614962,1.032624894658422,0.9811792357219212,0.5936676444908349,0.4633420576137842,0.13849830337812472,0.8148148148148148,0.2830852000042796,110,1,0.4686246752724525,0.5546872684334874,0.002301034701614962,0.09286141345755848,0.018820764278078772,0,29,low,54,8
S6-dynamic,29,Standard-ABC,0.22887176252130317,0.4484766466386984,1.7965920867177931,0.05668254525269237,0.8518518518518519,0.14814814814814814,0.08350177260959625,0.9977252070483976,0.0022747929516025445,1.0326596386487916,0.9811782666830209,0.5936676444908349,0.4633420576137842,0.13850193720971937,0.8148148148148148,0.24444309994578362,110,1,0.46885866279564065,0.5677568324675732,0.0022747929516025445,0.09286141345755848,0.018821733316979117,0,29,low,54,0
S6-dynamic,29,Delay-Greedy,0.2485597271549775,0.498740891062291,1.8879864247631013,0.06415871898691484,0.8333333333333334,0.16666666666666666,0.10446455181636452,0.9987112204418083,0.0012887795581917822,1.0229622486854932,0.9762933541158686,0.5514800228393428,0.4633420576137842,0.15582778223850322,0.7962962962962963,0.004944500047713518,1,1,0.5043692184544795,0.6157483759360831,0.0012887795581917822,0.10516565342674855,0.023706645884131405,0,29,low,54,0
S6-dynamic,29,Max-SINR,0.20985834680170992,0.4262465183625799,1.568214458477231,0.045499391288372076,0.8333333333333334,0.16666666666666666,0.0950175855616017,0.9970823759473149,0.0029176240526849607,1.0360390136051898,0.9788373418302422,0.5682337475621796,0.4633420576137842,0.14703808707900864,0.7962962962962963,0.0014025999698787928,1,1,0.47760088361806535,0.41710565448448594,0.0029176240526849607,0.09653741675408016,0.02116265816975782,0,29,low,54,0
S6-dynamic,30,Cold-RFOTO,0.27088210170861426,0.57797514309778,2.679683444771677,0.054115113024045584,0.8653846153846154,0.1346153846153846,0.17413755002809478,0.9957783333942156,0.004221666605784376,1.0391996402801282,0.9617825003114175,0.41226435035246645,0.2841294180961548,0.19933919493506733,0.8269230769230769,0.2929706000722945,110,1,0.5598315418660565,0.5611796363076557,0.004221666605784376,0.16068125008603026,0.03821749968858246,0,30,low,52,0
S6-dynamic,30,Warm-RFOTO,0.27090263409946136,0.5781672027764085,2.679683444771677,0.0541822528787521,0.8653846153846154,0.1346153846153846,0.17413755002809478,0.9957783302750818,0.004221669724918071,1.0391937086089742,0.9617825005664553,0.41226435035246645,0.2841294180961548,0.1993391942435102,0.8269230769230769,0.27053420001175255,110,1,0.5599247867113796,0.5611611069339576,0.004221669724918071,0.16068125008603026,0.03821749943354469,0,30,low,52,10
S6-dynamic,30,Standard-ABC,0.2661471650837316,0.5786690275356758,2.679683444771677,0.05409374580049027,0.8653846153846154,0.1346153846153846,0.17413755002809478,0.9959582221795815,0.004041777820418294,1.0373545121640888,0.961773429308574,0.41226435035246645,0.2841294180961548,0.1993637904641903,0.8269230769230769,0.2304461000021547,110,1,0.5601285047560535,0.5293492347027541,0.004041777820418294,0.16068125008603026,0.03822657069142599,0,30,low,52,0
S6-dynamic,30,Delay-Greedy,0.2904953869424589,0.5931712910161983,2.679683444771677,0.05517121430364261,0.8461538461538461,0.15384615384615385,0.17541736110701198,0.9948506645544877,0.005149335445512277,1.0442330255853192,0.9617186725860953,0.41226435035246645,0.2841294180961548,0.1995122057798505,0.8461538461538461,0.004126899992115796,1,1,0.5733797656727182,0.6666844334899055,0.005149335445512277,0.16150285719842156,0.038281327413904664,0,30,low,52,0
S6-dynamic,30,Max-SINR,0.28419829808724084,0.581942124802024,2.679683444771677,0.052135787991738194,0.8076923076923077,0.19230769230769232,0.20658861743880896,0.9975040834398526,0.0024959165601472913,1.0259256408280881,0.9550990906550157,0.41226435035246645,0.2841294180961548,0.2168220031839878,0.8461538461538461,0.001951000071130693,1,1,0.623030364216751,0.47914410859655526,0.0024959165601472913,0.1973390841191709,0.04490090934498425,0,30,low,52,0
S6-dynamic,31,Cold-RFOTO,0.22981456178241222,0.41837317256911366,1.8362438693649452,0.04171214326496242,0.8888888888888888,0.1111111111111111,0.1485105430265521,0.9930350465808352,0.006964953419164798,1.0749176457968204,0.9656992761056844,0.4040766031661056,0.3026062030464791,0.18846499178539447,0.9111111111111111,0.2319875000976026,110,1,0.5166732724317454,0.3340854947886592,0.006964953419164798,0.17598128075278663,0.0343007238943156,0,31,low,45,0
S6-dynamic,31,Warm-RFOTO,0.22981456178241222,0.41837317256911366,1.8362438693649452,0.04171214326496242,0.8888888888888888,0.1111111111111111,0.1485105430265521,0.9930350465808352,0.006964953419164798,1.0749176457968204,0.9656992761056844,0.4040766031661056,0.3026062030464791,0.18846499178539447,0.9111111111111111,0.25380039995070547,110,1,0.5166732724317454,0.3340854947886592,0.006964953419164798,0.17598128075278663,0.0343007238943156,0,31,low,45,7
S6-dynamic,31,Standard-ABC,0.22981456178241222,0.41837317256911366,1.8362438693649452,0.04171214326496242,0.8888888888888888,0.1111111111111111,0.1485105430265521,0.9930350465808352,0.006964953419164798,1.0749176457968204,0.9656992761056844,0.4040766031661056,0.3026062030464791,0.18846499178539447,0.9111111111111111,0.2348958000075072,110,1,0.5166732724317454,0.3340854947886592,0.006964953419164798,0.17598128075278663,0.0343007238943156,0,31,low,45,0
S6-dynamic,31,Delay-Greedy,0.23148096668869445,0.42066835720648976,1.8362438693649452,0.042331093083849775,0.8888888888888888,0.1111111111111111,0.1485105430265521,0.9936600939161413,0.006339906083858625,1.0658102138913375,0.9656769588601646,0.4040766031661056,0.3026062030464791,0.1885284712121904,0.9111111111111111,0.0025701000122353435,1,1,0.5187718777346494,0.342508264527256,0.006339906083858625,0.17598128075278663,0.03432304113983542,0,31,low,45,0
S6-dynamic,31,Max-SINR,0.24941549292151965,0.46184259773495856,2.2116093898117186,0.048075463062350623,0.8666666666666667,0.13333333333333333,0.17649884953711564,0.995789973995473,0.004210026004527055,1.047448183555859,0.9610015412982004,0.4040766031661056,0.3026062030464791,0.20144740602102543,0.8888888888888888,0.0020759999752044678,1,1,0.5862763632188828,0.3039706934642145,0.004210026004527055,0.2022360963639658,0.03899845870179963,0,31,low,45,0
S6-dynamic,32,Cold-RFOTO,0.24684590325790026,0.393891840249185,1.302786513540549,0.05984165617371416,0.84,0.16,0.10252378479245937,0.9966702966927642,0.003329703307235776,1.042346777549255,0.9782208160053674,0.6205574131194892,0.35530519266446037,0.14921151910468447,0.78,0.28444540000054985,110,1,0.5223246785084059,0.5316459926112301,0.003329703307235776,0.1303400659138889,0.021779183994632634,0,32,low,50,0
S6-dynamic,32,Warm-RFOTO,0.2450199253567431,0.3847236221925132,1.302786513540549,0.060604498789181144,0.86,0.14,0.09762273666994867,0.9966764080517528,0.003323591948247162,1.0410278613770356,0.9787496778344718,0.6205574131194892,0.35530519266446037,0.14734891531925895,0.8,0.27200639992952347,110,1,0.5020925518364905,0.5633399263105634,0.003323591948247162,0.12457412694622924,0.021250322165528246,0,32,low,50,5
S6-dynamic,32,Standard-ABC,0.24684590325790026,0.393891840249185,1.302786513540549,0.05984165617371416,0.84,0.16,0.10252378479245937,0.9966702966927642,0.003329703307235776,1.042346777549255,0.9782208160053674,0.6205574131194892,0.35530519266446037,0.14921151910468447,0.78,0.25764939992222935,110,1,0.5223246785084059,0.5316459926112301,0.003329703307235776,0.1303400659138889,0.021779183994632634,0,32,low,50,0
S6-dynamic,32,Delay-Greedy,0.24702754101668573,0.3904009243541537,1.302786513540549,0.06065609533842784,0.84,0.16,0.0984232940769198,0.9965686481813988,0.0034313518186011426,1.0406194572439655,0.9787821913532015,0.6205574131194892,0.35530519266446037,0.14723370293503651,0.82,0.00329220003914088,1,1,0.5069711150868428,0.567697065448272,0.0034313518186011426,0.12504504306797695,0.021217808646798453,0,32,low,50,0
S6-dynamic,32,Max-SINR,0.20238233356137625,0.30401946943026753,1.1251420284504132,0.039526811090621436,0.88,0.12,0.07620137255110918,0.9975266882055195,0.002473311794480559,1.029788414604628,0.9839776171018354,0.6736451606979115,0.35530519266446037,0.1276059553572691,0.84,0.00173510005697608,1,1,0.4517105475152201,0.4190585310215624,0.002473311794480559,0.09479158894286423,0.0160223828981646,0,32,low,50,0
S6-dynamic,33,Cold-RFOTO,0.19542031190975068,0.3566629964444872,1.2189513140331307,0.03937015756796178,0.8461538461538461,0.15384615384615385,0.1016097362613386,0.9983466458640956,0.0016533541359042858,1.0460845631677225,0.9781955105221976,0.6095675754153369,0.34277159586089023,0.14930011035139967,0.8653846153846154,0.2610265000257641,110,1,0.4119969883511938,0.47427087435140447,0.0016533541359042858,0.07071635768156122,0.021804489477802447,0,33,low,52,0
S6-dynamic,33,Warm-RFOTO,0.19435574688682128,0.35328140150882253,1.2189513140331307,0.0390412616599954,0.8653846153846154,0.1346153846153846,0.09619993805918153,0.9977202171757669,0.002279782824233038,1.0477418250738013,0.9790858318237744,0.6095675754153369,0.34277159586089023,0.14615373386402405,0.8653846153846154,0.2605852000415325,110,1,0.41095330399847735,0.4749031308856544,0.002279782824233038,0.06715547785229328,0.0209141681762256,0,33,low,52,3
S6-dynamic,33,Standard-ABC,0.19309981999901504,0.3526249100942324,1.2189513140331307,0.03873046479652506,0.8461538461538461,0.15384615384615385,0.09767445390676849,0.9979939912372537,0.0020060087627461285,1.0471996750341075,0.9789620680727236,0.6095675754153369,0.34277159586089023,0.14659480850745654,0.8653846153846154,0.22203730000182986,110,1,0.40818352748550896,0.4697702351639111,0.0020060087627461285,0.06812604524564167,0.021037931927276432,0,33,low,52,0
S6-dynamic,33,Delay-Greedy,0.1975894070211961,0.3595597456451967,1.2189513140331307,0.039326864869547694,0.8461538461538461,0.15384615384615385,0.10452133638544195,0.9982554376865047,0.0017445623134954397,1.0452855171939275,0.9774141930658671,0.6095675754153369,0.34277159586089023,0.15201221426279793,0.8653846153846154,0.0031518000178039074,1,1,0.4176134033750414,0.4752737278878096,0.0017445623134954397,0.07263285396578115,0.022585806934132924,0,33,low,52,0
S6-dynamic,33,Max-SINR,0.19542952125903598,0.34125684589158706,1.2189513140331307,0.035900713817466096,0.8461538461538461,0.15384615384615385,0.10685893397477177,0.9962788874990112,0.003721112500988901,1.0441744507037076,0.9769701779036617,0.6095675754153369,0.34277159586089023,0.1535340259267631,0.8653846153846154,0.0014013000763952732,1,1,0.440385988037219,0.4055828999985986,0.003721112500988901,0.08118757374117155,0.023029822096338304,0,33,low,52,0
S6-dynamic,34,Cold-RFOTO,0.23463425777924257,0.4408693878852849,1.7104444070679163,0.05082869235408704,0.9038461538461539,0.09615384615384616,0.07387861370768047,0.9958639516287321,0.004136048371267804,1.0547029445179275,0.9827290521441595,0.584818563409806,0.48557818142546716,0.13256875842147345,0.9038461538461539,0.28905750007834285,110,1,0.5102079440022447,0.4978517398831,0.004136048371267804,0.11594663577434715,0.01727094785584049,0,34,low,52,0
S6-dynamic,34,Warm-RFOTO,0.22605451433375753,0.41179658935388397,1.383181649177638,0.04771729895270859,0.9230769230769231,0.07692307692307693,0.05895198506057068,0.9944836013106824,0.0055163986893176494,1.0668170505207737,0.9861260209871722,0.6785753790557889,0.48557818142546716,0.11861355084385823,0.9230769230769231,0.26640259998384863,110,1,0.49494875952720313,0.4840171305468713,0.0055163986893176494,0.10612151312055336,0.01387397901282783,0,34,low,52,3
S6-dynamic,34,Standard-ABC,0.23465274420731777,0.44105314414954455,1.7104444070679163,0.05091544676619293,0.9038461538461539,0.09615384615384616,0.07387861370768047,0.9955981666754531,0.004401833324546928,1.0568470070836775,0.9827237998024292,0.584818563409806,0.48557818142546716,0.13258926923685285,0.9038461538461539,0.2379814999876544,110,1,0.5110181597563752,0.496264990867281,0.004401833324546928,0.11594663577434715,0.017276200197570812,0,34,low,52,0
S6-dynamic,34,Delay-Greedy,0.22361576844918954,0.4278874674375298,1.383181649177638,0.04619537943660823,0.9230769230769231,0.07692307692307693,0.05895198506057068,0.9969443587491299,0.0030556412508699294,1.0391913569595923,0.9861337161620056,0.6785753790557889,0.48557818142546716,0.1185801892307256,0.9038461538461539,0.0036957000847905874,1,1,0.5072045618476501,0.45062119254177024,0.0030556412508699294,0.10612151312055336,0.013866283837994375,0,34,low,52,0
S6-dynamic,34,Max-SINR,0.21952526079467588,0.42102768120450257,1.383181649177638,0.04706226718100056,0.9038461538461539,0.09615384615384616,0.06675800845126977,0.9958113501065922,0.0041886498934078425,1.0412165087204337,0.9846583905693815,0.6624046904785721,0.48557818142546716,0.12482244008160052,0.9038461538461539,0.001341200084425509,1,1,0.5187100153439215,0.3926258119374057,0.0041886498934078425,0.11125965509924136,0.015341609430618464,0,34,low,52,0
S6-dynamic,35,Cold-RFOTO,0.2725456676984877,0.4572121084559271,1.2558971744767442,0.056237630549942526,0.8823529411764706,0.11764705882352941,0.10469477286350656,0.9981279786261148,0.0018720213738851433,1.0296974868383206,0.9778357609945623,0.6656083843855048,0.31039225399497467,0.15055440065317538,0.8627450980392157,0.26090320001821965,110,1,0.5094703888345328,0.7351321510258461,0.0018720213738851433,0.12483683084153968,0.022164239005437736,0,35,low,51,0
S6-dynamic,35,Warm-RFOTO,0.2725456676984877,0.4572121084559271,1.2558971744767442,0.056237630549942526,0.8823529411764706,0.11764705882352941,0.10469477286350656,0.9981279786261148,0.0018720213738851433,1.0296974868383206,0.9778357609945623,0.6656083843855048,0.31039225399497467,0.15055440065317538,0.8627450980392157,0.2970500999363139,110,1,0.5094703888345328,0.7351321510258461,0.0018720213738851433,0.12483683084153968,0.022164239005437736,0,35,low,51,3
S6-dynamic,35,Standard-ABC,0.2707321378629718,0.453102681574436,1.2558971744767442,0.05680636828612821,0.8823529411764706,0.11764705882352941,0.10469477286350656,0.9981276494228546,0.0018723505771454075,1.0304095801982265,0.9778357794272302,0.6656083843855048,0.31039225399497467,0.1505543366306202,0.8431372549019608,0.2323832999682054,110,1,0.505917936501407,0.728962285505937,0.0018723505771454075,0.12483683084153968,0.02216422057276979,0,35,low,51,0
S6-dynamic,35,Delay-Greedy,0.2875125556253246,0.470655003785641,1.2558971744767442,0.05827083947732,0.8823529411764706,0.11764705882352941,0.10469477286350656,0.9982186280614114,0.0017813719385886251,1.027242732125436,0.9778344315088712,0.6656083843855048,0.31039225399497467,0.1505590183170375,0.8627450980392157,0.0026207000482827425,1,1,0.5288242542760218,0.8027744978969807,0.0017813719385886251,0.12483683084153968,0.02216556849112883,0,35,low,51,0
S6-dynamic,35,Max-SINR,0.2362363827193609,0.4267663595277068,1.2558971744767442,0.04898231526403834,0.8823529411764706,0.11764705882352941,0.10469477286350656,0.9980559754581451,0.0019440245418547925,1.0315341974912424,0.9778476128461937,0.6656083843855048,0.31039225399497467,0.15051323025710678,0.8627450980392157,0.0019523999653756618,1,1,0.5255527457575754,0.46618217058760153,0.0019440245418547925,0.12483683084153968,0.022152387153806297,0,35,low,51,0
S6-dynamic,36,Cold-RFOTO,0.2439550468507929,0.48257786395817187,0.7110801950858116,0.04037945001870836,0.9310344827586207,0.06896551724137931,0.12945803581708218,0.9959082267041489,0.004091773295851117,1.0424836201400494,0.9761862480880389,0.6823658924028558,0.21186501312071696,0.1561879662081024,0.9310344827586207,0.2715244999853894,110,1,0.47167471275898576,0.5969115451040122,0.004091773295851117,0.12843687779792085,0.023813751911961112,0,36,low,58,0
S6-dynamic,36,Warm-RFOTO,0.2439550468507929,0.48257786395817187,0.7110801950858116,0.04037945001870836,0.9310344827586207,0.06896551724137931,0.12945803581708218,0.9959082267041489,0.004091773295851117,1.0424836201400494,0.9761862480880389,0.6823658924028558,0.21186501312071696,0.1561879662081024,0.9310344827586207,0.2827237999299541,110,1,0.47167471275898576,0.5969115451040122,0.004091773295851117,0.12843687779792085,0.023813751911961112,0,36,low,58,8
S6-dynamic,36,Standard-ABC,0.24266777702245707,0.48489196463123546,0.707518198767871,0.04027765611362195,0.9310344827586207,0.06896551724137931,0.12945803581708218,0.9960508532999072,0.0039491467000928645,1.0427426271903546,0.9761880451258207,0.6823658924028558,0.21186501312071696,0.15618192919850923,0.9310344827586207,0.26416639995295554,110,1,0.4735284547397133,0.5854321421126871,0.0039491467000928645,0.12843687779792085,0.02381195487417931,0,36,low,58,0
S6-dynamic,36,Delay-Greedy,0.25429227557231115,0.5014909151929287,0.7838287263190334,0.04230099432343123,0.9310344827586207,0.06896551724137931,0.12504558058868007,0.9950664229201509,0.00493357707984917,1.0440318233023032,0.9773251338085617,0.8065050261649519,0.21186501312071696,0.1523185625705935,0.9310344827586207,0.0032595000229775906,1,1,0.48793454940912484,0.6437612425106104,0.00493357707984917,0.12542602599501118,0.022674866191438325,0,36,low,58,0
S6-dynamic,36,Max-SINR,0.2205012178520403,0.45312028088313255,0.86843780055891,0.035337231044191356,0.9310344827586207,0.06896551724137931,0.1400015518371551,0.9953890840251133,0.004610915974886736,1.0415320520042732,0.9734932508860279,0.6229605615960937,0.21186501312071696,0.16501056877994227,0.9310344827586207,0.0024449999909847975,1,1,0.47902056742159255,0.4129337412895284,0.004610915974886736,0.13563127696455884,0.026506749113972106,0,36,low,58,0
S6-dynamic,37,Cold-RFOTO,0.26232230891558245,0.5327512452042722,1.753016247957435,0.05859741962148516,0.8695652173913043,0.13043478260869565,0.12092078285618242,0.9959529492073026,0.004047050792697126,1.0317925158362662,0.9745222142273472,0.5130043054773283,0.24381983920064945,0.16169067316421698,0.8840579710144928,0.29917860007844865,110,1,0.5467936090529244,0.6070970874912376,0.004047050792697126,0.11971306201691355,0.025477785772652806,0,37,low,69,0
S6-dynamic,37,Warm-RFOTO,0.2777016764532369,0.5512126606004822,1.753016247957435,0.0577491931492782,0.8405797101449275,0.15942028985507245,0.16853550496868305,0.9964572651882854,0.0035427348117145177,1.0251933901286,0.9647280307965214,0.4382255070743165,0.24381983920064945,0.1912107938720587,0.8405797101449275,0.29422969999723136,110,1,0.601776279989037,0.5187290354852373,0.0035427348117145177,0.17379563516130941,0.03527196920347864,0,37,low,69,9
S6-dynamic,37,Standard-ABC,0.27960493825115157,0.5473205046840717,1.753016247957435,0.05828904136216733,0.8405797101449275,0.15942028985507245,0.16109226642733893,0.99664931016657,0.0033506898334297085,1.0266876971770724,0.9664271179853892,0.4382255070743165,0.24381983920064945,0.18638448508709982,0.8405797101449275,0.2732708000112325,110,1,0.5990366780401964,0.54558120888159,0.0033506898334297085,0.16921006855994564,0.03357288201461084,0,37,low,69,0
S6-dynamic,37,Delay-Greedy,0.2878056385963197,0.5654836308793606,1.753016247957435,0.06308082669569247,0.8405797101449275,0.15942028985507245,0.1649709608681206,0.9966062308150262,0.003393769184973974,1.0239327169382197,0.9656964834118605,0.4382255070743165,0.24381983920064945,0.18847293636515933,0.8840579710144928,0.0040759999537840486,1,1,0.6083838485859496,0.5799032651889938,0.003393769184973974,0.17159962138507007,0.03430351658813946,0,37,low,69,0
S6-dynamic,37,Max-SINR,0.241676851203559,0.5190834032066025,1.753016247957435,0.05541603089484627,0.8695652173913043,0.13043478260869565,0.1315064912254267,0.9971733135566706,0.0028266864433292706,1.0278762615860357,0.972194314480012,0.5130043054773283,0.24381983920064945,0.1691181677737338,0.8840579710144928,0.0015930000226944685,1,1,0.5585076350763348,0.43836732462808453,0.0028266864433292706,0.12623461449439438,0.027805685519987966,0,37,low,69,0
S6-dynamic,38,Cold-RFOTO,0.21744512113329934,0.3953571721637472,0.8449699457825463,0.04596549912680627,0.92,0.08,0.09952836948094072,0.9945551935016157,0.005444806498384342,1.0233950709784159,0.9775768953950743,0.5741648069205002,0.29958363036880153,0.15145109133291537,0.9,0.28618400008417666,110,1,0.44446225619344903,0.4859237871731802,0.005444806498384342,0.11595424807417726,0.022423104604925692,0,38,low,50,0
S6-dynamic,38,Warm-RFOTO,0.21747506576920594,0.3962034391290694,0.8632734515963932,0.04602549519432806,0.92,0.08,0.09952836948094072,0.9946105018640787,0.005389498135921231,1.0226987526930782,0.9775753824390261,0.5741648069205002,0.29958363036880153,0.15145631788436892,0.9,0.30410050007048994,110,1,0.44440769192806767,0.48628659004876246,0.005389498135921231,0.11595424807417726,0.022424617560973914,0,38,low,50,3
S6-dynamic,38,Standard-ABC,0.2155909707288377,0.4005625941929787,0.8802677658099063,0.04518486265681146,0.9,0.1,0.09995945034132775,0.9946113445307154,0.005388655469284707,1.0224517450934345,0.9775883747770161,0.5741648069205002,0.29958363036880153,0.15141143011784725,0.88,0.23710569995455444,110,1,0.4478706124070015,0.4674764367694587,0.005388655469284707,0.11624950893745604,0.0224116252229839,0,38,low,50,0
S6-dynamic,38,Delay-Greedy,0.21828240905733015,0.4040585912803876,0.8759452184902796,0.047412314668014155,0.92,0.08,0.09952836948094072,0.9948189574232025,0.00518104257679747,1.020572296153879,0.9775667628505146,0.5741648069205002,0.29958363036880153,0.15148609137642563,0.9,0.005494400043971837,1,1,0.4492086527346683,0.4839365984489096,0.00518104257679747,0.11595424807417726,0.02243323714948542,0,38,low,50,0
S6-dynamic,38,Max-SINR,0.20606656671941823,0.37460295840198754,0.921340668128647,0.042326432981418555,0.92,0.08,0.09952836948094072,0.995497652064493,0.004502347935506876,1.0162562704129205,0.9775511719245297,0.5741648069205002,0.29958363036880153,0.15153993150099634,0.9,0.0013162000104784966,1,1,0.44541775186663063,0.4097051529052955,0.004502347935506876,0.11595424807417726,0.02244882807547033,0,38,low,50,0
S6-dynamic,39,Cold-RFOTO,0.31565846457695557,0.5070355928468168,2.2901779462514398,0.06306591993255332,0.84,0.16,0.22094301838254057,0.9966930330704171,0.0033069669295827373,1.0435580634660462,0.9506623038149744,0.38742596131428064,0.31643904087422675,0.2278118424573471,0.8,0.2600119999842718,110,1,0.6380916419103881,0.566668902943065,0.0033069669295827373,0.25229268337691346,0.04933769618502559,0,39,low,50,0
S6-dynamic,39,Warm-RFOTO,0.31565846457695557,0.5070355928468168,2.2901779462514398,0.06306591993255332,0.84,0.16,0.22094301838254057,0.9966930330704171,0.0033069669295827373,1.0435580634660462,0.9506623038149744,0.38742596131428064,0.31643904087422675,0.2278118424573471,0.8,0.2564381000120193,110,1,0.6380916419103881,0.566668902943065,0.0033069669295827373,0.25229268337691346,0.04933769618502559,0,39,low,50,7
S6-dynamic,39,Standard-ABC,0.31565846457695557,0.5070355928468168,2.2901779462514398,0.06306591993255332,0.84,0.16,0.22094301838254057,0.9966930330704171,0.0033069669295827373,1.0435580634660462,0.9506623038149744,0.38742596131428064,0.31643904087422675,0.2278118424573471,0.8,0.24563819996546954,110,1,0.6380916419103881,0.566668902943065,0.0033069669295827373,0.25229268337691346,0.04933769618502559,0,39,low,50,0
S6-dynamic,39,Delay-Greedy,0.31729288293116015,0.5100944791207696,2.2901779462514398,0.06335455331748777,0.84,0.16,0.22094301838254057,0.9967024882285079,0.0032975117714920386,1.0431198749445856,0.9506614536994072,0.38742596131428064,0.31643904087422675,0.22781390697000858,0.8,0.0031633999897167087,1,1,0.6406982410899238,0.5732324501004235,0.0032975117714920386,0.25229268337691346,0.049338546300592756,0,39,low,50,0
S6-dynamic,39,Max-SINR,0.320086100354559,0.5478266380902509,2.2901779462514398,0.05952165742496308,0.8,0.2,0.2779520774361293,0.9981413855149942,0.0018586144850057606,1.0223110190665874,0.9383574187583947,0.3589612374572981,0.31643904087422675,0.2563045182243563,0.76,0.0016697000246495008,1,1,0.6833162740251509,0.45250230384844053,0.0018586144850057606,0.287054304751053,0.061642581241605265,0,39,low,50,0
S6-dynamic,40,Cold-RFOTO,0.22898204373935288,0.4711100510431492,0.8641805400941832,0.05822449148395141,0.9538461538461539,0.046153846153846156,0.07791493927624754,0.9953799348246293,0.004620065175370822,1.0535516806561944,0.9842182791466072,0.9209459541240157,0.2469470344562974,0.1266285008661484,0.9230769230769231,0.2822185999248177,110,1,0.4554522468727063,0.5896806747310575,0.004620065175370822,0.09350243859373839,0.0157817208533928,0,40,low,65,0
S6-dynamic,40,Warm-RFOTO,0.2242218710300558,0.47477628504054126,0.8641805400941832,0.05258167841245856,0.9538461538461539,0.046153846153846156,0.0820039558662497,0.9959552481712056,0.004044751828794359,1.0470089120965673,0.9832860640197677,0.9209459541240157,0.2469470344562974,0.13037653214760442,0.9076923076923077,0.28444849990773946,110,1,0.45661146846338885,0.5516699969640487,0.004044751828794359,0.09600985442723027,0.016713935980232297,0,40,low,65,6
S6-dynamic,40,Standard-ABC,0.22744978753571304,0.4721654541915804,0.8641805400941832,0.05797824896879009,0.9538461538461539,0.046153846153846156,0.07791493927624754,0.9953381935201303,0.0046618064798695505,1.053748648400035,0.9842182767235063,0.9209459541240157,0.2469470344562974,0.12662851074319612,0.9230769230769231,0.24365179997403175,110,1,0.45871742035574825,0.5739680200726226,0.0046618064798695505,0.09350243859373839,0.015781723276493742,0,40,low,65,0
S6-dynamic,40,Delay-Greedy,0.2410381583061764,0.5306276662604325,1.4203074828155853,0.06435906432038521,0.9230769230769231,0.07692307692307693,0.0963567186476345,0.9963256134830201,0.0036743865169797927,1.043721100609161,0.9799405458424402,0.8384030651338609,0.2469470344562974,0.14307366159188842,0.9076923076923077,0.00542409997433424,1,1,0.48053563360322793,0.6063845683764074,0.0036743865169797927,0.10481107688751341,0.02005945415755983,0,40,low,65,0
S6-dynamic,40,Max-SINR,0.22478352198867285,0.5269134754200594,1.7739533912077905,0.055621222436300646,0.9384615384615385,0.06153846153846154,0.10037977037417085,0.9987744764126668,0.0012255235873329798,1.0249110402171175,0.9789472174830042,0.7348284355971025,0.2469470344562974,0.14664765202322108,0.8923076923076924,0.0014723999192938209,1,1,0.5039325017742033,0.4571857587192405,0.0012255235873329798,0.10727804256888004,0.021052782516995827,0,40,low,65,0
S6-dynamic,41,Cold-RFOTO,0.2160417113433976,0.3582577471588363,0.9487105506178479,0.04239282782210954,0.9148936170212766,0.0851063829787234,0.056933693534041596,0.9962417875554834,0.00375821244451655,1.0213741401684604,0.98679106120586,0.6849679982632724,0.4988331848800459,0.11569680354807699,0.8723404255319149,0.25172490009572357,110,1,0.4913420341073177,0.41255653813997695,0.00375821244451655,0.11435895515018948,0.01320893879413998,0,41,low,47,0
S6-dynamic,41,Warm-RFOTO,0.21613275420777484,0.359316641910656,0.9487105506178479,0.042451397545687324,0.9148936170212766,0.0851063829787234,0.056933693534041596,0.9962398765668211,0.003760123433178966,1.0213865096337194,0.9867911209989305,0.6849679982632724,0.4988331848800459,0.1156965381794628,0.8723404255319149,0.2740851000417024,110,1,0.49171993086056565,0.41253117445526566,0.003760123433178966,0.11435895515018948,0.013208879001069485,0,41,low,47,9
S6-dynamic,41,Standard-ABC,0.21613275420777484,0.359316641910656,0.9487105506178479,0.042451397545687324,0.9148936170212766,0.0851063829787234,0.056933693534041596,0.9962398765668211,0.003760123433178966,1.0213865096337194,0.9867911209989305,0.6849679982632724,0.4988331848800459,0.1156965381794628,0.8723404255319149,0.23093079996760935,110,1,0.49171993086056565,0.41253117445526566,0.003760123433178966,0.11435895515018948,0.013208879001069485,0,41,low,47,0
S6-dynamic,41,Delay-Greedy,0.21857550904566955,0.36299617764797903,0.9487105506178479,0.043846027703930014,0.9148936170212766,0.0851063829787234,0.056933693534041596,0.9951960512820831,0.004803948717916999,1.0368886778613835,0.9867894195502802,0.6849679982632724,0.4988331848800459,0.11570408918167167,0.8723404255319149,0.0025388000067323446,1,1,0.49276357213673205,0.42568333608598535,0.004803948717916999,0.11435895515018948,0.013210580449719789,0,41,low,47,0
S6-dynamic,41,Max-SINR,0.188433068875399,0.31968781573818894,0.9487105506178479,0.037964304007240164,0.9148936170212766,0.0851063829787234,0.04193936084912588,0.9960868392199969,0.00391316078000296,1.025273878021648,0.9908434175737239,0.8538470931628326,0.4988331848800459,0.09613116163852671,0.8723404255319149,0.0013277999823912978,1,1,0.44394316762649105,0.3819755623669075,0.00391316078000296,0.07197929237519249,0.00915658242627615,0,41,low,47,0
S6-dynamic,42,Cold-RFOTO,0.2142089407017899,0.4185418477159069,1.439457703705742,0.050098927999195846,0.8666666666666667,0.13333333333333333,0.07483041222358558,0.9986273813893923,0.001372618610607751,1.041565122862119,0.9842801883309201,0.6801480414637638,0.37754967448343013,0.1263759104792206,0.8833333333333333,0.25888039998244494,110,1,0.47988283812375726,0.4565501334742979,0.001372618610607751,0.09249286270888951,0.015719811669079875,0,42,low,60,0
S6-dynamic,42,Warm-RFOTO,0.2141610242150046,0.4179249434799255,1.439457703705742,0.050144309681172845,0.8666666666666667,0.13333333333333333,0.07483041222358558,0.9987197978844269,0.0012802021155732368,1.0404825349040674,0.9842766464281233,0.6801480414637638,0.37754967448343013,0.12639037425127547,0.8833333333333333,0.2525023000780493,110,1,0.4796308441314006,0.45677036030690604,0.0012802021155732368,0.09249286270888951,0.015723353571876708,0,42,low,60,6
S6-dynamic,42,Standard-ABC,0.21445690819673388,0.4193197697009061,1.439457703705742,0.050213201811111594,0.8666666666666667,0.13333333333333333,0.07483041222358558,0.9986310631657088,0.0013689368342912549,1.0414233867349827,0.9842799750322584,0.6801480414637638,0.37754967448343013,0.1263767815530135,0.8833333333333333,0.23841019999235868,110,1,0.4804279357647182,0.45729944977541626,0.0013689368342912549,0.09249286270888951,0.015720024967741608,0,42,low,60,0
S6-dynamic,42,Delay-Greedy,0.2199792544876522,0.4301009525606757,1.4123170156222524,0.05101673732350085,0.8833333333333333,0.11666666666666667,0.0730597770515738,0.9978670210779256,0.002132978922074478,1.044218980406948,0.9843792828344247,0.6801480414637638,0.37754967448343013,0.12597061568378523,0.8833333333333333,0.0028330000350251794,1,1,0.4949200096023418,0.4709461291243974,0.002132978922074478,0.09135051743662384,0.015620717165575337,0,42,low,60,0
S6-dynamic,42,Max-SINR,0.2377765484629942,0.4515108843794493,1.4453856388093338,0.05691215531116191,0.85,0.15,0.10606521518710173,0.9984797807780607,0.0015202192219393544,1.030657676559219,0.9768146787452744,0.5804456086570753,0.37754967448343013,0.15406375201854663,0.8833333333333333,0.001366000040434301,1,1,0.5388300725245875,0.4647901890857438,0.0015202192219393544,0.11827463974555624,0.02318532125472561,0,42,low,60,0
S6-dynamic,43,Cold-RFOTO,0.30592598633578705,0.7897941598514566,2.195928072862981,0.09789208939441478,0.8068965517241379,0.19310344827586207,0.11409147386786338,0.9966977995067184,0.0033022004932816984,1.0343614853126044,0.9756358479488418,0.547090478476399,0.3105911811690751,0.15802717482084772,0.7655172413793103,0.35999429994262755,110,1,0.7009372349939127,0.62524710547698,0.0033022004932816984,0.13035819543772736,0.02436415205115816,0,43,high,145,0
S6-dynamic,43,Warm-RFOTO,0.31565637938619046,0.8083000987486628,2.2780980050297126,0.09856528368138395,0.8,0.2,0.127815649011535,0.996533548301638,0.0034664516983620524,1.034875144443725,0.9732862902173354,0.5495230647949214,0.2776980862530092,0.16567111639051166,0.7586206896551724,0.3640978999901563,110,1,0.7196140557656661,0.6213201158430653,0.0034664516983620524,0.15141800504496816,0.02671370978266463,0,43,high,145,17
S6-dynamic,43,Standard-ABC,0.3164294084019276,0.8124390929958291,2.2780980050297126,0.09808495596536715,0.8,0.2,0.13426016343610397,0.9968452252992444,0.00315477470075573,1.0306074985361429,0.9717197545822271,0.5227851158832079,0.2776980862530092,0.17059687484315564,0.7517241379310344,0.31418829993344843,110,1,0.7225774682032506,0.6132395073268363,0.00315477470075573,0.15570449399708974,0.028280245417772854,0,43,high,145,0
S6-dynamic,43,Delay-Greedy,0.36071425701549115,0.8728653148029374,2.3341608962150664,0.10721481524268177,0.7931034482758621,0.20689655172413793,0.1385795315397307,0.995953435231018,0.004046564768982137,1.0351749331155247,0.9701159809735364,0.504238797837047,0.2776980862530092,0.17551234655911327,0.903448275862069,0.0072839000495150685,1,1,0.7619202106182973,0.8353194766969118,0.004046564768982137,0.15857746819445617,0.02988401902646365,0,43,high,145,0
S6-dynamic,43,Max-SINR,0.31152525206039805,0.7795362287538548,1.9562606076702442,0.09781406263871252,0.8413793103448276,0.15862068965517243,0.09920534031112861,0.995768943692724,0.004231056307276086,1.0376258059992527,0.9783365043683523,0.5586251259881286,0.3105911811690751,0.14880589582346895,0.8896551724137931,0.00229049997869879,1,1,0.7253740027695457,0.6532342895046137,0.004231056307276086,0.11240348934446873,0.02166349563164771,0,43,high,145,0
S6-dynamic,44,Cold-RFOTO,0.3409919689881858,0.8748611766454507,2.2060299467521296,0.0987198977968541,0.7985611510791367,0.2014388489208633,0.16403934248582042,0.9963403123284391,0.0036596876715608165,1.0358472988327991,0.968256879648767,0.5400939174130914,0.1783986857889751,0.18106291674336703,0.7985611510791367,0.3775606999406591,110,1,0.7428900424225431,0.6953461374219095,0.0036596876715608165,0.18189652872906598,0.031743120351232945,0,44,high,139,0
S6-dynamic,44,Warm-RFOTO,0.34237920565215263,0.8769520349386095,2.3000810951152486,0.09878854912055593,0.8057553956834532,0.19424460431654678,0.16970519861601263,0.9964482905222235,0.003551709477776391,1.0358761546075153,0.9666098289458367,0.4575333376732029,0.1783986857889751,0.18585905236070133,0.7985611510791367,0.36105090007185936,110,1,0.7436595955539111,0.6963847878839154,0.003551709477776391,0.18515088410963093,0.03339017105416331,0,44,high,139,46
S6-dynamic,44,Standard-ABC,0.3422069266499889,0.8801526716227923,2.3000810951152486,0.0977366984760885,0.7985611510791367,0.2014388489208633,0.1724302865368098,0.9969740722550758,0.0030259277449240923,1.0338763047124742,0.9661903305800639,0.4575333376732029,0.1783986857889751,0.18706352711036978,0.7913669064748201,0.3505081000039354,110,1,0.7443121169293687,0.6918215421044668,0.0030259277449240923,0.18671612056000617,0.03380966941993613,0,44,high,139,0
S6-dynamic,44,Delay-Greedy,0.3756995061293615,0.9451889715406424,2.681529187502868,0.10472279520668394,0.762589928057554,0.23741007194244604,0.19590298907314507,0.9956772532862793,0.004322746713720756,1.037661784411149,0.9620728750573003,0.40057857953493853,0.1783986857889751,0.19855049589025198,0.8992805755395683,0.00778740004170686,1,1,0.78608876620191,0.8171606844272125,0.004322746713720756,0.20019837532261198,0.037927124942699675,0,44,high,139,0
S6-dynamic,44,Max-SINR,0.328234849217128,0.8565539976455624,2.311051467609977,0.10055720769705585,0.8273381294964028,0.17266187050359713,0.17431382368674386,0.9954140456553718,0.004585954344628005,1.0398661764045605,0.9649708780646379,0.39848983245578773,0.1783986857889751,0.1905274355887633,0.8992805755395683,0.002548999967984855,1,1,0.7557516328528295,0.6257103848915853,0.004585954344628005,0.15707529644381146,0.03502912193536212,0,44,high,139,0
S6-dynamic,45,Cold-RFOTO,0.28657840906579013,0.5075704922355315,1.621244593246886,0.053171628522547115,0.8695652173913043,0.13043478260869565,0.11469602637066316,0.9962056278775235,0.0037943721224766762,1.0249367269437153,0.9753150354250825,0.5844926090291725,0.32501183980775683,0.15909033431922806,0.855072463768116,0.28947219997644424,110,1,0.6136968989952364,0.5668502455023556,0.0037943721224766762,0.1746601135235789,0.024684964574917534,0,45,low,69,0
S6-dynamic,45,Warm-RFOTO,0.28657840906579013,0.5075704922355315,1.621244593246886,0.053171628522547115,0.8695652173913043,0.13043478260869565,0.11469602637066316,0.9962056278775235,0.0037943721224766762,1.0249367269437153,0.9753150354250825,0.5844926090291725,0.32501183980775683,0.15909033431922806,0.855072463768116,0.28464829991571605,110,1,0.6136968989952364,0.5668502455023556,0.0037943721224766762,0.1746601135235789,0.024684964574917534,0,45,low,69,17
S6-dynamic,45,Standard-ABC,0.29325520183024434,0.5081839116544592,1.621244593246886,0.057899446817902864,0.8695652173913043,0.13043478260869565,0.11350870409568037,0.9949224372684918,0.005077562731508329,1.0294614754500826,0.974896920889116,0.5844926090291725,0.31058769915448337,0.1604664142297718,0.8695652173913043,0.27631190000101924,110,1,0.614489932946306,0.6092118392524779,0.005077562731508329,0.17387987317144737,0.025103079110884052,0,45,low,69,0
S6-dynamic,45,Delay-Greedy,0.30715178554917966,0.5306786328211168,1.8319491681544728,0.061142397747182754,0.8695652173913043,0.13043478260869565,0.122947471440369,0.9954238222612314,0.004576177738768596,1.0329928748002382,0.972261749148231,0.5240110655197644,0.3086140444335457,0.16890711174235556,0.8840579710144928,0.005207199952565134,1,1,0.6317626499913075,0.6607635129851531,0.004576177738768596,0.18008249171224275,0.027738250851768953,0,45,low,69,0
S6-dynamic,45,Max-SINR,0.30372558472387295,0.5086649258656143,1.621244593246886,0.057191207513406755,0.8695652173913043,0.13043478260869565,0.1171333329534584,0.9958321625753228,0.004167837424677143,1.0284469353465637,0.9749683673875389,0.5844926090291725,0.32501183980775683,0.160232026497845,0.8695652173913043,0.0019157000351697206,1,1,0.6275359593108839,0.6523434303923324,0.004167837424677143,0.17760707184199015,0.025031632612461108,0,45,low,69,0
S6-dynamic,46,Cold-RFOTO,0.24271084433085496,0.5506020967970151,2.1792264114268054,0.060917801197170746,0.8873239436619719,0.11267605633802817,0.10506950476805642,0.9968259992757317,0.0031740007242682003,1.0489681418268137,0.9769574103218707,0.6239245938201197,0.33480369436585794,0.15357758267778376,0.8309859154929577,0.2964085000567138,110,1,0.5224983006947898,0.567799056941739,0.0031740007242682003,0.09130088807729456,0.023042589678129333,0,46,low,71,0
S6-dynamic,46,Warm-RFOTO,0.2313809940678708,0.5139304584556094,1.4687516893268655,0.058192866832086146,0.9014084507042254,0.09859154929577464,0.08033928616006539,0.9955692616959678,0.004430738304032275,1.0480303808200666,0.9824460751928641,0.7207558988258262,0.33480369436585794,0.13366963305654295,0.8450704225352113,0.28846900002099574,110,1,0.5019175359069957,0.5602423296533425,0.004430738304032275,0.07338409704497452,0.017553924807135912,0,46,low,71,13
S6-dynamic,46,Standard-ABC,0.21731119373992475,0.46186411821235107,1.477998209490969,0.05230184201280639,0.9014084507042254,0.09859154929577464,0.08155953672165091,0.9967659749367809,0.0032340250632188756,1.0435279772763095,0.9823882793499255,0.7207558988258262,0.33480369436585794,0.13389344256238192,0.8732394366197183,0.2601765999570489,110,1,0.4573448461420839,0.5407958670861472,0.0032340250632188756,0.07426815612530688,0.017611720650074547,0,46,low,71,0
S6-dynamic,46,Delay-Greedy,0.27204136863749406,0.5717933850755346,2.1792264114268054,0.05313989604175089,0.8873239436619719,0.11267605633802817,0.14790867866988167,0.9981888038211899,0.001811196178810049,1.0384614108554342,0.9729508986287693,0.6239245938201197,0.1732485429856032,0.16673660676691052,0.8732394366197183,0.004090799950063229,1,1,0.5709013790614708,0.5475896891809964,0.001811196178810049,0.17103186421412123,0.027049101371230733,0,46,low,71,0
S6-dynamic,46,Max-SINR,0.2274109770124551,0.4739663832768195,1.8370355991744556,0.04917319820446106,0.8732394366197183,0.1267605633802817,0.095146293823877,0.9977484636688653,0.0022515363311346355,1.0368302412144235,0.9795196222918017,0.6341278070786871,0.33480369436585794,0.1445980414892446,0.8732394366197183,0.0019108999986201525,1,1,0.5252415609273862,0.45724626287085696,0.0022515363311346355,0.09596513371009328,0.020480377708198327,0,46,low,71,0
S6-dynamic,47,Cold-RFOTO,0.22814740627131497,0.4434118187705588,1.6924358867911187,0.05635876149797449,0.8333333333333334,0.16666666666666666,0.09460175500301142,0.9964887816150703,0.0035112183849298835,1.0289756651283204,0.9804164735526983,0.6224640146044562,0.3352862050253177,0.1413318843830033,0.8181818181818182,0.30365210003219545,110,1,0.5226247881978523,0.47167114001871996,0.0035112183849298835,0.09240306229985062,0.019583526447301658,0,47,low,66,0
S6-dynamic,47,Warm-RFOTO,0.2358175972966422,0.4572694348421387,1.84444247404757,0.05573603867247388,0.8181818181818182,0.18181818181818182,0.11727940555502672,0.9972427325845129,0.002757267415487087,1.0250611406289363,0.975262496919142,0.6169472353668799,0.3352862050253177,0.159263834820279,0.803030303030303,0.32804990001022816,110,1,0.5373446187906775,0.46730095965725194,0.002757267415487087,0.10849687882063569,0.02473750308085798,0,47,low,66,13
S6-dynamic,47,Standard-ABC,0.24760772893249466,0.49603310184765714,1.8806842690520524,0.056609760560133913,0.803030303030303,0.19696969696969696,0.1450993259118642,0.9972482332857425,0.0027517667142576453,1.025824596362163,0.9692461040728582,0.5903740474065869,0.3352862050253177,0.17812834717368042,0.7878787878787878,0.2797792999772355,110,1,0.5593943902360794,0.47023787743345813,0.0027517667142576453,0.12824004810613324,0.03075389592714184,0,47,low,66,0
S6-dynamic,47,Delay-Greedy,0.2509737419630232,0.509410355216837,1.8806842690520524,0.05798746659070268,0.8181818181818182,0.18181818181818182,0.14244130572859248,0.997148973943224,0.002851026056776108,1.0226418342570411,0.9694039717462265,0.5903740474065869,0.3352862050253177,0.17765610215269736,0.803030303030303,0.0060381999937817454,1,1,0.5657971978946824,0.485176034929749,0.002851026056776108,0.12635371120187588,0.0305960282537735,0,47,low,66,0
S6-dynamic,47,Max-SINR,0.24140296675410403,0.46918694866604954,1.84444247404757,0.056466233244018976,0.8181818181818182,0.18181818181818182,0.11964981448991925,0.9980667666641078,0.0019332333358921512,1.0187460586306036,0.9745603042234156,0.6169472353668799,0.3352862050253177,0.1615666044859389,0.803030303030303,0.0022241000551730394,1,1,0.5691716978876781,0.449084434129513,0.0019332333358921512,0.11017910451636587,0.025439695776584448,0,47,low,66,0
S6-dynamic,48,Cold-RFOTO,0.19151821605766356,0.4270417911664438,1.522914561979761,0.047753132573126814,0.9253731343283582,0.07462686567164178,0.07188757062055288,0.9981764005407635,0.0018235994592363388,1.0316395791029265,0.9835335469134593,0.9250326695331202,0.3487050205787092,0.12939140889176926,0.8955223880597015,0.3226884000468999,110,1,0.38979091854153186,0.5147527961968573,0.0018235994592363388,0.056091516551694434,0.01646645308654071,0,48,low,67,0
S6-dynamic,48,Warm-RFOTO,0.20604721264180192,0.4500362774661469,1.570012441020184,0.05093955434243384,0.9104477611940298,0.08955223880597014,0.08192868213551367,0.9981478947105225,0.0018521052894774149,1.028619272145271,0.981246535205461,0.693624015942579,0.3487050205787092,0.1382457187027524,0.8656716417910447,0.3195339000085369,110,1,0.4251533804682429,0.5401570678300572,0.0018521052894774149,0.06220746629262508,0.018753464794538988,0,48,low,67,13
S6-dynamic,48,Standard-ABC,0.20776336063545214,0.430633406738216,1.508021302940299,0.04909163954824318,0.9104477611940298,0.08955223880597014,0.0773611780783822,0.9989628586714334,0.0010371413285666616,1.0218091929255935,0.9825633195937532,0.7873233097169966,0.3487050205787092,0.13321454019598702,0.8656716417910447,0.2683411999605596,110,1,0.4324995860418456,0.5297248674528051,0.0010371413285666616,0.06942721472167858,0.017436680406246796,0,48,low,67,0
S6-dynamic,48,Delay-Greedy,0.20525180338604773,0.4428993166972154,1.6572602935082017,0.053643265519436115,0.9253731343283582,0.07462686567164178,0.08149067603352401,0.9977962230582684,0.002203776941731602,1.0349147637028489,0.9807429878127694,0.6701203735581792,0.3487050205787092,0.14012539401853877,0.9402985074626866,0.004116799915209413,1,1,0.4000720369367549,0.5761287783065593,0.002203776941731602,0.06194068075777684,0.019257012187230638,0,48,low,67,0
S6-dynamic,48,Max-SINR,0.18356752338770077,0.42564704419957283,2.250350732918306,0.043677249256109205,0.9104477611940298,0.08955223880597014,0.08673736598628447,0.9989651370692357,0.001034862930764166,1.026681810284377,0.9799555698231388,0.6260409581098869,0.3487050205787092,0.1430189760874973,0.8805970149253731,0.0026132999919354916,1,1,0.41161650617460344,0.3926962860925373,0.001034862930764166,0.07418126726994925,0.020044430176861194,0,48,low,67,0
S6-dynamic,49,Cold-RFOTO,0.22071387033287101,0.4922846175458919,2.316746161713602,0.0663091224085618,0.8571428571428571,0.14285714285714285,0.10463491895365847,0.9978290913231523,0.0021709086768476765,1.0224914538699326,0.9763744777349302,0.578984454316554,0.4293199250994508,0.1555544714922967,0.8253968253968254,0.3049037999007851,110,1,0.48692883573298495,0.43608170296053855,0.0021709086768476765,0.11836558352165598,0.023625522265069754,0,49,low,63,0
S6-dynamic,49,Warm-RFOTO,0.22071387033287101,0.4922846175458919,2.316746161713602,0.0663091224085618,0.8571428571428571,0.14285714285714285,0.10463491895365847,0.9978290913231523,0.0021709086768476765,1.0224914538699326,0.9763744777349302,0.578984454316554,0.4293199250994508,0.1555544714922967,0.8253968253968254,0.282075299997814,110,1,0.48692883573298495,0.43608170296053855,0.0021709086768476765,0.11836558352165598,0.023625522265069754,0,49,low,63,4
S6-dynamic,49,Standard-ABC,0.22011113482066882,0.4906691679126816,2.316746161713602,0.06620570469953951,0.8571428571428571,0.14285714285714285,0.10463491895365847,0.9978228737341136,0.00217712626588638,1.0225606911357423,0.9763748876214182,0.578984454316554,0.4293199250994508,0.15555308945419355,0.8253968253968254,0.26414610003121197,110,1,0.48594414934477304,0.4336967299606471,0.00217712626588638,0.11836558352165598,0.02362511237858178,0,49,low,63,0
S6-dynamic,49,Delay-Greedy,0.22596346586601937,0.4990117669843005,2.316746161713602,0.0687995669254104,0.873015873015873,0.12698412698412698,0.10292555839232922,0.9980965993047384,0.001903400695261659,1.0213996944515462,0.9764109390598547,0.578984454316554,0.4293199250994508,0.15543148919322416,0.8412698412698413,0.003706699935719371,1,1,0.4926045446974819,0.4639019234597341,0.001903400695261659,0.1172320075704587,0.023589060940145345,0,49,low,63,0
S6-dynamic,49,Max-SINR,0.2226853903542865,0.47200344436499003,2.316746161713602,0.06262634507288302,0.873015873015873,0.12698412698412698,0.0995793505000631,0.9951746705473897,0.004825329452610214,1.0164164507592137,0.9766372708531098,0.578984454316554,0.4293199250994508,0.15466610191123564,0.8571428571428571,0.0013783000176772475,1,1,0.4935607349035095,0.44048330345690434,0.004825329452610214,0.11501294338927169,0.023362729146890193,0,49,low,63,0
S6-dynamic,0,Cold-RFOTO,0.21029373748464542,0.4055302802506291,1.3556873635767925,0.04809612838019678,0.875,0.125,0.07413667686774748,0.9914891774221507,0.008510822577849424,1.0668875244394143,0.9835845772286776,0.7149904118233137,0.3854909763052243,0.12918740689380706,0.8958333333333334,0.2652513000648469,110,1,0.46621649665876475,0.45654191505509223,0.008510822577849424,0.08437539252168855,0.016415422771322352,1,0,low,48,0
S6-dynamic,0,Warm-RFOTO,0.21039886205826877,0.4050584049318197,1.3556873635767925,0.04802018241017043,0.875,0.125,0.07413667686774748,0.9911645227261253,0.008835477273874662,1.0678464634857465,0.9835806574320284,0.7149904118233137,0.3854909763052243,0.12920308758905527,0.8958333333333334,0.2728281000163406,110,1,0.4660755499605931,0.45704086398485116,0.008835477273874662,0.08437539252168855,0.016419342567971618,1,0,low,48,0
S6-dynamic,0,Standard-ABC,0.21024699098626984,0.4040681072815267,1.3556873635767925,0.04768493421415293,0.875,0.125,0.07413667686774748,0.9911640424645743,0.008835957535425683,1.0680531108330986,0.9835806887048062,0.7149904118233137,0.3854909763052243,0.12920296249294388,0.8958333333333334,0.23075520002748817,110,1,0.46605656195286405,0.4560594277751167,0.008835957535425683,0.08437539252168855,0.016419311295193806,1,0,low,48,0
S6-dynamic,0,Delay-Greedy,0.21274479732958745,0.44239034413504563,1.5839517458783807,0.047321326073946936,0.8541666666666666,0.14583333333333334,0.08642381435013141,0.9935599754289323,0.006440024571067825,1.065930794045909,0.9810720156256996,0.658725345551514,0.3854909763052243,0.13889983837960118,0.875,0.0034853999968618155,1,1,0.49576896502677714,0.4092054935465595,0.006440024571067825,0.0931781178822024,0.018927984374300433,1,0,low,48,0
S6-dynamic,0,Max-SINR,0.21408279056025117,0.4284324429023014,1.5839517458783807,0.04393430911325513,0.8541666666666666,0.14583333333333334,0.09285656699302702,0.9952870772406964,0.004712922759303455,1.0495196056106715,0.9795356216001887,0.6427918898857996,0.3854909763052243,0.14454036988338298,0.8541666666666666,0.0013024000218138099,1,1,0.5167590589614054,0.35858202510873466,0.004712922759303455,0.10837392296702893,0.0204643783998113,1,0,low,48,0
S6-dynamic,1,Cold-RFOTO,0.31600014310153435,0.757452581151397,1.5301761422508113,0.10199521273403304,0.8661417322834646,0.13385826771653545,0.06120694276071785,0.9986804513594248,0.0013195486405751845,1.0219167328598693,0.9877139962256336,0.7246254530850827,0.3098335391012666,0.11152949050786871,0.84251968503937,0.3518421999178827,110,1,0.6703542245444503,0.841235942839328,0.0013195486405751845,0.0804775409810106,0.012286003774366394,1,1,high,127,0
S6-dynamic,1,Warm-RFOTO,0.32689845105994,0.7585465693952613,1.530026205609927,0.10105465063930275,0.8740157480314961,0.12598425196850394,0.0679036250047441,0.9987025672599732,0.0012974327400268363,1.0222246209080899,0.9858148205509061,0.7005999149818686,0.3098335391012666,0.11995538407686174,0.8346456692913385,0.4113591000204906,110,1,0.6974511479196642,0.8315809282947617,0.0012974327400268363,0.10164504548176083,0.014185179449093921,1,1,high,127,21
S6-dynamic,1,Standard-ABC,0.3237804139071266,0.758599376283628,1.530026205609927,0.1009377678905515,0.8740157480314961,0.12598425196850394,0.06819985587520425,0.9987169037610906,0.0012830962389096306,1.0221061716734905,0.9857296479032989,0.6883651289357278,0.3098335391012666,0.12032016943582116,0.8346456692913385,0.3246018000645563,110,1,0.69755180702506,0.8102284337774346,0.0012830962389096306,0.10184410008783722,0.014270352096701133,1,1,high,127,0
S6-dynamic,1,Delay-Greedy,0.3510370375845107,0.812871921890475,1.8166718160647404,0.10854719118314109,0.8110236220472441,0.1889763779527559,0.07808311857023832,0.9982102879027478,0.00178971209725224,1.026846642263664,0.9843325702439852,0.6909424805316514,0.3098335391012666,0.1261618214166312,0.937007874015748,0.006291499943472445,1,1,0.7319630276553941,0.9214461014524995,0.00178971209725224,0.10848523427973841,0.01566742975601476,1,1,high,127,0
S6-dynamic,1,Max-SINR,0.2881830714067342,0.6939379466641808,1.5162490194002536,0.09151839042883425,0.889763779527559,0.11023622047244094,0.04803095999867577,0.9978951795783156,0.0021048204216843423,1.0277862797526198,0.9903784029984625,0.7916621689052173,0.3098335391012666,0.09856506229082196,0.9448818897637795,0.001734199933707714,1,1,0.6627812122762211,0.7083966913336618,0.0021048204216843423,0.05745624401224864,0.00962159700153753,1,1,high,127,0
S6-dynamic,2,Cold-RFOTO,0.2283716370207472,0.4435204825922536,1.93495204429564,0.06562374412510234,0.8620689655172413,0.13793103448275862,0.09882848386765743,0.9979672765596097,0.00203272344039034,1.0327645465543678,0.9775811066014847,0.5551655883418924,0.4283505478916931,0.15143654273110177,0.8448275862068966,0.28835279995109886,110,1,0.47904503248689373,0.5305235165885281,0.00203272344039034,0.10104989085155669,0.022418893398515327,1,2,low,58,0
S6-dynamic,2,Warm-RFOTO,0.26037825043175344,0.4969309431370313,2.411001770602275,0.07206639577940299,0.8620689655172413,0.13793103448275862,0.1349132610627792,0.9975936846289919,0.002406315371008048,1.0359791552097313,0.9686451370899755,0.5156220679065057,0.3456218943874323,0.17991613043334173,0.8620689655172413,0.3363588999491185,110,1,0.5344091844032555,0.5722590098770983,0.002406315371008048,0.14301044135467827,0.03135486291002454,1,2,low,58,18
S6-dynamic,2,Standard-ABC,0.23981268122630953,0.44408891344138124,1.9674202716799953,0.06865518873201107,0.8793103448275862,0.1206896551724138,0.08805448690153203,0.9965853989819881,0.0034146010180119996,1.0378492156995185,0.9798565366003804,0.5759334174807393,0.4283505478916931,0.14337909169874324,0.8793103448275862,0.2510547999991104,110,1,0.45481119859541197,0.6717143052762333,0.0034146010180119996,0.08659318428990485,0.020143463399619588,1,2,low,58,0
S6-dynamic,2,Delay-Greedy,0.2637031823937745,0.43474717959323134,2.354774362419563,0.05829972796310473,0.8793103448275862,0.1206896551724138,0.11947254710608789,0.9969444711939766,0.0030555288060232794,1.0337473208315469,0.9742110903088581,0.5156220679065057,0.24941932316660295,0.1627009002842516,0.896551724137931,0.004272999940440059,1,1,0.5384324860580476,0.5695105953149714,0.0030555288060232794,0.15675611746856358,0.025788909691141892,1,2,low,58,0
S6-dynamic,2,Max-SINR,0.21691882555541606,0.392320790777616,1.3671823176485107,0.06014418389257924,0.896551724137931,0.10344827586206896,0.07255094312049289,0.9963796642479303,0.003620335752069628,1.0415952692133574,0.9830445851159019,0.6860455877134396,0.4283505478916931,0.13133110636001213,0.9137931034482759,0.0014192999806255102,1,1,0.47117393440434063,0.49732109560831694,0.003620335752069628,0.0850391929202188,0.01695541488409813,1,2,low,58,0
S6-dynamic,3,Cold-RFOTO,0.2385084213436267,0.44345847913731024,1.7433490729769587,0.05653911508589906,0.9,0.1,0.10039064775334995,0.9963945792964367,0.0036054207035633003,1.0396906101156338,0.9781380141762404,0.5730631932061999,0.31586845472389147,0.14950121954106105,0.9,0.26091599999926984,110,1,0.5107528312990571,0.4903192289717108,0.0036054207035633003,0.13308778863531676,0.021861985823759644,1,3,low,60,0
S6-dynamic,3,Warm-RFOTO,0.2385084213436267,0.44345847913731024,1.7433490729769587,0.05653911508589906,0.9,0.1,0.10039064775334995,0.9963945792964367,0.0036054207035633003,1.0396906101156338,0.9781380141762404,0.5730631932061999,0.31586845472389147,0.14950121954106105,0.9,0.290276899933815,110,1,0.5107528312990571,0.4903192289717108,0.0036054207035633003,0.13308778863531676,0.021861985823759644,1,3,low,60,9
S6-dynamic,3,Standard-ABC,0.23857686073930642,0.4382161016104017,1.7433490729769587,0.05627297643662578,0.9,0.1,0.10039064775334995,0.9965212316165921,0.0034787683834079245,1.039312612964468,0.9781423467253963,0.5730631932061999,0.31586845472389147,0.14948607386833204,0.9,0.2772066999459639,110,1,0.5080213155557407,0.49550122015779935,0.0034787683834079245,0.13308778863531676,0.02185765327460365,1,3,low,60,0
S6-dynamic,3,Delay-Greedy,0.23212844461844584,0.43839932377884755,1.864411042580479,0.05124515729775666,0.9166666666666666,0.08333333333333333,0.0934578309008096,0.9965669414167826,0.0034330585832172745,1.0411042954464076,0.9794394808368505,0.6267821462728869,0.31586845472389147,0.14488660468671163,0.9333333333333333,0.002962500089779496,1,1,0.49613184673145905,0.49275614931137884,0.0034330585832172745,0.12164548379103347,0.020560519163149493,1,3,low,60,0
S6-dynamic,3,Max-SINR,0.21190376797613264,0.370140276598186,1.7433490729769587,0.04717324253986981,0.9166666666666666,0.08333333333333333,0.08806225145134676,0.9967189818361677,0.0032810181638323315,1.042576981823297,0.9809137848576798,0.7823200315944734,0.31586845472389147,0.1394904542638009,0.9,0.0013970000436529517,1,1,0.4949767313872626,0.3668693463870492,0.0032810181638323315,0.11844018906858031,0.01908621514232023,1,3,low,60,0
S6-dynamic,4,Cold-RFOTO,0.23577384456939574,0.4940927344035732,2.327139364888679,0.05071915416830096,0.8909090909090909,0.10909090909090909,0.10479938588152632,0.9962937655706138,0.0037062344293861873,1.0327981302429254,0.9760865508124492,0.525810250629693,0.36273006888744413,0.15652256146024796,0.8909090909090909,0.2678262999979779,110,1,0.48819907237118704,0.5227139443264001,0.0037062344293861873,0.12395488225451659,0.023913449187550784,1,4,low,55,0
S6-dynamic,4,Warm-RFOTO,0.235561174845997,0.4938206867903043,2.327139364888679,0.050642369001679004,0.8909090909090909,0.10909090909090909,0.10477841935795243,0.9962748518405193,0.0037251481594805574,1.0328715720737869,0.9760855233600458,0.525810250629693,0.36273006888744413,0.15652600633780756,0.8909090909090909,0.2692571999505162,110,1,0.4880050035581352,0.5216165042320934,0.0037251481594805574,0.12394098877503992,0.023914476639954163,1,4,low,55,6
S6-dynamic,4,Standard-ABC,0.23576705997561956,0.4942867732243441,2.327139364888679,0.05071159286439687,0.8909090909090909,0.10909090909090909,0.10479938588152632,0.9962937642601949,0.0037062357398051043,1.0327992024696377,0.9760865508886584,0.525810250629693,0.36273006888744413,0.15652256120472852,0.8909090909090909,0.2437393000582233,110,1,0.4883646444696804,0.5223927585327202,0.0037062357398051043,0.12395488225451659,0.023913449111341634,1,4,low,55,0
S6-dynamic,4,Delay-Greedy,0.23825261746534285,0.5030830367211038,2.327139364888679,0.052044327241589416,0.8909090909090909,0.10909090909090909,0.10479938588152632,0.996883018543918,0.003116981456082031,1.0277042370672895,0.9760833969312123,0.525810250629693,0.36273006888744413,0.15653313568335572,0.8909090909090909,0.0037384999450296164,1,1,0.49476968036268953,0.5290706003967115,0.003116981456082031,0.12395488225451659,0.023916603068787734,1,4,low,55,0
S6-dynamic,4,Max-SINR,0.2697717633153276,0.5769205633097901,2.377483876074811,0.051212557605915254,0.8545454545454545,0.14545454545454545,0.14830696912142832,0.9987731196619501,0.0012268803380498094,1.0234945431633118,0.9663028691099591,0.4553847604178138,0.3372895064600307,0.18674106354528922,0.8363636363636363,0.00228299992159009,1,1,0.5733727798491364,0.5646245563395632,0.0012268803380498094,0.1457397568039717,0.033697130890040894,1,4,low,55,0
S6-dynamic,5,Cold-RFOTO,0.24289045203896736,0.4745309718434292,1.466315765326854,0.05341846243778605,0.9041095890410958,0.0958904109589041,0.08197210403878627,0.9973741580718721,0.002625841928127879,1.050156431106567,0.982032302082976,0.6954614397192247,0.31365078520586975,0.13526434443551028,0.8767123287671232,0.28288159996736795,110,1,0.5081688147043718,0.5619306058259668,0.002625841928127879,0.1133533376632009,0.017967697917024017,1,5,low,73,0
S6-dynamic,5,Warm-RFOTO,0.24289045203896736,0.4745309718434292,1.466315765326854,0.05341846243778605,0.9041095890410958,0.0958904109589041,0.08197210403878627,0.9973741580718721,0.002625841928127879,1.050156431106567,0.982032302082976,0.6954614397192247,0.31365078520586975,0.13526434443551028,0.8767123287671232,0.2758866000222042,110,1,0.5081688147043718,0.5619306058259668,0.002625841928127879,0.1133533376632009,0.017967697917024017,1,5,low,73,15
S6-dynamic,5,Standard-ABC,0.23863012181129958,0.4747400057965415,1.466315765326854,0.05298572432736307,0.8904109589041096,0.1095890410958904,0.0846186295685613,0.9973612640741968,0.002638735925803335,1.0504967547296662,0.9817618534305239,0.6954614397192247,0.31365078520586975,0.13629730669531512,0.863013698630137,0.252375099924393,110,1,0.510710194846938,0.526229320264989,0.002638735925803335,0.11501882355693863,0.018238146569476088,1,5,low,73,0
S6-dynamic,5,Delay-Greedy,0.26018517501583077,0.510943332826579,1.466315765326854,0.06033671096015935,0.8767123287671232,0.1232876712328767,0.09143472552058715,0.9973566249219616,0.00264337507803836,1.052570033483427,0.9803296370676826,0.6380102799244033,0.31365078520586975,0.14165115510654017,0.9041095890410958,0.004708199994638562,1,1,0.5366361600443763,0.6181322649103996,0.00264337507803836,0.11930826325088595,0.019670362932317387,1,5,low,73,0
S6-dynamic,5,Max-SINR,0.2615087283446307,0.4911637121954138,2.0041154260041605,0.05682567972236439,0.8493150684931506,0.1506849315068493,0.11455124187221534,0.9976105887747901,0.0023894112252098192,1.03367594493783,0.9747212463614596,0.5377356153623041,0.31365078520586975,0.16104142779815678,0.863013698630137,0.00181940000038594,1,1,0.5841063042666853,0.47155299814514473,0.0023894112252098192,0.16191802906145836,0.025278753638540374,1,5,low,73,0
S6-dynamic,6,Cold-RFOTO,0.3759638959458439,1.0281397664902918,3.2052154417022787,0.1235304077887365,0.7890625,0.2109375,0.20931465314146258,0.998259954256502,0.0017400457434980096,1.0138930547616865,0.9592532940725573,0.4404111795958485,0.20532863481425362,0.20610076456285487,0.8125,0.3324432000517845,110,1,0.8144156871645745,0.7630091420652167,0.0017400457434980096,0.20579435122840697,0.04074670592744267,1,6,high,128,0
S6-dynamic,6,Warm-RFOTO,0.3798261534561136,1.0358102816981876,3.2376528239846865,0.12557826018649673,0.7890625,0.2109375,0.2151467036720627,0.9982607465081562,0.0017392534918438058,1.0137897410424597,0.9578457671024673,0.4404111795958485,0.20532863481425362,0.20978421311511952,0.8125,0.3196701999986544,110,1,0.8168695235857686,0.7773083572252364,0.0017392534918438058,0.20936613337154963,0.04215423289753273,1,6,high,128,21
S6-dynamic,6,Standard-ABC,0.3798261534561136,1.0358102816981876,3.2376528239846865,0.12557826018649673,0.7890625,0.2109375,0.2151467036720627,0.9982607465081562,0.0017392534918438058,1.0137897410424597,0.9578457671024673,0.4404111795958485,0.20532863481425362,0.20978421311511952,0.8125,0.3169997000368312,110,1,0.8168695235857686,0.7773083572252364,0.0017392534918438058,0.20936613337154963,0.04215423289753273,1,6,high,128,0
S6-dynamic,6,Delay-Greedy,0.40754607022959266,1.07254807032271,3.338350143158738,0.13465874783859497,0.7578125,0.2421875,0.23387357725640787,0.9970197898791644,0.0029802101208356267,1.0264859632261565,0.9536563958838015,0.4404111795958485,0.20532863481425362,0.22044433354720214,0.8984375,0.004793600062839687,1,1,0.8440121864924242,0.8919109007432033,0.0029802101208356267,0.22083522341363662,0.046343604116198533,1,6,high,128,0
S6-dynamic,6,Max-SINR,0.39808900370085987,1.0028239112194282,3.6574164140839,0.12186318005529284,0.828125,0.171875,0.2349493983352762,0.9983811747191595,0.0016188252808404776,1.0152968477734,0.9517460154640509,0.36532633599676595,0.20532863481425362,0.22516768185693922,0.8671875,0.002486599958501756,1,1,0.8818256743015966,0.7194488747354597,0.0016188252808404776,0.24861356471432536,0.04825398453594909,1,6,high,128,0
S6-dynamic,7,Cold-RFOTO,0.30748277241350847,0.7800107511973933,1.9823840339205423,0.090430764800238,0.8319327731092437,0.16806722689075632,0.12598340243169323,0.9980822431003883,0.0019177568996114275,1.0194273814707715,0.9726413320558063,0.494186345475721,0.261043101306028,0.16771469385522758,0.8235294117647058,0.3233640000689775,110,1,0.6864279484474931,0.6389707716268519,0.0019177568996114275,0.14217127194422421,0.027358667944193726,1,7,high,119,0
S6-dynamic,7,Warm-RFOTO,0.3098617759099074,0.7856075965820705,2.0381841699324936,0.09070731005809743,0.8319327731092437,0.16806722689075632,0.13012227406641122,0.998151348030623,0.0018486519693766764,1.0167199226924468,0.9716192947523727,0.494186345475721,0.261043101306028,0.17090844639740493,0.8235294117647058,0.3574017999926582,110,1,0.6881847251464018,0.6465832240350234,0.0018486519693766764,0.14480509934813568,0.028380705247627258,1,7,high,119,37
S6-dynamic,7,Standard-ABC,0.3098617759099074,0.7856075965820705,2.0381841699324936,0.09070731005809743,0.8319327731092437,0.16806722689075632,0.13012227406641122,0.998151348030623,0.0018486519693766764,1.0167199226924468,0.9716192947523727,0.494186345475721,0.261043101306028,0.17090844639740493,0.8235294117647058,0.30855189997237176,110,1,0.6881847251464018,0.6465832240350234,0.0018486519693766764,0.14480509934813568,0.028380705247627258,1,7,high,119,0
S6-dynamic,7,Delay-Greedy,0.32630741509293,0.828982716527725,2.051808377120754,0.0946412298437832,0.8067226890756303,0.19327731092436976,0.1347050639124836,0.9970670567076142,0.0029329432923858624,1.020524213898568,0.9706231693870049,0.493329903083924,0.261043101306028,0.17397111325739792,0.8823529411764706,0.005851699970662594,1,1,0.715027521346385,0.7041804431072608,0.0029329432923858624,0.14772142015927262,0.02937683061299512,1,7,high,119,0
S6-dynamic,7,Max-SINR,0.28113799850260407,0.7136744736058906,1.8192692770657553,0.08448797881689721,0.865546218487395,0.13445378151260504,0.12345426449662675,0.9984344896921051,0.0015655103078947826,1.0132270937278272,0.9725697320120243,0.490155353318807,0.261043101306028,0.16794019400867494,0.8823529411764706,0.0021502000745385885,1,1,0.6616494025831312,0.5338550108234745,0.0015655103078947826,0.12487901589409922,0.027430267987975654,1,7,high,119,0
S6-dynamic,8,Cold-RFOTO,0.16365911649643394,0.3605614025366479,0.7116614793628795,0.04540036855083426,0.967741935483871,0.03225806451612903,0.02066961894066588,0.9980600596058439,0.0019399403941562276,1.0179524153184267,0.9951409298188917,0.9769410305088014,0.5456308290017696,0.06987700644487192,0.9516129032258065,0.2718326000031084,110,1,0.35824131643652685,0.4630752626753413,0.0019399403941562276,0.014082597520014117,0.004859070181108316,1,8,low,62,0
S6-dynamic,8,Warm-RFOTO,0.1671192239392085,0.361980815843968,0.7107894241870926,0.04626882432156422,0.967741935483871,0.03225806451612903,0.02066961894066588,0.9973771125416154,0.0026228874583847013,1.0180369625579202,0.9951251252763839,0.9586477310221181,0.5456308290017696,0.06999111045833505,0.9516129032258065,0.2668967000208795,110,1,0.3604679519244623,0.4815051858524669,0.0026228874583847013,0.014082597520014117,0.0048748747236161405,1,8,low,62,17
S6-dynamic,8,Standard-ABC,0.16979281880139097,0.36129349659299886,0.7107894241870926,0.04650196582580691,0.967741935483871,0.03225806451612903,0.02066961894066588,0.9973934100404699,0.0026065899595301718,1.0177922421418162,0.9951248278953038,0.9586477310221181,0.5456308290017696,0.06999325571147265,0.9516129032258065,0.2246024999767542,110,1,0.3597002516754476,0.5006300846327675,0.0026065899595301718,0.014082597520014117,0.004875172104696235,1,8,low,62,0
S6-dynamic,8,Delay-Greedy,0.16372278682019198,0.3648779776948627,0.7722628659271943,0.04587211488552063,0.967741935483871,0.03225806451612903,0.02066961894066588,0.9983497078581597,0.0016502921418404314,1.0160736745113703,0.9951549729523796,0.9773111584034297,0.5456308290017696,0.06977546575977218,0.9516129032258065,0.003284999984316528,1,1,0.35747100383173336,0.46518382664495966,0.0016502921418404314,0.014082597520014117,0.004845027047620354,1,8,low,62,0
S6-dynamic,8,Max-SINR,0.15930187850906702,0.34955018506237834,0.8088384973417087,0.043268748770137845,0.9354838709677419,0.06451612903225806,0.02477258477950593,0.9988618328398101,0.0011381671601899742,1.0195293268762313,0.9948325115723599,0.8969641697017463,0.5456308290017696,0.07207170088291626,0.9193548387096774,0.001436699996702373,1,1,0.37429520878340544,0.40337208945549724,0.0011381671601899742,0.016878024794828216,0.005167488427640143,1,8,low,62,0
S6-dynamic,9,Cold-RFOTO,0.2184158613373893,0.4436252603080778,1.3823903674830118,0.05470865624832156,0.9230769230769231,0.07692307692307693,0.0772979618349995,0.9974722509101888,0.002527749089811116,1.0302004391064716,0.9823025889165486,0.6850719369714587,0.35077884555893507,0.13422463299671536,0.9076923076923077,0.2609984000446275,110,1,0.5098482016257462,0.37255743642855677,0.002527749089811116,0.12764013594475732,0.017697411083451353,1,9,low,65,0
S6-dynamic,9,Warm-RFOTO,0.2184158613373893,0.4436252603080778,1.3823903674830118,0.05470865624832156,0.9230769230769231,0.07692307692307693,0.0772979618349995,0.9974722509101888,0.002527749089811116,1.0302004391064716,0.9823025889165486,0.6850719369714587,0.35077884555893507,0.13422463299671536,0.9076923076923077,0.2656457999255508,110,1,0.5098482016257462,0.37255743642855677,0.002527749089811116,0.12764013594475732,0.017697411083451353,1,9,low,65,9
S6-dynamic,9,Standard-ABC,0.2184158613373893,0.4436252603080778,1.3823903674830118,0.05470865624832156,0.9230769230769231,0.07692307692307693,0.0772979618349995,0.9974722509101888,0.002527749089811116,1.0302004391064716,0.9823025889165486,0.6850719369714587,0.35077884555893507,0.13422463299671536,0.9076923076923077,0.23894840001594275,110,1,0.5098482016257462,0.37255743642855677,0.002527749089811116,0.12764013594475732,0.017697411083451353,1,9,low,65,0
S6-dynamic,9,Delay-Greedy,0.21858255021920958,0.4486962211325973,1.3823903674830118,0.054502818087353785,0.9230769230769231,0.07692307692307693,0.0772979618349995,0.9972795261369457,0.002720473863054279,1.028379329229748,0.9822769659440996,0.6850719369714587,0.35077884555893507,0.13432351746786017,0.9076923076923077,0.003132999991066754,1,1,0.5141318198811512,0.3662467425449102,0.002720473863054279,0.12764013594475732,0.017723034055900366,1,9,low,65,0
S6-dynamic,9,Max-SINR,0.2146029513825882,0.44397787516855347,1.3823903674830118,0.051211419010439956,0.9230769230769231,0.07692307692307693,0.0772979618349995,0.9980944874067013,0.0019055125932986015,1.0217671916274027,0.982274186246014,0.6850719369714587,0.35077884555893507,0.13433424084425363,0.9076923076923077,0.0014694000128656626,1,1,0.5272828718285562,0.31888149905001484,0.0019055125932986015,0.12764013594475732,0.017725813753985964,1,9,low,65,0
S6-dynamic,10,Cold-RFOTO,0.20846694962457102,0.47840378746600054,1.1722617113310994,0.059564549793475384,0.8787878787878788,0.12121212121212122,0.09937238474077652,0.9971938219966282,0.002806178003371617,1.0379487049005895,0.978325649999008,0.640955374136301,0.30391024597991606,0.1488439960157641,0.8939393939393939,0.3027314000064507,110,1,0.4092690158331228,0.5797854523807147,0.002806178003371617,0.06147795883343992,0.02167435000099205,1,10,low,66,0
S6-dynamic,10,Warm-RFOTO,0.2907540815248529,0.5712910812724038,2.1640526362073853,0.06689043436744563,0.8636363636363636,0.13636363636363635,0.1638901925194827,0.9968280799740579,0.003171920025941989,1.0382730635307902,0.9667654785788902,0.47107171166669215,0.21354179939929566,0.18541042421730347,0.8636363636363636,0.30675530002918094,110,1,0.5826446109060226,0.5774115948377199,0.003171920025941989,0.2114465094173377,0.03323452142110983,1,10,low,66,12
S6-dynamic,10,Standard-ABC,0.289402622150485,0.5701011809484571,2.1640526362073853,0.06592026664182372,0.8636363636363636,0.13636363636363635,0.1638901925194827,0.9968057796123078,0.003194220387692119,1.0385068845202678,0.9667667676410278,0.47107171166669215,0.21354179939929566,0.1854067048315964,0.8636363636363636,0.2936388000380248,110,1,0.5815080096091552,0.5702677564165167,0.003194220387692119,0.2114465094173377,0.03323323235897224,1,10,low,66,0
S6-dynamic,10,Delay-Greedy,0.30095988189896056,0.6001130649981203,2.2772615181387,0.07109925397231648,0.8636363636363636,0.13636363636363635,0.17245220249789645,0.9971320883123939,0.0028679116876062336,1.0387025589062988,0.9644495484876658,0.44540368359483645,0.21354179939929566,0.19199185441259806,0.8787878787878788,0.005490400013513863,1,1,0.6006194211453323,0.6047795949598623,0.0028679116876062336,0.21672774921710694,0.03555045151233416,1,10,low,66,0
S6-dynamic,10,Max-SINR,0.1828151042435392,0.37009991802672565,0.8972722575062524,0.0504990018716792,0.8939393939393939,0.10606060606060606,0.06911787205630818,0.9963458385901557,0.003654161409844341,1.046246879614847,0.9843665371286938,0.6603525886289782,0.4172664364669801,0.12602281386412278,0.8939393939393939,0.002682400052435696,1,1,0.3899267037036584,0.47702334936011886,0.003654161409844341,0.042816296803767875,0.01563346287130618,1,10,low,66,0
S6-dynamic,11,Cold-RFOTO,0.15774042501695182,0.38771763263836106,1.637982633285897,0.05141775816473002,0.9384615384615385,0.06153846153846154,0.05557171014328544,0.9944972992323065,0.005502700767693371,1.0341072525357702,0.9870476175468326,0.7746868906651566,0.370559952958519,0.11455281805683636,0.8923076923076924,0.2728560999967158,110,1,0.3320830669112288,0.41135504264733525,0.005502700767693371,0.03989201748212223,0.012952382453167433,1,11,low,65,0
S6-dynamic,11,Warm-RFOTO,0.15405905452884802,0.3858789942037769,1.637982633285897,0.051175885395976776,0.9384615384615385,0.06153846153846154,0.05557171014328544,0.9941569740667026,0.005843025933297314,1.035363675411812,0.9870250648909197,0.7746868906651566,0.370559952958519,0.11465381406947794,0.8923076923076924,0.26614950003568083,110,1,0.33009012909413177,0.3896578162117533,0.005843025933297314,0.03989201748212223,0.012974935109080321,1,11,low,65,9
S6-dynamic,11,Standard-ABC,0.15775789111964933,0.38784537429306815,1.637982633285897,0.05142443030140842,0.9384615384615385,0.06153846153846154,0.05557171014328544,0.9944991612064198,0.005500838793580013,1.0340760565225198,0.987047559316141,0.7746868906651566,0.370559952958519,0.11455307893606209,0.8923076923076924,0.23720770003274083,110,1,0.3319046439002113,0.411771279418474,0.005500838793580013,0.03989201748212223,0.012952440683859034,1,11,low,65,0
S6-dynamic,11,Delay-Greedy,0.16222801707073395,0.39346563887470903,1.637982633285897,0.05208405364806553,0.9384615384615385,0.06153846153846154,0.05557171014328544,0.9948892651378382,0.005110734862161933,1.0321585474191497,0.9870446968813038,0.7746868906651566,0.370559952958519,0.11456590223128661,0.8923076923076924,0.003654100000858307,1,1,0.34069464502656477,0.42743939335550274,0.005110734862161933,0.03989201748212223,0.012955303118696193,1,11,low,65,0
S6-dynamic,11,Max-SINR,0.16871727979523396,0.4055944946267471,1.9972488795313526,0.06406168289400017,0.8923076923076924,0.1076923076923077,0.07330839864316713,0.9972140032561585,0.002785996743841399,1.0277803302794748,0.9836450597957932,0.6091113621665664,0.370559952958519,0.12894522750605145,0.8769230769230769,0.0014648999786004424,1,1,0.37060051300919267,0.4029298380620533,0.002785996743841399,0.050468941816914054,0.016354940204206803,1,11,low,65,0
S6-dynamic,12,Cold-RFOTO,0.20501857946779023,0.34705520715995214,0.7984187774773432,0.0440208920156419,0.9577464788732394,0.04225352112676056,0.01662562693416282,0.9981884493670606,0.0018115506329393438,1.0216693013614775,0.9965000631364841,0.9602708422639454,0.5493413103711786,0.059264065375424606,0.9154929577464789,0.33682940003927797,110,1,0.43083972135365334,0.5886199234710314,0.0018115506329393438,0.03251343981042766,0.0034999368635159067,1,12,low,71,0
S6-dynamic,12,Warm-RFOTO,0.1962700714130993,0.33251837429481795,0.7789768730519009,0.039946335890663986,0.9577464788732394,0.04225352112676056,0.01662562693416282,0.9976566078062762,0.0023433921937238036,1.0245873789634825,0.9964600202352081,0.9428188306258982,0.5493413103711786,0.05960331987586921,0.9295774647887324,0.2894524000585079,110,1,0.41989137407580396,0.5477946169205189,0.0023433921937238036,0.03251343981042766,0.003539979764791923,1,12,low,71,8
S6-dynamic,12,Standard-ABC,0.20245966191308148,0.3456649643058968,0.7984187774773432,0.0418754529252067,0.9577464788732394,0.04225352112676056,0.01662562693416282,0.9981807235996406,0.0018192764003593508,1.022648810737752,0.9965001999533871,0.9602708422639454,0.5493413103711786,0.05926290294261537,0.9295774647887324,0.2425269999075681,110,1,0.428054385953473,0.5761925345669502,0.0018192764003593508,0.03251343981042766,0.0034998000466128776,1,12,low,71,0
S6-dynamic,12,Delay-Greedy,0.22399889203124312,0.37370397804270783,0.8646631037506622,0.051097097666194795,0.9577464788732394,0.04225352112676056,0.01662562693416282,0.9977206767321944,0.002279323267805527,1.0200950792117522,0.9964823854880118,0.9553251045860274,0.5493413103711786,0.059414070750000894,0.9154929577464789,0.004574300022795796,1,1,0.45220458384306367,0.6789058619167397,0.002279323267805527,0.03251343981042766,0.0035176145119881763,1,12,low,71,0
S6-dynamic,12,Max-SINR,0.18358596476035327,0.2969606653183074,0.5758919271384131,0.03449321155709748,0.9577464788732394,0.04225352112676056,0.01662562693416282,0.9972924721071127,0.002707527892887238,1.0224783793829286,0.9964182549420543,0.9308323672106447,0.5493413103711786,0.05995515049283279,0.9154929577464789,0.0014624000759795308,1,1,0.4407747846986003,0.4279009419721797,0.002707527892887238,0.03251343981042766,0.003581745057945729,1,12,low,71,0
S6-dynamic,13,Cold-RFOTO,0.15765895878419706,0.37026638318207034,1.2485542500843694,0.05028567990819984,0.9354838709677419,0.06451612903225806,0.027390564605955875,0.9972640584242051,0.0027359415757948363,1.0311300729630293,0.9941204882281973,0.8998537420253709,0.6058170773228586,0.07690438790714293,0.9032258064516129,0.26730399997904897,110,1,0.3669506650465019,0.39778468662668187,0.0027359415757948363,0.01929789779055982,0.005879511771802681,1,13,low,62,0
S6-dynamic,13,Warm-RFOTO,0.1577092803826677,0.3690871615348044,1.2485542500843694,0.05001143317362935,0.9354838709677419,0.06451612903225806,0.02740801196184683,0.997547926992654,0.002452073007346001,1.0312016366897163,0.9941157806653405,0.8997528028519395,0.6058170773228586,0.0769353515179236,0.9032258064516129,0.2847297000698745,110,1,0.36652221855371453,0.3991875378740618,0.002452073007346001,0.01931019024584663,0.005884219334659546,1,13,low,62,11
S6-dynamic,13,Standard-ABC,0.15762341618220868,0.36880273395291135,1.2485542500843694,0.04998655355426728,0.9354838709677419,0.06451612903225806,0.02740801196184683,0.9976107278841666,0.0023892721158333676,1.0310723164796742,0.9941169714492579,0.8997528028519395,0.6058170773228586,0.07692752038365798,0.9032258064516129,0.23854829999618232,110,1,0.36624801675684165,0.3991570381717242,0.0023892721158333676,0.01931019024584663,0.005883028550742075,1,13,low,62,0
S6-dynamic,13,Delay-Greedy,0.16581899095150432,0.3877455619965497,1.2485542500843694,0.05192482881194206,0.9354838709677419,0.06451612903225806,0.028961647947681406,0.9978214221554824,0.002178577844517639,1.0273192338618322,0.9938353399333595,0.8344419996678653,0.6058170773228586,0.07875848417377691,0.9032258064516129,0.0029111000476405025,1,1,0.38581188658421045,0.4193627024808727,0.002178577844517639,0.020404797417684625,0.006164660066640515,1,13,low,62,0
S6-dynamic,13,Max-SINR,0.15527930198790374,0.3579908575080276,0.698977404613958,0.04315694457078927,0.9516129032258065,0.04838709677419355,0.02045857967896837,0.9971248777234825,0.0028751222765176694,1.0206101133742629,0.9952953082025732,0.9466502589612742,0.6058170773228586,0.06875267666648954,0.9032258064516129,0.0017538999672979116,1,1,0.3846886262838426,0.3614861157480485,0.0028751222765176694,0.014413999319273167,0.00470469179742683,1,13,low,62,0
S6-dynamic,14,Cold-RFOTO,0.23708689307585878,0.39564580957301826,1.607908805180125,0.05409354660849432,0.8805970149253731,0.11940298507462686,0.11438590932410982,0.9978198835577778,0.0021801164422222867,1.029861482772469,0.974193238920601,0.5401713415469022,0.3223394747218326,0.16275869348363825,0.8656716417910447,0.28115290007553995,110,1,0.5013016973415919,0.5062359731875309,0.0021801164422222867,0.12607614124790742,0.025806761079399054,1,14,low,67,0
S6-dynamic,14,Warm-RFOTO,0.23708689307585878,0.39564580957301826,1.607908805180125,0.05409354660849432,0.8805970149253731,0.11940298507462686,0.11438590932410982,0.9978198835577778,0.0021801164422222867,1.029861482772469,0.974193238920601,0.5401713415469022,0.3223394747218326,0.16275869348363825,0.8656716417910447,0.26155149994883686,110,1,0.5013016973415919,0.5062359731875309,0.0021801164422222867,0.12607614124790742,0.025806761079399054,1,14,low,67,10
S6-dynamic,14,Standard-ABC,0.237061670765858,0.39557641887019673,1.607908805180125,0.054102714319638895,0.8805970149253731,0.11940298507462686,0.11438590932410982,0.9978191947068866,0.0021808052931132802,1.0298693899014915,0.9741932745510616,0.5401713415469022,0.3223394747218326,0.162758578149689,0.8656716417910447,0.23733350005932152,110,1,0.5012028120686234,0.5062317504050792,0.0021808052931132802,0.12607614124790742,0.02580672544893836,1,14,low,67,0
S6-dynamic,14,Delay-Greedy,0.23335719747791428,0.40048573037106344,1.607908805180125,0.05366721360960487,0.8656716417910447,0.13432835820895522,0.11521921696302001,0.999149187155025,0.000850812844975013,1.0193652151278054,0.9742254449323956,0.5401713415469022,0.3223394747218326,0.16265441437132816,0.8507462686567164,0.003689600038342178,1,1,0.5100335704181753,0.46769229801827,0.000850812844975013,0.12663445736597725,0.0257745550676044,1,14,low,67,0
S6-dynamic,14,Max-SINR,0.2190551620516895,0.3873250765113377,1.607908805180125,0.050737739845490286,0.8656716417910447,0.13432835820895522,0.10928690748273204,0.9989287676957916,0.0010712323042082687,1.0224130927330095,0.9754509784262483,0.5401713415469022,0.3223394747218326,0.15864060937896707,0.8656716417910447,0.001790100010111928,1,1,0.5009924435118331,0.41484322991416966,0.0010712323042082687,0.11073586795880547,0.024549021573751717,1,14,low,67,0
S6-dynamic,15,Cold-RFOTO,0.34428979131733356,0.8074035527822685,1.8593055827092135,0.10813694804760775,0.8297872340425532,0.1702127659574468,0.09800451921167508,0.9987898685811603,0.0012101314188396651,1.017788596263366,0.9797357308513011,0.6153652609820285,0.24823640009206324,0.14381725625951358,0.7872340425531915,0.33455349993892014,110,1,0.7318932952175627,0.8333812833816833,0.0012101314188396651,0.1321104333984704,0.020264269148698943,1,15,high,141,0
S6-dynamic,15,Warm-RFOTO,0.34428979131733356,0.8074035527822685,1.8593055827092135,0.10813694804760775,0.8297872340425532,0.1702127659574468,0.09800451921167508,0.9987898685811603,0.0012101314188396651,1.017788596263366,0.9797357308513011,0.6153652609820285,0.24823640009206324,0.14381725625951358,0.7872340425531915,0.33273480006027967,110,1,0.7318932952175627,0.8333812833816833,0.0012101314188396651,0.1321104333984704,0.020264269148698943,1,15,high,141,15
S6-dynamic,15,Standard-ABC,0.3435427373599645,0.8078791056056208,1.787429811156203,0.10760148055524706,0.8368794326241135,0.16312056737588654,0.09773746689703913,0.9987874381619055,0.001212561838094374,1.017737767907214,0.9797383412137515,0.6153652609820285,0.24823640009206324,0.14380780140079502,0.7801418439716312,0.30507260002195835,110,1,0.7347496103688227,0.8239186895236317,0.001212561838094374,0.13194308061463186,0.020261658786248526,1,15,high,141,0
S6-dynamic,15,Delay-Greedy,0.36929518992681226,0.8288986243759955,1.843655738126277,0.10713230012852885,0.7730496453900709,0.22695035460992907,0.12234450303823226,0.997979363843565,0.002020636156434892,1.0234932489108457,0.9759009616771712,0.6153652609820285,0.24823640009206324,0.15714370312468706,0.8936170212765957,0.006440900033339858,1,1,0.7613390117935563,0.9206705434417801,0.002020636156434892,0.14736348992977955,0.02409903832282878,1,15,high,141,0
S6-dynamic,15,Max-SINR,0.3364587534347656,0.7496318093345641,1.5957922117009458,0.09853529788542133,0.8652482269503546,0.1347517730496454,0.10867530514704575,0.9972273198083831,0.002772680191616922,1.0171400576305738,0.976625702307163,0.560991678233267,0.24823640009206324,0.15470530652302217,0.8936170212765957,0.0023400000063702464,1,1,0.7836411307204761,0.6608606550521118,0.002772680191616922,0.14943476721832333,0.023374297692837054,1,15,high,141,0
S6-dynamic,16,Cold-RFOTO,0.30252567672950803,0.7982366827029068,1.8566720607255216,0.1082517300031144,0.8013245033112583,0.1986754966887417,0.09443848213448702,0.9981992210672613,0.0018007789327385956,1.0181316259257362,0.9811000692290716,0.6086639466047074,0.25764036907171944,0.1387948824850346,0.7748344370860927,0.346449900069274,110,1,0.6616434613785659,0.7514559222931286,0.0018007789327385956,0.08480511055484102,0.01889993077092844,1,16,high,151,0
S6-dynamic,16,Warm-RFOTO,0.3033615701540779,0.7978864165322497,1.8566720607255216,0.10864135622052858,0.8013245033112583,0.1986754966887417,0.09475368725633387,0.9981998116176244,0.0018001883823756247,1.0179769035870188,0.9810474541085568,0.6086639466047074,0.25764036907171944,0.13899166931565723,0.7814569536423841,0.37813769991043955,110,1,0.6616573487107791,0.756617442094233,0.0018001883823756247,0.08500678840822609,0.01895254589144324,1,16,high,151,52
S6-dynamic,16,Standard-ABC,0.3033615701540779,0.7978864165322497,1.8566720607255216,0.10864135622052858,0.8013245033112583,0.1986754966887417,0.09475368725633387,0.9981998116176244,0.0018001883823756247,1.0179769035870188,0.9810474541085568,0.6086639466047074,0.25764036907171944,0.13899166931565723,0.7814569536423841,0.36911239998880774,110,1,0.6616573487107791,0.756617442094233,0.0018001883823756247,0.08500678840822609,0.01895254589144324,1,16,high,151,0
S6-dynamic,16,Delay-Greedy,0.3407697737076131,0.8678356151454338,2.303776091558454,0.11237285808019207,0.695364238410596,0.304635761589404,0.12486612370663779,0.9972065164928573,0.0027934835071429286,1.0223036730447268,0.9762416000469106,0.5989456350795712,0.25764036907171944,0.1560019185652257,0.9337748344370861,0.007257999968715012,1,1,0.7420579119674773,0.8044445687464188,0.0027934835071429286,0.12186461483755565,0.02375839995308937,1,16,high,151,0
S6-dynamic,16,Max-SINR,0.3313277234839832,0.7928649317528537,1.7806216529830223,0.11540659614623593,0.8741721854304636,0.12582781456953643,0.10475189040237645,0.9971560787405269,0.0028439212594731445,1.020351218884749,0.9785420428268466,0.5789661180000077,0.21911682381188957,0.14808274019237813,0.9536423841059603,0.002101499936543405,1,1,0.7237924692831774,0.8276437862355039,0.0028439212594731445,0.08978224159998267,0.021457957173153352,1,16,high,151,0
S6-dynamic,17,Cold-RFOTO,0.32922464218292014,0.8574833400706185,1.7456269264879318,0.1068230981755287,0.8134328358208955,0.1865671641791045,0.14649718968023145,0.9981312659482339,0.001868734051766119,1.0322090588594564,0.9716882364740544,0.5996207444635642,0.19603208885608706,0.17069468109622374,0.8208955223880597,0.31649830006062984,110,1,0.6709407951611328,0.80600743097633,0.001868734051766119,0.14387126962776958,0.028311763525945555,1,17,high,134,0
S6-dynamic,17,Warm-RFOTO,0.329763562801865,0.8614054071905521,1.7456269264879318,0.1073667808600168,0.8208955223880597,0.1791044776119403,0.14375646622231072,0.9981061707784933,0.0018938292215067486,1.0318566519593053,0.9721147900552899,0.5996207444635642,0.19603208885608706,0.1693667617330376,0.8283582089552238,0.31063630001153797,110,1,0.6722932864728947,0.8104963605307433,0.0018938292215067486,0.1422169590720877,0.02788520994471011,1,17,high,134,50
S6-dynamic,17,Standard-ABC,0.3291576331980822,0.8578717360093141,1.7456269264879318,0.10670049909230188,0.8134328358208955,0.1865671641791045,0.1463362915815362,0.9981157197807504,0.001884280219249487,1.0323823758489898,0.9717358274524486,0.5996207444635642,0.19603208885608706,0.17054697873872296,0.8208955223880597,0.32886929996311665,110,1,0.6713738165171755,0.8050277293593977,0.001884280219249487,0.14377415095558416,0.028264172547551425,1,17,high,134,0
S6-dynamic,17,Delay-Greedy,0.3658497537507837,0.9129527773752791,1.9168845650051245,0.11622991197009633,0.7910447761194029,0.208955223880597,0.16946679533127335,0.9976628022625805,0.0023371977374195664,1.0328503926865604,0.9664090603382686,0.5266013094657467,0.19603208885608706,0.18643634489362798,0.9253731343283582,0.005719300010241568,1,1,0.7103118625619778,0.954874656800319,0.0023371977374195664,0.15813803637399124,0.033590939661731434,1,17,high,134,0
S6-dynamic,17,Max-SINR,0.3360874220369721,0.8190765592346455,2.49800988093041,0.10699054569268497,0.8208955223880597,0.1791044776119403,0.1332888973963072,0.9984669076490753,0.0015330923509248807,1.0295822110549575,0.9722243500910025,0.5564269695089739,0.27270975013312504,0.16902419169467348,0.917910447761194,0.0018077000277116895,1,1,0.7045406836583716,0.8046764877748639,0.0015330923509248807,0.1391112479984599,0.027775649908997502,1,17,high,134,0
S6-dynamic,18,Cold-RFOTO,0.15038364958906236,0.32256015316556097,0.5705257369269454,0.03843474964023396,0.96,0.04,0.012894470558795224,0.9956084101561866,0.004391589843813424,1.0190153176348395,0.9974847086296642,0.9398823010524597,0.6894303647161539,0.0502158741297131,0.9,0.27042810001876205,110,1,0.38495670071219984,0.3260605858191576,0.004391589843813424,0.015919099455302742,0.0025152913703357926,1,18,low,50,0
S6-dynamic,18,Warm-RFOTO,0.15046707534733775,0.3225820032187164,0.5705257369269454,0.038478438530334634,0.96,0.04,0.012894470558795224,0.9956748826040775,0.004325117395922329,1.0186999164430226,0.9974850382277738,0.9398823010524597,0.6894303647161539,0.05021257563861542,0.9,0.23202420002780855,110,1,0.38496860430439894,0.32668587774929286,0.004325117395922329,0.015919099455302742,0.0025149617722262096,1,18,low,50,22
S6-dynamic,18,Standard-ABC,0.1502732284809062,0.32022062422780323,0.5484877800757606,0.03740787515403382,0.96,0.04,0.012894470558795224,0.9957665476813989,0.004233452318601112,1.018907313168955,0.9974850826385535,0.9398823010524597,0.6894303647161539,0.05021213117621922,0.9,0.22802530007902533,110,1,0.38625597779306764,0.32337020733917604,0.004233452318601112,0.015919099455302742,0.0025149173614464893,1,18,low,50,0
S6-dynamic,18,Delay-Greedy,0.1571748431145482,0.34225802859891347,0.6876088713480196,0.040898987546815146,0.96,0.04,0.012894470558795224,0.9968703263376041,0.003129673662395909,1.01209748557439,0.9974165518213736,0.9293455225754623,0.6894303647161539,0.05089341480230319,0.9,0.0029353999998420477,1,1,0.40088823090956244,0.3463970570937249,0.003129673662395909,0.015919099455302742,0.002583448178626435,1,18,low,50,0
S6-dynamic,18,Max-SINR,0.17356115242193387,0.32825859637762195,0.5573151774446604,0.0373581911306704,0.94,0.06,0.02060031565803939,0.9993905704098764,0.0006094295901234359,1.0110040931089233,0.9954692346666301,0.9906219901648371,0.6332260339248488,0.06746396518132228,0.9,0.0013255999656394124,1,1,0.4544623189851396,0.351906332272933,0.0006094295901234359,0.0254324884667153,0.004530765333369935,1,18,low,50,0
S6-dynamic,19,Cold-RFOTO,0.3703787689345997,0.6676557670161688,2.3160523318872945,0.09360174657079466,0.8,0.2,0.1477298931632513,0.9953128816706326,0.004687118329367431,1.0371950580880913,0.9689278385845449,0.5222820113103231,0.25970653187525405,0.1790770845177058,0.8461538461538461,0.30316040001343936,110,1,0.8335879580950852,0.5268931744842659,0.004687118329367431,0.30939822143998713,0.031072161415455102,1,19,low,65,0
S6-dynamic,19,Warm-RFOTO,0.3703787689345997,0.6676557670161688,2.3160523318872945,0.09360174657079466,0.8,0.2,0.1477298931632513,0.9953128816706326,0.004687118329367431,1.0371950580880913,0.9689278385845449,0.5222820113103231,0.25970653187525405,0.1790770845177058,0.8461538461538461,0.3168866999913007,110,1,0.8335879580950852,0.5268931744842659,0.004687118329367431,0.30939822143998713,0.031072161415455102,1,19,low,65,4
S6-dynamic,19,Standard-ABC,0.3703778775999495,0.6671847170122381,2.3160523318872945,0.09355471838689788,0.8,0.2,0.1477298931632513,0.9952994428856875,0.004700557114312508,1.0371950580880913,0.9689289650609074,0.5222820113103231,0.25970653187525405,0.17907373430206444,0.8461538461538461,0.26357650000136346,110,1,0.833341577452743,0.5272810747536041,0.004700557114312508,0.30939822143998713,0.03107103493909258,1,19,low,65,0
S6-dynamic,19,Delay-Greedy,0.37762208104987843,0.6900652396224143,2.3520502247471553,0.09749300168046672,0.8,0.2,0.1849084889077218,0.9965349238666833,0.003465076133316772,1.034674226352674,0.9598494462785123,0.44168541011227647,0.25970653187525405,0.20452396811385773,0.8307692307692308,0.003696699975989759,1,1,0.8477456959191573,0.5087582745060576,0.003465076133316772,0.33062527043717566,0.04015055372148768,1,19,low,65,0
S6-dynamic,19,Max-SINR,0.34119866920819575,0.6653356618874425,2.620013833877069,0.07475528040283097,0.7846153846153846,0.2153846153846154,0.17160404480210312,0.9956390100745182,0.004360989925481867,1.0304440519732905,0.9637201596784801,0.5194085019203354,0.25970653187525405,0.19402478528835787,0.8,0.0013976000482216477,1,1,0.8008811625558903,0.40037498274402233,0.004360989925481867,0.2984318284971819,0.036279840321519874,1,19,low,65,0
S6-dynamic,20,Cold-RFOTO,0.16735166497890008,0.3907959326298274,0.9453518450857261,0.05008928493631267,0.967741935483871,0.03225806451612903,0.019157842973176728,0.9975098244808568,0.0024901755191432226,1.0358508869586958,0.9954615333316469,0.9668753222582083,0.4822467022283216,0.06752153920145884,0.9193548387096774,0.27043729997240007,110,1,0.3654016155023977,0.4797813370406758,0.0024901755191432226,0.011421021772470742,0.004538466668353114,1,20,low,62,0
S6-dynamic,20,Warm-RFOTO,0.1658376797769588,0.38778989068387154,0.9342692673985734,0.047817331410793626,0.9838709677419355,0.016129032258064516,0.017316571793838696,0.9971512177111609,0.002848782288839117,1.0371389447609203,0.9956323786505369,0.9674954659571706,0.4822467022283216,0.06623278001459876,0.9193548387096774,0.2586487999651581,110,1,0.36572461808937523,0.47067193583435774,0.002848782288839117,0.010323340877096146,0.004367621349463113,1,20,low,62,9
S6-dynamic,20,Standard-ABC,0.16883659892016695,0.39431517662431637,0.9453518450857261,0.05161430713431179,0.967741935483871,0.03225806451612903,0.019157842973176728,0.9975210777001552,0.002478922299844839,1.0355652278296519,0.9954613989705072,0.9668753222582083,0.4822467022283216,0.06752254323729463,0.9193548387096774,0.25228510005399585,110,1,0.3670006720313265,0.4870306723654984,0.002478922299844839,0.011421021772470742,0.0045386010294927726,1,20,low,62,0
S6-dynamic,20,Delay-Greedy,0.17170378398367706,0.39533832558023624,1.006679533049538,0.05085857541673234,0.967741935483871,0.03225806451612903,0.01903193340963873,0.9976735526828615,0.002326447317138418,1.0258386451466543,0.9954747553140546,0.966901406160826,0.4822467022283216,0.06742266394837125,0.9354838709677419,0.0030840999679639935,1,1,0.3766698931113575,0.4903716297602877,0.002326447317138418,0.011345960301900014,0.004525244685945395,1,20,low,62,0
S6-dynamic,20,Max-SINR,0.15426180281543386,0.3240934349958982,0.628310813421537,0.03704451297658564,0.9838709677419355,0.016129032258064516,0.017316571793838696,0.9984061562931024,0.0015938437068977623,1.0214244508562909,0.9956788820259983,0.9847073987346223,0.4822467022283216,0.06587769781103629,0.9354838709677419,0.0018165999790653586,1,1,0.3697057097553122,0.3885840247990129,0.0015938437068977623,0.010323340877096146,0.004321117974001698,1,20,low,62,0
S6-dynamic,21,Cold-RFOTO,0.3239546970889817,0.7842682313685501,1.8198991842409937,0.08730476565446373,0.8396946564885496,0.16030534351145037,0.1289836826764302,0.99730702238285,0.0026929776171498625,1.0286759635827145,0.9740259285166175,0.59123623026439,0.24273785118998423,0.16329946305959825,0.7709923664122137,0.39484040008392185,110,1,0.7057096730389278,0.6807602123141167,0.0026929776171498625,0.16391416294477962,0.025974071483382488,1,21,high,131,0
S6-dynamic,21,Warm-RFOTO,0.3239546970889817,0.7842682313685501,1.8198991842409937,0.08730476565446373,0.8396946564885496,0.16030534351145037,0.1289836826764302,0.99730702238285,0.0026929776171498625,1.0286759635827145,0.9740259285166175,0.59123623026439,0.24273785118998423,0.16329946305959825,0.7709923664122137,0.3746430999599397,110,1,0.7057096730389278,0.6807602123141167,0.0026929776171498625,0.16391416294477962,0.025974071483382488,1,21,high,131,19
S6-dynamic,21,Standard-ABC,0.32394396592355923,0.7834340099584504,1.8198991842409937,0.08732185180643949,0.8396946564885496,0.16030534351145037,0.12886076433646157,0.9973071442345415,0.0026928557654584714,1.0286733115139934,0.9740316078653234,0.59123623026439,0.24273785118998423,0.16328113296993904,0.7709923664122137,0.3539205000270158,110,1,0.7056816075927281,0.6808600373163692,0.0026928557654584714,0.1638429138185146,0.02596839213467661,1,21,high,131,0
S6-dynamic,21,Delay-Greedy,0.3584121752592114,0.8381574051224124,1.9658784487720862,0.09677987804789945,0.7786259541984732,0.22137404580152673,0.14848082170598495,0.9981798115968782,0.0018201884031218767,1.0272204651120296,0.9704412204083033,0.5372816160383225,0.24273785118998423,0.17452539592784644,0.9083969465648855,0.00712349999230355,1,1,0.7375484993200103,0.8327107296096246,0.0018201884031218767,0.17728234547354507,0.029558779591696727,1,21,high,131,0
S6-dynamic,21,Max-SINR,0.27456643431931416,0.6484499255395686,1.5588929599022658,0.08030821920382769,0.8473282442748091,0.15267175572519084,0.07260783421462325,0.9986672076423927,0.0013327923576073135,1.01790233177189,0.9852702653654397,0.6555192702665015,0.26411510241485264,0.12226996087613512,0.9083969465648855,0.0018342999974265695,1,1,0.6243970483930763,0.6512420243398046,0.0013327923576073135,0.07321939961347557,0.014729734634560288,1,21,high,131,0
S6-dynamic,22,Cold-RFOTO,0.3396752741345389,0.7809588102210577,1.949859769012116,0.085587908546259,0.8405797101449275,0.15942028985507245,0.12739708671454766,0.9973574408945665,0.002642559105433468,1.0316186946619597,0.9735468353147889,0.5321808193751669,0.28238348794778373,0.16483916015166522,0.8043478260869565,0.40451519994530827,110,1,0.7319457430569944,0.7374488706460446,0.002642559105433468,0.1663000849980609,0.026453164685211084,1,22,high,138,0
S6-dynamic,22,Warm-RFOTO,0.3262168755839863,0.7815026732013886,1.8095656471291337,0.08765179621046565,0.855072463768116,0.14492753623188406,0.11822215349000509,0.9972527651498297,0.0027472348501702275,1.031295067357736,0.975498262692249,0.6398145446069019,0.28238348794778373,0.15848391447423302,0.8188405797101449,0.3531270999228582,110,1,0.6960113652580953,0.7502061840229708,0.0027472348501702275,0.14183359639928073,0.02450173730775096,1,22,high,138,37
S6-dynamic,22,Standard-ABC,0.3396752741345389,0.7809588102210577,1.949859769012116,0.085587908546259,0.8405797101449275,0.15942028985507245,0.12739708671454766,0.9973574408945665,0.002642559105433468,1.0316186946619597,0.9735468353147889,0.5321808193751669,0.28238348794778373,0.16483916015166522,0.8043478260869565,0.3440889000194147,110,1,0.7319457430569944,0.7374488706460446,0.002642559105433468,0.1663000849980609,0.026453164685211084,1,22,high,138,0
S6-dynamic,22,Delay-Greedy,0.34473061898880447,0.8256057981406122,2.042147801113352,0.08553942457749283,0.8188405797101449,0.18115942028985507,0.13029750858355837,0.9976441211444389,0.002355878855561018,1.0266255718343995,0.9727436874466258,0.5321808193751669,0.28238348794778373,0.16739186179704496,0.8913043478260869,0.006589299999177456,1,1,0.7459532227812682,0.7431539246993024,0.002355878855561018,0.1688384077378948,0.02725631255337424,1,22,high,138,0
S6-dynamic,22,Max-SINR,0.33597847949776627,0.7601109892924395,1.949859769012116,0.08936942287400107,0.8623188405797102,0.13768115942028986,0.13592958924841247,0.9970701846023837,0.0029298153976162014,1.0254451203773087,0.9700383603486614,0.4234373827954226,0.28238348794778373,0.17574716730918347,0.9130434782608695,0.0026759000029414892,1,1,0.7314581156244769,0.7325141518157056,0.0029298153976162014,0.15262647516826883,0.02996163965133858,1,22,high,138,0
S6-dynamic,23,Cold-RFOTO,0.31910452696827274,0.91478504014256,2.2868239678470847,0.09615898437811823,0.8092105263157895,0.19078947368421054,0.13568291429218687,0.9974312620787236,0.002568737921276231,1.0186044287062705,0.971069618479596,0.48750106414526617,0.2900990765357268,0.17260441376988275,0.8092105263157895,0.36020999995525926,110,1,0.7132555335193952,0.696324405270811,0.002568737921276231,0.12595471194194605,0.028930381520403947,1,23,high,152,0
S6-dynamic,23,Warm-RFOTO,0.31910452696827274,0.91478504014256,2.2868239678470847,0.09615898437811823,0.8092105263157895,0.19078947368421054,0.13568291429218687,0.9974312620787236,0.002568737921276231,1.0186044287062705,0.971069618479596,0.48750106414526617,0.2900990765357268,0.17260441376988275,0.8092105263157895,0.3430053999181837,110,1,0.7132555335193952,0.696324405270811,0.002568737921276231,0.12595471194194605,0.028930381520403947,1,23,high,152,39
S6-dynamic,23,Standard-ABC,0.316481801142569,0.9051034844263492,2.2868239678470847,0.09467857163156408,0.8092105263157895,0.19078947368421054,0.132313241739481,0.9973943403070689,0.0026056596929310474,1.0190649184530989,0.971697234396374,0.48750106414526617,0.2900990765357268,0.17066676402468942,0.8092105263157895,0.30816300003789365,110,1,0.7096420251954108,0.6890423675316298,0.0026056596929310474,0.12379357173936675,0.02830276560362599,1,23,high,152,0
S6-dynamic,23,Delay-Greedy,0.35524068245528145,0.9844843348117145,2.2448875289581327,0.10416245674808118,0.7236842105263158,0.27631578947368424,0.1536848482691284,0.9967377581479653,0.0032622418520348415,1.022157892179883,0.9693370979031662,0.5493725622556604,0.2865171369463259,0.17785628272110707,0.9276315789473685,0.007683100062422454,1,1,0.7558989097463739,0.8424372719518923,0.0032622418520348415,0.13859392216388855,0.030662902096833755,1,23,high,152,0
S6-dynamic,23,Max-SINR,0.31963790579690904,0.9131983447476708,2.3605031536091925,0.08804845309766277,0.8486842105263158,0.1513157894736842,0.14681437293622235,0.9969441383829988,0.0030558616170013628,1.022271923845209,0.9692103254916387,0.46324215862500867,0.24328060064754248,0.17823522256500912,0.9210526315789473,0.0019676999654620886,1,1,0.7536050983240239,0.6114845484096352,0.0030558616170013628,0.13713730181921324,0.030789674508361342,1,23,high,152,0
S6-dynamic,24,Cold-RFOTO,0.3597472287241705,0.5993527807718182,2.284636591151291,0.06632678529882464,0.8591549295774648,0.14084507042253522,0.1870378343953048,0.9968071380320032,0.0031928619679968268,1.0325463266650698,0.9602353343852223,0.45203750777508417,0.22239610957368372,0.20349785035278783,0.8591549295774648,0.2937887000152841,110,1,0.7656762506025012,0.5572839050864609,0.0031928619679968268,0.3125292322990401,0.03976466561477765,1,24,low,71,0
S6-dynamic,24,Warm-RFOTO,0.34491614865917736,0.5989145117805259,2.325423135556755,0.059247718223478574,0.8591549295774648,0.14084507042253522,0.18800701994262434,0.9968295237310454,0.0031704762689546188,1.02967844655769,0.9600332670527462,0.4477796511165501,0.22239610957368372,0.20403570975458998,0.8450704225352113,0.2651709000347182,110,1,0.7649287846065128,0.4584503790890151,0.0031704762689546188,0.3131491617932715,0.039966732947253836,1,24,low,71,19
S6-dynamic,24,Standard-ABC,0.3576778463228658,0.602350449524059,2.284636591151291,0.06596162139417061,0.8591549295774648,0.14084507042253522,0.1870378343953048,0.9970186118691852,0.0029813881308147264,1.0311329365684747,0.9602214875238375,0.45203750777508417,0.22239610957368372,0.20353474582316586,0.8450704225352113,0.24302009993698448,110,1,0.7700007914624218,0.5365485725660869,0.0029813881308147264,0.3125292322990401,0.039778512476162486,1,24,low,71,0
S6-dynamic,24,Delay-Greedy,0.36328360892593825,0.6207627380983279,2.284636591151291,0.06793482986210124,0.8591549295774648,0.14084507042253522,0.1870378343953048,0.9969245173476703,0.0030754826523296114,1.0305281911576978,0.9602287830152286,0.45203750777508417,0.22239610957368372,0.20351530741964957,0.8732394366197183,0.0036625999491661787,1,1,0.7797204623110613,0.5576027079682084,0.0030754826523296114,0.3125292322990401,0.039771216984771374,1,24,low,71,0
S6-dynamic,24,Max-SINR,0.34880391391085686,0.5778474982613145,2.2416149721064285,0.06278018618686301,0.8591549295774648,0.14084507042253522,0.18366103889523847,0.9954155173598519,0.004584482640148083,1.0362823354903081,0.9604466009135748,0.45203750777508417,0.22239610957368372,0.20293422331835473,0.8450704225352113,0.0020069999154657125,1,1,0.7762791624759069,0.4686126126021766,0.004584482640148083,0.3103693000422409,0.03955339908642519,1,24,low,71,0
S6-dynamic,25,Cold-RFOTO,0.33209781583649517,0.7969181024344074,2.1177364004341213,0.0825700138003174,0.823076923076923,0.17692307692307693,0.1474158720670048,0.9981815590227365,0.00181844097726347,1.0283081051883347,0.9692687596096687,0.5021160216241273,0.24915186413269966,0.17806064297746899,0.8384615384615385,0.40618019993416965,110,1,0.719397291478041,0.6993867606482934,0.00181844097726347,0.16946841846295416,0.03073124039033126,1,25,high,130,0
S6-dynamic,25,Warm-RFOTO,0.3188868217351303,0.758800884386798,1.9852254999445356,0.08184377610552351,0.8307692307692308,0.16923076923076924,0.12767441558370796,0.9978685174635178,0.002131482536482194,1.0300700093109285,0.9731445985540339,0.5384319586372941,0.24915186413269966,0.16612199429393512,0.8461538461538461,0.42979780002497137,110,1,0.6932107933609416,0.6959363923960908,0.002131482536482194,0.14695623124515955,0.0268554014459661,1,25,high,130,17
S6-dynamic,25,Standard-ABC,0.3320645215559903,0.7979079782407191,2.1177364004341213,0.08234004458884218,0.823076923076923,0.17692307692307693,0.1474158720670048,0.998167374227117,0.0018326257728830829,1.0285144965658461,0.9692694198940816,0.5021160216241273,0.24915186413269966,0.17805866943356366,0.8384615384615385,0.3483740999363363,110,1,0.7203843318304133,0.6975014787478937,0.0018326257728830829,0.16946841846295416,0.030730580105918448,1,25,high,130,0
S6-dynamic,25,Delay-Greedy,0.3435325184761935,0.8271060735388763,2.3245749011250827,0.08536607532650443,0.8076923076923077,0.19230769230769232,0.1542306006750946,0.998595731748184,0.0014042682518161525,1.0239533219129526,0.9681637715406386,0.5021160216241273,0.24915186413269966,0.18133698580397734,0.8923076923076924,0.006922900094650686,1,1,0.734999250764721,0.744040730556379,0.0014042682518161525,0.17248123312915592,0.031836228459361404,1,25,high,130,0
S6-dynamic,25,Max-SINR,0.31000858514738844,0.7135863600360388,1.7474473260042702,0.07705342931258002,0.8384615384615385,0.16153846153846155,0.13053411669780252,0.9987990835635836,0.0012009164364163575,1.021363001093589,0.9726861739740654,0.5317381666216924,0.24915186413269966,0.16757332925188212,0.9,0.0023087000008672476,1,1,0.7325619049688844,0.5559240560135914,0.0012009164364163575,0.1565689732478206,0.027313826025934573,1,25,high,130,0
S6-dynamic,26,Cold-RFOTO,0.25248769397041965,0.708234108333965,1.4583155146527862,0.0827837492414109,0.8955223880597015,0.1044776119402985,0.08162974382101491,0.9987915268129548,0.0012084731870451498,1.0179921111497179,0.9832465045738362,0.7540334890622549,0.2744566940067869,0.1305333578940402,0.835820895522388,0.32415169989690185,110,1,0.5816209091717248,0.5499113330452435,0.0012084731870451498,0.08736419107747317,0.016753495426163778,1,26,high,134,0
S6-dynamic,26,Warm-RFOTO,0.25234135861084517,0.7076435023455467,1.4583155146527862,0.08255418639596455,0.8955223880597015,0.1044776119402985,0.08162974382101491,0.9987915250518694,0.0012084749481306196,1.0179979289577865,0.983246504647367,0.7540334890622549,0.2744566940067869,0.13053335760270549,0.835820895522388,0.32629829994402826,110,1,0.5813834656364244,0.5493315009323315,0.0012084749481306196,0.08736419107747317,0.01675349535263304,1,26,high,134,36
S6-dynamic,26,Standard-ABC,0.25248769397041965,0.708234108333965,1.4583155146527862,0.0827837492414109,0.8955223880597015,0.1044776119402985,0.08162974382101491,0.9987915268129548,0.0012084731870451498,1.0179921111497179,0.9832465045738362,0.7540334890622549,0.2744566940067869,0.1305333578940402,0.835820895522388,0.31713420001324266,110,1,0.5816209091717248,0.5499113330452435,0.0012084731870451498,0.08736419107747317,0.016753495426163778,1,26,high,134,0
S6-dynamic,26,Delay-Greedy,0.26495420360398814,0.7457157824587716,1.4446075107595142,0.08373923352968532,0.8731343283582089,0.12686567164179105,0.08234589705110851,0.9982632044747064,0.0017367955252935864,1.0217097679848273,0.9829730458203277,0.7440695629840709,0.2744566940067869,0.13161266376211136,0.9402985074626866,0.005242499988526106,1,1,0.6049911831980308,0.5923314287442348,0.0017367955252935864,0.08782116504334242,0.01702695417967226,1,26,high,134,0
S6-dynamic,26,Max-SINR,0.24473586928468566,0.6647273820036455,1.2652452732058166,0.08010910619598179,0.9029850746268657,0.09701492537313433,0.08127536548736546,0.9982903199186225,0.0017096800813774448,1.0192768476717922,0.9827493174989637,0.8008477663647227,0.2744566940067869,0.13248959288240317,0.9104477611940298,0.0018665000097826123,1,1,0.5874790192541168,0.48716409126124266,0.0017096800813774448,0.08744784956215644,0.01725068250103634,1,26,high,134,0
S6-dynamic,27,Cold-RFOTO,0.2223858723308249,0.3725246370909047,0.707106258599508,0.042350798271546954,0.9420289855072463,0.057971014492753624,0.05591712877475297,0.9963725482403227,0.0036274517596771856,1.0413914720086563,0.989057104311678,0.9127546131129854,0.2631150398402843,0.10518539599636226,0.9130434782608695,0.2911280000116676,110,1,0.4670539604179678,0.48605719763356386,0.0036274517596771856,0.12138751150445846,0.010942895688321963,1,27,low,69,0
S6-dynamic,27,Warm-RFOTO,0.21915107121597704,0.37301608574066125,0.707106258599508,0.04151445203983031,0.9420289855072463,0.057971014492753624,0.05591712877475297,0.9968814209063773,0.0031185790936225323,1.0308141744388706,0.9890461473977007,0.9127546131129854,0.2631150398402843,0.10523862581821046,0.9130434782608695,0.2609532999340445,110,1,0.46763736977186793,0.4641870479188404,0.0031185790936225323,0.12138751150445846,0.010953852602299308,1,27,low,69,21
S6-dynamic,27,Standard-ABC,0.2229054864154845,0.3725182532862098,0.707106258599508,0.04249585196624893,0.9420289855072463,0.057971014492753624,0.05591712877475297,0.9969052114850617,0.0030947885149381626,1.0343920397866406,0.9890615298374188,0.9127546131129854,0.2631150398402843,0.10516388903008576,0.9130434782608695,0.250757799949497,110,1,0.46709914711869455,0.49016062354880946,0.0030947885149381626,0.12138751150445846,0.010938470162581204,1,27,low,69,0
S6-dynamic,27,Delay-Greedy,0.23304746111237848,0.3693917138238092,0.6925175954291326,0.0423025615941435,0.9420289855072463,0.057971014492753624,0.05332484694777769,0.9978545430638422,0.0021454569361576818,1.0190496539762663,0.9897621054698895,0.9153752653772769,0.2631150398402843,0.10170444038423314,0.927536231884058,0.0038080000085756183,1,1,0.4674740363609884,0.5620669318826044,0.0021454569361576818,0.1196165466919704,0.01023789453011048,1,27,low,69,0
S6-dynamic,27,Max-SINR,0.2215124536874154,0.35309879842630887,0.7008294714860014,0.0413332244649562,0.9420289855072463,0.057971014492753624,0.07041495553492545,0.9986899708706732,0.0013100291293268198,1.0199444855983368,0.9853774559291689,0.9308875676400312,0.2631150398402843,0.12181763352490084,0.9130434782608695,0.0017977999523282051,1,1,0.4736615931050178,0.45212450748126815,0.0013100291293268198,0.13129196740992283,0.014622544070831078,1,27,low,69,0
S6-dynamic,28,Cold-RFOTO,0.22532313900851425,0.43011669525943946,0.9158644808694913,0.05200834226598043,0.8840579710144928,0.11594202898550725,0.04851966656365178,0.9949485060450087,0.00505149395499128,1.0444265337449434,0.9889236374754946,0.6480463450658329,0.5810698204817297,0.1058320483792396,0.8405797101449275,0.29596809996291995,110,1,0.5369355747986246,0.46704140655978904,0.00505149395499128,0.07344512462086256,0.01107636252450539,1,28,low,69,0
S6-dynamic,28,Warm-RFOTO,0.23882814377134232,0.42515288565928516,1.3270987130495437,0.0477352833382743,0.8840579710144928,0.11594202898550725,0.08060485230408503,0.9944712936003995,0.0055287063996004035,1.0444022434595894,0.9825415373561273,0.6480463450658329,0.2859753058079187,0.1332991988623175,0.8405797101449275,0.3147878999589011,110,1,0.5552046861104343,0.4462327410892378,0.0055287063996004035,0.11747020161538838,0.01745846264387274,1,28,low,69,5
S6-dynamic,28,Standard-ABC,0.23114974082622505,0.4291627793929177,1.3270987130495437,0.04730579348010339,0.8985507246376812,0.10144927536231885,0.0778387622703607,0.9943313280612264,0.005668671938773523,1.0436496630619694,0.9828124577099874,0.6480463450658329,0.2859753058079187,0.1322426561049629,0.855072463768116,0.26151240000035614,110,1,0.5401288401637078,0.4321456996821046,0.005668671938773523,0.11033524040690319,0.017187542290012625,1,28,low,69,0
S6-dynamic,28,Delay-Greedy,0.26645790263293273,0.4571432690051894,1.6380169177855235,0.05467939306158914,0.855072463768116,0.14492753623188406,0.10869156240151187,0.9954988027999113,0.0045011972000888086,1.0442177382487225,0.9763065917746112,0.6078422931225603,0.2859753058079187,0.15578321334494416,0.855072463768116,0.004282300011254847,1,1,0.5848625369815742,0.5459497976931497,0.0045011972000888086,0.13558219223896267,0.02369340822538879,1,28,low,69,0
S6-dynamic,28,Max-SINR,0.21705255193001213,0.3952652305839586,0.9367119876092331,0.043862440732151294,0.9130434782608695,0.08695652173913043,0.04608863914420157,0.9971195905400037,0.0028804094599961944,1.0259808589191608,0.9894423068621331,0.6480463450658329,0.5810698204817297,0.10329737359341866,0.8985507246376812,0.0014964999863877892,1,1,0.5285484771685035,0.4408275921227306,0.0028804094599961944,0.06652623182718966,0.01055769313786692,1,28,low,69,0
S6-dynamic,29,Cold-RFOTO,0.18069860870938262,0.4239514307472557,0.8896010795226198,0.049011628450072335,0.9285714285714286,0.07142857142857142,0.06387439993845728,0.9949612870331084,0.0050387129668915025,1.0426677445369745,0.9855258357193712,0.7819735741913884,0.3499268012707924,0.12118887162546253,0.9107142857142857,0.2696927998913452,110,1,0.35458110915346974,0.5119390359200833,0.0050387129668915025,0.048334435190120345,0.014474164280628754,1,29,low,56,0
S6-dynamic,29,Warm-RFOTO,0.1800768611493879,0.4240765193914645,0.8896010795226198,0.04885012025712559,0.9285714285714286,0.07142857142857142,0.06387439993845728,0.9949094773151013,0.005090522684898661,1.0422476914659768,0.9855037670076716,0.7819735741913884,0.3499268012707924,0.1212825825152732,0.9107142857142857,0.2865026999497786,110,1,0.35457606307543926,0.5077113139811267,0.005090522684898661,0.048334435190120345,0.014496232992328384,1,29,low,56,8
S6-dynamic,29,Standard-ABC,0.18069860870938262,0.4239514307472557,0.8896010795226198,0.049011628450072335,0.9285714285714286,0.07142857142857142,0.06387439993845728,0.9949612870331084,0.0050387129668915025,1.0426677445369745,0.9855258357193712,0.7819735741913884,0.3499268012707924,0.12118887162546253,0.9107142857142857,0.24846859998069704,110,1,0.35458110915346974,0.5119390359200833,0.0050387129668915025,0.048334435190120345,0.014474164280628754,1,29,low,56,0
S6-dynamic,29,Delay-Greedy,0.17850932574443942,0.43276082418373424,1.0334670609566,0.04726201928902831,0.9285714285714286,0.07142857142857142,0.06387439993845728,0.9966654899156795,0.003334510084320605,1.0329849276097383,0.9855706887897372,0.7819735741913884,0.3499268012707924,0.12099820028129628,0.9285714285714286,0.0030777999199926853,1,1,0.3614787191574077,0.4881649230610257,0.003334510084320605,0.048334435190120345,0.014429311210262807,1,29,low,56,0
S6-dynamic,29,Max-SINR,0.16978161002178638,0.4187035579271979,0.8896010795226198,0.04385621764694993,0.9285714285714286,0.07142857142857142,0.06274915251551504,0.9980902657172257,0.0019097342827741812,1.0219494660629724,0.9859614525740555,0.8344115769997102,0.3499268012707924,0.11932491090299013,0.9107142857142857,0.0017697999719530344,1,1,0.36866697514522007,0.4215555282509307,0.0019097342827741812,0.047575232109581,0.014038547425944459,1,29,low,56,0
S6-dynamic,30,Cold-RFOTO,0.27135695384179453,0.7278747178996007,1.437660829470229,0.09692933606239326,0.8161764705882353,0.18382352941176472,0.11068770900491402,0.9977050249595332,0.002294975040466804,1.0192526333740313,0.978100257541371,0.6100913934574572,0.2300760562934454,0.1496331495084344,0.8455882352941176,0.3626486000139266,110,1,0.6048389581615434,0.6512873521685671,0.002294975040466804,0.0748406203969435,0.021899742458629023,1,30,high,136,0
S6-dynamic,30,Warm-RFOTO,0.27282534861276,0.7291418011338587,1.4510115081440558,0.0975708001337724,0.8161764705882353,0.18382352941176472,0.1131477304357818,0.9976952818970143,0.00230471810298562,1.0191526972453728,0.9773874966201441,0.6079385313568754,0.2300760562934454,0.1521041042730679,0.8455882352941176,0.3470882000401616,110,1,0.6055658881962012,0.656496671862118,0.00230471810298562,0.07642622662726586,0.022612503379855875,1,30,high,136,17
S6-dynamic,30,Standard-ABC,0.27282534861276,0.7291418011338587,1.4510115081440558,0.0975708001337724,0.8161764705882353,0.18382352941176472,0.1131477304357818,0.9976952818970143,0.00230471810298562,1.0191526972453728,0.9773874966201441,0.6079385313568754,0.2300760562934454,0.1521041042730679,0.8455882352941176,0.32408439996652305,110,1,0.6055658881962012,0.656496671862118,0.00230471810298562,0.07642622662726586,0.022612503379855875,1,30,high,136,0
S6-dynamic,30,Delay-Greedy,0.29418140055500325,0.7580288100707842,1.455903471638887,0.10556619569460919,0.8308823529411765,0.16911764705882354,0.10725722777620127,0.9972005195073496,0.002799480492650385,1.0268500477939326,0.9790469012232323,0.6512117080186968,0.2300760562934454,0.1462926077688562,0.9632352941176471,0.005933000007644296,1,1,0.6305702211408091,0.7645240548085599,0.002799480492650385,0.07262950453388692,0.020953098776767654,1,30,high,136,0
S6-dynamic,30,Max-SINR,0.30052659489337186,0.7308258813428851,1.6946593410877084,0.09949218157417027,0.8823529411764706,0.11764705882352941,0.13577495604986997,0.9971965029755953,0.0028034970244047016,1.0275260947678126,0.976892425771527,0.6429092128743521,0.11586811404674431,0.1537991046547705,0.9558823529411765,0.001860499964095652,1,1,0.6697359696821683,0.705304147816645,0.0028034970244047016,0.09308057904472455,0.023107574228472982,1,30,high,136,0
S6-dynamic,31,Cold-RFOTO,0.3741659197934236,0.7356375366666764,2.0999389418518013,0.10242363614711487,0.8620689655172413,0.13793103448275862,0.11206794259230508,0.9979926202421169,0.002007379757883155,1.0228346844186158,0.9758172783276344,0.5197543351660063,0.2350725259760294,0.15742305524913924,0.853448275862069,0.31907550001051277,110,1,0.7451779689590209,0.904722307155923,0.002007379757883155,0.19253678911139388,0.02418272167236557,1,31,high,116,0
S6-dynamic,31,Warm-RFOTO,0.366306299435346,0.7130805415503988,1.9388005073619052,0.10114643919524831,0.8620689655172413,0.13793103448275862,0.1212976740216647,0.9982509669318937,0.0017490330681063295,1.0196476648121577,0.9744596949522468,0.5197543351660063,0.2350725259760294,0.16189412901989297,0.8448275862068966,0.38771540008019656,110,1,0.7331470888863371,0.8768085189768323,0.0017490330681063295,0.18926958798581073,0.025540305047753176,1,31,high,116,30
S6-dynamic,31,Standard-ABC,0.3743128331208955,0.734797321361632,2.0999389418518013,0.10247730826765698,0.8448275862068966,0.15517241379310345,0.11536865489902345,0.9980980934385549,0.001901906561445176,1.0209567813679388,0.975433514227559,0.5197543351660063,0.2350725259760294,0.15869844854385293,0.8448275862068966,0.3042264999821782,110,1,0.7448071528807605,0.9023228717139008,0.001901906561445176,0.19478903986186052,0.024566485772441027,1,31,high,116,0
S6-dynamic,31,Delay-Greedy,0.39649953286630873,0.7995533558129534,2.7512708440477036,0.1010356851999255,0.8448275862068966,0.15517241379310345,0.14285696643032147,0.9978113333097236,0.0021886666902763466,1.02635575892611,0.9698543639670846,0.48040802711681374,0.2350725259760294,0.17630270005591459,0.9137931034482759,0.006088499911129475,1,1,0.7963689421128944,0.9022258607172259,0.0021886666902763466,0.2284553579500345,0.030145636032915424,1,31,high,116,0
S6-dynamic,31,Max-SINR,0.36569957223783706,0.7170673632972503,2.1479571542521425,0.10347444413508171,0.8793103448275862,0.1206896551724138,0.1202552469404867,0.9980632812771643,0.0019367187228356785,1.026210466228079,0.9736791740601962,0.4986783769088136,0.2350725259760294,0.16441514358773407,0.9224137931034483,0.0020114999497309327,1,1,0.7681096698132093,0.7927241678769773,0.0019367187228356785,0.20171224786980185,0.026320825939803782,1,31,high,116,0
S6-dynamic,32,Cold-RFOTO,0.3175770356213503,0.7466785313065011,1.747793117028747,0.09604781585876136,0.8344827586206897,0.16551724137931034,0.09540831255491203,0.9978679722929089,0.0021320277070911255,1.029380301505415,0.9791200316742694,0.57188527675686,0.3156870335811864,0.1460316357263875,0.7862068965517242,0.366751000052318,110,1,0.6905745049672901,0.7427280660608943,0.0021320277070911255,0.11986319472046342,0.02087996832573058,1,32,high,145,0
S6-dynamic,32,Warm-RFOTO,0.30371122887679164,0.7409847978263315,1.6189258975875724,0.09533699762614742,0.8413793103448276,0.15862068965517243,0.08826981108225326,0.9980000041805154,0.0019999958194844574,1.028147478093444,0.980829624190662,0.6119654175159032,0.3156870335811864,0.13980365514878404,0.7931034482758621,0.4048470000270754,110,1,0.6646093040000766,0.7282279338847895,0.0019999958194844574,0.10019662903502592,0.019170375809338003,1,32,high,145,37
S6-dynamic,32,Standard-ABC,0.3161843516608653,0.7476857855417549,1.747793117028747,0.09520118071812397,0.8344827586206897,0.16551724137931034,0.0957592406548549,0.997883195272077,0.002116804727923017,1.0290049607251956,0.9790951178173922,0.57188527675686,0.3156870335811864,0.1461205908451591,0.7931034482758621,0.3334577999776229,110,1,0.6919958667328279,0.7306879371720982,0.002116804727923017,0.12009240451547115,0.020904882182607776,1,32,high,145,0
S6-dynamic,32,Delay-Greedy,0.327035281881513,0.7858328490371488,1.735004152765936,0.09682131310484181,0.8068965517241379,0.19310344827586207,0.10828266082920508,0.9972324815894824,0.002767518410517806,1.0270798474733267,0.9774754925610573,0.5811381096883944,0.22863489973835716,0.1518010279926668,0.9241379310344827,0.006508499966003001,1,1,0.698305510493133,0.8013980214838521,0.002767518410517806,0.1132680849508278,0.022524507438942742,1,32,high,145,0
S6-dynamic,32,Max-SINR,0.3251462602616723,0.7286874573551616,1.8247408317372478,0.09156939780328817,0.8482758620689655,0.15172413793103448,0.102881241963792,0.998132830033656,0.0018671699663441342,1.0246640445865889,0.9781130081306498,0.5833503987916848,0.30805878577458035,0.14958860802478768,0.9310344827586207,0.002369199995882809,1,1,0.7376530863622732,0.708407093969943,0.0018671699663441342,0.12326176720776495,0.02188699186935017,1,32,high,145,0
S6-dynamic,33,Cold-RFOTO,0.27084132417140777,0.7358532997143871,1.9472943803637173,0.10080606799635615,0.8695652173913043,0.13043478260869565,0.07775479009600873,0.9968293349241876,0.0031706650758122966,1.024458525379595,0.982791684159441,0.6224974453486959,0.3802082751994232,0.13232394731411765,0.8782608695652174,0.3674842999316752,110,1,0.6061928234787357,0.637513224257404,0.0031706650758122966,0.08180301708746775,0.01720831584055904,1,33,high,115,0
S6-dynamic,33,Warm-RFOTO,0.2679418069656515,0.7343098925389442,1.9472943803637173,0.09565502924746296,0.8695652173913043,0.13043478260869565,0.07992260433275108,0.9968648184227693,0.0031351815772307,1.0226533498201826,0.9823287329424687,0.6224974453486959,0.3802082751994232,0.13412366785021523,0.8695652173913043,0.37122259999159724,110,1,0.6051919875290603,0.6170476116018715,0.0031351815772307,0.08323576787611929,0.017671267057531304,1,33,high,115,38
S6-dynamic,33,Standard-ABC,0.27084132417140777,0.7358532997143871,1.9472943803637173,0.10080606799635615,0.8695652173913043,0.13043478260869565,0.07775479009600873,0.9968293349241876,0.0031706650758122966,1.024458525379595,0.982791684159441,0.6224974453486959,0.3802082751994232,0.13232394731411765,0.8782608695652174,0.3219572000671178,110,1,0.6061928234787357,0.637513224257404,0.0031706650758122966,0.08180301708746775,0.01720831584055904,1,33,high,115,0
S6-dynamic,33,Delay-Greedy,0.28459951851609533,0.7762437920210467,2.1020156950058313,0.10408681928356502,0.8434782608695652,0.1565217391304348,0.09187154901953343,0.9976553876645633,0.0023446123354367776,1.0249501496928366,0.9797784446152207,0.5913951439460574,0.3802082751994232,0.14366247307127944,0.9130434782608695,0.006274900049902499,1,1,0.6365756507607437,0.6598058851771741,0.0023446123354367776,0.09193026909811634,0.02022155538477932,1,33,high,115,0
S6-dynamic,33,Max-SINR,0.2510507903795396,0.6914470886578324,2.024118488395616,0.0941782242245128,0.8869565217391304,0.11304347826086956,0.07067142791710725,0.9972246163085691,0.002775383691430791,1.0281436206244319,0.98388241278207,0.6158756201719698,0.3802082751994232,0.12799070043302851,0.9217391304347826,0.0024150999961420894,1,1,0.6088223157615282,0.505680430722319,0.002775383691430791,0.08008172803933594,0.016117587217929996,1,33,high,115,0
S6-dynamic,34,Cold-RFOTO,0.37236101318336023,0.8583382339322281,2.2842923955404597,0.10332139988260852,0.785234899328859,0.21476510067114093,0.16157107654469932,0.9985011771351583,0.0014988228648418708,1.0235060562194993,0.9679860593930921,0.4612970601201479,0.20950580546417635,0.1818590910250363,0.738255033557047,0.35808369994629174,110,1,0.8230186145180001,0.7558458147532522,0.0014988228648418708,0.19251052670747146,0.032013940606907876,1,34,high,149,0
S6-dynamic,34,Warm-RFOTO,0.37236101318336023,0.8583382339322281,2.2842923955404597,0.10332139988260852,0.785234899328859,0.21476510067114093,0.16157107654469932,0.9985011771351583,0.0014988228648418708,1.0235060562194993,0.9679860593930921,0.4612970601201479,0.20950580546417635,0.1818590910250363,0.738255033557047,0.375943599967286,110,1,0.8230186145180001,0.7558458147532522,0.0014988228648418708,0.19251052670747146,0.032013940606907876,1,34,high,149,42
S6-dynamic,34,Standard-ABC,0.37225268789429017,0.8590684844631069,2.2842923955404597,0.10329204963822301,0.7919463087248322,0.2080536912751678,0.1612773128767815,0.9985023826131316,0.0014976173868685725,1.0236238584080808,0.9679556522364655,0.4612970601201479,0.20950580546417635,0.1819482940819274,0.738255033557047,0.3244866000022739,110,1,0.8234117570829933,0.7547435724937431,0.0014976173868685725,0.19232814843030582,0.032044347763534486,1,34,high,149,0
S6-dynamic,34,Delay-Greedy,0.3770072074191767,0.9097527783638989,2.2478216776337776,0.10777907429168568,0.7449664429530202,0.2550335570469799,0.15820136590818512,0.9986863034615528,0.0013136965384471899,1.02070249495935,0.969758762397932,0.547937382691233,0.20950580546417635,0.17659073899312036,0.8859060402684564,0.007443199981935322,1,1,0.7982638016294243,0.8866952200201642,0.0013136965384471899,0.15855219624318528,0.030241237602067983,1,34,high,149,0
S6-dynamic,34,Max-SINR,0.3706626473996462,0.8521564492016251,2.3841856656694977,0.11158704105127504,0.7785234899328859,0.2214765100671141,0.1617180601452651,0.9980557501839623,0.001944249816037807,1.018557367590474,0.9677747262491148,0.4955675357038008,0.20950580546417635,0.1824782761570023,0.8859060402684564,0.002864800044335425,1,1,0.8193063608828048,0.7874228785461818,0.001944249816037807,0.1699999374847096,0.03222527375088524,1,34,high,149,0
S6-dynamic,35,Cold-RFOTO,0.3812088014869537,0.9066090840827973,2.8189033263797016,0.11507397122444281,0.7535211267605634,0.24647887323943662,0.20047310053116096,0.9977520160816467,0.0022479839183535194,1.025213866048991,0.9607500117192954,0.4751212586539975,0.19853540157222557,0.20212245588625208,0.7394366197183099,0.3647393999854103,110,1,0.769781217798793,0.8845851257879631,0.0022479839183535194,0.19895453257313805,0.039249988280704584,1,35,high,142,0
S6-dynamic,35,Warm-RFOTO,0.37896054275930285,0.8973323396826731,2.704774818588761,0.11348378328607972,0.7605633802816901,0.23943661971830985,0.1934348203872553,0.9977222197484329,0.002277780251566976,1.025826693529933,0.9624207553995604,0.4751212586539975,0.19853540157222557,0.19760208956130057,0.7464788732394366,0.35397380008362234,110,1,0.7673907414182932,0.8819015406654354,0.002277780251566976,0.19494073425813968,0.0375792446004396,1,35,high,142,52
S6-dynamic,35,Standard-ABC,0.38037592059988196,0.9061788381593291,2.8189033263797016,0.11471609652352191,0.7535211267605634,0.24647887323943662,0.19996328388117238,0.9977601269754451,0.0022398730245547205,1.0253079037438337,0.9608867592523926,0.4751212586539975,0.19853540157222557,0.20175569202435648,0.7394366197183099,0.37684139993507415,110,1,0.7690424051417591,0.8808960677147767,0.0022398730245547205,0.19866379376069476,0.03911324074760736,1,35,high,142,0
S6-dynamic,35,Delay-Greedy,0.3997497914898442,0.9108706462664856,2.704774818588761,0.12109585545518932,0.795774647887324,0.20422535211267606,0.1874280252633269,0.9971241874152421,0.002875812584758016,1.022911964070887,0.9637515328895832,0.47733101479605444,0.16463899137794447,0.19393771836611481,0.8873239436619719,0.008380700019188225,1,1,0.7692220032839114,1.0469193565026018,0.002875812584758016,0.1775758184398477,0.03624846711041685,1,35,high,142,0
S6-dynamic,35,Max-SINR,0.37466243875063393,0.8472767588793646,2.5220963711864717,0.10843392647725764,0.8169014084507042,0.18309859154929578,0.17990625171089708,0.9977564714705717,0.002243528529428442,1.0185741517209908,0.9632675199121656,0.4358829692384825,0.19853540157222557,0.19527725768294363,0.8943661971830986,0.0025061999913305044,1,1,0.7814007139438106,0.8744900035005788,0.002243528529428442,0.1687207280821346,0.03673248008783436,1,35,high,142,0
S6-dynamic,36,Cold-RFOTO,0.29736592243420623,0.743582461770173,1.5706798727094808,0.09325941620101118,0.8211382113821138,0.17886178861788618,0.06646082417186563,0.9983932031732992,0.0016067968267008078,1.0221032314937928,0.986537184107793,0.7226322180796134,0.38441210050538543,0.11681839197408514,0.8617886178861789,0.3760321999434382,110,1,0.6239718194659234,0.8216959557223905,0.0016067968267008078,0.06311116984078227,0.013462815892206992,1,36,high,123,0
S6-dynamic,36,Warm-RFOTO,0.2991218719409277,0.743525569570048,1.5706798727094808,0.09372613945994022,0.8292682926829268,0.17073170731707318,0.060822314899170615,0.9980477504048281,0.001952249595171898,1.023773577481148,0.9878106833779655,0.7334211600628291,0.38441210050538543,0.11108433504252777,0.8699186991869918,0.33678000001236796,110,1,0.6217313295494825,0.8434799264264425,0.001952249595171898,0.059792812709004814,0.012189316622034485,1,36,high,123,46
S6-dynamic,36,Standard-ABC,0.2971771675299129,0.7455909315083481,1.5706798727094808,0.09291610653445555,0.8130081300813008,0.18699186991869918,0.07125392447502465,0.9983919276143963,0.0016080723856036724,1.0221324985785594,0.9855361537933216,0.6975428295446933,0.38441210050538543,0.12114503431721284,0.8536585365853658,0.2932802999857813,110,1,0.6274364467257397,0.8089591135416678,0.0016080723856036724,0.06593198963642131,0.014463846206678399,1,36,high,123,0
S6-dynamic,36,Delay-Greedy,0.33243002708181957,0.787991922433993,1.755236288097517,0.10111444772763255,0.7642276422764228,0.23577235772357724,0.08042761746364259,0.9978486855686315,0.00215131443136853,1.02557221231333,0.9838605649607196,0.6677041040365909,0.38441210050538543,0.12807884051741136,0.943089430894309,0.004741000011563301,1,1,0.6462498435418907,1.0028185187671153,0.00215131443136853,0.0703744409564554,0.016139435039280392,1,36,high,123,0
S6-dynamic,36,Max-SINR,0.3153754194126596,0.7230627924112469,1.7680965626074054,0.09542260844209821,0.8211382113821138,0.17886178861788618,0.08746275590727284,0.9977895736135164,0.0022104263864835176,1.024063003288562,0.98233495925874,0.7350141101271942,0.2772255548814795,0.13409961213570082,0.9349593495934959,0.0017058999510481954,1,1,0.70950298208527,0.7603023821655649,0.0022104263864835176,0.08344990071208681,0.017665040741259963,1,36,high,123,0
S6-dynamic,37,Cold-RFOTO,0.37057454999602346,0.8634510000308268,2.4131215333472067,0.09472416794545895,0.824,0.176,0.16478232672580784,0.9976578235204857,0.0023421764795142695,1.026640638852951,0.9644097395511562,0.42946658999853177,0.2238926386307285,0.19210328403621899,0.808,0.36887560004834086,110,1,0.8301564399087361,0.6341009762065604,0.0023421764795142695,0.2484532768985039,0.035590260448843836,1,37,high,125,0
S6-dynamic,37,Warm-RFOTO,0.37057454999602346,0.8634510000308268,2.4131215333472067,0.09472416794545895,0.824,0.176,0.16478232672580784,0.9976578235204857,0.0023421764795142695,1.026640638852951,0.9644097395511562,0.42946658999853177,0.2238926386307285,0.19210328403621899,0.808,0.3473231999669224,110,1,0.8301564399087361,0.6341009762065604,0.0023421764795142695,0.2484532768985039,0.035590260448843836,1,37,high,125,27
S6-dynamic,37,Standard-ABC,0.3704049258544403,0.8642404522593401,2.4131215333472067,0.09467592858070525,0.824,0.176,0.16478232672580784,0.9976634879150075,0.0023365120849924734,1.0266178401687702,0.9644099235815337,0.42946658999853177,0.2238926386307285,0.19210276904235268,0.808,0.3521386000793427,110,1,0.8306888122928073,0.6320905978456269,0.0023365120849924734,0.2484532768985039,0.03559007641846634,1,37,high,125,0
S6-dynamic,37,Delay-Greedy,0.36755492490720887,0.8836130972457433,2.4131215333472067,0.09202569243957176,0.832,0.168,0.16801086342979496,0.9983030408743898,0.0016969591256102215,1.0241262712033774,0.964096766294798,0.42946658999853177,0.2238926386307285,0.19297740849135825,0.872,0.007646900019608438,1,1,0.8259663095616915,0.6182359035184297,0.0016969591256102215,0.2504123404324767,0.03590323370520199,1,37,high,125,0
S6-dynamic,37,Max-SINR,0.32620293792282995,0.7679278658401655,2.367033869864997,0.08371575318858672,0.864,0.136,0.1410225595995948,0.9976402875161032,0.0023597124838967334,1.0163547423590218,0.969798848757116,0.4613090207178299,0.2238926386307285,0.1764700127196125,0.888,0.0023453000467270613,1,1,0.7628620732431173,0.5395227973685671,0.0023597124838967334,0.19822753929421444,0.030201151242884028,1,37,high,125,0
S6-dynamic,38,Cold-RFOTO,0.3014581699166822,0.8324810791281003,2.044348403170618,0.10875133734688547,0.841726618705036,0.15827338129496402,0.11630056162159483,0.996636145717945,0.0033638542820548247,1.0252947872220428,0.9765088581561244,0.5957470787376185,0.21848701000979348,0.1551007757552785,0.7985611510791367,0.3851422999287024,110,1,0.6644540773291518,0.7107796426481311,0.0033638542820548247,0.09812504821672885,0.023491141843875574,1,38,high,139,0
S6-dynamic,38,Warm-RFOTO,0.30170330664154055,0.8278850273911141,2.044348403170618,0.10804693535768205,0.841726618705036,0.15827338129496402,0.11630056162159483,0.9966192977963637,0.0033807022036363077,1.0247591571561057,0.9765077709313897,0.5957470787376185,0.21848701000979348,0.15510445127131287,0.7985611510791367,0.36154120007995516,110,1,0.662584402823852,0.7155064605358434,0.0033807022036363077,0.09812504821672885,0.02349222906861026,1,38,high,139,37
S6-dynamic,38,Standard-ABC,0.3011890387213429,0.8276865289541563,2.044348403170618,0.10781311665210801,0.841726618705036,0.15827338129496402,0.11630056162159483,0.9966149651581877,0.0033850348418122916,1.0247633488249532,0.9765077375411718,0.5957470787376185,0.21848701000979348,0.15510456415038884,0.7985611510791367,0.3421587999910116,110,1,0.6624531802850266,0.7122909017247822,0.0033850348418122916,0.09812504821672885,0.023492262458828184,1,38,high,139,0
S6-dynamic,38,Delay-Greedy,0.3170846110762428,0.8671342142837308,2.1920795683356893,0.11033972786569075,0.8201438848920863,0.17985611510791366,0.11962161692113257,0.9965993866972869,0.003400613302713111,1.0255184076078354,0.9756510803682408,0.5544923606867259,0.21848701000979348,0.1579765347355126,0.9064748201438849,0.007475999998860061,1,1,0.6919150261900443,0.7645640781086751,0.003400613302713111,0.10035512882849575,0.024348919631759225,1,38,high,139,0
S6-dynamic,38,Max-SINR,0.294044030934558,0.8177864681834867,2.189389686040973,0.10545440607747893,0.8848920863309353,0.11510791366906475,0.12133431294912703,0.9977234485442952,0.002276551455704964,1.021606637405818,0.9750747389241928,0.5003181629258211,0.21848701000979348,0.15988249072276328,0.8992805755395683,0.0021503999596461654,1,1,0.6841666008503755,0.6339805364653077,0.002276551455704964,0.09484480319862348,0.02492526107580717,1,38,high,139,0
S6-dynamic,39,Cold-RFOTO,0.3969252270126057,0.9599274196466997,2.959485300188306,0.10159811190271537,0.8068965517241379,0.19310344827586207,0.19302958185888616,0.9982608328673883,0.0017391671326116402,1.0162689010361587,0.9609881942711948,0.4542443602326062,0.171097761757402,0.20148327442606795,0.7724137931034483,0.34822499996516854,110,1,0.8835159460855249,0.6942533481766392,0.0017391671326116402,0.26283453591554173,0.03901180572880525,1,39,high,145,0
S6-dynamic,39,Warm-RFOTO,0.39718588218450585,0.9588091787450118,2.959485300188306,0.10227093661170973,0.8,0.2,0.19138503923563854,0.9981659971245602,0.0018340028754399666,1.0171537139843951,0.9614339748017022,0.4542443602326062,0.171097761757402,0.20028236351833756,0.7793103448275862,0.346814600052312,110,1,0.8834436568292046,0.698205110423623,0.0018340028754399666,0.2617699882353145,0.03856602519829777,1,39,high,145,45
S6-dynamic,39,Standard-ABC,0.396841219105257,0.9603319439822905,2.959485300188306,0.1019941174213853,0.7931034482758621,0.20689655172413793,0.19128614567079968,0.998174778772637,0.0018252212273627913,1.0173439401265023,0.9615556454938435,0.4542443602326062,0.171097761757402,0.19995353001638141,0.7793103448275862,0.3734471999341622,110,1,0.8846179389537387,0.6941902924500978,0.0018252212273627913,0.26170597231164644,0.038444354506156464,1,39,high,145,0
S6-dynamic,39,Delay-Greedy,0.4156392586181792,1.0027306207552322,3.241493184582833,0.10543303149509999,0.7793103448275862,0.2206896551724138,0.2097207231070345,0.997821397243278,0.0021786027567222174,1.0188062077524784,0.9576094393257081,0.4273054415762836,0.171097761757402,0.21039740121991438,0.8689655172413793,0.007723500020802021,1,1,0.9124930855750942,0.7425253041316746,0.0021786027567222174,0.2773715478086647,0.04239056067429192,1,39,high,145,0
S6-dynamic,39,Max-SINR,0.39645900099700626,0.9125008988378678,2.88491231064257,0.09620143772109417,0.8137931034482758,0.18620689655172415,0.19141152503103764,0.9984069235229036,0.001593076477096356,1.0166271244785863,0.9611110655662649,0.4542443602326062,0.171097761757402,0.20115286985471945,0.8758620689655172,0.0027044001035392284,1,1,0.9102767392974795,0.6382557002335157,0.001593076477096356,0.26799802270851797,0.03888893443373509,1,39,high,145,0
S6-dynamic,40,Cold-RFOTO,0.2427414253644601,0.71227325270547,1.7071988434574314,0.091893614565297,0.8620689655172413,0.13793103448275862,0.06903309994165051,0.9986412128251353,0.001358787174864755,1.0237438023031005,0.9850253659896409,0.6848800886265631,0.43603026632921366,0.12329753699424886,0.8620689655172413,0.36303260002750903,110,1,0.5651611628393343,0.5574025583256114,0.001358787174864755,0.061291193477031984,0.014974634010359145,1,40,high,116,0
S6-dynamic,40,Warm-RFOTO,0.2427414253644601,0.71227325270547,1.7071988434574314,0.091893614565297,0.8620689655172413,0.13793103448275862,0.06903309994165051,0.9986412128251353,0.001358787174864755,1.0237438023031005,0.9850253659896409,0.6848800886265631,0.43603026632921366,0.12329753699424886,0.8620689655172413,0.34066149999853224,110,1,0.5651611628393343,0.5574025583256114,0.001358787174864755,0.061291193477031984,0.014974634010359145,1,40,high,116,35
S6-dynamic,40,Standard-ABC,0.2427414253644601,0.71227325270547,1.7071988434574314,0.091893614565297,0.8620689655172413,0.13793103448275862,0.06903309994165051,0.9986412128251353,0.001358787174864755,1.0237438023031005,0.9850253659896409,0.6848800886265631,0.43603026632921366,0.12329753699424886,0.8620689655172413,0.2970347000518814,110,1,0.5651611628393343,0.5574025583256114,0.001358787174864755,0.061291193477031984,0.014974634010359145,1,40,high,116,0
S6-dynamic,40,Delay-Greedy,0.25721613023910006,0.7414637589966522,1.8712211201942095,0.10025262921262389,0.853448275862069,0.14655172413793102,0.06926213472509742,0.9979524339556644,0.0020475660443357055,1.0277564523698293,0.9850629896393992,0.6848800886265631,0.43603026632921366,0.12314019585100457,0.9224137931034483,0.005891500040888786,1,1,0.5869526252619749,0.6154882671720168,0.0020475660443357055,0.06201867633938605,0.0149370103606008,1,40,high,116,0
S6-dynamic,40,Max-SINR,0.259632845201063,0.7387676840391477,2.167158513069129,0.0959237568188718,0.8620689655172413,0.13793103448275862,0.09818373101144245,0.9971539500997683,0.0028460499002317388,1.0244864153399729,0.9785408199224956,0.6124438513421905,0.3251048510777205,0.14808705233674377,0.9051724137931034,0.0017792999278753996,1,1,0.6132120014095114,0.5548089047355459,0.0028460499002317388,0.07728168858672513,0.02145918007750436,1,40,high,116,0
S6-dynamic,41,Cold-RFOTO,0.31217898241601993,0.8478072207732896,1.972841113242593,0.10919346571762116,0.8366013071895425,0.16339869281045752,0.1038651407937076,0.9980094618919356,0.0019905381080643158,1.0252214936950474,0.9778772341035399,0.5658096308075624,0.2575789620432234,0.15041028843704365,0.8169934640522876,0.41217579995281994,110,1,0.6807482775521247,0.7466494870642434,0.0019905381080643158,0.1051118698490815,0.022122765896460117,1,41,high,153,0
S6-dynamic,41,Warm-RFOTO,0.31217898241601993,0.8478072207732896,1.972841113242593,0.10919346571762116,0.8366013071895425,0.16339869281045752,0.1038651407937076,0.9980094618919356,0.0019905381080643158,1.0252214936950474,0.9778772341035399,0.5658096308075624,0.2575789620432234,0.15041028843704365,0.8169934640522876,0.40280579996760935,110,1,0.6807482775521247,0.7466494870642434,0.0019905381080643158,0.1051118698490815,0.022122765896460117,1,41,high,153,42
S6-dynamic,41,Standard-ABC,0.3112086528200154,0.846695358035586,1.972841113242593,0.10952806657091056,0.8366013071895425,0.16339869281045752,0.10294127335120982,0.9979983171080157,0.0020016828919843903,1.0250295357982442,0.9779361334542682,0.5658096308075624,0.2575789620432234,0.15020540633176863,0.8104575163398693,0.33415529993362725,110,1,0.6803878230615086,0.7418029563046847,0.0020016828919843903,0.10452534819471569,0.02206386654573178,1,41,high,153,0
S6-dynamic,41,Delay-Greedy,0.3568169761438704,0.9236629143283177,2.213642959224107,0.12312970621870316,0.738562091503268,0.26143790849673204,0.14260400234974088,0.9973532578767851,0.0026467421232148946,1.0257714195299164,0.9704724915626153,0.49343259187261845,0.2575789620432234,0.17443024320360082,0.9281045751633987,0.0076407999731600285,1,1,0.7323836466979594,0.910521751326987,0.0026467421232148946,0.12873730832032731,0.02952750843738472,1,41,high,153,0
S6-dynamic,41,Max-SINR,0.3132904734784919,0.8245384948043613,2.024283445094111,0.11041900222312617,0.8562091503267973,0.1437908496732026,0.09477613835412797,0.9978067601626763,0.0021932398373235166,1.0230814357826727,0.9798907400564111,0.598289218120954,0.2575789620432234,0.143254811400852,0.934640522875817,0.002697099931538105,1,1,0.7098844320918317,0.730018899543189,0.0021932398373235166,0.0914459742602104,0.02010925994358892,1,41,high,153,0
S6-dynamic,42,Cold-RFOTO,0.34633602998093543,0.5743195350923046,1.897282246191409,0.050912938619774084,0.8297872340425532,0.1702127659574468,0.1506743406905458,0.9974764023035869,0.0025235976964130447,1.0242230581775804,0.9705505680669775,0.5506138865329735,0.2380976759134402,0.17419246979434874,0.8297872340425532,0.2809720999794081,110,1,0.74574619850152,0.6060280356565062,0.0025235976964130447,0.25629256271137413,0.02944943193302252,1,42,low,47,0
S6-dynamic,42,Warm-RFOTO,0.3546219525082204,0.572587781421715,1.897282246191409,0.05040745524553515,0.8085106382978723,0.19148936170212766,0.16507946465288054,0.9974742951010281,0.0025257048989717527,1.0249553265208495,0.9674474086229558,0.5127263217951098,0.2380976759134402,0.18343368914286404,0.8085106382978723,0.27636090002488345,110,1,0.7630843605375408,0.5983495071770687,0.0025257048989717527,0.2748416264436956,0.03255259137704425,1,42,low,47,15
S6-dynamic,42,Standard-ABC,0.3546219525082204,0.572587781421715,1.897282246191409,0.05040745524553515,0.8085106382978723,0.19148936170212766,0.16507946465288054,0.9974742951010281,0.0025257048989717527,1.0249553265208495,0.9674474086229558,0.5127263217951098,0.2380976759134402,0.18343368914286404,0.8085106382978723,0.24968010000884533,110,1,0.7630843605375408,0.5983495071770687,0.0025257048989717527,0.2748416264436956,0.03255259137704425,1,42,low,47,0
S6-dynamic,42,Delay-Greedy,0.35105330485334113,0.5552133617131984,1.8666721182335617,0.050046801950651094,0.8297872340425532,0.1702127659574468,0.163446187560691,0.9964482923920726,0.0035517076079273537,1.0286198849109724,0.967515230294099,0.5127263217951098,0.2380976759134402,0.1832360794667749,0.8297872340425532,0.0038802000926807523,1,1,0.7486099227749918,0.5995644755597016,0.0035517076079273537,0.2735323833926695,0.03248476970590097,1,42,low,47,0
S6-dynamic,42,Max-SINR,0.33211821573954325,0.5391314226220312,1.8666721182335617,0.04422114042021187,0.8297872340425532,0.1702127659574468,0.16309810553777426,0.9943542900789376,0.005645709921062217,1.0416013198766783,0.9679252481347399,0.5491765445179646,0.2380976759134402,0.18203745007130853,0.8297872340425532,0.002105399966239929,1,1,0.7515389230309273,0.4668139211436031,0.005645709921062217,0.2730841681850781,0.0320747518652601,1,42,low,47,0
S6-dynamic,43,Cold-RFOTO,0.34751419062334826,0.5994521265022731,3.5239047348822155,0.044676922768271676,0.8275862068965517,0.1724137931034483,0.24188530287070711,0.9977401675665255,0.002259832433474394,1.0382106837295788,0.9512787521451219,0.3672172437234306,0.21812576471302472,0.2263108122136781,0.7758620689655172,0.2616668000118807,110,1,0.7376488728663085,0.5047103397017488,0.002259832433474394,0.3185410711463288,0.04872124785487808,1,43,low,58,0
S6-dynamic,43,Warm-RFOTO,0.34751419062334826,0.5994521265022731,3.5239047348822155,0.044676922768271676,0.8275862068965517,0.1724137931034483,0.24188530287070711,0.9977401675665255,0.002259832433474394,1.0382106837295788,0.9512787521451219,0.3672172437234306,0.21812576471302472,0.2263108122136781,0.7758620689655172,0.2673130000475794,110,1,0.7376488728663085,0.5047103397017488,0.002259832433474394,0.3185410711463288,0.04872124785487808,1,43,low,58,6
S6-dynamic,43,Standard-ABC,0.34491368617515494,0.598081469014373,3.5239047348822155,0.044069296829981466,0.8275862068965517,0.1724137931034483,0.24188530287070711,0.9974682974162321,0.002531702583767842,1.0400350343824314,0.9512877765744373,0.3672172437234306,0.21812576471302472,0.22628877859252577,0.7758620689655172,0.25539139995817095,110,1,0.7368310472821032,0.48838321691639275,0.002531702583767842,0.3185410711463288,0.048712223425562695,1,43,low,58,0
S6-dynamic,43,Delay-Greedy,0.3522556345227079,0.6105639193662044,3.5239047348822155,0.04472228014636671,0.8275862068965517,0.1724137931034483,0.24188530287070711,0.997308753709349,0.0026912462906508727,1.0445267042839266,0.9513107987472894,0.3672172437234306,0.21812576471302472,0.22623256091457433,0.7758620689655172,0.003504199907183647,1,1,0.7473860040036746,0.5195482419278019,0.0026912462906508727,0.3185410711463288,0.04868920125271059,1,43,low,58,0
S6-dynamic,43,Max-SINR,0.31228450101010996,0.5544928067974856,1.70864117455936,0.041688249197585965,0.8448275862068966,0.15517241379310345,0.20802668189135906,0.9987901366843542,0.0012098633156456674,1.0301996562063274,0.9584745994553298,0.4236758544147509,0.21812576471302472,0.2081453010851099,0.8103448275862069,0.0013559999642893672,1,1,0.6807636501020372,0.4476366172940688,0.0012098633156456674,0.27390925258264276,0.04152540054467024,1,43,low,58,0
S6-dynamic,44,Cold-RFOTO,0.2722076413332683,0.4730910053898061,1.8442416195795148,0.04875920072253042,0.8695652173913043,0.13043478260869565,0.11853600125278534,0.9967624328483353,0.0032375671516647717,1.0425023925121208,0.972895230155243,0.4951458688914618,0.3588648909526881,0.1669128700548018,0.8695652173913043,0.26417149999178946,110,1,0.5640327423173456,0.5389448485479755,0.0032375671516647717,0.1825779982587564,0.02710476984475696,1,44,low,46,0
S6-dynamic,44,Warm-RFOTO,0.27124969764661744,0.46924989628221814,1.8442416195795148,0.0484668423506444,0.8695652173913043,0.13043478260869565,0.11853600125278534,0.9965662395936705,0.0034337604063295504,1.0445537890238041,0.9729021368398528,0.4951458688914618,0.3588648909526881,0.1668910104144634,0.8695652173913043,0.24653139989823103,110,1,0.558701916227503,0.541188583131764,0.0034337604063295504,0.1825779982587564,0.027097863160147173,1,44,low,46,5
S6-dynamic,44,Standard-ABC,0.2721715562898896,0.4704046378415703,1.8442416195795148,0.048784240406245814,0.8695652173913043,0.13043478260869565,0.11853600125278534,0.9966690406142533,0.0033309593857466695,1.0432336916328635,0.9728981124579309,0.4951458688914618,0.3588648909526881,0.16690374788401485,0.8695652173913043,0.2262273000087589,110,1,0.5593945013263223,0.5463130425677348,0.0033309593857466695,0.1825779982587564,0.027101887542069103,1,44,low,46,0
S6-dynamic,44,Delay-Greedy,0.2760443181118222,0.4805066430950524,1.8442416195795148,0.050290261911305124,0.8695652173913043,0.13043478260869565,0.11853600125278534,0.9985029628674524,0.0014970371325475893,1.041247164463774,0.9728848754335145,0.4951458688914618,0.3588648909526881,0.16694563794336217,0.8695652173913043,0.0026434999890625477,1,1,0.5676702208497203,0.5607705814881377,0.0014970371325475893,0.1825779982587564,0.02711512456648546,1,44,low,46,0
S6-dynamic,44,Max-SINR,0.25546296995334306,0.4835502845367259,1.8442416195795148,0.040553232959862164,0.8478260869565217,0.15217391304347827,0.1280497783044413,0.998891182298525,0.0011088177014751978,1.0328350550336967,0.9711672474736884,0.4951458688914618,0.3588648909526881,0.172304269336886,0.8478260869565217,0.0013160998933017254,1,1,0.5794952630322907,0.3927965722112682,0.0011088177014751978,0.18849196777735336,0.028832752526311567,1,44,low,46,0
S6-dynamic,45,Cold-RFOTO,0.37328223227039264,0.5960384386312079,2.9744248102503126,0.05508119250699141,0.8656716417910447,0.13432835820895522,0.22948847537678935,0.9986169139313141,0.0013830860686857539,1.0225602393231226,0.9508852995406589,0.32293881192927026,0.2825674953276716,0.22726977562045933,0.8208955223880597,0.2865044999634847,110,1,0.7915037937855283,0.5605946979733943,0.0013830860686857539,0.33469302738145235,0.049114700459341076,1,45,low,67,0
S6-dynamic,45,Warm-RFOTO,0.3292827319087222,0.5490310306541782,2.856912296035065,0.054773544056990725,0.8805970149253731,0.11940298507462686,0.20110745657989665,0.998609612394366,0.001390387605634044,1.0225523410021176,0.9570792742468387,0.32293881192927026,0.2825674953276716,0.21176762825778095,0.835820895522388,0.30965159996412694,110,1,0.6940879223485343,0.55888498335797,0.001390387605634044,0.2608472697351685,0.042920725753161304,1,45,low,67,7
S6-dynamic,45,Standard-ABC,0.3581212925214257,0.5926737229596998,2.9744248102503126,0.05008155289750655,0.8955223880597015,0.1044776119402985,0.1953876889775833,0.997044633697019,0.0029553663029809273,1.0284203106849856,0.9577382230058658,0.33331726285799224,0.2825674953276716,0.21006343692231105,0.8507462686567164,0.26273720001336187,110,1,0.764616672760786,0.547353705514805,0.0029553663029809273,0.31173491477716836,0.04226177699413425,1,45,low,67,0
S6-dynamic,45,Delay-Greedy,0.3897207116258992,0.6092447950537946,2.9744248102503126,0.06110007177142327,0.8507462686567164,0.14925373134328357,0.22977127144388215,0.9986155924253486,0.0013844075746514354,1.0259520750138817,0.9513644110648578,0.32293881192927026,0.2825674953276716,0.2261016017595,0.8507462686567164,0.004987900028936565,1,1,0.803098443400418,0.6510309026294426,0.0013844075746514354,0.33487698210470684,0.04863558893514219,1,45,low,67,0
S6-dynamic,45,Max-SINR,0.3330559939295828,0.5991579816585347,2.9744248102503126,0.046799024813467,0.8805970149253731,0.11940298507462686,0.21077623363563971,0.9976145450591941,0.0023854549408057145,1.0238768508696359,0.9557737861836393,0.32293881192927026,0.2605110073939698,0.21511085333256685,0.8656716417910447,0.0018500000005587935,1,1,0.7348592737535766,0.458334457480407,0.0023854549408057145,0.29391993523404936,0.044226213816360715,1,45,low,67,0
S6-dynamic,46,Cold-RFOTO,0.24302231422681575,0.5491386175652966,2.132862080389312,0.058947366016541866,0.8235294117647058,0.17647058823529413,0.14006548913044642,0.9961833641299656,0.003816635870034549,1.0484949462607303,0.9709678889778358,0.5236179323134168,0.2692028928055213,0.17291667432290694,0.8382352941176471,0.27916609996464103,110,1,0.5350470183997933,0.46539626865924044,0.003816635870034549,0.13733190200259923,0.029032111022164186,1,46,low,68,0
S6-dynamic,46,Warm-RFOTO,0.24289139588546146,0.5496278459120023,2.132862080389312,0.05905809361960408,0.8235294117647058,0.17647058823529413,0.139875499131694,0.9965528067888938,0.0034471932111061867,1.046255442137784,0.9709633650905315,0.5236179323134168,0.2692028928055213,0.17293054890059062,0.8382352941176471,0.2540949999820441,110,1,0.5352901429508928,0.4647985902407647,0.0034471932111061867,0.13721655093192814,0.029036634909468506,1,46,low,68,2
S6-dynamic,46,Standard-ABC,0.24146767496855065,0.549791494032696,2.132862080389312,0.05847673296934162,0.8235294117647058,0.17647058823529413,0.14006548913044642,0.9963370897497872,0.0036629102502129564,1.048258096335615,0.9709585088364521,0.5236179323134168,0.2692028928055213,0.17294544173871026,0.8382352941176471,0.23335240001324564,110,1,0.53523133379156,0.4549204019695736,0.0036629102502129564,0.13733190200259923,0.029041491163547928,1,46,low,68,0
S6-dynamic,46,Delay-Greedy,0.24145092820695074,0.552907312064624,2.132862080389312,0.058724172309490286,0.8529411764705882,0.14705882352941177,0.13875748362123017,0.996397760414998,0.0036022395850019936,1.0397441150214908,0.9709416352362753,0.5236179323134168,0.2692028928055213,0.1729971797683785,0.8529411764705882,0.003225899999961257,1,1,0.5339838870406425,0.458275432433915,0.0036022395850019936,0.1365377558005751,0.029058364763724698,1,46,low,68,0
S6-dynamic,46,Max-SINR,0.2509022588631872,0.5592712463672628,2.418035607811894,0.056657826285670676,0.8529411764705882,0.14705882352941177,0.16633207331039948,0.9969744007440698,0.0030255992559301116,1.0261665752460167,0.9646883132705437,0.4233227461005231,0.2692028928055213,0.19132235713189916,0.8235294117647058,0.0018478999845683575,1,1,0.5770514728324876,0.3869995891447751,0.0030255992559301116,0.17075031769097815,0.03531168672945628,1,46,low,68,0
S6-dynamic,47,Cold-RFOTO,0.31317009296910064,0.5200603964808125,2.385404854348984,0.051427560485667094,0.8392857142857143,0.16071428571428573,0.17474384632108822,0.997470624181716,0.0025293758182841153,1.0292455109175365,0.9604855615390613,0.4236370089802326,0.3125707316416507,0.20283013836409497,0.8214285714285714,0.26700959994923323,110,1,0.6609457773925684,0.5983773432724683,0.0025293758182841153,0.20697602478916272,0.03951443846093872,1,47,low,56,0
S6-dynamic,47,Warm-RFOTO,0.31294474300472797,0.5200201865134632,2.385404854348984,0.05155103518215635,0.8392857142857143,0.16071428571428573,0.17474384632108822,0.9974952068561297,0.0025047931438703453,1.0289725161359062,0.9604840169270692,0.4236370089802326,0.3125707316416507,0.2028342657161797,0.8214285714285714,0.26889090007171035,110,1,0.6612019554678267,0.5964792790051128,0.0025047931438703453,0.20697602478916272,0.039515983072930805,1,47,low,56,6
S6-dynamic,47,Standard-ABC,0.3124736199097638,0.5430535071781006,2.385404854348984,0.052346695405265965,0.8035714285714286,0.19642857142857142,0.1814849201963248,0.997632914473396,0.0023670855266040174,1.0284558567962134,0.9599867247827754,0.4236370089802326,0.3125707316416507,0.20415942642562157,0.7678571428571429,0.24540030001662672,110,1,0.6800174226551239,0.5547517424819315,0.0023670855266040174,0.21112437794315447,0.04001327521722464,1,47,low,56,0
S6-dynamic,47,Delay-Greedy,0.3118124697777119,0.5205311134460737,2.385404854348984,0.051174014023006066,0.8392857142857143,0.16071428571428573,0.17474384632108822,0.997392649605319,0.0026073503946810344,1.029945378669843,0.9604887705226886,0.4236370089802326,0.3125707316416507,0.20282156342455565,0.8214285714285714,0.0027381000109016895,1,1,0.6599458078545066,0.5908923807750774,0.0026073503946810344,0.20697602478916272,0.03951122947731145,1,47,low,56,0
S6-dynamic,47,Max-SINR,0.29726842911989193,0.5124094226280597,2.385404854348984,0.045827997247224576,0.7857142857142857,0.21428571428571427,0.1827290262349209,0.9970338752378379,0.0029661247621620484,1.0246880810749353,0.959948006263876,0.4236370089802326,0.3125707316416507,0.20426229837330512,0.7857142857142857,0.002100299927406013,1,1,0.6614701035958979,0.48030181050989057,0.0029661247621620484,0.21301843052633151,0.040051993736124,1,47,low,56,0
S6-dynamic,48,Cold-RFOTO,0.22818867620242622,0.47912420792651605,1.8963198996158193,0.06413724640027356,0.8148148148148148,0.18518518518518517,0.10752879100283784,0.997275693287084,0.0027243067129159686,1.042285822985044,0.9773738627012611,0.6272357739915199,0.4123453182375443,0.15215101318013344,0.8148148148148148,0.25420299998950213,110,1,0.4755506278497797,0.570197385027353,0.0027243067129159686,0.0793305181939373,0.022626137298738858,1,48,low,54,0
S6-dynamic,48,Warm-RFOTO,0.2286094827439054,0.47918371562707457,1.8963198996158193,0.06407183552148432,0.8148148148148148,0.18518518518518517,0.10752879100283784,0.9975991009221432,0.002400899077856624,1.0398855916841432,0.9773630195207692,0.6272357739915199,0.4123453182375443,0.15218831087501786,0.8148148148148148,0.25381719996221364,110,1,0.47576002953114727,0.5730741261678556,0.002400899077856624,0.0793305181939373,0.022636980479230795,1,48,low,54,7
S6-dynamic,48,Standard-ABC,0.22722868231886997,0.4844687485421968,1.8963198996158193,0.059943851436676965,0.8148148148148148,0.18518518518518517,0.11621237128841795,0.9978312299423479,0.002168770057652024,1.0338630682292855,0.9752971944351321,0.6088054759023742,0.4123453182375443,0.15914927061382336,0.7962962962962963,0.23002370004542172,110,1,0.47868834977318797,0.5481444687981303,0.002168770057652024,0.08478299883837134,0.024702805564867925,1,48,low,54,0
S6-dynamic,48,Delay-Greedy,0.23288524388795537,0.4952236737418796,1.8963198996158193,0.06541543534604893,0.8148148148148148,0.18518518518518517,0.10850503518878131,0.9978587887562175,0.0021412112437826513,1.0311781930232626,0.9771875946045823,0.6272357739915199,0.4123453182375443,0.1527905759165319,0.8148148148148148,0.002697700052522123,1,1,0.4889306135702533,0.5787774016999904,0.0021412112437826513,0.07994350872929715,0.022812405395417734,1,48,low,54,0
S6-dynamic,48,Max-SINR,0.21903756895695192,0.4527288194705187,1.8963198996158193,0.05751296279377011,0.8333333333333334,0.16666666666666666,0.1052441084179214,0.998166934741001,0.0018330652589989519,1.033297835882474,0.977471373179445,0.6272357739915199,0.4123453182375443,0.15181522827831012,0.8148148148148148,0.0013510999269783497,1,1,0.4919440065736883,0.4855444848256081,0.0018330652589989519,0.07789595005922234,0.02252862682055501,1,48,low,54,0
S6-dynamic,49,Cold-RFOTO,0.19481884527393892,0.3266662857252457,0.992953177230977,0.047239313173861944,0.9148936170212766,0.0851063829787234,0.053857991107111966,0.9987518306878551,0.0012481693121449977,1.024928832963599,0.9876199726950695,0.8372233881703341,0.47610465157267656,0.11196076809072651,0.851063829787234,0.25011010002344847,110,1,0.37093951078509185,0.5868728962171244,0.0012481693121449977,0.047785580747714884,0.012380027304930485,1,49,low,47,0
S6-dynamic,49,Warm-RFOTO,0.19511223098553654,0.3267615409506589,0.992953177230977,0.04733226041047833,0.9148936170212766,0.0851063829787234,0.053857991107111966,0.998751905547534,0.001248094452465918,1.0249179949007818,0.9876199700298127,0.8372233881703341,0.47610465157267656,0.11196078029363925,0.851063829787234,0.24897970003075898,110,1,0.37096767514238727,0.5887819575132649,0.001248094452465918,0.047785580747714884,0.012380029970187278,1,49,low,47,7
S6-dynamic,49,Standard-ABC,0.1866509399482419,0.32368878016216796,0.992953177230977,0.04479332434651162,0.9148936170212766,0.0851063829787234,0.053857991107111966,0.998752020690089,0.001247979309911009,1.02512597496613,0.9876199659063856,0.8372233881703341,0.47610465157267656,0.11196079917279748,0.8297872340425532,0.21111120004206896,110,1,0.37168505834004856,0.5311778613351777,0.001247979309911009,0.047785580747714884,0.012380034093614434,1,49,low,47,0
S6-dynamic,49,Delay-Greedy,0.2033148117281409,0.33655580791348205,0.9988279349500134,0.04901006024946921,0.9148936170212766,0.0851063829787234,0.053857991107111966,0.9982509254029659,0.0017490745970340066,1.0328910677272718,0.987627791277013,0.8372233881703341,0.47610465157267656,0.11192496517419327,0.851063829787234,0.003259300021454692,1,1,0.37965622147447714,0.6283247662982536,0.0017490745970340066,0.047785580747714884,0.012372208722987055,1,49,low,47,0
S6-dynamic,49,Max-SINR,0.19601933754285625,0.3656226677791317,1.5859557404066558,0.04344367928623314,0.8936170212765957,0.10638297872340426,0.11769020531332236,0.9970500544493427,0.002949945550657413,1.0268490151233458,0.9757710279090408,0.5729544789840176,0.24999287097255485,0.15757725662940347,0.851063829787234,0.0031235000351443887,1,1,0.40892854359521774,0.4516511683869698,0.002949945550657413,0.08726076584892395,0.0242289720909592,1,49,low,47,0
S6-dynamic,0,Cold-RFOTO,0.19019770234094743,0.3505700368680224,0.6977936929112615,0.05027118994269142,0.9649122807017544,0.03508771929824561,0.021902401983377524,0.9953295072765455,0.004670492723454385,1.0384794216465745,0.9948780560892259,0.9542835776154235,0.5477926007028936,0.0717517475929516,0.9473684210526315,0.26263330003712326,110,1,0.35216955549352935,0.6352959206938443,0.004670492723454385,0.020634140928725838,0.0051219439107741405,2,0,low,57,0
S6-dynamic,0,Warm-RFOTO,0.1922253632063771,0.3644485240923495,0.7915389929205514,0.05026059390111324,0.9649122807017544,0.03508771929824561,0.021902401983377524,0.9953390338583957,0.004660966141604116,1.0384797339837082,0.9948787336507726,0.9543921833133857,0.5477926007028936,0.07174697712799447,0.9473684210526315,0.2667826000833884,110,1,0.3603437024899715,0.6352034611399854,0.004660966141604116,0.020634140928725838,0.0051212663492273824,2,0,low,57,0
S6-dynamic,0,Standard-ABC,0.192709954220642,0.3509638134890802,0.6977936929112615,0.05166319225554355,0.9649122807017544,0.03508771929824561,0.021902401983377524,0.9954239192255454,0.004576080774454419,1.03844999837143,0.994884307441228,0.9571092592213095,0.5477926007028936,0.0717077222954148,0.9473684210526315,0.2480397999752313,110,1,0.35331717126757617,0.6502637075523987,0.004576080774454419,0.020634140928725838,0.005115692558771978,2,0,low,57,0
S6-dynamic,0,Delay-Greedy,0.21751283092939427,0.38826222464574267,1.0130522202520242,0.05212613367699842,0.9473684210526315,0.05263157894736842,0.053259196282878174,0.9961292299406774,0.0038707700593225156,1.0391750313249035,0.9878010291981035,0.9025283824548687,0.35876533813954575,0.1111288598806219,0.9298245614035088,0.0035140999825671315,1,1,0.40990778748860807,0.6416026870032995,0.0038707700593225156,0.06476592549839341,0.01219897080189647,2,0,low,57,0
S6-dynamic,0,Max-SINR,0.1728015421229287,0.33149553931286585,0.6873144783532439,0.04851873722128965,0.9649122807017544,0.03508771929824561,0.021902401983377524,0.9942601230698818,0.005739876930118247,1.0469409637194034,0.9947915647751028,0.9486540000894527,0.5477926007028936,0.0723581720024438,0.9473684210526315,0.0020040000090375543,1,1,0.3644707161245042,0.4973072479324195,0.005739876930118247,0.020634140928725838,0.005208435224897223,2,0,low,57,0
S6-dynamic,1,Cold-RFOTO,0.19945241128672903,0.43514957876061494,1.1724270595657849,0.060755922907182874,0.8428571428571429,0.15714285714285714,0.06029303665016058,0.9970649112210592,0.002935088778940875,1.0224174192528992,0.9871543258101695,0.7921790774912489,0.45972366998026626,0.11407380418075509,0.8428571428571429,0.276383199961856,110,1,0.4127971079289417,0.5445481427315112,0.002935088778940875,0.04822817604201671,0.012845674189830514,2,1,low,70,0
S6-dynamic,1,Warm-RFOTO,0.19918287038725943,0.4383382212065359,1.1724270595657849,0.06012662140460845,0.8428571428571429,0.15714285714285714,0.05987873210923673,0.9970262728223774,0.002973727177622522,1.0224174192528992,0.9872206455111381,0.7921790774912489,0.45972366998026626,0.11377513096769146,0.8428571428571429,0.2715732000069693,110,1,0.41474297528100984,0.5399395785858305,0.002973727177622522,0.04797816468111439,0.012779354488861916,2,1,low,70,3
S6-dynamic,1,Standard-ABC,0.19945241128672903,0.43514957876061494,1.1724270595657849,0.060755922907182874,0.8428571428571429,0.15714285714285714,0.06029303665016058,0.9970649112210592,0.002935088778940875,1.0224174192528992,0.9871543258101695,0.7921790774912489,0.45972366998026626,0.11407380418075509,0.8428571428571429,0.2690398000413552,110,1,0.4127971079289417,0.5445481427315112,0.002935088778940875,0.04822817604201671,0.012845674189830514,2,1,low,70,0
S6-dynamic,1,Delay-Greedy,0.2001388923141105,0.4414714208370813,1.1724270595657849,0.06071998268254609,0.8428571428571429,0.15714285714285714,0.06029303665016058,0.9971016098677978,0.002898390132202335,1.0206988648863664,0.9871533696012035,0.7921790774912489,0.45972366998026626,0.1140781050775297,0.8428571428571429,0.0038469999562948942,1,1,0.4165012720255559,0.5429990514063827,0.002898390132202335,0.04822817604201671,0.012846630398796521,2,1,low,70,0
S6-dynamic,1,Max-SINR,0.21561555106929917,0.4561835500583564,1.7034947738613329,0.058432294593548824,0.8428571428571429,0.15714285714285714,0.09252536149543462,0.9954799197252218,0.004520080274778113,1.017681210294134,0.980035702081446,0.6255072097432374,0.31194716316146376,0.1427269786711895,0.8285714285714286,0.0015719999792054296,1,1,0.4657290397846004,0.4907423312450468,0.004520080274778113,0.08669312277461329,0.01996429791855403,2,1,low,70,0
S6-dynamic,2,Cold-RFOTO,0.21127710573414551,0.48818795907974016,1.6997198420814617,0.048246494582705496,0.8620689655172413,0.13793103448275862,0.1196493755772057,0.9968460035541953,0.003153996445804805,1.0396219907887483,0.973916984249487,0.5847006885996705,0.32558664864031717,0.1636507243832179,0.8620689655172413,0.27732649992685765,110,1,0.4508203760816358,0.49293433040034396,0.003153996445804805,0.08035444200778831,0.026083015750512972,2,2,low,58,0
S6-dynamic,2,Warm-RFOTO,0.22224755448754488,0.4885436452964468,1.6997198420814617,0.0563047669661655,0.8620689655172413,0.13793103448275862,0.11753394833737915,0.99684636256175,0.0031536374382500573,1.0404370494810775,0.974291026003801,0.5847006885996705,0.32558664864031717,0.1624418853166452,0.8793103448275862,0.26954249991104007,110,1,0.4514861774620306,0.5676076324406234,0.0031536374382500573,0.07899116667545564,0.02570897399619898,2,2,low,58,5
S6-dynamic,2,Standard-ABC,0.22253685806425147,0.48856906030930664,1.6997198420814617,0.05634636691804701,0.8620689655172413,0.13793103448275862,0.11737076549791871,0.9968376156981557,0.003162384301844351,1.040480066656508,0.9743266250765839,0.5847006885996705,0.32558664864031717,0.16232641462115105,0.8793103448275862,0.25069530005566776,110,1,0.45180215694856013,0.5692088975196398,0.003162384301844351,0.07888600440113669,0.025673374923416148,2,2,low,58,0
S6-dynamic,2,Delay-Greedy,0.22962941854129354,0.5000366100332946,1.6997198420814617,0.05958070688937265,0.8620689655172413,0.13793103448275862,0.11905099768829303,0.9958754720047757,0.004124527995224388,1.0448946895258318,0.9740434916975952,0.5847006885996705,0.32558664864031717,0.16324277195112613,0.8793103448275862,0.0027811999898403883,1,1,0.4629523133549222,0.5945383545517157,0.004124527995224388,0.07996882070160016,0.025956508302404813,2,2,low,58,0
S6-dynamic,2,Max-SINR,0.24741649020174503,0.573265405141642,2.8958949806625247,0.0531444433666463,0.8103448275862069,0.1896551724137931,0.16822486830572642,0.9956288975208106,0.004371102479189399,1.0474869133188889,0.9632133512893948,0.412109409593024,0.32558664864031717,0.1954266852031661,0.7931034482758621,0.0013293999945744872,1,1,0.549742987552241,0.45348808377228533,0.004371102479189399,0.1422612517816531,0.03678664871060522,2,2,low,58,0
S6-dynamic,3,Cold-RFOTO,0.24464104716388002,0.4333945287876252,1.6208126329841819,0.0645222621063581,0.9019607843137255,0.09803921568627451,0.06926270683347738,0.9972722656470517,0.002727734352948298,1.0486331763029908,0.9846370183748355,0.7431314607824946,0.39978059452943554,0.12491070968567107,0.9215686274509803,0.26406640000641346,110,1,0.46875735281231573,0.7083608227715392,0.002727734352948298,0.07339036572282338,0.015362981625164474,2,3,low,51,0
S6-dynamic,3,Warm-RFOTO,0.24508817979726844,0.4148113638575265,1.188975318085385,0.06325450888661545,0.9215686274509803,0.0784313725490196,0.04782530034960079,0.9960796286909821,0.003920371309017874,1.0580979164475373,0.9897388072857487,0.8041662026986884,0.39978059452943554,0.10182129646499566,0.9411764705882353,0.2929166000103578,110,1,0.4636164425430926,0.7448589035628643,0.003920371309017874,0.06052792183249742,0.0102611927142513,2,3,low,51,9
S6-dynamic,3,Standard-ABC,0.24643449006636536,0.42942666176653305,1.6208126329841819,0.06386592554301863,0.9019607843137255,0.09803921568627451,0.0666974260661478,0.9965362886748107,0.0034637113251893025,1.0563682586194727,0.9851180401657329,0.7431314607824946,0.39978059452943554,0.12290963470039652,0.9411764705882353,0.2438374999910593,110,1,0.4701609902012753,0.7200427130684147,0.0034637113251893025,0.07185119726242563,0.0148819598342671,2,3,low,51,0
S6-dynamic,3,Delay-Greedy,0.2737587899485757,0.4483374620820479,1.7162678757748857,0.06637741861302064,0.8823529411764706,0.11764705882352941,0.07321143663424948,0.9970317498957735,0.0029682501042265328,1.0474774734064984,0.9838763442452039,0.6995209937935037,0.39978059452943554,0.12801518826424335,0.9411764705882353,0.002787400037050247,1,1,0.49037694667787207,0.8614163599614753,0.0029682501042265328,0.07575960360328664,0.01612365575479613,2,3,low,51,0
S6-dynamic,3,Max-SINR,0.2369206827612578,0.39621094384130806,1.3964363484724904,0.05496315099725178,0.8823529411764706,0.11764705882352941,0.05825641104586795,0.9952203318637746,0.004779668136225534,1.0413163335027806,0.9875956738960153,0.7431314607824946,0.39978059452943554,0.1120719679617998,0.9215686274509803,0.0014612999511882663,1,1,0.48108050485132864,0.6437641600822128,0.004779668136225534,0.06907739997300363,0.012404326103984675,2,3,low,51,0
S6-dynamic,4,Cold-RFOTO,0.24113341992697818,0.46223728050858987,1.6564945505740225,0.055336658466836774,0.8181818181818182,0.18181818181818182,0.1024367620011929,0.9981890996529479,0.0018109003470521067,1.0304013368985219,0.9784902807374084,0.6525066089176043,0.33868877489638977,0.14826516081652885,0.803030303030303,0.26693720009643584,110,1,0.5063514143577307,0.5798123876460943,0.0018109003470521067,0.0959402809273289,0.021509719262591598,2,4,low,66,0
S6-dynamic,4,Warm-RFOTO,0.24113341992697818,0.46223728050858987,1.6564945505740225,0.055336658466836774,0.8181818181818182,0.18181818181818182,0.1024367620011929,0.9981890996529479,0.0018109003470521067,1.0304013368985219,0.9784902807374084,0.6525066089176043,0.33868877489638977,0.14826516081652885,0.803030303030303,0.3184673999203369,110,1,0.5063514143577307,0.5798123876460943,0.0018109003470521067,0.0959402809273289,0.021509719262591598,2,4,low,66,11
S6-dynamic,4,Standard-ABC,0.23898978983199817,0.4592938122680168,1.6564945505740225,0.053674425401451,0.8181818181818182,0.18181818181818182,0.10014308016014047,0.9981209770371088,0.0018790229628911788,1.0307606797325095,0.9790900889840983,0.6525066089176043,0.33868877489638977,0.14613854031438062,0.803030303030303,0.2351436000317335,110,1,0.5068435358554121,0.5673128376299609,0.0018790229628911788,0.09467875591475007,0.020909911015901672,2,4,low,66,0
S6-dynamic,4,Delay-Greedy,0.2604547750694763,0.4755912974070485,1.675597262949596,0.0618078928439131,0.8181818181818182,0.18181818181818182,0.10736606486612055,0.9979228671409054,0.0020771328590945396,1.035149119516809,0.9772692939291208,0.6010825729116309,0.33868877489638977,0.15251035655649656,0.8333333333333334,0.003256700001657009,1,1,0.5175738218113545,0.6838229183895143,0.0020771328590945396,0.09865139750303914,0.022730706070879236,2,4,low,66,0
S6-dynamic,4,Max-SINR,0.25969571831514515,0.45195311418081113,1.5757540493357074,0.054682226410887644,0.8181818181818182,0.18181818181818182,0.12676895832270896,0.99619009206217,0.003809907937829901,1.0438549127882661,0.9720376793263761,0.4896746011559585,0.33868877489638977,0.16960750127655455,0.8181818181818182,0.0015112999826669693,1,1,0.5767990394812711,0.4885123857433977,0.003809907937829901,0.14905108357883257,0.02796232067362392,2,4,low,66,0
S6-dynamic,5,Cold-RFOTO,0.15684859541995547,0.32284361616480356,0.6881799553255692,0.038983653743835646,0.9411764705882353,0.058823529411764705,0.057056061418818874,0.9964860538345515,0.003513946165448512,1.0418217283857936,0.9863443241254289,0.805222146922884,0.42902949171306426,0.11766365237201429,0.9019607843137255,0.2457842999137938,110,1,0.34508935446421823,0.35154525299355677,0.003513946165448512,0.060373312962368135,0.01365567587457106,2,5,low,51,0
S6-dynamic,5,Warm-RFOTO,0.15684859541995547,0.32284361616480356,0.6881799553255692,0.038983653743835646,0.9411764705882353,0.058823529411764705,0.057056061418818874,0.9964860538345515,0.003513946165448512,1.0418217283857936,0.9863443241254289,0.805222146922884,0.42902949171306426,0.11766365237201429,0.9019607843137255,0.2513742999872193,110,1,0.34508935446421823,0.35154525299355677,0.003513946165448512,0.060373312962368135,0.01365567587457106,2,5,low,51,10
S6-dynamic,5,Standard-ABC,0.1566838079889688,0.32125407357557784,0.6881799553255692,0.03896646901734521,0.9411764705882353,0.058823529411764705,0.057056061418818874,0.9964861898253229,0.003513810174677195,1.0416371025276003,0.9863443180946648,0.805222146922884,0.42902949171306426,0.11766367871366003,0.9019607843137255,0.2027828999562189,110,1,0.34508540660315545,0.3504534251790146,0.003513810174677195,0.060373312962368135,0.01365568190533517,2,5,low,51,0
S6-dynamic,5,Delay-Greedy,0.16318790697791008,0.33818704264934124,0.6881799553255692,0.04017813000427472,0.9411764705882353,0.058823529411764705,0.057056061418818874,0.996093425623352,0.003906574376647989,1.0376498732872914,0.986352703940241,0.8090349809165933,0.42902949171306426,0.11762704497283112,0.9215686274509803,0.0025643999688327312,1,1,0.358281285328698,0.37130565413900063,0.003906574376647989,0.060373312962368135,0.013647296059759007,2,5,low,51,0
S6-dynamic,5,Max-SINR,0.16386674870453646,0.320354779991877,0.7300117602663485,0.038287573433025135,0.9411764705882353,0.058823529411764705,0.057056061418818874,0.9970889950013311,0.002911004998668794,1.0196003691118622,0.9862273592824611,0.7800083790846696,0.42902949171306426,0.1181734966269683,0.9019607843137255,0.0013316000113263726,1,1,0.36518408521626067,0.3655286803500979,0.002911004998668794,0.060373312962368135,0.01377264071753892,2,5,low,51,0
S6-dynamic,6,Cold-RFOTO,0.2861743033932258,0.8419827569571005,1.9968036005032086,0.1121539946355185,0.7906976744186046,0.20930232558139536,0.08334742390113778,0.9986301602140629,0.0013698397859371596,1.0309383794668638,0.9828958901601951,0.6094161908532028,0.2997666094258125,0.13191569772221914,0.875968992248062,0.3262125999899581,110,1,0.6475494197007504,0.6869497795623891,0.0013698397859371596,0.0736195884020868,0.017104109839804926,2,6,high,129,0
S6-dynamic,6,Warm-RFOTO,0.31040126109332006,0.8830546988677402,2.137293968227824,0.1186923302644344,0.7829457364341085,0.21705426356589147,0.11139904204686117,0.9986588521433082,0.0013411478566917614,1.0320250119457648,0.9774546589631059,0.5693207405219117,0.2539492452941009,0.15187283294020318,0.8527131782945736,0.36974460002966225,110,1,0.6971247483736871,0.6850375625515279,0.0013411478566917614,0.11885763556118652,0.022545341036894095,2,6,high,129,13
S6-dynamic,6,Standard-ABC,0.31038845439819523,0.8880958092279719,2.13499730496632,0.11741922917582406,0.7674418604651163,0.23255813953488372,0.112968981746281,0.9986555513306734,0.0013444486693265062,1.0323226417722247,0.9773877179179326,0.5693207405219117,0.2539492452941009,0.1521033427666359,0.8449612403100775,0.3306553000584245,110,1,0.7017518530445438,0.6754897126040379,0.0013444486693265062,0.11986520880111268,0.022612282082067447,2,6,high,129,0
S6-dynamic,6,Delay-Greedy,0.32331164669440515,0.9229683065249615,2.2311752454600984,0.1218192227422141,0.7751937984496124,0.2248062015503876,0.11524395935109338,0.9984166375362242,0.0015833624637756935,1.0367550211439611,0.9769267370815512,0.5678605508984679,0.2539492452941009,0.15368217898228603,0.937984496124031,0.007085300050675869,1,1,0.7114658779534828,0.7505149827829521,0.0015833624637756935,0.11636107143227684,0.0230732629184488,2,6,high,129,0
S6-dynamic,6,Max-SINR,0.28256261174790465,0.7731456869343492,1.733120924150914,0.10948060164549563,0.875968992248062,0.12403100775193798,0.08125371000874956,0.9977972078843186,0.0022027921156813294,1.0332565654877672,0.9819617396576034,0.567228892400676,0.2997666094258125,0.13553455744915124,0.9612403100775194,0.0019390999805182219,1,1,0.6666482138974246,0.6303187445037737,0.0022027921156813294,0.07282579649394683,0.01803826034239664,2,6,high,129,0
S6-dynamic,7,Cold-RFOTO,0.31133903560481296,0.7951770852373636,1.8139902039137694,0.10133123200326338,0.8707482993197279,0.1292517006802721,0.09284659802010897,0.9974734436102245,0.0025265563897757582,1.0274127870711434,0.9803583302298945,0.6327652883469561,0.25323041572686766,0.14154573269137305,0.8231292517006803,0.3574320999905467,110,1,0.7105218943564254,0.655873809628937,0.0025265563897757582,0.12750371531158,0.019641669770105508,2,7,high,147,0
S6-dynamic,7,Warm-RFOTO,0.31435669839457714,0.7984149730141544,1.8687187661527842,0.10092055748716092,0.8571428571428571,0.14285714285714285,0.09812314775275391,0.9974859618904697,0.0025140381095302977,1.026643468673912,0.9794296794601791,0.6327652883469561,0.25323041572686766,0.14492186004616403,0.8095238095238095,0.3669297000160441,110,1,0.7175196034733669,0.6536712272388102,0.0025140381095302977,0.1333510309501389,0.020570320539820885,2,7,high,147,47
S6-dynamic,7,Standard-ABC,0.3143433457185787,0.7989199937134471,1.8687187661527842,0.10094071359703555,0.8571428571428571,0.14285714285714285,0.09812314775275391,0.9974889282356046,0.002511071764395234,1.0266434396089517,0.9794299508260568,0.6327652883469561,0.25323041572686766,0.14492088405437506,0.8095238095238095,0.3517427999759093,110,1,0.717633355127835,0.6533968498007646,0.002511071764395234,0.1333510309501389,0.020570049173943228,2,7,high,147,0
S6-dynamic,7,Delay-Greedy,0.32647240593970256,0.8355150173721684,1.9905862565382688,0.10079882116327345,0.8095238095238095,0.19047619047619047,0.10367663487676607,0.9975018029135638,0.0024981970864362195,1.0274061724551018,0.9789145937583513,0.6572157620924505,0.25323041572686766,0.14676367729238993,0.9115646258503401,0.00936049991287291,1,1,0.7538610588361676,0.6548215204463844,0.0024981970864362195,0.1444858512406737,0.021085406241648674,2,7,high,147,0
S6-dynamic,7,Max-SINR,0.3211509791580656,0.7746745151747652,2.092435599897149,0.0998638433938054,0.8571428571428571,0.14285714285714285,0.11218134901857431,0.9968859957491443,0.0031140042508556653,1.0294641235274717,0.9760913908231996,0.5617370345600217,0.25323041572686766,0.15650633278431383,0.9115646258503401,0.002038200036622584,1,1,0.7636823485749328,0.5838739850487102,0.0031140042508556653,0.1537608081213389,0.023908609176800377,2,7,high,147,0
S6-dynamic,8,Cold-RFOTO,0.29480376011336135,0.7577338039187382,2.282174851761655,0.08886203943934509,0.860655737704918,0.13934426229508196,0.13069483212646976,0.9975393480704868,0.002460651929513219,1.0336873660768693,0.971764046275233,0.5248411526890621,0.27051246687684183,0.17045934579182068,0.8278688524590164,0.3337115999311209,110,1,0.6311792947413816,0.6705703900735138,0.002460651929513219,0.12678341788948458,0.02823595372476695,2,8,high,122,0
S6-dynamic,8,Warm-RFOTO,0.31024597989150166,0.7969373860259268,2.4025456825134177,0.08920832194683889,0.8524590163934426,0.14754098360655737,0.15282516019822562,0.9976370181847629,0.0023629818152371583,1.0355495998402313,0.9677888092344668,0.4145646857574908,0.24607400691131628,0.1824370713649972,0.819672131147541,0.3653803000925109,110,1,0.6630269142961135,0.6680780000605773,0.0023629818152371583,0.15589310532203723,0.03221119076553325,2,8,high,122,31
S6-dynamic,8,Standard-ABC,0.31146112595573133,0.7983055444906417,2.4025456825134177,0.09014353894708196,0.8524590163934426,0.14754098360655737,0.15526839212383398,0.9978570254080398,0.002142974591960294,1.0340788694546352,0.9672599907907097,0.4145646857574908,0.24607400691131628,0.18397880197212133,0.819672131147541,0.32257509999908507,110,1,0.6631283848440127,0.6732653378763206,0.002142974591960294,0.15739853105397775,0.03274000920929032,2,8,high,122,0
S6-dynamic,8,Delay-Greedy,0.30129941941072486,0.7802485995270616,2.278096674131306,0.09013510352628964,0.8442622950819673,0.1557377049180328,0.13156336349794423,0.9972690861588869,0.002730913841113149,1.033146185159329,0.9718926931701882,0.5044092144612017,0.27051246687684183,0.17005932807083768,0.8852459016393442,0.005853399983607233,1,1,0.645799845480877,0.6910207557202317,0.002730913841113149,0.12573626355910597,0.028107306829811773,2,8,high,122,0
S6-dynamic,8,Max-SINR,0.27743742092774987,0.7307892371239646,1.8611086157502519,0.0770622610388995,0.8770491803278688,0.12295081967213115,0.11974628184746833,0.9972230577775385,0.002776942222461431,1.0369277819804925,0.9741602994057869,0.5425977172409558,0.27051246687684183,0.16286528564811262,0.8770491803278688,0.0017486999277025461,1,1,0.6568019067486542,0.5347516744592669,0.002776942222461431,0.11437139815228817,0.025839700594213144,2,8,high,122,0
S6-dynamic,9,Cold-RFOTO,0.3175939141651876,0.8487801673799985,1.9061696152122711,0.1042823021544231,0.8145695364238411,0.18543046357615894,0.10229365292058665,0.9982442984201525,0.0017557015798475054,1.0196560385536961,0.9789322026153394,0.5830609204577423,0.2829217483469656,0.14670106237373895,0.8013245033112583,0.4136022999882698,110,1,0.7185128711937867,0.6791534390005909,0.0017557015798475054,0.1303254823719349,0.02106779738466058,2,9,high,151,0
S6-dynamic,9,Warm-RFOTO,0.31746129732139783,0.8503830203160938,1.9075856536594475,0.10487085119717596,0.8145695364238411,0.18543046357615894,0.10036819774078559,0.998211266567356,0.0017887334326440528,1.0198765173140039,0.9792461296759509,0.5830609204577423,0.2829217483469656,0.14558063773682703,0.8013245033112583,0.3991379999788478,110,1,0.7186815938561959,0.6803466830982356,0.0017887334326440528,0.1290722766299092,0.020753870324049073,2,9,high,151,34
S6-dynamic,9,Standard-ABC,0.31662645605399153,0.8485411515468557,1.9061696152122711,0.10358856759473138,0.8145695364238411,0.18543046357615894,0.10129190232842594,0.9982182992231081,0.0017817007768917497,1.0199222362618352,0.9791971739463656,0.5830609204577423,0.2829217483469656,0.14575588311886736,0.8013245033112583,0.33854380005504936,110,1,0.7190558876510169,0.6731156656705357,0.0017817007768917497,0.12967348090893374,0.02080282605363437,2,9,high,151,0
S6-dynamic,9,Delay-Greedy,0.3459159150880952,0.8960435311451993,2.053430614914753,0.10597151826988906,0.7947019867549668,0.2052980132450331,0.11485006767718704,0.9968968118807793,0.00310318811922076,1.0254570346163439,0.9760892181031925,0.5990315577888949,0.2829217483469656,0.15651361815655435,0.9006622516556292,0.008125500055029988,1,1,0.7532394857482774,0.7918286308523954,0.00310318811922076,0.13849797645920497,0.02391078189680751,2,9,high,151,0
S6-dynamic,9,Max-SINR,0.3921349339018195,0.8228037880981041,2.1494681541616427,0.11319860434981907,0.8013245033112583,0.1986754966887417,0.13032714946574933,0.9957189290371042,0.004281070962895856,1.0282887220053485,0.9722347330865055,0.5132011469556514,0.2829217483469656,0.16899169434616204,0.9337748344370861,0.003045500023290515,1,1,0.8212795161339957,0.9266944599030128,0.004281070962895856,0.17115952661306102,0.027765266913494457,2,9,high,151,0
S6-dynamic,10,Cold-RFOTO,0.24341912914683447,0.7841871117810617,1.8414945803793763,0.09747148332110213,0.8083333333333333,0.19166666666666668,0.08518441929587243,0.9972908243211388,0.0027091756788612375,1.018441839541682,0.9825148145761615,0.6884907061380399,0.2955890321282048,0.1334029911362884,0.8083333333333333,0.2989663000917062,110,1,0.5563200496972742,0.5813989658147014,0.0027091756788612375,0.05585863560385078,0.01748518542383848,2,10,high,120,0
S6-dynamic,10,Warm-RFOTO,0.24368668935076315,0.7823952234739375,1.8414945803793763,0.09754583503984164,0.8083333333333333,0.19166666666666668,0.08388796646117509,0.9972902040285945,0.002709795971405482,1.0184715100888158,0.9828197356312387,0.6839815785422187,0.2955890321282048,0.1322141650810529,0.8083333333333333,0.33560340001713485,110,1,0.5559964304767038,0.5854430482174596,0.002709795971405482,0.05500850259749186,0.0171802643687613,2,10,high,120,36
S6-dynamic,10,Standard-ABC,0.25420000731926695,0.786644892776345,1.846124758336897,0.0987653556517225,0.8083333333333333,0.19166666666666668,0.08778640576166069,0.9970864956741466,0.00291350432585334,1.0222438707681767,0.981527344972696,0.6017781931296391,0.2955890321282048,0.13718715769578568,0.8166666666666667,0.30362340004649013,110,1,0.5586346985004412,0.6453101301040116,0.00291350432585334,0.05756485623715455,0.018472655027303997,2,10,high,120,0
S6-dynamic,10,Delay-Greedy,0.2726909795286582,0.8286705953423755,1.900780401253365,0.10431943402253847,0.7583333333333333,0.24166666666666667,0.11034488390391953,0.9963372672895923,0.003662732710407631,1.0225343544074177,0.9768111210755902,0.5822790376516571,0.2955890321282048,0.15407585229603718,0.9,0.0058250000001862645,1,1,0.5891246432668458,0.6873974340070199,0.003662732710407631,0.07235730092060297,0.023188878924409795,2,10,high,120,0
S6-dynamic,10,Max-SINR,0.25616302848135525,0.7171180627714991,1.661539634937588,0.10128997570706806,0.8416666666666667,0.15833333333333333,0.09081209095885905,0.9949772607725796,0.005022739227420328,1.0291101786731727,0.9811620115605796,0.6968410767402323,0.2617942180532357,0.13856287970325282,0.8916666666666667,0.0020483999978750944,1,1,0.5810616790385389,0.6117820046631972,0.005022739227420328,0.061200247643375186,0.018837988439420417,2,10,high,120,0
S6-dynamic,11,Cold-RFOTO,0.3218124028750253,0.8243815231291282,2.9271503840327044,0.09520151573703087,0.8345323741007195,0.16546762589928057,0.1837526101649175,0.9973060554235399,0.002693944576460076,1.0219646565860918,0.9604743264651567,0.40013027337672974,0.2615183443159076,0.20286015795103787,0.8273381294964028,0.3513566000619903,110,1,0.6851398918421507,0.6964839540707763,0.002693944576460076,0.15834878743341058,0.039525673534843264,2,11,high,139,0
S6-dynamic,11,Warm-RFOTO,0.3218124028750253,0.8243815231291282,2.9271503840327044,0.09520151573703087,0.8345323741007195,0.16546762589928057,0.1837526101649175,0.9973060554235399,0.002693944576460076,1.0219646565860918,0.9604743264651567,0.40013027337672974,0.2615183443159076,0.20286015795103787,0.8273381294964028,0.35440119996201247,110,1,0.6851398918421507,0.6964839540707763,0.002693944576460076,0.15834878743341058,0.039525673534843264,2,11,high,139,27
S6-dynamic,11,Standard-ABC,0.32049831974038584,0.8275383486564368,2.9271503840327044,0.09470237096705557,0.8273381294964028,0.17266187050359713,0.18497853628079833,0.9972977573447219,0.002702242655278118,1.0220841612714848,0.9603986879511964,0.40013027337672974,0.2615183443159076,0.20306216323785947,0.8201438848920863,0.321979200001806,110,1,0.6878455193256994,0.6817001511627251,0.002702242655278118,0.1592050875847042,0.03960131204880357,2,11,high,139,0
S6-dynamic,11,Delay-Greedy,0.34616903194702,0.8645561111626356,2.9271503840327044,0.09791950551251626,0.8129496402877698,0.18705035971223022,0.18409772845841346,0.996473076995825,0.0035269230041749984,1.0250296337421123,0.9603362809988786,0.41192029936387514,0.2615183443159076,0.20322870418069988,0.8992805755395683,0.006689500063657761,1,1,0.7169280317752676,0.8047403725990139,0.0035269230041749984,0.15828410264939113,0.03966371900112142,2,11,high,139,0
S6-dynamic,11,Max-SINR,0.32439276913171133,0.8342615722851736,2.9271503840327044,0.08967977314715209,0.8345323741007195,0.16546762589928057,0.19539273357092135,0.9974415732789286,0.0025584267210715032,1.0244674910489224,0.9579382477729541,0.3924983563826799,0.2615183443159076,0.20954385214882257,0.8633093525179856,0.0018488999921828508,1,1,0.7255374492674278,0.6239421420013523,0.0025584267210715032,0.17038454934552139,0.04206175222704589,2,11,high,139,0
S6-dynamic,12,Cold-RFOTO,0.38223529809421125,0.8481714325582329,2.3751213312795594,0.09276630606394425,0.8151260504201681,0.18487394957983194,0.1734614628606479,0.9977958596820213,0.0022041403179786476,1.0286667761177462,0.9642659350647799,0.4759692288352737,0.1988546996543371,0.19250534785756848,0.8319327731092437,0.35419520002324134,110,1,0.8463428632279192,0.6218750085813336,0.0022041403179786476,0.2862695727846108,0.03573406493522013,2,12,high,119,0
S6-dynamic,12,Warm-RFOTO,0.3676636020521862,0.8344766315484871,2.3751213312795594,0.09245368700629633,0.8235294117647058,0.17647058823529413,0.16429140249618823,0.9977480672466149,0.002251932753385219,1.0281671031598598,0.966384316381143,0.484216842865638,0.1988546996543371,0.18650738686041496,0.8403361344537815,0.38277380005456507,110,1,0.8120559620283891,0.6199442901969534,0.002251932753385219,0.2646609156881614,0.03361568361885703,2,12,high,119,24
S6-dynamic,12,Standard-ABC,0.3819001656924447,0.8477027497945694,2.3751213312795594,0.09261382921972729,0.8151260504201681,0.18487394957983194,0.17328417527410214,0.9977665401519585,0.0022334598480415204,1.0288305125460124,0.9642937742005566,0.47627228763352575,0.1988546996543371,0.19242756847133696,0.8319327731092437,0.31639429996721447,110,1,0.8461476151658248,0.6201290219304476,0.0022334598480415204,0.28616513108758634,0.03570622579944338,2,12,high,119,0
S6-dynamic,12,Delay-Greedy,0.39277640199980346,0.8691278242209536,2.3751213312795594,0.09506789084967733,0.7815126050420168,0.2184873949579832,0.18608857011127472,0.9980457377148727,0.0019542622851273,1.0276353506314317,0.9617368898833074,0.4370479703586278,0.1988546996543371,0.19946283910356802,0.865546218487395,0.006466699996963143,1,1,0.8618561065397741,0.6514827551664492,0.0019542622851273,0.2938385724614528,0.03826311011669259,2,12,high,119,0
S6-dynamic,12,Max-SINR,0.33056963452313354,0.7320968541311259,2.3293821416767213,0.08198730306500197,0.8319327731092437,0.16806722689075632,0.13992274655994225,0.9970015861566126,0.002998413843387479,1.0309181682919841,0.9717279346036988,0.4991682516132806,0.1988546996543371,0.17057148266365701,0.8739495798319328,0.0017535000806674361,1,1,0.7769155706659416,0.5033233363241504,0.002998413843387479,0.22400699531961157,0.028272065396301227,2,12,high,119,0
S6-dynamic,13,Cold-RFOTO,0.2953052769743848,0.7373286310163771,1.6022638385635035,0.10744764793057543,0.8034188034188035,0.19658119658119658,0.09995522803928623,0.9993139762764164,0.0006860237235836706,1.0179804808051987,0.9794811305196626,0.6233769865326565,0.29788230918338326,0.14473670369431763,0.7521367521367521,0.3172442000359297,110,1,0.6293511257298431,0.7559077217242504,0.0006860237235836706,0.08546520846607654,0.02051886948033743,2,13,high,117,0
S6-dynamic,13,Warm-RFOTO,0.29476175781499186,0.7387099160022383,1.6014861621004455,0.10761753710300437,0.8034188034188035,0.19658119658119658,0.09830453607142828,0.9993159731881088,0.0006840268118911403,1.0186637758240975,0.9799211454517291,0.6322648556628797,0.29788230918338326,0.14314424828135716,0.7521367521367521,0.34773699997458607,110,1,0.6291570662697493,0.7546438603470629,0.0006840268118911403,0.08450911460350534,0.020078854548270852,2,13,high,117,28
S6-dynamic,13,Standard-ABC,0.29491904584900774,0.7348664914972741,1.6022638385635035,0.1072120966251263,0.8034188034188035,0.19658119658119658,0.09995522803928623,0.9993137963600569,0.0006862036399431499,1.0180349568260245,0.9794811441029898,0.6233769865326565,0.29788230918338326,0.14473665478344486,0.7521367521367521,0.2900991999777034,110,1,0.6286081503503147,0.7545709135491319,0.0006862036399431499,0.08546520846607654,0.02051885589701019,2,13,high,117,0
S6-dynamic,13,Delay-Greedy,0.36947197026077194,0.8172358448801781,1.8107432258334621,0.12390701485947161,0.7777777777777778,0.2222222222222222,0.14277851668460387,0.9983622017259526,0.001637798274047372,1.0321120767749665,0.9700989034221584,0.5288463499889473,0.26412101461957943,0.17556403391497588,0.905982905982906,0.004934699973091483,1,1,0.680951034287958,1.1135987713831554,0.001637798274047372,0.10952668735929372,0.02990109657784157,2,13,high,117,0
S6-dynamic,13,Max-SINR,0.30759947603189786,0.6839316654636441,1.5816875865935383,0.09829711772801339,0.8376068376068376,0.1623931623931624,0.0934509454019534,0.9982179380916764,0.001782061908323697,1.0260185182364023,0.9802467346157905,0.6233769865326565,0.29788230918338326,0.14195534421463332,0.8888888888888888,0.0016814999980852008,1,1,0.6764944477863359,0.7564561079895051,0.001782061908323697,0.08675218279036788,0.019753265384209517,2,13,high,117,0
S6-dynamic,14,Cold-RFOTO,0.24879746626657273,0.5339620779920067,1.3958253407207826,0.06057188255276111,0.8472222222222222,0.1527777777777778,0.1043156641659484,0.9960422679139431,0.003957732086056959,1.022771720185779,0.9766987162382177,0.5438295318416413,0.3678093926316871,0.15445771862276414,0.875,0.2931389999575913,110,1,0.515242478106035,0.6030617385979518,0.003957732086056959,0.10096338787557019,0.02330128376178231,2,14,low,72,0
S6-dynamic,14,Warm-RFOTO,0.24879746626657273,0.5339620779920067,1.3958253407207826,0.06057188255276111,0.8472222222222222,0.1527777777777778,0.1043156641659484,0.9960422679139431,0.003957732086056959,1.022771720185779,0.9766987162382177,0.5438295318416413,0.3678093926316871,0.15445771862276414,0.875,0.30260010005440563,110,1,0.515242478106035,0.6030617385979518,0.003957732086056959,0.10096338787557019,0.02330128376178231,2,14,low,72,15
S6-dynamic,14,Standard-ABC,0.24815138820943333,0.5364539804278468,1.2787980724661205,0.06074028886103471,0.8611111111111112,0.1388888888888889,0.1013955003159457,0.9959047054453044,0.004095294554695482,1.0235711317535379,0.9772642995692394,0.5438295318416413,0.3678093926316871,0.1525275000688804,0.875,0.26352589996531606,110,1,0.5203955699596637,0.5955192659866344,0.004095294554695482,0.0979807673838763,0.022735700430760564,2,14,low,72,0
S6-dynamic,14,Delay-Greedy,0.25504751580199,0.5484177760174527,1.5209158840714707,0.0624042543860788,0.8472222222222222,0.1527777777777778,0.1069143338224865,0.9967098990613061,0.0032901009386936703,1.0239270807133358,0.9762076370855595,0.5438295318416413,0.3678093926316871,0.15611609781937782,0.875,0.004170199972577393,1,1,0.5252203052440365,0.6251767632116074,0.0032901009386936703,0.10295620153733957,0.023792362914440535,2,14,low,72,0
S6-dynamic,14,Max-SINR,0.24396407319010446,0.5394588165281361,1.7000693975055166,0.05374235805265918,0.8472222222222222,0.1527777777777778,0.13319387744700512,0.9981862949328728,0.0018137050671271746,1.0181649954055414,0.9696523448563972,0.4517981456689918,0.3678093926316871,0.1769108805475726,0.8611111111111112,0.00197350000962615,1,1,0.5553885464597856,0.4584618102736613,0.0018137050671271746,0.12573110299657209,0.030347655143602825,2,14,low,72,0
S6-dynamic,15,Cold-RFOTO,0.14780293212792983,0.31895023469416417,0.9617841679527477,0.0414500301556767,0.9622641509433962,0.03773584905660377,0.011476421373058812,0.9974737027064309,0.0025262972935690695,1.0390809439350501,0.9979340148306548,0.9541712699324115,0.7546071697468256,0.045500135170730274,0.9622641509433962,0.24659259989857674,110,1,0.29662720953071076,0.4689894063075762,0.0025262972935690695,0.009930246260000452,0.002065985169345197,2,15,low,53,0
S6-dynamic,15,Warm-RFOTO,0.15010199672925484,0.3203583035266312,0.9608581319229685,0.04187776595604881,0.9622641509433962,0.03773584905660377,0.011476421373058812,0.9975296232350757,0.0024703767649243737,1.0385231238603219,0.9979336038679617,0.9541712699324115,0.7546071697468256,0.04550466972498638,0.9622641509433962,0.2663899000035599,110,1,0.29728907762145074,0.48328753990734274,0.0024703767649243737,0.009930246260000452,0.002066396132038295,2,15,low,53,9
S6-dynamic,15,Standard-ABC,0.14998519804689162,0.3209280125455156,0.9617841679527477,0.041684150357677904,0.9622641509433962,0.03773584905660377,0.011476421373058812,0.9975118566255473,0.0024881433744525843,1.038336479730169,0.9979336483990318,0.9541712699324115,0.7546071697468256,0.045504178391684205,0.9622641509433962,0.25669720000587404,110,1,0.29751116624367135,0.4821150900395862,0.0024881433744525843,0.009930246260000452,0.0020663516009682414,2,15,low,53,0
S6-dynamic,15,Delay-Greedy,0.1736426662255983,0.3959935638932431,1.1177780242451558,0.048916538613146765,0.9433962264150944,0.05660377358490566,0.039530394519295194,0.9981308420017134,0.001869157998286652,1.0291023068120178,0.9912892459950631,0.8716708146258303,0.40211341534339495,0.09374058884042201,0.9433962264150944,0.003723600064404309,1,1,0.3396071885444897,0.5374896426436658,0.001869157998286652,0.025747911970112457,0.008710754004936927,2,15,low,53,0
S6-dynamic,15,Max-SINR,0.14954865606507087,0.3166105255052765,0.7440971178727819,0.036893071025692115,0.9433962264150944,0.05660377358490566,0.030456504903999,0.9981774415397923,0.001822558460207802,1.0345331153201738,0.9933368568231578,0.8855527907503732,0.4852203535844546,0.08190139476798293,0.9622641509433962,0.00143440009560436,1,1,0.32667586648494323,0.4100264694041002,0.001822558460207802,0.02004694345860853,0.0066631431768422456,2,15,low,53,0
S6-dynamic,16,Cold-RFOTO,0.20349106901525202,0.3245756210805351,0.6741023336436085,0.04187044200711766,0.9464285714285714,0.05357142857142857,0.02496452901094251,0.9949929648889742,0.005007035111025862,1.0456235783796408,0.9944834411219224,0.8839691754597371,0.5682627699924925,0.07447925961936705,0.9107142857142857,0.2968648999230936,110,1,0.3980984133097365,0.6043075517511962,0.005007035111025862,0.045965768284886785,0.00551655887807756,2,16,low,56,0
S6-dynamic,16,Warm-RFOTO,0.17336390802768734,0.2968027762228534,0.614511539082557,0.04413461688626507,0.9821428571428571,0.017857142857142856,0.0035207652062263788,0.9928868441586053,0.007113155841394737,1.0556886914127448,0.999158181418527,0.9409368352235675,0.8353082445770659,0.029026330065323708,0.9464285714285714,0.28486010001506656,110,1,0.3164676017871264,0.6138797980954412,0.007113155841394737,0.0024645356443584654,0.0008418185814730306,2,16,low,56,5
S6-dynamic,16,Standard-ABC,0.1958317131746028,0.31457178560146676,0.6209904668156533,0.04387875089448883,0.9642857142857143,0.03571428571428571,0.017087716623953534,0.9938759669191451,0.0061240330808547865,1.045454110949712,0.9959775951573201,0.918954464454545,0.5682627699924925,0.06355037315159175,0.9107142857142857,0.24564589990768582,110,1,0.39314148799776827,0.5707011595272611,0.0061240330808547865,0.0404519996139945,0.004022404842679905,2,16,low,56,0
S6-dynamic,16,Delay-Greedy,0.21506070180884218,0.32917526357557847,0.6780319395568745,0.04737500524142546,0.9642857142857143,0.03571428571428571,0.017087716623953534,0.9965887042877422,0.0034112957122578486,1.0399555861478365,0.9961858005749642,0.9535432777154096,0.5682627699924925,0.061877324151646325,0.9285714285714286,0.0036001999396830797,1,1,0.4061320278872733,0.6810687058487886,0.0034112957122578486,0.0404519996139945,0.0038141994250358024,2,16,low,56,0
S6-dynamic,16,Max-SINR,0.18806143506885573,0.3516386498443804,0.7877488918510454,0.052620488086135106,0.9642857142857143,0.03571428571428571,0.03605463036097658,0.9970891299057393,0.002910870094260754,1.0413384884197714,0.9920106683548505,0.9542906321870734,0.35437161433500786,0.08974227056799158,0.9285714285714286,0.0014053999911993742,1,1,0.3703193551011966,0.5826097480984073,0.002910870094260754,0.025238241252683608,0.007989331645149478,2,16,low,56,0
S6-dynamic,17,Cold-RFOTO,0.3104352750925715,0.6734694500609053,1.7653644164718714,0.06647341496641543,0.8333333333333334,0.16666666666666666,0.17843394968756496,0.9968998473843995,0.003100152615600492,1.0464763478433226,0.9653395130597328,0.47295571712140005,0.23008882498416175,0.18948606995925346,0.8484848484848485,0.3289112999336794,110,1,0.6543898101907126,0.6775763851611545,0.003100152615600492,0.1575290448262398,0.03466048694026724,2,17,low,66,0
S6-dynamic,17,Warm-RFOTO,0.32696431168772155,0.6201745873649638,1.1961465085055925,0.052031958308301485,0.9090909090909091,0.09090909090909091,0.1695631645564795,0.996997559015793,0.0030024409842070963,1.0436030524041815,0.9682850565419463,0.5376704338600997,0.23008882498416175,0.18097990503655834,0.8787878787878788,0.30933249997906387,110,1,0.6840973503220487,0.5974614048141701,0.0030024409842070963,0.24385213467813754,0.0317149434580537,2,17,low,66,3
S6-dynamic,17,Standard-ABC,0.32696431168772155,0.6201745873649638,1.1961465085055925,0.052031958308301485,0.9090909090909091,0.09090909090909091,0.1695631645564795,0.996997559015793,0.0030024409842070963,1.0436030524041815,0.9682850565419463,0.5376704338600997,0.23008882498416175,0.18097990503655834,0.8787878787878788,0.27054050005972385,110,1,0.6840973503220487,0.5974614048141701,0.0030024409842070963,0.24385213467813754,0.0317149434580537,2,17,low,66,0
S6-dynamic,17,Delay-Greedy,0.3486849125086174,0.6348295717863208,1.225643249813595,0.053890485266213,0.9090909090909091,0.09090909090909091,0.1695631645564795,0.9968616023404318,0.003138397659568277,1.0445172768736475,0.9683020100545803,0.5376704338600997,0.23008882498416175,0.18092994241348073,0.8787878787878788,0.004400599980726838,1,1,0.6981360354563714,0.7187032796750902,0.003138397659568277,0.24385213467813754,0.031697989945419724,2,17,low,66,0
S6-dynamic,17,Max-SINR,0.2810670191909056,0.5323710721042263,1.2318347967801677,0.056408455721546485,0.9090909090909091,0.09090909090909091,0.14437635868465076,0.9945818217245375,0.005418178275462561,1.057249788077414,0.9719425048880601,0.5376704338600997,0.23008882498416175,0.1699042178996863,0.9090909090909091,0.0015382999554276466,1,1,0.5707742639932201,0.6636838701185535,0.005418178275462561,0.1341144510117363,0.02805749511193989,2,17,low,66,0
S6-dynamic,18,Cold-RFOTO,0.24284203969678503,0.3841605513039972,1.4754630601665881,0.04962699045766812,0.86,0.14,0.05604809280305654,0.996295403075856,0.0037045969241440904,1.0445375361830957,0.9890836511825846,0.6952029993881208,0.6045676402677803,0.1050563216151154,0.84,0.2763974000699818,110,1,0.4792371059058252,0.7011878875308732,0.0037045969241440904,0.06190483353302642,0.010916348817415433,2,18,low,50,0
S6-dynamic,18,Warm-RFOTO,0.24284203969678503,0.3841605513039972,1.4754630601665881,0.04962699045766812,0.86,0.14,0.05604809280305654,0.996295403075856,0.0037045969241440904,1.0445375361830957,0.9890836511825846,0.6952029993881208,0.6045676402677803,0.1050563216151154,0.84,0.2686741999350488,110,1,0.4792371059058252,0.7011878875308732,0.0037045969241440904,0.06190483353302642,0.010916348817415433,2,18,low,50,8
S6-dynamic,18,Standard-ABC,0.2411485775939081,0.3839437671466014,1.4754630601665881,0.048301607397741045,0.84,0.16,0.06907709924955283,0.9962892056105727,0.003710794389427423,1.044385760582698,0.986323162359312,0.6408199615138387,0.6045676402677803,0.11775605010630222,0.82,0.2525819999864325,110,1,0.4954065264511774,0.6370792785660445,0.003710794389427423,0.07576547868887354,0.013676837640688055,2,18,low,50,0
S6-dynamic,18,Delay-Greedy,0.24796342682158307,0.3976864323635356,1.4754630601665881,0.0501431723477774,0.84,0.16,0.056168571089514154,0.9960068715249286,0.003993128475071499,1.0422959494591042,0.9890947971178693,0.6952029993881208,0.6045676402677803,0.10500208338455533,0.84,0.004393200040794909,1,1,0.48810731118360884,0.720066423109062,0.003993128475071499,0.06196891772795068,0.010905202882130705,2,18,low,50,0
S6-dynamic,18,Max-SINR,0.24647745641771918,0.39896052196130627,1.5468985687333074,0.04657972635167364,0.82,0.18,0.10006682586485943,0.9984353823049016,0.0015646176950983649,1.0214833372704084,0.9793386310175101,0.6204250195481539,0.3825771961417719,0.14524898419248145,0.8,0.001765000051818788,1,1,0.5472885568500353,0.5348615694311497,0.0015646176950983649,0.104055811616579,0.020661368982489936,2,18,low,50,0
S6-dynamic,19,Cold-RFOTO,0.2458514916952666,0.4990880803252444,2.00592192913535,0.03766821745939812,0.8518518518518519,0.14814814814814814,0.2359418667358634,0.996486169506776,0.003513830493223914,1.0465466291533723,0.950012245702132,0.33776607986712753,0.276311442939896,0.22938616016936658,0.7962962962962963,0.282207699958235,110,1,0.49698926944721744,0.4937077917804717,0.003513830493223914,0.15738830529226613,0.04998775429786795,2,19,low,54,0
S6-dynamic,19,Warm-RFOTO,0.24681234691553144,0.5006975007662077,2.00592192913535,0.03817486284098366,0.8518518518518519,0.14814814814814814,0.2359418667358634,0.9964910526061185,0.003508947393881457,1.0459259767249833,0.9500118396659444,0.33776607986712753,0.276311442939896,0.22938714080661424,0.7962962962962963,0.2871755000669509,110,1,0.4978064622603609,0.4987576099899338,0.003508947393881457,0.15738830529226613,0.04998816033405562,2,19,low,54,4
S6-dynamic,19,Standard-ABC,0.23561078522203718,0.4900309383080642,2.00592192913535,0.038423598971231536,0.8703703703703703,0.12962962962962962,0.20086556185905208,0.9945439800275054,0.005456019972494604,1.0606947470558317,0.9575628035403123,0.37578001095977687,0.276311442939896,0.2105182294894298,0.8148148148148148,0.24485639994964004,110,1,0.47675413246015097,0.49959303613181627,0.005456019972494604,0.13610605289509972,0.04243719645968769,2,19,low,54,0
S6-dynamic,19,Delay-Greedy,0.2589529330921489,0.5102965268727678,2.00592192913535,0.04035157652521279,0.8333333333333334,0.16666666666666666,0.2366847098273761,0.9949484288230871,0.005051571176912813,1.0492880696913536,0.9499448676690286,0.33776607986712753,0.276311442939896,0.22954884218430013,0.8148148148148148,0.003397500026039779,1,1,0.5093901324798028,0.5575137407842532,0.005051571176912813,0.15783901907812778,0.050055132330971364,2,19,low,54,0
S6-dynamic,19,Max-SINR,0.25297719049093365,0.5835042593081478,3.2257566964880824,0.04656229809493427,0.8333333333333334,0.16666666666666666,0.2579830456503057,0.9975033285846775,0.0024966714153224962,1.0376138257041838,0.9464592160128669,0.3099503761321015,0.276311442939896,0.2378435677609387,0.7777777777777778,0.002305599977262318,1,1,0.5264463736166802,0.46763162660697344,0.0024966714153224962,0.17076160485833225,0.053540783987133134,2,19,low,54,0
S6-dynamic,20,Cold-RFOTO,0.22544084379587306,0.49827737766078667,1.9347036150521235,0.05255948415591245,0.8478260869565217,0.15217391304347827,0.13947940615778948,0.998339285631283,0.0016607143687168908,1.0403459878957029,0.9695356860374209,0.5161688287719854,0.2939542644449566,0.1772612476676015,0.8043478260869565,0.23956379992887378,110,1,0.4804041768421653,0.4791916862137878,0.0016607143687168908,0.11423702674053321,0.030464313962579093,2,20,low,46,0
S6-dynamic,20,Warm-RFOTO,0.22544084379587306,0.49827737766078667,1.9347036150521235,0.05255948415591245,0.8478260869565217,0.15217391304347827,0.13947940615778948,0.998339285631283,0.0016607143687168908,1.0403459878957029,0.9695356860374209,0.5161688287719854,0.2939542644449566,0.1772612476676015,0.8043478260869565,0.24116129998583347,110,1,0.4804041768421653,0.4791916862137878,0.0016607143687168908,0.11423702674053321,0.030464313962579093,2,20,low,46,3
S6-dynamic,20,Standard-ABC,0.22345455628979666,0.4943565673709082,1.9347036150521235,0.05159298018565949,0.8478260869565217,0.15217391304347827,0.13947940615778948,0.9983558325593889,0.001644167440611162,1.0402478725907247,0.9695357354754321,0.5161688287719854,0.2939542644449566,0.1772610993168473,0.8043478260869565,0.23085359996184707,110,1,0.47862300574272587,0.46894050001449655,0.001644167440611162,0.11423702674053321,0.030464264524567852,2,20,low,46,0
S6-dynamic,20,Delay-Greedy,0.23266761091884464,0.5134899728251169,1.9347036150521235,0.05495158136209355,0.8478260869565217,0.15217391304347827,0.13947940615778948,0.9983393517845316,0.001660648215468316,1.0400818092093749,0.9695356813185291,0.5161688287719854,0.2939542644449566,0.17726126182777693,0.8043478260869565,0.0029434000607579947,1,1,0.49253478762979797,0.5071525325396502,0.001660648215468316,0.11423702674053321,0.030464318681470925,2,20,low,46,0
S6-dynamic,20,Max-SINR,0.23921733953969737,0.5245929732078729,2.078115218206319,0.047684361705924334,0.8260869565217391,0.17391304347826086,0.1692518407057718,0.9989639640475755,0.0010360359524246058,1.0338963155758907,0.9626597600612412,0.43871874769547015,0.2939542644449566,0.19694825760481316,0.782608695652174,0.0017089000903069973,1,1,0.527819663824985,0.4296068169938232,0.0010360359524246058,0.1480526314123156,0.03734023993875879,2,20,low,46,0
S6-dynamic,21,Cold-RFOTO,0.2292286988009303,0.5526446614335483,2.780373003016836,0.054063101025690244,0.859375,0.140625,0.13333773178173586,0.9991020346617379,0.0008979653382621654,1.0206954534388895,0.9712117497044799,0.4774444231559599,0.2689941529131505,0.17216730091825877,0.8125,0.2658124000299722,110,1,0.49550064584088643,0.47399810602409354,0.0008979653382621654,0.11902396330045684,0.028788250295520124,2,21,low,64,0
S6-dynamic,21,Warm-RFOTO,0.2295360564344227,0.5526233193571195,2.780373003016836,0.05420985215448805,0.859375,0.140625,0.13333773178173586,0.9988035899732608,0.0011964100267392794,1.0231627383612882,0.971223500550964,0.4774444231559599,0.2689941529131505,0.1721311182147314,0.8125,0.26288349996320903,110,1,0.49542336472070847,0.4757897833761874,0.0011964100267392794,0.11902396330045684,0.02877649944903604,2,21,low,64,5
S6-dynamic,21,Standard-ABC,0.2295360564344227,0.5526233193571195,2.780373003016836,0.05420985215448805,0.859375,0.140625,0.13333773178173586,0.9988035899732608,0.0011964100267392794,1.0231627383612882,0.971223500550964,0.4774444231559599,0.2689941529131505,0.1721311182147314,0.8125,0.2410453000338748,110,1,0.49542336472070847,0.4757897833761874,0.0011964100267392794,0.11902396330045684,0.02877649944903604,2,21,low,64,0
S6-dynamic,21,Delay-Greedy,0.22681801482267222,0.5492219499911699,2.780373003016836,0.05281919070366077,0.859375,0.140625,0.13333773178173586,0.9991906935195599,0.0008093064804400724,1.0189198570029112,0.9712102001860521,0.4774444231559599,0.2689941529131505,0.17217207162695436,0.8125,0.0030744000105187297,1,1,0.4914385653779031,0.4648136758993469,0.0008093064804400724,0.11902396330045684,0.028789799813947914,2,21,low,64,0
S6-dynamic,21,Max-SINR,0.21897138533197355,0.5341308972499963,2.780373003016836,0.05057989858286557,0.859375,0.140625,0.13584164551096797,0.9992981064624824,0.0007018935375176609,1.016860780756412,0.9705032917288925,0.4774444231559599,0.2689941529131505,0.17433647884673728,0.796875,0.0018310999730601907,1,1,0.49202306944373,0.4081236274412384,0.0007018935375176609,0.12072875562674254,0.029496708271107508,2,21,low,64,0
S6-dynamic,22,Cold-RFOTO,0.29933526279585854,0.6132523278847715,2.209901359100374,0.08598376790393768,0.8888888888888888,0.1111111111111111,0.1658708824997103,0.9973283883391029,0.0026716116608972245,1.0427144960313521,0.9676577850069742,0.5682444024203914,0.21298557140093285,0.18282011693610783,0.873015873015873,0.3155464999144897,110,1,0.5912742505867573,0.6809340734530317,0.0026716116608972245,0.17596373820032468,0.03234221499302581,2,22,low,63,0
S6-dynamic,22,Warm-RFOTO,0.2957262202089663,0.6000104657100105,2.2445472592302886,0.0856223787438657,0.8888888888888888,0.1111111111111111,0.14986410647557669,0.9964881539529923,0.003511846047007681,1.048190936787483,0.9707533909164434,0.5564066304879847,0.21298557140093285,0.1735734525146876,0.873015873015873,0.3017912999494001,110,1,0.584656602669292,0.6855860800797634,0.003511846047007681,0.16653918783097502,0.029246609083556585,2,22,low,63,9
S6-dynamic,22,Standard-ABC,0.2993946518160689,0.5998941997657549,2.209901359100374,0.08750812321410181,0.9047619047619048,0.09523809523809523,0.1570272591107082,0.9967448319251423,0.0032551680748577412,1.0453274411237687,0.9695177462009551,0.5686499391969037,0.21298557140093285,0.17731507330587717,0.8888888888888888,0.27014499995857477,110,1,0.582757911472015,0.7052841067716165,0.0032551680748577412,0.17075674498997767,0.0304822537990449,2,22,low,63,0
S6-dynamic,22,Delay-Greedy,0.3000342901432347,0.6078679430109973,2.209901359100374,0.08869310989782826,0.9047619047619048,0.09523809523809523,0.1570272591107082,0.9970720937518,0.0029279062481998947,1.0426199037770434,0.9695190035960685,0.5686499391969037,0.21298557140093285,0.17731130115854443,0.9047619047619048,0.003920800052583218,1,1,0.5877418634750516,0.701679382111651,0.0029279062481998947,0.17075674498997767,0.030480996403931537,2,22,low,63,0
S6-dynamic,22,Max-SINR,0.24633369070180045,0.5198520084660476,1.843457060735454,0.05677358393914443,0.9047619047619048,0.09523809523809523,0.13830165228295074,0.996702205735535,0.003297794264464985,1.0318143856019555,0.9730809573103867,0.6155805106311323,0.21298557140093285,0.16632415232741157,0.9047619047619048,0.0013928000116720796,1,1,0.5256706329137961,0.4983113830301599,0.003297794264464985,0.1418876390499696,0.026919042689613315,2,22,low,63,0
S6-dynamic,23,Cold-RFOTO,0.253818960009484,0.4864249714242655,1.4156797597741495,0.047370438786180226,0.864406779661017,0.13559322033898305,0.1463552575335547,0.9963445212307405,0.0036554787692596475,1.0307475205436896,0.9679961721576638,0.4663296617266201,0.2892112126679306,0.18182941555698073,0.8135593220338984,0.27823669998906553,110,1,0.5543538026479489,0.4597272668430785,0.0036554787692596475,0.16295899756333043,0.03200382784233624,2,23,low,59,0
S6-dynamic,23,Warm-RFOTO,0.253818960009484,0.4864249714242655,1.4156797597741495,0.047370438786180226,0.864406779661017,0.13559322033898305,0.1463552575335547,0.9963445212307405,0.0036554787692596475,1.0307475205436896,0.9679961721576638,0.4663296617266201,0.2892112126679306,0.18182941555698073,0.8135593220338984,0.2914359999122098,110,1,0.5543538026479489,0.4597272668430785,0.0036554787692596475,0.16295899756333043,0.03200382784233624,2,23,low,59,9
S6-dynamic,23,Standard-ABC,0.253818960009484,0.4864249714242655,1.4156797597741495,0.047370438786180226,0.864406779661017,0.13559322033898305,0.1463552575335547,0.9963445212307405,0.0036554787692596475,1.0307475205436896,0.9679961721576638,0.4663296617266201,0.2892112126679306,0.18182941555698073,0.8135593220338984,0.2498989999294281,110,1,0.5543538026479489,0.4597272668430785,0.0036554787692596475,0.16295899756333043,0.03200382784233624,2,23,low,59,0
S6-dynamic,23,Delay-Greedy,0.2644254791960169,0.5065599829290459,1.4156797597741495,0.049103805196981834,0.864406779661017,0.13559322033898305,0.1463552575335547,0.9982271305979533,0.0017728694020468006,1.0305916866228249,0.9679837290594437,0.4663296617266201,0.2892112126679306,0.18186592868925647,0.8135593220338984,0.004688499961048365,1,1,0.5743381806318606,0.4996278008381756,0.0017728694020468006,0.16295899756333043,0.03201627094055626,2,23,low,59,0
S6-dynamic,23,Max-SINR,0.23483806029200974,0.43155604686694937,1.4156797597741495,0.03810236843842271,0.8813559322033898,0.11864406779661017,0.1440863832033051,0.9953990309264608,0.004600969073539223,1.0370603992134346,0.9680811197293532,0.4663296617266201,0.2892112126679306,0.18157997364041745,0.8305084745762712,0.00140330009162426,1,1,0.5399346666002882,0.35863837817131783,0.004600969073539223,0.16140244424374062,0.03191888027064682,2,23,low,59,0
S6-dynamic,24,Cold-RFOTO,0.2387300630235565,0.5359804437998409,2.091407444382829,0.05214065754787139,0.8888888888888888,0.1111111111111111,0.16617509761927726,0.99769612662301,0.0023038733769899836,1.044439778359208,0.9639892169797856,0.41597831172609195,0.27765085376349874,0.19327700820093818,0.8888888888888888,0.2951751999789849,110,1,0.5188545585218627,0.456103512222852,0.0023038733769899836,0.1389540177249316,0.03601078302021443,2,24,low,72,0
S6-dynamic,24,Warm-RFOTO,0.23848168831335614,0.5357763860990674,2.091407444382829,0.051650847412874276,0.8888888888888888,0.1111111111111111,0.16617509761927726,0.9976961812734275,0.0023038187265724632,1.044435230689304,0.9639892137256311,0.41597831172609195,0.27765085376349874,0.19327701726000818,0.8888888888888888,0.30093799997121096,110,1,0.5187907898374731,0.45455403157523416,0.0023038187265724632,0.1389540177249316,0.03601078627436893,2,24,low,72,7
S6-dynamic,24,Standard-ABC,0.2387300630235565,0.5359804437998409,2.091407444382829,0.05214065754787139,0.8888888888888888,0.1111111111111111,0.16617509761927726,0.99769612662301,0.0023038733769899836,1.044439778359208,0.9639892169797856,0.41597831172609195,0.27765085376349874,0.19327700820093818,0.8888888888888888,0.2621361999772489,110,1,0.5188545585218627,0.456103512222852,0.0023038733769899836,0.1389540177249316,0.03601078302021443,2,24,low,72,0
S6-dynamic,24,Delay-Greedy,0.239520067630155,0.5417694061249253,2.091407444382829,0.05256090145074458,0.8888888888888888,0.1111111111111111,0.16786336909363603,0.997807442972806,0.002192557027194103,1.042315554826319,0.9635445645661869,0.41597831172609195,0.27765085376349874,0.1945114816618086,0.9027777777777778,0.004037600010633469,1,1,0.5191867272516331,0.45900847953427604,0.002192557027194103,0.13986114866637805,0.03645543543381313,2,24,low,72,0
S6-dynamic,24,Max-SINR,0.2254838990719267,0.4848968179027222,2.091407444382829,0.04633480801417437,0.875,0.125,0.16776694609755508,0.9978684138328345,0.0021315861671653436,1.0302526327379702,0.963567786402985,0.39875441928958716,0.27765085376349874,0.19444717750529913,0.875,0.0018397000385448337,1,1,0.5215223344773651,0.3617322090384183,0.0021315861671653436,0.1398093392953495,0.036432213597014984,2,24,low,72,0
S6-dynamic,25,Cold-RFOTO,0.3001466657014482,0.7640207628240743,1.7909457555371293,0.08603195608101484,0.8547008547008547,0.1452991452991453,0.12492487211371765,0.9975386566929094,0.0024613433070904784,1.0337157560819745,0.9762789352321437,0.5940433189751444,0.19023854039477997,0.1558763149858875,0.8290598290598291,0.322262299945578,110,1,0.6416312388188778,0.6970344238707673,0.0024613433070904784,0.12453305615806835,0.023721064767856292,2,25,high,117,0
S6-dynamic,25,Warm-RFOTO,0.29877386029194436,0.7668243364667128,1.7909457555371293,0.08610337884674357,0.8632478632478633,0.13675213675213677,0.12472722688618848,0.9975869945343905,0.0024130054656094553,1.0323097295404862,0.9762212260989555,0.5940433189751444,0.19023854039477997,0.15607042231700605,0.8290598290598291,0.3426214000210166,110,1,0.6418449719364714,0.687749428723997,0.0024130054656094553,0.12440314328379355,0.023778773901044548,2,25,high,117,18
S6-dynamic,25,Standard-ABC,0.3001397253417503,0.7639853490810474,1.7909457555371293,0.08600862319051907,0.8547008547008547,0.1452991452991453,0.12492487211371765,0.9975454327240979,0.0024545672759020616,1.0336916520728658,0.9762791684226129,0.5940433189751444,0.19023854039477997,0.15587553019523262,0.8290598290598291,0.294448500033468,110,1,0.6417114456340198,0.6968637446795986,0.0024545672759020616,0.12453305615806835,0.023720831577387136,2,25,high,117,0
S6-dynamic,25,Delay-Greedy,0.32468219478493254,0.8086012447817699,1.8301843570492846,0.09593431561627053,0.8461538461538461,0.15384615384615385,0.1257803538656747,0.9971185530644284,0.002881446935571631,1.0294775105828597,0.9747046977775902,0.5455652500670719,0.20893201351350463,0.1610954991007696,0.9230769230769231,0.005412400001659989,1,1,0.6663184787046951,0.8163876572597597,0.002881446935571631,0.1250953671972761,0.025295302222409832,2,25,high,117,0
S6-dynamic,25,Max-SINR,0.30427456741077796,0.7632401656841348,1.8301843570492846,0.08466993311424618,0.8632478632478633,0.13675213675213677,0.13265144334587708,0.9975335441574613,0.0024664558425386354,1.0247948608452067,0.9740966871701892,0.5450254308563012,0.19023854039477997,0.16307095780856684,0.905982905982906,0.0021111000096425414,1,1,0.6855564104083341,0.6421680513858335,0.0024664558425386354,0.12872587603136043,0.025903312829810843,2,25,high,117,0
S6-dynamic,26,Cold-RFOTO,0.24137965924181326,0.5988748745952475,2.6093377921063348,0.09417926353200827,0.8367346938775511,0.16326530612244897,0.1811045528803613,0.9950216298123838,0.004978370187616132,1.0457270073179081,0.9588737453567581,0.44747038446976833,0.33448440046547034,0.20709941225087855,0.8163265306122449,0.2738267999375239,110,1,0.5329392021057003,0.3816597197481971,0.004978370187616132,0.17492515407659642,0.04112625464324193,2,26,low,49,0
S6-dynamic,26,Warm-RFOTO,0.24143105279588992,0.5987840092827369,2.6093377921063348,0.0943567212473465,0.8367346938775511,0.16326530612244897,0.1811045528803613,0.995111930444152,0.004888069555847989,1.0451312412781049,0.958865864537121,0.44747038446976833,0.33448440046547034,0.20712010515970675,0.8163265306122449,0.26947820000350475,110,1,0.53298864550434,0.3820324578003626,0.004888069555847989,0.17492515407659642,0.04113413546287903,2,26,low,49,16
S6-dynamic,26,Standard-ABC,0.24143105279588992,0.5987840092827369,2.6093377921063348,0.0943567212473465,0.8367346938775511,0.16326530612244897,0.1811045528803613,0.995111930444152,0.004888069555847989,1.0451312412781049,0.958865864537121,0.44747038446976833,0.33448440046547034,0.20712010515970675,0.8163265306122449,0.26365249999798834,110,1,0.53298864550434,0.3820324578003626,0.004888069555847989,0.17492515407659642,0.04113413546287903,2,26,low,49,0
S6-dynamic,26,Delay-Greedy,0.2257142938525643,0.5829091602894914,2.337146212556153,0.10202159524492216,0.7959183673469388,0.20408163265306123,0.1711446363252896,0.997133658560566,0.0028663414394339676,1.0513445652418132,0.9615883730375451,0.5092367397997354,0.3803453823088446,0.1998650007496537,0.8367346938775511,0.0032624000450596213,1,1,0.49226339587071194,0.41039574181016925,0.0028663414394339676,0.1390162851244237,0.038411626962454926,2,26,low,49,0
S6-dynamic,26,Max-SINR,0.21529609706434882,0.5609998280525227,2.6093377921063348,0.090086166243076,0.8367346938775511,0.16326530612244897,0.17019704449044862,0.9966504186526194,0.0033495813473806623,1.0328041021413454,0.9607170730316494,0.44747038446976833,0.3803453823088446,0.20221071529479961,0.8163265306122449,0.0013383000623434782,1,1,0.4900790029017376,0.34418767751201035,0.0033495813473806623,0.13834335758953664,0.03928292696835056,2,26,low,49,0
S6-dynamic,27,Cold-RFOTO,0.31377931566925943,0.6155704882823224,2.361339692819889,0.07549481385719571,0.803030303030303,0.19696969696969696,0.18309611630256237,0.9961885513848993,0.003811448615100624,1.0391707455267292,0.9592346984420769,0.4109156173232734,0.33768762352806597,0.20614978661451155,0.7878787878787878,0.27210269996430725,110,1,0.6933019378724091,0.579480169107179,0.003811448615100624,0.18661888351348693,0.04076530155792313,2,27,low,66,0
S6-dynamic,27,Warm-RFOTO,0.31345537068275536,0.6156995016327713,2.361339692819889,0.07550287586958901,0.803030303030303,0.19696969696969696,0.18309611630256237,0.9962303706531067,0.0037696293468933053,1.0394695007442,0.9592353340951641,0.4109156173232734,0.33768762352806597,0.20614811105833722,0.7878787878787878,0.27341649995651096,110,1,0.6931196723760763,0.5776807063684034,0.0037696293468933053,0.18661888351348693,0.04076466590483585,2,27,low,66,8
S6-dynamic,27,Standard-ABC,0.3110819633612719,0.616448662174518,2.361339692819889,0.071266051701615,0.803030303030303,0.19696969696969696,0.18791639483015996,0.996383541055762,0.003616458944237859,1.0346693227311825,0.9580689610421176,0.4109156173232734,0.33768762352806597,0.2092037314376271,0.7727272727272727,0.25157349999062717,110,1,0.696208181011165,0.5443455212304035,0.003616458944237859,0.19346056916556098,0.041931038957882416,2,27,low,66,0
S6-dynamic,27,Delay-Greedy,0.3292402532963106,0.6353965520726536,2.361339692819889,0.07966818418157659,0.803030303030303,0.19696969696969696,0.18463283222738003,0.9957949758056504,0.004205024194349696,1.0401070885913992,0.9588993573127416,0.4109156173232734,0.33768762352806597,0.2070321502223647,0.7878787878787878,0.0037047999212518334,1,1,0.7145155170087923,0.6427017708525272,0.004205024194349696,0.1888000286970991,0.04110064268725844,2,27,low,66,0
S6-dynamic,27,Max-SINR,0.2925874689491783,0.6173142153602205,2.361339692819889,0.06476616263140934,0.7878787878787878,0.21212121212121213,0.19291883387556757,0.9959086655833205,0.004091334416679474,1.0283878899416008,0.9574239538759403,0.4109156173232734,0.33768762352806597,0.21087763357529996,0.7727272727272727,0.0020589999621734023,1,1,0.6813272588812269,0.4708215840205178,0.004091334416679474,0.17771097129539615,0.04257604612405974,2,27,low,66,0
S6-dynamic,28,Cold-RFOTO,0.3088465233892108,0.7942972817247561,1.963581824872679,0.10719865820625538,0.8222222222222222,0.17777777777777778,0.11178322741212636,0.9975142814320823,0.002485718567917795,1.0340266602822334,0.9762162257014926,0.6227482652318425,0.2786328702832713,0.1560872311000143,0.8148148148148148,0.344763100030832,110,1,0.6529189228321983,0.762085458755639,0.002485718567917795,0.10895705603782274,0.02378377429850742,2,28,high,135,0
S6-dynamic,28,Warm-RFOTO,0.309668724968005,0.7945245975305116,1.963581824872679,0.10761472986179502,0.8222222222222222,0.17777777777777778,0.11318986058953598,0.9977295708107737,0.00227042918922639,1.030651031932373,0.9759265783178737,0.6160596195370722,0.2786328702832713,0.1570580998038948,0.8074074074074075,0.34572169999592006,110,1,0.6538630206018698,0.762962075424869,0.00227042918922639,0.110774237654572,0.02407342168212634,2,28,high,135,18
S6-dynamic,28,Standard-ABC,0.309668724968005,0.7945245975305116,1.963581824872679,0.10761472986179502,0.8222222222222222,0.17777777777777778,0.11318986058953598,0.9977295708107737,0.00227042918922639,1.030651031932373,0.9759265783178737,0.6160596195370722,0.2786328702832713,0.1570580998038948,0.8074074074074075,0.33293520007282495,110,1,0.6538630206018698,0.762962075424869,0.00227042918922639,0.110774237654572,0.02407342168212634,2,28,high,135,0
S6-dynamic,28,Delay-Greedy,0.3364769161326299,0.8483672655425712,2.2028858828223763,0.11563588131185285,0.7777777777777778,0.2222222222222222,0.139519954456368,0.997618611862653,0.0023813881373471986,1.02823062430345,0.9703826205065617,0.5405201039844957,0.2786328702832713,0.1747035822523056,0.9111111111111111,0.00609069992788136,1,1,0.6863557434657411,0.8539211251757155,0.0023813881373471986,0.12752370775340835,0.029617379493438345,2,28,high,135,0
S6-dynamic,28,Max-SINR,0.322959493103356,0.8071923754193825,1.906078882008006,0.11217734951465543,0.7851851851851852,0.21481481481481482,0.1315476830758384,0.9973478981717516,0.0026521018282483397,1.0302801449102732,0.9730343855406692,0.5534592296140054,0.2786328702832713,0.16647194991611303,0.9037037037037037,0.0025791999651119113,1,1,0.7114526132267992,0.7304707822027277,0.0026521018282483397,0.12380183972679111,0.026965614459330767,2,28,high,135,0
S6-dynamic,29,Cold-RFOTO,0.4344580647586986,1.086449149172809,3.7091425198498875,0.1083320505291408,0.7410071942446043,0.2589928057553957,0.2837722166832157,0.9982513253675406,0.0017486746324594806,1.0177959757740773,0.945839672708954,0.3333385447345376,0.1668341967301988,0.2392940372254531,0.697841726618705,0.388962599914521,110,1,0.9602004239444735,0.6311193028102202,0.0017486746324594806,0.3650651173235936,0.05416032729104603,2,29,high,139,0
S6-dynamic,29,Warm-RFOTO,0.4344580647586986,1.086449149172809,3.7091425198498875,0.1083320505291408,0.7410071942446043,0.2589928057553957,0.2837722166832157,0.9982513253675406,0.0017486746324594806,1.0177959757740773,0.945839672708954,0.3333385447345376,0.1668341967301988,0.2392940372254531,0.697841726618705,0.41409670002758503,110,1,0.9602004239444735,0.6311193028102202,0.0017486746324594806,0.3650651173235936,0.05416032729104603,2,29,high,139,40
S6-dynamic,29,Standard-ABC,0.4340715425233417,1.085787048687744,3.7091425198498875,0.10813465285587191,0.7410071942446043,0.2589928057553957,0.2837722166832157,0.9982517000588699,0.0017482999411301812,1.0179706426074913,0.945839643590392,0.3333385447345376,0.1668341967301988,0.23929410523548084,0.697841726618705,0.3911621000152081,110,1,0.9597326214014932,0.629322629282685,0.0017482999411301812,0.3650651173235936,0.054160356409608035,2,29,high,139,0
S6-dynamic,29,Delay-Greedy,0.45708823261242026,1.1380705462001786,3.5434184686240626,0.12813605708163425,0.6474820143884892,0.35251798561151076,0.29471146243702534,0.996271159951558,0.0037288400484419997,1.034904797249346,0.9423179261715237,0.3680119795042891,0.20759391580951517,0.24741253923369905,0.8705035971223022,0.006616999977268279,1,1,0.9092569799618038,0.9972109368214283,0.0037288400484419997,0.2831770720591811,0.05768207382847634,2,29,high,139,0
S6-dynamic,29,Max-SINR,0.3978606867033904,1.0430655912594795,3.7091425198498875,0.11294950259731121,0.762589928057554,0.23741007194244604,0.24239539327789433,0.9969354461539089,0.0030645538460910768,1.0306049645863398,0.9513349011648564,0.3825698591214974,0.20759391580951517,0.22617369333905873,0.8633093525179856,0.002964799990877509,1,1,0.8806797439349916,0.7200228070479551,0.0030645538460910768,0.247098616271838,0.04866509883514358,2,29,high,139,0
S6-dynamic,30,Cold-RFOTO,0.22127793801642495,0.4927816747906573,1.4149537179313727,0.06003753800152883,0.8805970149253731,0.11940298507462686,0.09567281994653551,0.9954150194158985,0.004584980584101368,1.0576039841392446,0.9801714886145174,0.6390980033407159,0.26978230537146813,0.1422309211530914,0.835820895522388,0.2935698999790475,110,1,0.4721693479334418,0.531838853646069,0.004584980584101368,0.078274000646046,0.019828511385482583,2,30,low,67,0
S6-dynamic,30,Warm-RFOTO,0.24009148760244647,0.5456550496294807,2.039822752351159,0.06011659544207396,0.8656716417910447,0.13432835820895522,0.1506852443210559,0.9962922755986211,0.0037077244013787388,1.0487436284064509,0.9711170816956527,0.5742160168652263,0.21340925316442735,0.17245855355483655,0.8208955223880597,0.313184899976477,110,1,0.5078155911094132,0.5285368396994777,0.0037077244013787388,0.11513232497697466,0.028882918304347305,2,30,low,67,23
S6-dynamic,30,Standard-ABC,0.24009148760244647,0.5456550496294807,2.039822752351159,0.06011659544207396,0.8656716417910447,0.13432835820895522,0.1506852443210559,0.9962922755986211,0.0037077244013787388,1.0487436284064509,0.9711170816956527,0.5742160168652263,0.21340925316442735,0.17245855355483655,0.8208955223880597,0.28033470001537353,110,1,0.5078155911094132,0.5285368396994777,0.0037077244013787388,0.11513232497697466,0.028882918304347305,2,30,low,67,0
S6-dynamic,30,Delay-Greedy,0.24163678935949284,0.5519070567311756,2.039822752351159,0.060571303090400805,0.8656716417910447,0.13432835820895522,0.1498982926386446,0.9964296445823106,0.003570355417689235,1.0427157815818848,0.9712088817493056,0.5742160168652263,0.21340925316442735,0.17217613078160907,0.8507462686567164,0.004541900008916855,1,1,0.5123681436967977,0.5324049851780775,0.003570355417689235,0.11460506734975907,0.02879111825069436,2,30,low,67,0
S6-dynamic,30,Max-SINR,0.22049110146542747,0.48646780293073544,1.534097077022992,0.056588943706618856,0.8805970149253731,0.11940298507462686,0.09864254232083869,0.9944282750969297,0.005571724903070483,1.0430102907882208,0.9795071216912656,0.6390980033407159,0.26978230537146813,0.14464308685232002,0.8507462686567164,0.0023110000183805823,1,1,0.49780802582457,0.4730782948484536,0.005571724903070483,0.08355629622037068,0.020492878308734364,2,30,low,67,0
S6-dynamic,31,Cold-RFOTO,0.17010582161500848,0.3553888707320883,0.9789195049777493,0.04611313085604381,0.9253731343283582,0.07462686567164178,0.0465866787138538,0.9966397588022933,0.003360241197706726,1.047971849705075,0.9899069241130911,0.8099287565587252,0.37992317000276715,0.10097516890095501,0.8955223880597015,0.2758406000211835,110,1,0.35276743176820113,0.47843623322994827,0.003360241197706726,0.031850076263553115,0.010093075886908887,2,31,low,67,0
S6-dynamic,31,Warm-RFOTO,0.17230836504873076,0.36182657990483025,0.9789195049777493,0.046967720628481806,0.9253731343283582,0.07462686567164178,0.0465866787138538,0.9967055881736742,0.0032944118263257736,1.0473443712029673,0.9899073765707522,0.8099287565587252,0.37992317000276715,0.10097288251598413,0.8955223880597015,0.30107599997427315,110,1,0.3561468342535631,0.4875757435986628,0.0032944118263257736,0.031850076263553115,0.010092623429247771,2,31,low,67,13
S6-dynamic,31,Standard-ABC,0.17216627114148458,0.36182738636970524,0.9789195049777493,0.04695739776659953,0.9253731343283582,0.07462686567164178,0.0465866787138538,0.9966856038199566,0.0033143961800432835,1.0475044875133062,0.9899075923556926,0.8099287565587252,0.37992317000276715,0.10097179208166694,0.8955223880597015,0.23821069998666644,110,1,0.35640589468499845,0.4861702534779463,0.0033143961800432835,0.031850076263553115,0.01009240764430741,2,31,low,67,0
S6-dynamic,31,Delay-Greedy,0.19764264606960993,0.3861717195429107,0.9789195049777493,0.055179214350330116,0.9104477611940298,0.08955223880597014,0.052875190852883,0.9955445722870108,0.004455427712989189,1.0654810562932,0.9881681389879823,0.8099287565587252,0.37992317000276715,0.10942362704943588,0.9402985074626866,0.003684299997985363,1,1,0.37544524664478734,0.6138541894685337,0.004455427712989189,0.03614936517493022,0.01183186101201772,2,31,low,67,0
S6-dynamic,31,Max-SINR,0.19635848329143182,0.3870762743286117,1.3434287784735683,0.046144344090249555,0.8805970149253731,0.11940298507462686,0.07733886321926035,0.9986565415292774,0.001343458470722779,1.0415980880335034,0.9834940039528285,0.7256295445869198,0.3794779000789368,0.12954928193687834,0.8656716417910447,0.0019826999632641673,1,1,0.3996463308109966,0.5365578483570546,0.001343458470722779,0.05287452893561677,0.01650599604717151,2,31,low,67,0
S6-dynamic,32,Cold-RFOTO,0.3206757938412707,0.6659091109139847,2.5607713373422247,0.0648786483514235,0.8382352941176471,0.16176470588235295,0.19151878166253297,0.9964909421865498,0.003509057813450193,1.0547354336769568,0.960092703650876,0.44561732059223186,0.22416399479767646,0.20387762623782235,0.8235294117647058,0.2968600000021979,110,1,0.7027789203666478,0.5088201166749267,0.003509057813450193,0.2478805609332445,0.039907296349124044,2,32,low,68,0
S6-dynamic,32,Warm-RFOTO,0.3206757938412707,0.6659091109139847,2.5607713373422247,0.0648786483514235,0.8382352941176471,0.16176470588235295,0.19151878166253297,0.9964909421865498,0.003509057813450193,1.0547354336769568,0.960092703650876,0.44561732059223186,0.22416399479767646,0.20387762623782235,0.8235294117647058,0.2977499000262469,110,1,0.7027789203666478,0.5088201166749267,0.003509057813450193,0.2478805609332445,0.039907296349124044,2,32,low,68,11
S6-dynamic,32,Standard-ABC,0.3203684735819467,0.6656054762865503,2.5607713373422247,0.0648023067219653,0.8382352941176471,0.16176470588235295,0.19151878166253297,0.9964012382557954,0.0035987617442046955,1.0548566045293195,0.9600885982667197,0.44561732059223186,0.22416399479767646,0.20388854863898115,0.8235294117647058,0.26854229997843504,110,1,0.7027503244431987,0.5066952641933525,0.0035987617442046955,0.2478805609332445,0.03991140173328034,2,32,low,68,0
S6-dynamic,32,Delay-Greedy,0.32725274602735577,0.6740450083613636,2.5607713373422247,0.06610685539405603,0.8382352941176471,0.16176470588235295,0.19419052047958335,0.9964466787765012,0.0035533212234987797,1.0547302785624133,0.9597819330435172,0.44561732059223186,0.22416399479767646,0.20470304887485394,0.8382352941176471,0.003153500030748546,1,1,0.7093607264430464,0.5384971201798762,0.0035533212234987797,0.24957848840576255,0.04021806695648278,2,32,low,68,0
S6-dynamic,32,Max-SINR,0.3200582620917175,0.6332107251748824,2.5607713373422247,0.0602703439191618,0.8382352941176471,0.16176470588235295,0.1979399231480301,0.9972867318371916,0.0027132681628084555,1.0453230880549673,0.9592185648427777,0.44561732059223186,0.22416399479767646,0.20619231032331892,0.8382352941176471,0.0021078999852761626,1,1,0.7254840816610877,0.456643772534203,0.0027132681628084555,0.2541232275606804,0.04078143515722232,2,32,low,68,0
S6-dynamic,33,Cold-RFOTO,0.30587423182458706,0.8169030511218338,2.1597811861422564,0.11999089723759039,0.8,0.2,0.09939260309647835,0.9990865528502662,0.0009134471497337749,1.0182309752345549,0.9789342375351947,0.5880949204436267,0.39062054693951875,0.14669382487277347,0.8,0.363443800015375,110,1,0.6578134764916369,0.791905497203962,0.0009134471497337749,0.07716993728566393,0.021065762464805293,2,33,high,135,0
S6-dynamic,33,Warm-RFOTO,0.310215836885745,0.8179744045686997,2.1597811861422564,0.12699153916742867,0.8,0.2,0.09920868281832183,0.9985243262107577,0.0014756737892423493,1.0241897676095004,0.9786927280146266,0.5880949204436267,0.37581366987425,0.14755051991140983,0.8074074074074075,0.3419731999747455,110,1,0.6590605751097247,0.8179705889575294,0.0014756737892423493,0.07705551683611955,0.02130727198537341,2,33,high,135,18
S6-dynamic,33,Standard-ABC,0.31032832931821563,0.8190145055187562,2.1597811861422564,0.12699311397304136,0.7925925925925926,0.2074074074074074,0.100260455315898,0.9985261864160693,0.001473813583930591,1.024224848309729,0.9786170167913882,0.5880949204436267,0.37581366987425,0.14781815109170612,0.8074074074074075,0.3077275000978261,110,1,0.6594836792859378,0.8168515864102943,0.001473813583930591,0.07770984534843653,0.02138298320861176,2,33,high,135,0
S6-dynamic,33,Delay-Greedy,0.34444668889416613,0.8780038970443463,2.3411049746042876,0.13703165262520817,0.7407407407407407,0.25925925925925924,0.12747111536155745,0.9979697815382264,0.00203021846177357,1.0311168454464772,0.9731421968301769,0.532816033067956,0.35927998088788154,0.16612962741730458,0.9037037037037037,0.005046700011007488,1,1,0.7000226097106286,0.9418742757586926,0.00203021846177357,0.09490072373950756,0.026857803169823113,2,33,high,135,0
S6-dynamic,33,Max-SINR,0.3361973659626626,0.7938840650468888,2.1166651120550144,0.1322785355246616,0.8222222222222222,0.17777777777777778,0.10382602126084066,0.9972319749855421,0.0027680250144580375,1.0335918094286691,0.9770010985866597,0.5781251324280121,0.3614088828340212,0.1534284931491154,0.9111111111111111,0.0017917000222951174,1,1,0.7189029370087586,0.8531053714899749,0.0027680250144580375,0.09800954308833638,0.022998901413340267,2,33,high,135,0
S6-dynamic,34,Cold-RFOTO,0.35437249161562684,0.8453096216205105,2.4290846685411243,0.08567434333166295,0.8235294117647058,0.17647058823529413,0.16748895552242157,0.9984167288876801,0.0015832711123199554,1.0306134833411142,0.9657903549821969,0.45022746999320623,0.24159641811184135,0.18820573446642158,0.7899159663865546,0.3657570000505075,110,1,0.8032095364276247,0.5784021114059927,0.0015832711123199554,0.2454467592907493,0.0342096450178031,2,34,high,119,0
S6-dynamic,34,Warm-RFOTO,0.35437249161562684,0.8453096216205105,2.4290846685411243,0.08567434333166295,0.8235294117647058,0.17647058823529413,0.16748895552242157,0.9984167288876801,0.0015832711123199554,1.0306134833411142,0.9657903549821969,0.45022746999320623,0.24159641811184135,0.18820573446642158,0.7899159663865546,0.32390529999975115,110,1,0.8032095364276247,0.5784021114059927,0.0015832711123199554,0.2454467592907493,0.0342096450178031,2,34,high,119,29
S6-dynamic,34,Standard-ABC,0.35437249161562684,0.8453096216205105,2.4290846685411243,0.08567434333166295,0.8235294117647058,0.17647058823529413,0.16748895552242157,0.9984167288876801,0.0015832711123199554,1.0306134833411142,0.9657903549821969,0.45022746999320623,0.24159641811184135,0.18820573446642158,0.7899159663865546,0.31165849999524653,110,1,0.8032095364276247,0.5784021114059927,0.0015832711123199554,0.2454467592907493,0.0342096450178031,2,34,high,119,0
S6-dynamic,34,Delay-Greedy,0.3714651390051039,0.8822795987272223,2.4290846685411243,0.09013724573014543,0.8235294117647058,0.17647058823529413,0.1698027815090654,0.9978627599586455,0.0021372400413545117,1.031644336028425,0.9651097003322546,0.45022746999320623,0.24159641811184135,0.19013584949966847,0.8571428571428571,0.005682199960574508,1,1,0.8279038668272715,0.648225598489522,0.0021372400413545117,0.2463773582657004,0.03489029966774537,2,34,high,119,0
S6-dynamic,34,Max-SINR,0.3554905240010916,0.8559322578869311,2.624208304241522,0.07911348083031985,0.8403361344537815,0.15966386554621848,0.18168995022594417,0.9979262846065613,0.0020737153934386313,1.0289840243875463,0.9638443203944661,0.3864912812834719,0.2240323608573558,0.1936800186855247,0.8487394957983193,0.003131299978122115,1,1,0.8380935942832968,0.5187812046102559,0.0020737153934386313,0.24924739887684477,0.0361556796055339,2,34,high,119,0
S6-dynamic,35,Cold-RFOTO,0.27388671793771685,0.6688199920792288,1.7151914429809625,0.09757354271925732,0.8778625954198473,0.12213740458015267,0.051810274761739314,0.9966851463633618,0.0033148536366380955,1.0403704472201727,0.9882522234602649,0.7207478434451717,0.4326201422021313,0.10902947940915005,0.8320610687022901,0.35700639989227057,110,1,0.6019271127918694,0.6946235914396368,0.0033148536366380955,0.06714505526206427,0.011747776539735133,2,35,high,131,0
S6-dynamic,35,Warm-RFOTO,0.2558707832830572,0.6640121014917856,1.4927700426229844,0.09419032385677946,0.8854961832061069,0.11450381679389313,0.03516764194969913,0.9963521115232561,0.003647888476744015,1.0420837303957975,0.9923635007343593,0.8431168182151477,0.4326201422021313,0.08772265468298344,0.8396946564885496,0.35113590001128614,110,1,0.5708229755859495,0.6805826078133,0.003647888476744015,0.036810382517519356,0.007636499265640695,2,35,high,131,37
S6-dynamic,35,Standard-ABC,0.27388671793771685,0.6688199920792288,1.7151914429809625,0.09757354271925732,0.8778625954198473,0.12213740458015267,0.051810274761739314,0.9966851463633618,0.0033148536366380955,1.0403704472201727,0.9882522234602649,0.7207478434451717,0.4326201422021313,0.10902947940915005,0.8320610687022901,0.3128922999603674,110,1,0.6019271127918694,0.6946235914396368,0.0033148536366380955,0.06714505526206427,0.011747776539735133,2,35,high,131,0
S6-dynamic,35,Delay-Greedy,0.29329492067080054,0.7141279779574368,1.7920948678183861,0.0989071584229762,0.8473282442748091,0.15267175572519084,0.06799737254167172,0.9950883556248459,0.004911644375154207,1.0504321039516944,0.9844082582597833,0.5956195957722282,0.4326201422021313,0.12585187553445784,0.9389312977099237,0.006212800042703748,1,1,0.6388726172673982,0.7383387338861426,0.004911644375154207,0.078019464539865,0.015591741740216714,2,35,high,131,0
S6-dynamic,35,Max-SINR,0.2986235415239344,0.6998275080288933,2.0072825850739067,0.10725349250399159,0.7938931297709924,0.20610687022900764,0.08192895212271227,0.9967775425210014,0.0032224574789986153,1.0316274379486061,0.9828888256027256,0.6445131871273979,0.3804824454396103,0.1319434118332895,0.9312977099236641,0.0020982000278308988,1,1,0.6517160005878335,0.7592851538612528,0.0032224574789986153,0.07436240256958881,0.017111174397274387,2,35,high,131,0
S6-dynamic,36,Cold-RFOTO,0.4170188344967919,1.0364377455153895,3.1944885459746164,0.12759261727918614,0.7068965517241379,0.29310344827586204,0.20669458342220925,0.9966310608197657,0.0033689391802343973,1.0313307055521068,0.9595084106581585,0.4615141813570012,0.1915167947119612,0.20542723413504135,0.8189655172413793,0.36417590000201017,110,1,0.850109783006933,0.9109676969950848,0.0033689391802343973,0.2443948318338913,0.040491589341841494,2,36,high,116,0
S6-dynamic,36,Warm-RFOTO,0.3980697335276618,0.9787668796232171,2.861554599529197,0.1278105122206824,0.7327586206896551,0.2672413793103448,0.17431802153466444,0.9962059927328348,0.0037940072671651566,1.0337160979851383,0.9644555080735653,0.4811266559147982,0.1915167947119612,0.19197516809728174,0.8275862068965517,0.35883889999240637,110,1,0.8149368820464733,0.9106810515507217,0.0037940072671651566,0.2065715201641479,0.03554449192643472,2,36,high,116,34
S6-dynamic,36,Standard-ABC,0.42689311604477553,1.0561874485978335,3.1944885459746164,0.12348875154357364,0.7155172413793104,0.28448275862068967,0.21855145693743303,0.9961988403402798,0.0038011596597202434,1.0331216329879422,0.9576648514066363,0.4615141813570012,0.1915167947119612,0.2102537595644401,0.8103448275862069,0.30086949991527945,110,1,0.8745160866630721,0.8993879738909328,0.0038011596597202434,0.26498157629767627,0.042335148593363736,2,36,high,116,0
S6-dynamic,36,Delay-Greedy,0.46794861831911627,1.0590181194989803,3.1178791166602373,0.13619215993604755,0.7586206896551724,0.2413793103448276,0.23531153397258794,0.995403256947169,0.004596743052830902,1.03526289104743,0.9516215627943211,0.37902940348399333,0.1915167947119612,0.22547260392902016,0.9137931034482759,0.005867200088687241,1,1,0.8750176168010726,1.1806801429233829,0.004596743052830902,0.25566431395569084,0.048378437205678915,2,36,high,116,0
S6-dynamic,36,Max-SINR,0.4109705023540553,0.9347961620586711,2.733978714518598,0.1216031198873678,0.7758620689655172,0.22413793103448276,0.16806782610517776,0.9953273652196607,0.004672634780339303,1.0264329369096572,0.9659667115939528,0.48247444339756873,0.1915167947119612,0.18770285433931416,0.9137931034482759,0.0022575000766664743,1,1,0.8995845521351229,0.8324659531982238,0.004672634780339303,0.22065980449426414,0.034033288406047246,2,36,high,116,0
S6-dynamic,37,Cold-RFOTO,0.3349108173269325,0.9247598067650777,3.215459397691734,0.10119106725350566,0.8104575163398693,0.1895424836601307,0.1959149482622801,0.9983922083169934,0.0016077916830066483,1.0244300265454076,0.9596273765120974,0.41202745375252076,0.18892275028814062,0.2051125204031177,0.8169934640522876,0.3842172999866307,110,1,0.7248407040261309,0.6798844786285511,0.0016077916830066483,0.18136207066532142,0.040372623487902604,2,37,high,153,0
S6-dynamic,37,Warm-RFOTO,0.3379208083598479,0.9320690639055895,3.227228924639144,0.10397289865533617,0.803921568627451,0.19607843137254902,0.20196264764961053,0.9985882789449569,0.0014117210550432366,1.0232396108995225,0.9582618417549404,0.41202745375252076,0.18892275028814062,0.20870100636856473,0.8104575163398693,0.37610510003287345,110,1,0.7296662972605603,0.678613308295481,0.0014117210550432366,0.1886766794104721,0.04173815824505955,2,37,high,153,32
S6-dynamic,37,Standard-ABC,0.33555785153175627,0.9319202233329525,3.227228924639144,0.10386423989467393,0.803921568627451,0.19607843137254902,0.20176967788484765,0.9985886130588912,0.0014113869411087915,1.0232424504920563,0.958259684463183,0.41202745375252076,0.18892275028814062,0.20870663471831932,0.8104575163398693,0.3470666999928653,110,1,0.7296498119631356,0.6630805216815154,0.0014113869411087915,0.18855998228000284,0.04174031553681701,2,37,high,153,0
S6-dynamic,37,Delay-Greedy,0.3434499252015906,0.9422751537692503,3.215459397691734,0.10351938330937631,0.7647058823529411,0.23529411764705882,0.1946018119116107,0.9972400322025294,0.002759967797470487,1.0285584471617826,0.9599830834497364,0.41202745375252076,0.18892275028814062,0.20416910300513347,0.8823529411764706,0.00746559991966933,1,1,0.7361237503473257,0.7177420657446097,0.002759967797470487,0.1808125868441363,0.040016916550263626,2,37,high,153,0
S6-dynamic,37,Max-SINR,0.3298705423353985,0.9062071288308733,3.379938307749541,0.099877072116552,0.803921568627451,0.19607843137254902,0.21058599741860257,0.997985248247201,0.0020147517527988818,1.0273463766508877,0.9558048513954607,0.38520268829796545,0.18892275028814062,0.21503179685371487,0.8562091503267973,0.0031823000172153115,1,1,0.753359031807511,0.5676722255336373,0.0020147517527988818,0.19739091164893807,0.044195148604539325,2,37,high,153,0
S6-dynamic,38,Cold-RFOTO,0.36531767997045284,0.9180797499368853,2.9697055736843736,0.09017663351609467,0.8307692307692308,0.16923076923076924,0.20663573580935682,0.9980163931665094,0.0019836068334906057,1.0287606346789326,0.9610342997902039,0.4280596219775839,0.16534716892650902,0.2013593489604888,0.8076923076923077,0.3680744000012055,110,1,0.8314234679350495,0.5565996701309499,0.0019836068334906057,0.27092114427552166,0.03896570020979606,2,38,high,130,0
S6-dynamic,38,Warm-RFOTO,0.36531767997045284,0.9180797499368853,2.9697055736843736,0.09017663351609467,0.8307692307692308,0.16923076923076924,0.20663573580935682,0.9980163931665094,0.0019836068334906057,1.0287606346789326,0.9610342997902039,0.4280596219775839,0.16534716892650902,0.2013593489604888,0.8076923076923077,0.35504330007825047,110,1,0.8314234679350495,0.5565996701309499,0.0019836068334906057,0.27092114427552166,0.03896570020979606,2,38,high,130,31
S6-dynamic,38,Standard-ABC,0.36531767997045284,0.9180797499368853,2.9697055736843736,0.09017663351609467,0.8307692307692308,0.16923076923076924,0.20663573580935682,0.9980163931665094,0.0019836068334906057,1.0287606346789326,0.9610342997902039,0.4280596219775839,0.16534716892650902,0.2013593489604888,0.8076923076923077,0.309214900014922,110,1,0.8314234679350495,0.5565996701309499,0.0019836068334906057,0.27092114427552166,0.03896570020979606,2,38,high,130,0
S6-dynamic,38,Delay-Greedy,0.38788277413358124,0.956844528774045,3.2813333375166596,0.1033986189223055,0.8461538461538461,0.15384615384615385,0.21572775318948328,0.9973009435917639,0.002699056408235881,1.027430346990223,0.9581385224519627,0.3895626937327308,0.16534716892650902,0.20902254236964365,0.9,0.006597799947485328,1,1,0.8294479511460531,0.7141215046581028,0.002699056408235881,0.26633411093799925,0.04186147754803726,2,38,high,130,0
S6-dynamic,38,Max-SINR,0.36403826303763764,0.9036099882657886,2.986862694463897,0.09142539366168223,0.823076923076923,0.17692307692307693,0.21075952619813854,0.9974211871209882,0.0025788128790117594,1.0283243971834364,0.9605295516724206,0.4280596219775839,0.16534716892650902,0.20271256278744207,0.8923076923076924,0.0018533999100327492,1,1,0.8344658324964023,0.5683013052226605,0.0025788128790117594,0.254961117220795,0.0394704483275794,2,38,high,130,0
S6-dynamic,39,Cold-RFOTO,0.37261336765520436,0.8574761326309717,2.790333533295867,0.0973365545936743,0.8246753246753247,0.17532467532467533,0.16220802506706217,0.9960687245771673,0.003931275422832627,1.0394772175791789,0.9647408351745007,0.4251552770516049,0.2500807104344409,0.1911748155100673,0.7922077922077922,0.36287019995506853,110,1,0.8078318918852143,0.7256389076300528,0.003931275422832627,0.2229377149240058,0.03525916482549929,2,39,high,154,0
S6-dynamic,39,Warm-RFOTO,0.37250016739063924,0.858581819381196,2.790333533295867,0.09741957002988268,0.8246753246753247,0.17532467532467533,0.16176584691364232,0.9960412221104485,0.00395877788955145,1.0397203603365224,0.9648603496081708,0.4251552770516049,0.2500807104344409,0.19083871707614528,0.7922077922077922,0.38687589997425675,110,1,0.8079362783964366,0.7264682967162076,0.00395877788955145,0.22193260058965703,0.0351396503918292,2,39,high,154,41
S6-dynamic,39,Standard-ABC,0.3719751414711505,0.8576034386027067,2.790333533295867,0.097108928145012,0.8246753246753247,0.17532467532467533,0.1624820000450303,0.9960717121076959,0.003928287892304126,1.0399394027462823,0.9646181867815319,0.4251552770516049,0.2500807104344409,0.1915192003961566,0.7857142857142857,0.3496858000289649,110,1,0.8074633008497486,0.7215842565650048,0.003928287892304126,0.22311499285092634,0.03538181321846812,2,39,high,154,0
S6-dynamic,39,Delay-Greedy,0.38368418359179607,0.8833696880457456,2.790333533295867,0.09745618657962389,0.7987012987012987,0.2012987012987013,0.17393542274439994,0.995864773367371,0.004135226632628835,1.0451904539366805,0.9622916714322861,0.4251552770516049,0.2500807104344409,0.19795445396091432,0.8571428571428571,0.007151200086809695,1,1,0.830957485210899,0.7448738290823571,0.004135226632628835,0.23092177326013957,0.03770832856771389,2,39,high,154,0
S6-dynamic,39,Max-SINR,0.36801845332783795,0.8792487131409611,3.5631102113280115,0.09606029290233659,0.7987012987012987,0.2012987012987013,0.20188304307610022,0.9983564267995344,0.0016435732004655848,1.0282202071647766,0.9568821846693263,0.3998913186255617,0.2500807104344409,0.21227514177657208,0.8181818181818182,0.0030307999113574624,1,1,0.8218114817006462,0.651552502144634,0.0016435732004655848,0.2321452825651487,0.043117815330673714,2,39,high,154,0
S6-dynamic,40,Cold-RFOTO,0.36686142031130936,0.9312506418723332,2.6917577419364696,0.11051993882245535,0.7532467532467533,0.24675324675324675,0.19709996556759066,0.996584917253003,0.0034150827469968865,1.0347665788751743,0.9574034558666258,0.3963350368212596,0.2690811631148732,0.21093064839683906,0.7142857142857143,0.34475669998209924,110,1,0.7912991164133192,0.7413627491132683,0.0034150827469968865,0.2030389226863352,0.042596544133374215,2,40,high,154,0
S6-dynamic,40,Warm-RFOTO,0.3689273495527113,0.936655653216467,2.8791019804788665,0.1122217741072089,0.7532467532467533,0.24675324675324675,0.20076935315908206,0.9966954067836501,0.0033045932163498905,1.0344350656324435,0.9564694732150527,0.3963350368212596,0.2690811631148732,0.21333465242618757,0.7142857142857143,0.35434319998603314,110,1,0.7927130244924168,0.7483839685325032,0.0033045932163498905,0.205204001954878,0.04353052678494729,2,40,high,154,55
S6-dynamic,40,Standard-ABC,0.3689273495527113,0.936655653216467,2.8791019804788665,0.1122217741072089,0.7532467532467533,0.24675324675324675,0.20076935315908206,0.9966954067836501,0.0033045932163498905,1.0344350656324435,0.9564694732150527,0.3963350368212596,0.2690811631148732,0.21333465242618757,0.7142857142857143,0.33218879997730255,110,1,0.7927130244924168,0.7483839685325032,0.0033045932163498905,0.205204001954878,0.04353052678494729,2,40,high,154,0
S6-dynamic,40,Delay-Greedy,0.40861692461382926,0.9957231934438681,2.8791019804788665,0.1180558884174277,0.6818181818181818,0.3181818181818182,0.2271492107804714,0.9972226303032016,0.002777369696798489,1.0298569169328258,0.9517798818664732,0.39347783833119915,0.2690811631148732,0.22508464794332175,0.8441558441558441,0.006357099977321923,1,1,0.8312041682398073,0.9189007248399053,0.002777369696798489,0.22076912867401197,0.04822011813352678,2,40,high,154,0
S6-dynamic,40,Max-SINR,0.3509663225516474,0.8937697565277906,2.4810904755145193,0.09782441474556323,0.8116883116883117,0.18831168831168832,0.19431705773532193,0.9974832307697348,0.002516769230265266,1.031454519750645,0.9585626154421852,0.3963350368212596,0.1805856810480547,0.20791504870003275,0.8701298701298701,0.0027126999339088798,1,1,0.7955920238531158,0.6578624538688249,0.002516769230265266,0.18667994791327797,0.04143738455781476,2,40,high,154,0
S6-dynamic,41,Cold-RFOTO,0.2938566881809144,0.682996031507323,1.6676531300966615,0.08772490602250234,0.8449612403100775,0.15503875968992248,0.10114718317037705,0.9975043671762959,0.002495632823704152,1.0259186940479172,0.9775424922487229,0.5668329789623731,0.3680317717802756,0.15156989747093064,0.8449612403100775,0.3665877999737859,110,1,0.5993807906787978,0.761621702391564,0.002495632823704152,0.10360192970019191,0.022457507751277084,2,41,high,129,0
S6-dynamic,41,Warm-RFOTO,0.283534320144322,0.6786668169677476,1.5174190023998784,0.08420746395052034,0.8527131782945736,0.14728682170542637,0.09058362666726769,0.9975143236957741,0.002485676304226035,1.0254670680450573,0.9800256629620431,0.6019336281171109,0.3680317717802756,0.14276359076002781,0.8527131782945736,0.34652399993501604,110,1,0.5736798933480116,0.777554561522434,0.002485676304226035,0.07995150704966109,0.019974337037956924,2,41,high,129,44
S6-dynamic,41,Standard-ABC,0.2933400549064052,0.6819593279093802,1.636697901894636,0.08756107605275194,0.8449612403100775,0.15503875968992248,0.10063415474410521,0.9975047089726666,0.0024952910273332773,1.0259170045057735,0.9776751099283244,0.5668329789623731,0.3680317717802756,0.15111145424845054,0.8449612403100775,0.31503309996332973,110,1,0.6000301790881694,0.7577460855485731,0.0024952910273332773,0.10329122234343573,0.022324890071675596,2,41,high,129,0
S6-dynamic,41,Delay-Greedy,0.32879772361919263,0.7207347839400781,1.7175485870164933,0.10219701811061517,0.8217054263565892,0.17829457364341086,0.11482039241240917,0.9973898338760617,0.0026101661239384937,1.026664456648235,0.9745787429920828,0.517809552510166,0.3530177017021968,0.1615065140382539,0.9069767441860465,0.008087800000794232,1,1,0.621782739358065,0.9391883589368136,0.0026101661239384937,0.11255425265271624,0.025421257007917197,2,41,high,129,0
S6-dynamic,41,Max-SINR,0.27515752169867536,0.6710558570289915,1.6171640790640847,0.0753350105393044,0.8837209302325582,0.11627906976744186,0.10750266699910817,0.9974256619267738,0.0025743380732261285,1.0276260879159926,0.97738072905126,0.5684519292347767,0.21648713740047612,0.1521273904376706,0.8914728682170543,0.0022987000411376357,1,1,0.5964310499004197,0.6713425025350098,0.0025743380732261285,0.08576250234545081,0.022619270948739945,2,41,high,129,0
S6-dynamic,42,Cold-RFOTO,0.21770458436159434,0.49756309700469786,1.8137200597419467,0.054313216278023435,0.9056603773584906,0.09433962264150944,0.09155786589157515,0.9964885396655929,0.0035114603344069033,1.0343019874235562,0.9810633656718951,0.662820204312282,0.26770604490148986,0.13893218534462712,0.8867924528301887,0.26660690002609044,110,1,0.4932554169548585,0.43712783158522556,0.0035114603344069033,0.10111507267599522,0.018936634328104884,2,42,low,53,0
S6-dynamic,42,Warm-RFOTO,0.22563770487630172,0.49933261845885263,1.6057299751065564,0.054890047548413375,0.9056603773584906,0.09433962264150944,0.09015132820444294,0.9968024696460407,0.0031975303539592452,1.0342951842503738,0.9812376994885346,0.662820204312282,0.26770604490148986,0.1382789047572656,0.8867924528301887,0.25340230006258935,110,1,0.5000877675812909,0.48077400979266516,0.0031975303539592452,0.10018324145827012,0.018762300511465435,2,42,low,53,14
S6-dynamic,42,Standard-ABC,0.224797968680547,0.505601216920392,1.8137200597419467,0.05530809701185494,0.8867924528301887,0.11320754716981132,0.09250560545784287,0.9959061677153359,0.004093832284664255,1.0358370522188463,0.9810062518498144,0.662820204312282,0.26770604490148986,0.13914559109041721,0.8867924528301887,0.22884090000297874,110,1,0.5010669450909018,0.4695177746246599,0.004093832284664255,0.10174295013864758,0.01899374815018562,2,42,low,53,0
S6-dynamic,42,Delay-Greedy,0.21991346779259158,0.5078845845435203,1.8137200597419467,0.05586014726098768,0.9056603773584906,0.09433962264150944,0.09155786589157515,0.9975218918220645,0.002478108177935441,1.037696696507252,0.9810758434203818,0.662820204312282,0.26770604490148986,0.13888552191412398,0.8867924528301887,0.0030704999808222055,1,1,0.5004755969976998,0.4412103683442535,0.002478108177935441,0.10111507267599522,0.018924156579618212,2,42,low,53,0
S6-dynamic,42,Max-SINR,0.22227723110336717,0.4466641714524859,1.2851158539093035,0.04845901240460139,0.8867924528301887,0.11320754716981132,0.08856667527554236,0.9955669887813224,0.0044330112186774856,1.042883020761341,0.98202619621027,0.662820204312282,0.26770604490148986,0.13528774616772432,0.8679245283018868,0.0021456999238580465,1,1,0.5306848778017038,0.395761648603514,0.0044330112186774856,0.10663636620087648,0.017973803789730014,2,42,low,53,0
S6-dynamic,43,Cold-RFOTO,0.1912148657417233,0.43053943081289564,1.541399875386535,0.05988913164609149,0.9107142857142857,0.08928571428571429,0.08869060724943056,0.9975277945983265,0.002472205401673549,1.0402341931339847,0.9792666017535363,0.5994364611922257,0.35887334080251104,0.1455072970610783,0.9107142857142857,0.25965930009260774,110,1,0.38598705469417977,0.4823655928951676,0.002472205401673549,0.07503524926639579,0.020733398246463697,2,43,low,56,0
S6-dynamic,43,Warm-RFOTO,0.19045062084469136,0.4292303199178099,1.541399875386535,0.05949918248017426,0.9107142857142857,0.08928571428571429,0.08869060724943056,0.9975179121973701,0.0024820878026299248,1.0409795990267845,0.9792670157920438,0.5994364611922257,0.35887334080251104,0.1455058134293576,0.9107142857142857,0.255566900013946,110,1,0.38546738844805023,0.4781239748290696,0.0024820878026299248,0.07503524926639579,0.020732984207956218,2,43,low,56,7
S6-dynamic,43,Standard-ABC,0.18719288731892178,0.43267028069876684,1.1799834692618978,0.06697041846165282,0.9285714285714286,0.07142857142857142,0.055462025388805423,0.9968340863352549,0.003165913664745202,1.0503008203871511,0.9867909064513384,0.66717292846832,0.4452716636960581,0.11569749036400463,0.9107142857142857,0.23613320000004023,110,1,0.3759425004828491,0.5464352617424618,0.003165913664745202,0.03450970468636782,0.013209093548661621,2,43,low,56,0
S6-dynamic,43,Delay-Greedy,0.19356449786652724,0.4485366038032815,1.5698220390370148,0.05862096537442901,0.8928571428571429,0.10714285714285714,0.09558064807199236,0.9986397319729681,0.0013602680270319459,1.0350664325764318,0.9781256827186569,0.5994364611922257,0.35887334080251104,0.1495443200386867,0.8928571428571429,0.003867399995215237,1,1,0.39904365361921573,0.46946524546374974,0.0013602680270319459,0.07932238577821202,0.021874317281343147,2,43,low,56,0
S6-dynamic,43,Max-SINR,0.16324918940259042,0.37579496064991974,1.161285797304025,0.06002160597791838,0.9285714285714286,0.07142857142857142,0.05406289006155809,0.997695992096119,0.0023040079038810523,1.0478908740826278,0.9874131977863478,0.7062698127678004,0.4452716636960581,0.11290371703184078,0.8928571428571429,0.0013686000602319837,1,1,0.35960925180729875,0.4172551442631808,0.0023040079038810523,0.03363913159385837,0.01258680221365216,2,43,low,56,0
S6-dynamic,44,Cold-RFOTO,0.1929833618263515,0.3731225941202308,0.9303842818314627,0.04736871656639077,0.9473684210526315,0.05263157894736842,0.028144494905268685,0.9941885186315524,0.005811481368447429,1.0423170978707672,0.9936197307348258,0.8606197658599402,0.6042927942981753,0.08013263065563896,0.9298245614035088,0.26447880000341684,110,1,0.4270802357464155,0.5153349424769312,0.005811481368447429,0.027174899418969285,0.00638026926517421,2,44,low,57,0
S6-dynamic,44,Warm-RFOTO,0.19472205634729664,0.3819946185245836,0.9432341605814101,0.04892830893784852,0.9473684210526315,0.05263157894736842,0.01958755289409519,0.9948944459573161,0.00510555404268395,1.0390989876584666,0.9958005236849674,0.9161024575888366,0.6636779060925874,0.06493986671505264,0.9298245614035088,0.2953807000303641,110,1,0.4351274874715696,0.5252841557682997,0.00510555404268395,0.02198611543347047,0.004199476315032591,2,44,low,57,4
S6-dynamic,44,Standard-ABC,0.19471485768706975,0.38410380995733195,0.9432341605814101,0.05633322634089145,0.9473684210526315,0.05263157894736842,0.026514370030772214,0.9957366617266576,0.004263338273342368,1.0373017606344048,0.9942066652935175,0.8925403788865705,0.6405678994289364,0.07633539812325119,0.9122807017543859,0.26161469996441156,110,1,0.4278034028591117,0.5299715616745381,0.004263338273342368,0.026186419441881003,0.005793334706482467,2,44,low,57,0
S6-dynamic,44,Delay-Greedy,0.18846369943675573,0.37260999840552955,0.9771576817644726,0.04556120542433387,0.9649122807017544,0.03508771929824561,0.01667025150496137,0.9956724313780905,0.004327568621909623,1.0398009395083816,0.9963744774056852,0.9552457073093515,0.6636779060925874,0.06032176089249111,0.9473684210526315,0.005207400070503354,1,1,0.41985071110769806,0.5135826744298578,0.004327568621909623,0.020217113527293575,0.0036255225943148117,2,44,low,57,0
S6-dynamic,44,Max-SINR,0.1783739937333165,0.32732967290973425,0.7332773800916174,0.03856091066749431,0.9473684210526315,0.05263157894736842,0.022001906719323575,0.9960739265197962,0.003926073480203815,1.0330207813838423,0.9954949379108285,0.9059930705895249,0.6636779060925874,0.06727146141003182,0.9298245614035088,0.0023212999803945422,1,1,0.42305333299964964,0.41908255414502077,0.003926073480203815,0.03314921340893807,0.004505062089171452,2,44,low,57,0
S6-dynamic,45,Cold-RFOTO,0.2841043258431012,0.6228906590512386,2.5360810309028343,0.055988170681681416,0.8767123287671232,0.1232876712328767,0.15179116279072008,0.997369994678462,0.0026300053215380973,1.0202992698719255,0.9670122830909585,0.4389144520135377,0.2568775150929471,0.1846971245403186,0.7945205479452054,0.27395029994659126,110,1,0.6194634021065788,0.5157654292697839,0.0026300053215380973,0.18559800930130016,0.032987716909041453,2,45,low,73,0
S6-dynamic,45,Warm-RFOTO,0.2841043258431012,0.6228906590512386,2.5360810309028343,0.055988170681681416,0.8767123287671232,0.1232876712328767,0.15179116279072008,0.997369994678462,0.0026300053215380973,1.0202992698719255,0.9670122830909585,0.4389144520135377,0.2568775150929471,0.1846971245403186,0.7945205479452054,0.28879629995208234,110,1,0.6194634021065788,0.5157654292697839,0.0026300053215380973,0.18559800930130016,0.032987716909041453,2,45,low,73,8
S6-dynamic,45,Standard-ABC,0.2841043258431012,0.6228906590512386,2.5360810309028343,0.055988170681681416,0.8767123287671232,0.1232876712328767,0.15179116279072008,0.997369994678462,0.0026300053215380973,1.0202992698719255,0.9670122830909585,0.4389144520135377,0.2568775150929471,0.1846971245403186,0.7945205479452054,0.2641498000593856,110,1,0.6194634021065788,0.5157654292697839,0.0026300053215380973,0.18559800930130016,0.032987716909041453,2,45,low,73,0
S6-dynamic,45,Delay-Greedy,0.28660253257277774,0.6287613722590819,2.5360810309028343,0.05562372899779455,0.8767123287671232,0.1232876712328767,0.15179116279072008,0.9968296823429483,0.0031703176570514924,1.0286720043961342,0.9670382199073031,0.4389144520135377,0.2568775150929471,0.1846220246658641,0.8082191780821918,0.004773100023157895,1,1,0.6268498651534697,0.519414889425136,0.0031703176570514924,0.18559800930130016,0.0329617800926969,2,45,low,73,0
S6-dynamic,45,Max-SINR,0.24522892525097742,0.544939816659881,2.1457930356456085,0.04501819194352389,0.8767123287671232,0.1232876712328767,0.1303390753356734,0.9966222289794773,0.0033777710205225566,1.0209407693251502,0.9720711915619618,0.4389144520135377,0.2568775150929471,0.16950291345915947,0.821917808219178,0.0019672999624162912,1,1,0.5706276557003345,0.40256178353961986,0.0033777710205225566,0.1492914733005623,0.027928808438038244,2,45,low,73,0
S6-dynamic,46,Cold-RFOTO,0.23499356044041148,0.4595783190885812,1.4143733629543105,0.05984738602917785,0.8571428571428571,0.14285714285714285,0.07208343129641857,0.9955690183164253,0.004430981683574832,1.0426859033627796,0.9856423155814146,0.6995387600771957,0.3594520124161207,0.12069312479195303,0.8428571428571429,0.26759119995404035,110,1,0.5137314704798166,0.5326862654716694,0.004430981683574832,0.09447161600081658,0.014357684418585426,2,46,low,70,0
S6-dynamic,46,Warm-RFOTO,0.24230734558865843,0.4731220801754699,1.5875482896486177,0.05976184168658717,0.8428571428571429,0.15714285714285714,0.08048863329341259,0.9958150645606197,0.004184935439380198,1.0410767170846087,0.9839093674237617,0.6919175932630993,0.3594520124161207,0.1278818797313779,0.8285714285714286,0.2916482000146061,110,1,0.5320956333122252,0.5316037922166479,0.004184935439380198,0.10516914581517262,0.01609063257623833,2,46,low,70,13
S6-dynamic,46,Standard-ABC,0.2422891680935371,0.4726507830045793,1.5875482896486177,0.05976193399983798,0.8428571428571429,0.15714285714285714,0.08048863329341259,0.995911648972327,0.004088351027673166,1.041006310100315,0.983913509354056,0.6919175932630993,0.3594520124161207,0.12786515033898502,0.8285714285714286,0.2800788999302313,110,1,0.5320072944794805,0.5317627614496506,0.004088351027673166,0.10516914581517262,0.01608649064594403,2,46,low,70,0
S6-dynamic,46,Delay-Greedy,0.2445754783275982,0.48862728784437326,1.5875482896486177,0.05934149602475839,0.8285714285714286,0.17142857142857143,0.08794136591772753,0.9967542741847423,0.003245725815257908,1.0420747860642223,0.982625127921364,0.6919175932630993,0.3594520124161207,0.13297404347792277,0.8285714285714286,0.007316799950785935,1,1,0.5470166331725302,0.5139199706494118,0.003245725815257908,0.10991179384882757,0.017374872078635972,2,46,low,70,0
S6-dynamic,46,Max-SINR,0.2466722475819823,0.4654615463562012,1.5875482896486177,0.05921177777172276,0.8285714285714286,0.17142857142857143,0.09309144648126969,0.9946775853270464,0.005322414672953612,1.0469434728349223,0.9811509923234625,0.6575434829727138,0.3594520124161207,0.13860417811448045,0.8142857142857143,0.0021114000119268894,1,1,0.5634693476198035,0.49077198086671897,0.005322414672953612,0.11318911784380895,0.01884900767653752,2,46,low,70,0
S6-dynamic,47,Cold-RFOTO,0.32819513169261255,0.7867783146329689,2.276509913413133,0.08548541959321027,0.8524590163934426,0.14754098360655737,0.14267485513443753,0.9980329969779879,0.00196700302201207,1.01799409578277,0.9690706701133665,0.497906308812964,0.25085487323285305,0.17865185527205985,0.8114754098360656,0.32390309998299927,110,1,0.6992863153478814,0.6986689862261957,0.00196700302201207,0.1741616193372616,0.03092932988663355,2,47,high,122,0
S6-dynamic,47,Warm-RFOTO,0.32815243786962384,0.786189562432617,2.276509913413133,0.085462378858103,0.8524590163934426,0.14754098360655737,0.14267485513443753,0.9980329043141313,0.0019670956858687996,1.0179914525695832,0.9690707194646542,0.497906308812964,0.25085487323285305,0.17865170819321252,0.8114754098360656,0.33906659996137023,110,1,0.6991344285251707,0.6986374312436007,0.0019670956858687996,0.1741616193372616,0.030929280535345827,2,47,high,122,19
S6-dynamic,47,Standard-ABC,0.3281139457545317,0.786945225417459,2.276509913413133,0.08557457731510003,0.8524590163934426,0.14754098360655737,0.14267485513443753,0.9980356436279837,0.001964356372016288,1.0179202834201757,0.9690704554518599,0.497906308812964,0.25085487323285305,0.17865249501435893,0.8114754098360656,0.2962738999631256,110,1,0.6996271414002785,0.6975630174234828,0.001964356372016288,0.1741616193372616,0.03092954454814012,2,47,high,122,0
S6-dynamic,47,Delay-Greedy,0.32477278225185224,0.8097044872567308,2.0649708330117558,0.08415314035140724,0.860655737704918,0.13934426229508196,0.13573565349897096,0.9982500962628804,0.0017499037371196166,1.0182160526988173,0.9703093964312048,0.497906308812964,0.25085487323285305,0.17492601179222114,0.860655737704918,0.006471100030466914,1,1,0.7096340290535335,0.6673341574380323,0.0017499037371196166,0.16984232036008345,0.02969060356879516,2,47,high,122,0
S6-dynamic,47,Max-SINR,0.30237585287448404,0.7284135074548707,2.0649708330117558,0.08298697689943013,0.8524590163934426,0.14754098360655737,0.12096476692257427,0.9992513371273537,0.0007486628726463288,1.0118718041673354,0.9724656438513093,0.497906308812964,0.2930801843164001,0.16826753366825173,0.860655737704918,0.002069499925710261,1,1,0.6746263649820039,0.6702728822178485,0.0007486628726463288,0.11559377319789163,0.02753435614869071,2,47,high,122,0
S6-dynamic,48,Cold-RFOTO,0.35249397331192234,0.8540263130230175,2.176214688757277,0.1165161728167162,0.7777777777777778,0.2222222222222222,0.12178644362579233,0.9977177759061268,0.002282224093873318,1.02143998826189,0.9739534505162777,0.5228956361117801,0.3935938350873424,0.1635332240290335,0.7777777777777778,0.3831793999997899,110,1,0.7416742204778541,0.8459665987142401,0.002282224093873318,0.1432680045759592,0.026046549483722314,2,48,high,153,0
S6-dynamic,48,Warm-RFOTO,0.35273728832424567,0.8547363247518922,2.176214688757277,0.11683847465110882,0.7647058823529411,0.23529411764705882,0.12222801495537232,0.9977275895680767,0.002272410431923228,1.0213693675984847,0.9739804953814903,0.5228956361117801,0.3935938350873424,0.16344603212544953,0.7777777777777778,0.4046371999429539,110,1,0.7413325571260947,0.8477405410855838,0.002272410431923228,0.14354264040289313,0.02601950461850966,2,48,high,153,37
S6-dynamic,48,Standard-ABC,0.35273728832424567,0.8547363247518922,2.176214688757277,0.11683847465110882,0.7647058823529411,0.23529411764705882,0.12222801495537232,0.9977275895680767,0.002272410431923228,1.0213693675984847,0.9739804953814903,0.5228956361117801,0.3935938350873424,0.16344603212544953,0.7777777777777778,0.3729253000346944,110,1,0.7413325571260947,0.8477405410855838,0.002272410431923228,0.14354264040289313,0.02601950461850966,2,48,high,153,0
S6-dynamic,48,Delay-Greedy,0.37186411317177165,0.9174280427241664,2.1340197073358116,0.12119446021740801,0.738562091503268,0.26143790849673204,0.13508137135775827,0.9974899868413283,0.002510013158671717,1.0261870004338127,0.9718513534485442,0.49119795422466567,0.33410333211241483,0.17018796175625467,0.9084967320261438,0.00784820003900677,1,1,0.7580961639506376,0.9405915754209316,0.002510013158671717,0.14610814502607922,0.02814864655145577,2,48,high,153,0
S6-dynamic,48,Max-SINR,0.34128177154753364,0.7973235302206126,2.0892271152217035,0.10907339913712819,0.8300653594771242,0.16993464052287582,0.10527156362490327,0.9979662732200076,0.0020337267799923984,1.0222150401487025,0.9768600970784722,0.5792670789211988,0.36245147923342647,0.15390920021807306,0.9084967320261438,0.002110100002028048,1,1,0.7488023670676953,0.7874251751039707,0.0020337267799923984,0.12835869088314633,0.02313990292152779,2,48,high,153,0
S6-dynamic,49,Cold-RFOTO,0.32464209736051575,0.8376949429667638,2.11398880974055,0.10425618030426413,0.8,0.2,0.1378285000214504,0.9979401049310811,0.0020598950689188467,1.0217896552007502,0.9728108990493252,0.564118327040231,0.21903293883925937,0.16717957228204472,0.8,0.38068429997656494,110,1,0.6933670674778803,0.7774588986934199,0.0020598950689188467,0.12076460612259085,0.027189100950674838,2,49,high,150,0
S6-dynamic,49,Warm-RFOTO,0.3416269052525851,0.8833686346193145,2.3065033879599652,0.10307925539334949,0.7933333333333333,0.20666666666666667,0.1664570766827535,0.9981404915013894,0.001859508498610684,1.020778625560503,0.9684348016984328,0.5542073289505371,0.19446951230329396,0.18053818292934343,0.7933333333333333,0.3833788000047207,110,1,0.7272334054568383,0.7713901146841101,0.001859508498610684,0.15601342096320703,0.03156519830156723,2,49,high,150,39
S6-dynamic,49,Standard-ABC,0.3294925796007968,0.8544037576155282,2.0287475624883213,0.10909642158878591,0.7933333333333333,0.20666666666666667,0.14088435488037448,0.9977221496073965,0.002277850392603272,1.0248503138382563,0.9723752489227462,0.564118327040231,0.21903293883925937,0.16855135136362187,0.8,0.32207829994149506,110,1,0.7039791035248094,0.7877480628319856,0.002277850392603272,0.12294524621875139,0.027624751077253817,2,49,high,150,0
S6-dynamic,49,Delay-Greedy,0.35463028894722853,0.9015280063464011,2.38748471448551,0.10464909928341318,0.8,0.2,0.17439212442364338,0.9972815294387146,0.002718470561285366,1.0293685102875438,0.9660921883677008,0.5108117463677648,0.19446951230329396,0.1873443481296855,0.8733333333333333,0.007030799984931946,1,1,0.7479245293247492,0.8115555387909351,0.002718470561285366,0.16114383976119614,0.03390781163229917,2,49,high,150,0
S6-dynamic,49,Max-SINR,0.33524558974642316,0.7557605242010274,2.498645772761899,0.1060411074942045,0.8266666666666667,0.17333333333333334,0.11711218853999067,0.9973432852713077,0.0026567147286924316,1.0307223689584355,0.9738910787219732,0.5435332717833453,0.2675815042926818,0.16373415039876316,0.8866666666666667,0.002548399963416159,1,1,0.7262229516233469,0.7993778591009156,0.0026567147286924316,0.11734196735202637,0.026108921278026775,2,49,high,150,0
