scenario,run,algorithm,fe,objective
S2,0,RFOTO-ABC,14,0.18590235812222408
S2,0,RFOTO-ABC,19,0.18590235812222408
S2,0,RFOTO-ABC,24,0.18590235812222408
S2,0,RFOTO-ABC,29,0.18590235812222408
S2,0,RFOTO-ABC,34,0.18590235812222408
S2,0,RFOTO-ABC,39,0.18590235812222408
S2,0,RFOTO-ABC,44,0.18590235812222408
S2,0,RFOTO-ABC,49,0.18590235812222408
S2,0,RFOTO-ABC,54,0.18590235812222408
S2,0,RFOTO-ABC,59,0.18590235812222408
S2,0,RFOTO-ABC,64,0.18590235812222408
S2,0,RFOTO-ABC,69,0.18590235812222408
S2,0,RFOTO-ABC,74,0.18590235812222408
S2,0,RFOTO-ABC,79,0.18590235812222408
S2,0,RFOTO-ABC,84,0.18590235812222408
S2,0,RFOTO-ABC,89,0.18590235812222408
S2,0,RFOTO-ABC,94,0.18575643342089324
S2,0,RFOTO-ABC,99,0.18575643342089324
S2,0,RFOTO-ABC,104,0.18575643342089324
S2,0,RFOTO-ABC,109,0.18575643342089324
S2,0,RFOTO-ABC,114,0.18575643342089324
S2,0,RFOTO-ABC,119,0.18575643342089324
S2,0,RFOTO-ABC,124,0.18575643342089324
S2,0,RFOTO-ABC,129,0.18575643342089324
S2,0,RFOTO-ABC,134,0.18575643342089324
S2,0,RFOTO-ABC,139,0.18575643342089324
S2,0,RFOTO-ABC,144,0.18575643342089324
S2,0,RFOTO-ABC,149,0.18575643342089324
S2,0,RFOTO-ABC,154,0.18575643342089324
S2,0,RFOTO-ABC,159,0.18575643342089324
S2,0,RFOTO-ABC,164,0.18575643342089324
S2,0,RFOTO-ABC,169,0.18575643342089324
S2,0,RFOTO-ABC,174,0.18575643342089324
S2,0,RFOTO-ABC,179,0.18575643342089324
S2,0,RFOTO-ABC,184,0.18575643342089324
S2,0,RFOTO-ABC,189,0.18575643342089324
S2,0,RFOTO-ABC,194,0.18279164561929734
S2,0,RFOTO-ABC,199,0.18279164561929734
S2,0,RFOTO-ABC,204,0.18279164561929734
S2,0,RFOTO-ABC,209,0.18279164561929734
S2,0,RFOTO-ABC,214,0.18279164561929734
S2,0,RFOTO-ABC,219,0.18279164561929734
S2,0,RFOTO-ABC,224,0.18279164561929734
S2,0,RFOTO-ABC,229,0.18279164561929734
S2,0,RFOTO-ABC,234,0.18279164561929734
S2,0,RFOTO-ABC,239,0.18279164561929734
S2,0,RFOTO-ABC,244,0.18279164561929734
S2,0,RFOTO-ABC,249,0.18279164561929734
S2,0,RFOTO-ABC,254,0.18279164561929734
S2,0,RFOTO-ABC,259,0.1826262831330862
S2,0,RFOTO-ABC,264,0.1826262831330862
S2,0,RFOTO-ABC,269,0.1826262831330862
S2,0,RFOTO-ABC,274,0.1826262831330862
S2,0,RFOTO-ABC,279,0.1826262831330862
S2,0,RFOTO-ABC,284,0.1826262831330862
S2,0,RFOTO-ABC,289,0.1826262831330862
S2,0,RFOTO-ABC,294,0.1826262831330862
S2,0,RFOTO-ABC,299,0.18253023244771885
S2,0,RFOTO-ABC,304,0.18109653788828553
S2,0,RFOTO-ABC,309,0.18109653788828553
S2,0,RFOTO-ABC,314,0.18109653788828553
S2,0,RFOTO-ABC,319,0.18076299256904965
S2,0,RFOTO-ABC,324,0.18076299256904965
S2,0,RFOTO-ABC,329,0.18076299256904965
S2,0,RFOTO-ABC,334,0.18076299256904965
S2,0,RFOTO-ABC,339,0.18076299256904965
S2,0,RFOTO-ABC,344,0.18076299256904965
S2,0,RFOTO-ABC,349,0.18076299256904965
S2,0,RFOTO-ABC,354,0.18076299256904965
S2,0,RFOTO-ABC,359,0.18076299256904965
S2,0,RFOTO-ABC,364,0.18076299256904965
S2,0,RFOTO-ABC,369,0.18076299256904965
S2,0,RFOTO-ABC,374,0.18076299256904965
S2,0,RFOTO-ABC,379,0.18076299256904965
S2,0,RFOTO-ABC,384,0.18076299256904965
S2,0,RFOTO-ABC,389,0.18076299256904965
S2,0,RFOTO-ABC,394,0.18076299256904965
S2,0,RFOTO-ABC,399,0.18076299256904965
S2,0,RFOTO-ABC,404,0.18076299256904965
S2,0,RFOTO-ABC,409,0.18076299256904965
S2,0,RFOTO-ABC,414,0.18076299256904965
S2,0,RFOTO-ABC,419,0.18076299256904965
S2,0,RFOTO-ABC,424,0.18076299256904965
S2,0,RFOTO-ABC,429,0.18076299256904965
S2,0,RFOTO-ABC,434,0.18076299256904965
S2,0,RFOTO-ABC,439,0.18076299256904965
S2,0,RFOTO-ABC,444,0.18076299256904965
S2,0,RFOTO-ABC,449,0.18049073440093424
S2,0,RFOTO-ABC,454,0.18049073440093424
S2,0,RFOTO-ABC,459,0.1783734997175677
S2,0,RFOTO-ABC,464,0.1783734997175677
S2,0,RFOTO-ABC,469,0.1783734997175677
S2,0,RFOTO-ABC,474,0.1783734997175677
S2,0,RFOTO-ABC,479,0.1783734997175677
S2,0,RFOTO-ABC,484,0.1783734997175677
S2,0,RFOTO-ABC,489,0.1783734997175677
S2,0,RFOTO-ABC,494,0.1783734997175677
S2,0,RFOTO-ABC,499,0.1783734997175677
S2,0,Standard-ABC,14,0.5822999114977766
S2,0,Standard-ABC,19,0.5822999114977766
S2,0,Standard-ABC,24,0.5822999114977766
S2,0,Standard-ABC,29,0.5822999114977766
S2,0,Standard-ABC,34,0.5822999114977766
S2,0,Standard-ABC,39,0.5822999114977766
S2,0,Standard-ABC,44,0.5822999114977766
S2,0,Standard-ABC,49,0.5822999114977766
S2,0,Standard-ABC,54,0.5822999114977766
S2,0,Standard-ABC,59,0.5822999114977766
S2,0,Standard-ABC,64,0.5822999114977766
S2,0,Standard-ABC,69,0.5822999114977766
S2,0,Standard-ABC,74,0.5822999114977766
S2,0,Standard-ABC,79,0.5822999114977766
S2,0,Standard-ABC,84,0.581638456278107
S2,0,Standard-ABC,89,0.581638456278107
S2,0,Standard-ABC,94,0.581638456278107
S2,0,Standard-ABC,99,0.581638456278107
S2,0,Standard-ABC,104,0.581638456278107
S2,0,Standard-ABC,109,0.581638456278107
S2,0,Standard-ABC,114,0.5774917465424844
S2,0,Standard-ABC,119,0.5774917465424844
S2,0,Standard-ABC,124,0.5774917465424844
S2,0,Standard-ABC,129,0.5774917465424844
S2,0,Standard-ABC,134,0.5552615206286657
S2,0,Standard-ABC,139,0.5552615206286657
S2,0,Standard-ABC,144,0.5552615206286657
S2,0,Standard-ABC,149,0.5552615206286657
S2,0,Standard-ABC,154,0.5552615206286657
S2,0,Standard-ABC,159,0.5552615206286657
S2,0,Standard-ABC,164,0.5552615206286657
S2,0,Standard-ABC,169,0.5552615206286657
S2,0,Standard-ABC,174,0.5552615206286657
S2,0,Standard-ABC,179,0.5552615206286657
S2,0,Standard-ABC,184,0.5552615206286657
S2,0,Standard-ABC,189,0.5552615206286657
S2,0,Standard-ABC,194,0.5552615206286657
S2,0,Standard-ABC,199,0.5552615206286657
S2,0,Standard-ABC,204,0.5552615206286657
S2,0,Standard-ABC,209,0.5552615206286657
S2,0,Standard-ABC,214,0.5552615206286657
S2,0,Standard-ABC,219,0.5521213203163252
S2,0,Standard-ABC,224,0.5396812764442737
S2,0,Standard-ABC,229,0.5396812764442737
S2,0,Standard-ABC,234,0.5396812764442737
S2,0,Standard-ABC,239,0.5396812764442737
S2,0,Standard-ABC,244,0.5396812764442737
S2,0,Standard-ABC,249,0.5396812764442737
S2,0,Standard-ABC,254,0.5396812764442737
S2,0,Standard-ABC,259,0.5396812764442737
S2,0,Standard-ABC,264,0.5396812764442737
S2,0,Standard-ABC,269,0.5396812764442737
S2,0,Standard-ABC,274,0.5396812764442737
S2,0,Standard-ABC,279,0.5396812764442737
S2,0,Standard-ABC,284,0.5396812764442737
S2,0,Standard-ABC,289,0.5396812764442737
S2,0,Standard-ABC,294,0.5202229472727724
S2,0,Standard-ABC,299,0.5202229472727724
S2,0,Standard-ABC,304,0.5096443226323761
S2,0,Standard-ABC,309,0.5096443226323761
S2,0,Standard-ABC,314,0.5096443226323761
S2,0,Standard-ABC,319,0.5065070819071451
S2,0,Standard-ABC,324,0.5065070819071451
S2,0,Standard-ABC,329,0.5065070819071451
S2,0,Standard-ABC,334,0.5065070819071451
S2,0,Standard-ABC,339,0.5065070819071451
S2,0,Standard-ABC,344,0.5065070819071451
S2,0,Standard-ABC,349,0.5065070819071451
S2,0,Standard-ABC,354,0.5065070819071451
S2,0,Standard-ABC,359,0.5065070819071451
S2,0,Standard-ABC,364,0.5065070819071451
S2,0,Standard-ABC,369,0.5065070819071451
S2,0,Standard-ABC,374,0.5065070819071451
S2,0,Standard-ABC,379,0.5065070819071451
S2,0,Standard-ABC,384,0.5065070819071451
S2,0,Standard-ABC,389,0.5065070819071451
S2,0,Standard-ABC,394,0.5065070819071451
S2,0,Standard-ABC,399,0.5065070819071451
S2,0,Standard-ABC,404,0.5065070819071451
S2,0,Standard-ABC,409,0.5065070819071451
S2,0,Standard-ABC,414,0.5024779440448245
S2,0,Standard-ABC,419,0.5024779440448245
S2,0,Standard-ABC,424,0.5024779440448245
S2,0,Standard-ABC,429,0.49344778846704374
S2,0,Standard-ABC,434,0.49344778846704374
S2,0,Standard-ABC,439,0.49344778846704374
S2,0,Standard-ABC,444,0.49264559309868083
S2,0,Standard-ABC,449,0.4923967407160876
S2,0,Standard-ABC,454,0.4923967407160876
S2,0,Standard-ABC,459,0.4895005941604824
S2,0,Standard-ABC,464,0.4895005941604824
S2,0,Standard-ABC,469,0.48888371747050363
S2,0,Standard-ABC,474,0.48888371747050363
S2,0,Standard-ABC,479,0.48888371747050363
S2,0,Standard-ABC,484,0.48888371747050363
S2,0,Standard-ABC,489,0.48888371747050363
S2,0,Standard-ABC,494,0.48888371747050363
S2,0,Standard-ABC,499,0.48888371747050363
S2,0,GA,14,0.5822999114977766
S2,0,GA,19,0.5822999114977766
S2,0,GA,24,0.5822999114977766
S2,0,GA,29,0.5026537960977757
S2,0,GA,34,0.4743644154366105
S2,0,GA,39,0.4743644154366105
S2,0,GA,44,0.4743644154366105
S2,0,GA,49,0.4743644154366105
S2,0,GA,54,0.4743644154366105
S2,0,GA,59,0.4577013471673828
S2,0,GA,64,0.4577013471673828
S2,0,GA,69,0.45517968305721845
S2,0,GA,74,0.4511687488617637
S2,0,GA,79,0.4511687488617637
S2,0,GA,84,0.44906183025440877
S2,0,GA,89,0.41735050195131107
S2,0,GA,94,0.41735050195131107
S2,0,GA,99,0.41735050195131107
S2,0,GA,104,0.41735050195131107
S2,0,GA,109,0.41735050195131107
S2,0,GA,114,0.41735050195131107
S2,0,GA,119,0.41735050195131107
S2,0,GA,124,0.41323635189748315
S2,0,GA,129,0.41323635189748315
S2,0,GA,134,0.39765113545832165
S2,0,GA,139,0.39765113545832165
S2,0,GA,144,0.39765113545832165
S2,0,GA,149,0.39765113545832165
S2,0,GA,154,0.39765113545832165
S2,0,GA,159,0.39425946952378255
S2,0,GA,164,0.39425946952378255
S2,0,GA,169,0.39425946952378255
S2,0,GA,174,0.3938584562686504
S2,0,GA,179,0.3938584562686504
S2,0,GA,184,0.38922629180800944
S2,0,GA,189,0.38922629180800944
S2,0,GA,194,0.3847833967526328
S2,0,GA,199,0.3847833967526328
S2,0,GA,204,0.3847833967526328
S2,0,GA,209,0.3847833967526328
S2,0,GA,214,0.3847833967526328
S2,0,GA,219,0.3847833967526328
S2,0,GA,224,0.38217270558423594
S2,0,GA,229,0.37798937584381226
S2,0,GA,234,0.37759359909485013
S2,0,GA,239,0.37759359909485013
S2,0,GA,244,0.3727789525683858
S2,0,GA,249,0.3727789525683858
S2,0,GA,254,0.3720451474076827
S2,0,GA,259,0.36833607306095173
S2,0,GA,264,0.36833607306095173
S2,0,GA,269,0.36833607306095173
S2,0,GA,274,0.3658582766089386
S2,0,GA,279,0.3557922143695518
S2,0,GA,284,0.3557922143695518
S2,0,GA,289,0.3557922143695518
S2,0,GA,294,0.3557922143695518
S2,0,GA,299,0.3557922143695518
S2,0,GA,304,0.3500603432841076
S2,0,GA,309,0.3500603432841076
S2,0,GA,314,0.3500603432841076
S2,0,GA,319,0.3483560318733062
S2,0,GA,324,0.3483560318733062
S2,0,GA,329,0.3479906081254325
S2,0,GA,334,0.3479906081254325
S2,0,GA,339,0.3479906081254325
S2,0,GA,344,0.3479906081254325
S2,0,GA,349,0.3479906081254325
S2,0,GA,354,0.3479906081254325
S2,0,GA,359,0.3479906081254325
S2,0,GA,364,0.3451504186414234
S2,0,GA,369,0.33917232394855706
S2,0,GA,374,0.33917232394855706
S2,0,GA,379,0.3390429489761009
S2,0,GA,384,0.3390429489761009
S2,0,GA,389,0.3390429489761009
S2,0,GA,394,0.3390429489761009
S2,0,GA,399,0.3390429489761009
S2,0,GA,404,0.33765074884767327
S2,0,GA,409,0.33658313681395136
S2,0,GA,414,0.3317572632305125
S2,0,GA,419,0.3317572632305125
S2,0,GA,424,0.33102302159645997
S2,0,GA,429,0.33102302159645997
S2,0,GA,434,0.33102302159645997
S2,0,GA,439,0.33102302159645997
S2,0,GA,444,0.33102302159645997
S2,0,GA,449,0.3297103136628216
S2,0,GA,454,0.3287763154792448
S2,0,GA,459,0.32647703444551646
S2,0,GA,464,0.32647703444551646
S2,0,GA,469,0.3253768626416137
S2,0,GA,474,0.3253768626416137
S2,0,GA,479,0.3253768626416137
S2,0,GA,484,0.3253768626416137
S2,0,GA,489,0.3224263265668687
S2,0,GA,494,0.31638240194266676
S2,0,GA,499,0.31638240194266676
S2,0,PSO,14,1.6688094625959646
S2,0,PSO,19,1.2506100768393595
S2,0,PSO,24,1.13545428585249
S2,0,PSO,29,1.13545428585249
S2,0,PSO,34,1.13545428585249
S2,0,PSO,39,1.0835200348125824
S2,0,PSO,44,1.0835200348125824
S2,0,PSO,49,1.0835200348125824
S2,0,PSO,54,0.929424476622123
S2,0,PSO,59,0.929424476622123
S2,0,PSO,64,0.929424476622123
S2,0,PSO,69,0.929424476622123
S2,0,PSO,74,0.929424476622123
S2,0,PSO,79,0.929424476622123
S2,0,PSO,84,0.9280553960065514
S2,0,PSO,89,0.9280553960065514
S2,0,PSO,94,0.9280553960065514
S2,0,PSO,99,0.8798275797274694
S2,0,PSO,104,0.8688083102524106
S2,0,PSO,109,0.8688083102524106
S2,0,PSO,114,0.8315359069097119
S2,0,PSO,119,0.8315359069097119
S2,0,PSO,124,0.8315359069097119
S2,0,PSO,129,0.8315359069097119
S2,0,PSO,134,0.8315359069097119
S2,0,PSO,139,0.8315359069097119
S2,0,PSO,144,0.8315359069097119
S2,0,PSO,149,0.8315359069097119
S2,0,PSO,154,0.7567839329902857
S2,0,PSO,159,0.7567839329902857
S2,0,PSO,164,0.7567839329902857
S2,0,PSO,169,0.7567839329902857
S2,0,PSO,174,0.7567839329902857
S2,0,PSO,179,0.7567839329902857
S2,0,PSO,184,0.7567839329902857
S2,0,PSO,189,0.7567839329902857
S2,0,PSO,194,0.7567839329902857
S2,0,PSO,199,0.7206764499390128
S2,0,PSO,204,0.7206764499390128
S2,0,PSO,209,0.7206764499390128
S2,0,PSO,214,0.7206764499390128
S2,0,PSO,219,0.7206764499390128
S2,0,PSO,224,0.7206764499390128
S2,0,PSO,229,0.7206764499390128
S2,0,PSO,234,0.7206764499390128
S2,0,PSO,239,0.7121230090886341
S2,0,PSO,244,0.7121230090886341
S2,0,PSO,249,0.6556781322725278
S2,0,PSO,254,0.6556781322725278
S2,0,PSO,259,0.6556781322725278
S2,0,PSO,264,0.6556781322725278
S2,0,PSO,269,0.6556781322725278
S2,0,PSO,274,0.6556781322725278
S2,0,PSO,279,0.6544768642342533
S2,0,PSO,284,0.6544768642342533
S2,0,PSO,289,0.6544768642342533
S2,0,PSO,294,0.6443533534364094
S2,0,PSO,299,0.621378152580729
S2,0,PSO,304,0.621378152580729
S2,0,PSO,309,0.621378152580729
S2,0,PSO,314,0.621378152580729
S2,0,PSO,319,0.621378152580729
S2,0,PSO,324,0.621378152580729
S2,0,PSO,329,0.621378152580729
S2,0,PSO,334,0.621378152580729
S2,0,PSO,339,0.621378152580729
S2,0,PSO,344,0.621378152580729
S2,0,PSO,349,0.621378152580729
S2,0,PSO,354,0.621378152580729
S2,0,PSO,359,0.621378152580729
S2,0,PSO,364,0.621378152580729
S2,0,PSO,369,0.5898496312063574
S2,0,PSO,374,0.5898496312063574
S2,0,PSO,379,0.5898496312063574
S2,0,PSO,384,0.5892960196541508
S2,0,PSO,389,0.5497863237444589
S2,0,PSO,394,0.5497863237444589
S2,0,PSO,399,0.5497863237444589
S2,0,PSO,404,0.5497863237444589
S2,0,PSO,409,0.5497863237444589
S2,0,PSO,414,0.5497863237444589
S2,0,PSO,419,0.5497863237444589
S2,0,PSO,424,0.5497863237444589
S2,0,PSO,429,0.5497863237444589
S2,0,PSO,434,0.5497863237444589
S2,0,PSO,439,0.5497863237444589
S2,0,PSO,444,0.5497863237444589
S2,0,PSO,449,0.5497863237444589
S2,0,PSO,454,0.5497863237444589
S2,0,PSO,459,0.5497863237444589
S2,0,PSO,464,0.5453922373976953
S2,0,PSO,469,0.5453922373976953
S2,0,PSO,474,0.5453922373976953
S2,0,PSO,479,0.5453922373976953
S2,0,PSO,484,0.5453922373976953
S2,0,PSO,489,0.5453922373976953
S2,0,PSO,494,0.5453922373976953
S2,0,PSO,499,0.5453922373976953
S2,0,DE,14,1.6688094625959646
S2,0,DE,19,1.6688094625959646
S2,0,DE,24,1.6688094625959646
S2,0,DE,29,1.6688094625959646
S2,0,DE,34,1.6688094625959646
S2,0,DE,39,1.6688094625959646
S2,0,DE,44,1.6688094625959646
S2,0,DE,49,1.6688094625959646
S2,0,DE,54,1.6688094625959646
S2,0,DE,59,1.6688094625959646
S2,0,DE,64,1.6688094625959646
S2,0,DE,69,1.6688094625959646
S2,0,DE,74,1.6688094625959646
S2,0,DE,79,1.6688094625959646
S2,0,DE,84,1.6688094625959646
S2,0,DE,89,1.6688094625959646
S2,0,DE,94,1.6688094625959646
S2,0,DE,99,1.6688094625959646
S2,0,DE,104,1.6688094625959646
S2,0,DE,109,1.6092195178794444
S2,0,DE,114,1.6092195178794444
S2,0,DE,119,1.6092195178794444
S2,0,DE,124,1.6092195178794444
S2,0,DE,129,1.6092195178794444
S2,0,DE,134,1.6092195178794444
S2,0,DE,139,1.6092195178794444
S2,0,DE,144,1.5884221554992095
S2,0,DE,149,1.5884221554992095
S2,0,DE,154,1.5663567935744427
S2,0,DE,159,1.5663567935744427
S2,0,DE,164,1.5663567935744427
S2,0,DE,169,1.380967793014567
S2,0,DE,174,1.380967793014567
S2,0,DE,179,1.380967793014567
S2,0,DE,184,1.087615028464925
S2,0,DE,189,1.087615028464925
S2,0,DE,194,1.072850570054977
S2,0,DE,199,1.072850570054977
S2,0,DE,204,1.072850570054977
S2,0,DE,209,1.072850570054977
S2,0,DE,214,1.072850570054977
S2,0,DE,219,1.072850570054977
S2,0,DE,224,1.072850570054977
S2,0,DE,229,1.072850570054977
S2,0,DE,234,1.072850570054977
S2,0,DE,239,1.072850570054977
S2,0,DE,244,1.072850570054977
S2,0,DE,249,1.072850570054977
S2,0,DE,254,1.072850570054977
S2,0,DE,259,1.072850570054977
S2,0,DE,264,1.072850570054977
S2,0,DE,269,1.072850570054977
S2,0,DE,274,1.072850570054977
S2,0,DE,279,1.072850570054977
S2,0,DE,284,1.072850570054977
S2,0,DE,289,1.072850570054977
S2,0,DE,294,1.072850570054977
S2,0,DE,299,0.9558347461804881
S2,0,DE,304,0.9558347461804881
S2,0,DE,309,0.9558347461804881
S2,0,DE,314,0.9558347461804881
S2,0,DE,319,0.9558347461804881
S2,0,DE,324,0.9558347461804881
S2,0,DE,329,0.9558347461804881
S2,0,DE,334,0.9558347461804881
S2,0,DE,339,0.9558347461804881
S2,0,DE,344,0.9558347461804881
S2,0,DE,349,0.9558347461804881
S2,0,DE,354,0.9558347461804881
S2,0,DE,359,0.9558347461804881
S2,0,DE,364,0.9558347461804881
S2,0,DE,369,0.9558347461804881
S2,0,DE,374,0.9558347461804881
S2,0,DE,379,0.9558347461804881
S2,0,DE,384,0.9558347461804881
S2,0,DE,389,0.9558347461804881
S2,0,DE,394,0.9558347461804881
S2,0,DE,399,0.9558347461804881
S2,0,DE,404,0.9558347461804881
S2,0,DE,409,0.9558347461804881
S2,0,DE,414,0.9558347461804881
S2,0,DE,419,0.9558347461804881
S2,0,DE,424,0.9558347461804881
S2,0,DE,429,0.9558347461804881
S2,0,DE,434,0.9558347461804881
S2,0,DE,439,0.9558347461804881
S2,0,DE,444,0.9558347461804881
S2,0,DE,449,0.9558347461804881
S2,0,DE,454,0.9558347461804881
S2,0,DE,459,0.9558347461804881
S2,0,DE,464,0.9558347461804881
S2,0,DE,469,0.9558347461804881
S2,0,DE,474,0.9558347461804881
S2,0,DE,479,0.9558347461804881
S2,0,DE,484,0.9558347461804881
S2,0,DE,489,0.9558347461804881
S2,0,DE,494,0.9558347461804881
S2,0,DE,499,0.9558347461804881
S2,1,RFOTO-ABC,14,0.27721995782978925
S2,1,RFOTO-ABC,19,0.27721995782978925
S2,1,RFOTO-ABC,24,0.27721995782978925
S2,1,RFOTO-ABC,29,0.27721995782978925
S2,1,RFOTO-ABC,34,0.27721995782978925
S2,1,RFOTO-ABC,39,0.27721995782978925
S2,1,RFOTO-ABC,44,0.27721995782978925
S2,1,RFOTO-ABC,49,0.27721995782978925
S2,1,RFOTO-ABC,54,0.27721995782978925
S2,1,RFOTO-ABC,59,0.27721995782978925
S2,1,RFOTO-ABC,64,0.27721995782978925
S2,1,RFOTO-ABC,69,0.27721995782978925
S2,1,RFOTO-ABC,74,0.27721995782978925
S2,1,RFOTO-ABC,79,0.27721995782978925
S2,1,RFOTO-ABC,84,0.27721995782978925
S2,1,RFOTO-ABC,89,0.27721995782978925
S2,1,RFOTO-ABC,94,0.27721995782978925
S2,1,RFOTO-ABC,99,0.27721995782978925
S2,1,RFOTO-ABC,104,0.27721995782978925
S2,1,RFOTO-ABC,109,0.27721995782978925
S2,1,RFOTO-ABC,114,0.27721995782978925
S2,1,RFOTO-ABC,119,0.27721995782978925
S2,1,RFOTO-ABC,124,0.27721995782978925
S2,1,RFOTO-ABC,129,0.27721995782978925
S2,1,RFOTO-ABC,134,0.27721995782978925
S2,1,RFOTO-ABC,139,0.27721995782978925
S2,1,RFOTO-ABC,144,0.27721995782978925
S2,1,RFOTO-ABC,149,0.2765227436640072
S2,1,RFOTO-ABC,154,0.2765227436640072
S2,1,RFOTO-ABC,159,0.2765227436640072
S2,1,RFOTO-ABC,164,0.2765227436640072
S2,1,RFOTO-ABC,169,0.2765227436640072
S2,1,RFOTO-ABC,174,0.2765227436640072
S2,1,RFOTO-ABC,179,0.2765227436640072
S2,1,RFOTO-ABC,184,0.2765227436640072
S2,1,RFOTO-ABC,189,0.2765227436640072
S2,1,RFOTO-ABC,194,0.2765227436640072
S2,1,RFOTO-ABC,199,0.2765227436640072
S2,1,RFOTO-ABC,204,0.2765227436640072
S2,1,RFOTO-ABC,209,0.2765227436640072
S2,1,RFOTO-ABC,214,0.2765227436640072
S2,1,RFOTO-ABC,219,0.2765227436640072
S2,1,RFOTO-ABC,224,0.2765227436640072
S2,1,RFOTO-ABC,229,0.2765227436640072
S2,1,RFOTO-ABC,234,0.2765227436640072
S2,1,RFOTO-ABC,239,0.2765227436640072
S2,1,RFOTO-ABC,244,0.2765227436640072
S2,1,RFOTO-ABC,249,0.2765227436640072
S2,1,RFOTO-ABC,254,0.274673267185273
S2,1,RFOTO-ABC,259,0.274673267185273
S2,1,RFOTO-ABC,264,0.274673267185273
S2,1,RFOTO-ABC,269,0.274673267185273
S2,1,RFOTO-ABC,274,0.274673267185273
S2,1,RFOTO-ABC,279,0.274673267185273
S2,1,RFOTO-ABC,284,0.274673267185273
S2,1,RFOTO-ABC,289,0.274673267185273
S2,1,RFOTO-ABC,294,0.274673267185273
S2,1,RFOTO-ABC,299,0.274673267185273
S2,1,RFOTO-ABC,304,0.274673267185273
S2,1,RFOTO-ABC,309,0.274673267185273
S2,1,RFOTO-ABC,314,0.274673267185273
S2,1,RFOTO-ABC,319,0.274673267185273
S2,1,RFOTO-ABC,324,0.274673267185273
S2,1,RFOTO-ABC,329,0.274673267185273
S2,1,RFOTO-ABC,334,0.274673267185273
S2,1,RFOTO-ABC,339,0.274673267185273
S2,1,RFOTO-ABC,344,0.274673267185273
S2,1,RFOTO-ABC,349,0.274673267185273
S2,1,RFOTO-ABC,354,0.274673267185273
S2,1,RFOTO-ABC,359,0.274673267185273
S2,1,RFOTO-ABC,364,0.2742345160783725
S2,1,RFOTO-ABC,369,0.2741071607270281
S2,1,RFOTO-ABC,374,0.2741071607270281
S2,1,RFOTO-ABC,379,0.2741071607270281
S2,1,RFOTO-ABC,384,0.2741071607270281
S2,1,RFOTO-ABC,389,0.2741071607270281
S2,1,RFOTO-ABC,394,0.2741071607270281
S2,1,RFOTO-ABC,399,0.2741071607270281
S2,1,RFOTO-ABC,404,0.2741071607270281
S2,1,RFOTO-ABC,409,0.2741071607270281
S2,1,RFOTO-ABC,414,0.2738115838049804
S2,1,RFOTO-ABC,419,0.2738115838049804
S2,1,RFOTO-ABC,424,0.2738115838049804
S2,1,RFOTO-ABC,429,0.2738115838049804
S2,1,RFOTO-ABC,434,0.2738115838049804
S2,1,RFOTO-ABC,439,0.2738115838049804
S2,1,RFOTO-ABC,444,0.2738115838049804
S2,1,RFOTO-ABC,449,0.2738115838049804
S2,1,RFOTO-ABC,454,0.2738115838049804
S2,1,RFOTO-ABC,459,0.2738115838049804
S2,1,RFOTO-ABC,464,0.2738115838049804
S2,1,RFOTO-ABC,469,0.2738115838049804
S2,1,RFOTO-ABC,474,0.2738115838049804
S2,1,RFOTO-ABC,479,0.2738115838049804
S2,1,RFOTO-ABC,484,0.2738115838049804
S2,1,RFOTO-ABC,489,0.2738115838049804
S2,1,RFOTO-ABC,494,0.2738115838049804
S2,1,RFOTO-ABC,499,0.2738115838049804
S2,1,Standard-ABC,14,0.6291158404288388
S2,1,Standard-ABC,19,0.6291158404288388
S2,1,Standard-ABC,24,0.6291158404288388
S2,1,Standard-ABC,29,0.6291158404288388
S2,1,Standard-ABC,34,0.6291158404288388
S2,1,Standard-ABC,39,0.6291158404288388
S2,1,Standard-ABC,44,0.6291158404288388
S2,1,Standard-ABC,49,0.622567153105982
S2,1,Standard-ABC,54,0.622567153105982
S2,1,Standard-ABC,59,0.622567153105982
S2,1,Standard-ABC,64,0.622567153105982
S2,1,Standard-ABC,69,0.622567153105982
S2,1,Standard-ABC,74,0.622567153105982
S2,1,Standard-ABC,79,0.622567153105982
S2,1,Standard-ABC,84,0.622567153105982
S2,1,Standard-ABC,89,0.622567153105982
S2,1,Standard-ABC,94,0.622567153105982
S2,1,Standard-ABC,99,0.622567153105982
S2,1,Standard-ABC,104,0.622567153105982
S2,1,Standard-ABC,109,0.622567153105982
S2,1,Standard-ABC,114,0.622567153105982
S2,1,Standard-ABC,119,0.622567153105982
S2,1,Standard-ABC,124,0.622567153105982
S2,1,Standard-ABC,129,0.622567153105982
S2,1,Standard-ABC,134,0.622567153105982
S2,1,Standard-ABC,139,0.622567153105982
S2,1,Standard-ABC,144,0.5997651268972864
S2,1,Standard-ABC,149,0.5997651268972864
S2,1,Standard-ABC,154,0.5941124231144342
S2,1,Standard-ABC,159,0.5941124231144342
S2,1,Standard-ABC,164,0.5922201396380528
S2,1,Standard-ABC,169,0.5922201396380528
S2,1,Standard-ABC,174,0.5922201396380528
S2,1,Standard-ABC,179,0.5922201396380528
S2,1,Standard-ABC,184,0.5792679757522101
S2,1,Standard-ABC,189,0.5792679757522101
S2,1,Standard-ABC,194,0.5792679757522101
S2,1,Standard-ABC,199,0.5792679757522101
S2,1,Standard-ABC,204,0.5792679757522101
S2,1,Standard-ABC,209,0.5792679757522101
S2,1,Standard-ABC,214,0.5792679757522101
S2,1,Standard-ABC,219,0.5792679757522101
S2,1,Standard-ABC,224,0.5792679757522101
S2,1,Standard-ABC,229,0.5792679757522101
S2,1,Standard-ABC,234,0.5565932495462022
S2,1,Standard-ABC,239,0.5565932495462022
S2,1,Standard-ABC,244,0.5565932495462022
S2,1,Standard-ABC,249,0.5565932495462022
S2,1,Standard-ABC,254,0.5565932495462022
S2,1,Standard-ABC,259,0.5565932495462022
S2,1,Standard-ABC,264,0.5348313532853718
S2,1,Standard-ABC,269,0.5348313532853718
S2,1,Standard-ABC,274,0.5348313532853718
S2,1,Standard-ABC,279,0.5348313532853718
S2,1,Standard-ABC,284,0.5348313532853718
S2,1,Standard-ABC,289,0.5348313532853718
S2,1,Standard-ABC,294,0.5348313532853718
S2,1,Standard-ABC,299,0.5348313532853718
S2,1,Standard-ABC,304,0.5348313532853718
S2,1,Standard-ABC,309,0.5348313532853718
S2,1,Standard-ABC,314,0.5333859291431443
S2,1,Standard-ABC,319,0.5333859291431443
S2,1,Standard-ABC,324,0.5333859291431443
S2,1,Standard-ABC,329,0.5333859291431443
S2,1,Standard-ABC,334,0.5333859291431443
S2,1,Standard-ABC,339,0.5333859291431443
S2,1,Standard-ABC,344,0.5333859291431443
S2,1,Standard-ABC,349,0.5333859291431443
S2,1,Standard-ABC,354,0.5333859291431443
S2,1,Standard-ABC,359,0.5333859291431443
S2,1,Standard-ABC,364,0.5333859291431443
S2,1,Standard-ABC,369,0.5333859291431443
S2,1,Standard-ABC,374,0.5333859291431443
S2,1,Standard-ABC,379,0.5333859291431443
S2,1,Standard-ABC,384,0.5333859291431443
S2,1,Standard-ABC,389,0.5333859291431443
S2,1,Standard-ABC,394,0.5333859291431443
S2,1,Standard-ABC,399,0.5333859291431443
S2,1,Standard-ABC,404,0.5299242962972679
S2,1,Standard-ABC,409,0.5299242962972679
S2,1,Standard-ABC,414,0.5299242962972679
S2,1,Standard-ABC,419,0.5299242962972679
S2,1,Standard-ABC,424,0.5299242962972679
S2,1,Standard-ABC,429,0.5299242962972679
S2,1,Standard-ABC,434,0.5299242962972679
S2,1,Standard-ABC,439,0.5299242962972679
S2,1,Standard-ABC,444,0.5299242962972679
S2,1,Standard-ABC,449,0.5299242962972679
S2,1,Standard-ABC,454,0.5299242962972679
S2,1,Standard-ABC,459,0.5299242962972679
S2,1,Standard-ABC,464,0.5299242962972679
S2,1,Standard-ABC,469,0.5299242962972679
S2,1,Standard-ABC,474,0.5299242962972679
S2,1,Standard-ABC,479,0.5299242962972679
S2,1,Standard-ABC,484,0.5299242962972679
S2,1,Standard-ABC,489,0.5299242962972679
S2,1,Standard-ABC,494,0.5299242962972679
S2,1,Standard-ABC,499,0.5299242962972679
S2,1,GA,14,0.6291158404288388
S2,1,GA,19,0.6066629801750293
S2,1,GA,24,0.6066629801750293
S2,1,GA,29,0.5526118839383769
S2,1,GA,34,0.5526118839383769
S2,1,GA,39,0.5526118839383769
S2,1,GA,44,0.5526118839383769
S2,1,GA,49,0.5223747095073694
S2,1,GA,54,0.5223747095073694
S2,1,GA,59,0.519555355291809
S2,1,GA,64,0.47852125382652066
S2,1,GA,69,0.47852125382652066
S2,1,GA,74,0.47852125382652066
S2,1,GA,79,0.47852125382652066
S2,1,GA,84,0.4690544957175312
S2,1,GA,89,0.4690544957175312
S2,1,GA,94,0.4690544957175312
S2,1,GA,99,0.4690544957175312
S2,1,GA,104,0.4682786151317918
S2,1,GA,109,0.4682786151317918
S2,1,GA,114,0.45640826811830054
S2,1,GA,119,0.45640826811830054
S2,1,GA,124,0.45640826811830054
S2,1,GA,129,0.45640826811830054
S2,1,GA,134,0.45237758583799065
S2,1,GA,139,0.45237758583799065
S2,1,GA,144,0.44698794147602894
S2,1,GA,149,0.44698794147602894
S2,1,GA,154,0.44177606359214044
S2,1,GA,159,0.44177606359214044
S2,1,GA,164,0.4380843879218035
S2,1,GA,169,0.4325173005753274
S2,1,GA,174,0.4325173005753274
S2,1,GA,179,0.4325173005753274
S2,1,GA,184,0.4325173005753274
S2,1,GA,189,0.419065786408974
S2,1,GA,194,0.419065786408974
S2,1,GA,199,0.419065786408974
S2,1,GA,204,0.419065786408974
S2,1,GA,209,0.419065786408974
S2,1,GA,214,0.419065786408974
S2,1,GA,219,0.419065786408974
S2,1,GA,224,0.419065786408974
S2,1,GA,229,0.419065786408974
S2,1,GA,234,0.407051461705724
S2,1,GA,239,0.407051461705724
S2,1,GA,244,0.407051461705724
S2,1,GA,249,0.407051461705724
S2,1,GA,254,0.407051461705724
S2,1,GA,259,0.407051461705724
S2,1,GA,264,0.407051461705724
S2,1,GA,269,0.407051461705724
S2,1,GA,274,0.407051461705724
S2,1,GA,279,0.407051461705724
S2,1,GA,284,0.407051461705724
S2,1,GA,289,0.407051461705724
S2,1,GA,294,0.407051461705724
S2,1,GA,299,0.407051461705724
S2,1,GA,304,0.407051461705724
S2,1,GA,309,0.407051461705724
S2,1,GA,314,0.403582535758682
S2,1,GA,319,0.403582535758682
S2,1,GA,324,0.39836642277554074
S2,1,GA,329,0.39836642277554074
S2,1,GA,334,0.39836642277554074
S2,1,GA,339,0.39836642277554074
S2,1,GA,344,0.39836642277554074
S2,1,GA,349,0.39836642277554074
S2,1,GA,354,0.39836642277554074
S2,1,GA,359,0.39836642277554074
S2,1,GA,364,0.39836642277554074
S2,1,GA,369,0.39836642277554074
S2,1,GA,374,0.39836642277554074
S2,1,GA,379,0.39657158719683033
S2,1,GA,384,0.3944082496151225
S2,1,GA,389,0.39390505470587495
S2,1,GA,394,0.39390505470587495
S2,1,GA,399,0.39390505470587495
S2,1,GA,404,0.38788973245695824
S2,1,GA,409,0.38788973245695824
S2,1,GA,414,0.38788973245695824
S2,1,GA,419,0.386977080033821
S2,1,GA,424,0.38681694967429964
S2,1,GA,429,0.38681694967429964
S2,1,GA,434,0.3809698097049205
S2,1,GA,439,0.3809698097049205
S2,1,GA,444,0.3809698097049205
S2,1,GA,449,0.3809698097049205
S2,1,GA,454,0.3809698097049205
S2,1,GA,459,0.3809698097049205
S2,1,GA,464,0.3809698097049205
S2,1,GA,469,0.3809698097049205
S2,1,GA,474,0.3809698097049205
S2,1,GA,479,0.3809698097049205
S2,1,GA,484,0.3809698097049205
S2,1,GA,489,0.3809698097049205
S2,1,GA,494,0.3809698097049205
S2,1,GA,499,0.37907436604418215
S2,1,PSO,14,2.173917078164719
S2,1,PSO,19,2.1059574369494056
S2,1,PSO,24,1.677502679152953
S2,1,PSO,29,1.5919000427419852
S2,1,PSO,34,1.5919000427419852
S2,1,PSO,39,1.5919000427419852
S2,1,PSO,44,1.5919000427419852
S2,1,PSO,49,1.5919000427419852
S2,1,PSO,54,1.454116140549276
S2,1,PSO,59,1.454116140549276
S2,1,PSO,64,1.4320905652507934
S2,1,PSO,69,1.091163561793224
S2,1,PSO,74,1.091163561793224
S2,1,PSO,79,1.091163561793224
S2,1,PSO,84,1.091163561793224
S2,1,PSO,89,1.091163561793224
S2,1,PSO,94,1.091163561793224
S2,1,PSO,99,1.091163561793224
S2,1,PSO,104,1.091163561793224
S2,1,PSO,109,1.022612500523526
S2,1,PSO,114,1.022612500523526
S2,1,PSO,119,1.022612500523526
S2,1,PSO,124,1.022612500523526
S2,1,PSO,129,1.022612500523526
S2,1,PSO,134,1.022612500523526
S2,1,PSO,139,1.022612500523526
S2,1,PSO,144,1.022612500523526
S2,1,PSO,149,1.022612500523526
S2,1,PSO,154,1.022612500523526
S2,1,PSO,159,1.022612500523526
S2,1,PSO,164,1.022612500523526
S2,1,PSO,169,1.022612500523526
S2,1,PSO,174,0.9942974290784176
S2,1,PSO,179,0.9942974290784176
S2,1,PSO,184,0.9714456110703722
S2,1,PSO,189,0.9330278931248537
S2,1,PSO,194,0.9330278931248537
S2,1,PSO,199,0.9330278931248537
S2,1,PSO,204,0.9330278931248537
S2,1,PSO,209,0.9330278931248537
S2,1,PSO,214,0.9330278931248537
S2,1,PSO,219,0.9330278931248537
S2,1,PSO,224,0.9116094659209205
S2,1,PSO,229,0.8771252517528735
S2,1,PSO,234,0.8771252517528735
S2,1,PSO,239,0.8695491792734865
S2,1,PSO,244,0.8695491792734865
S2,1,PSO,249,0.8695491792734865
S2,1,PSO,254,0.8695491792734865
S2,1,PSO,259,0.8695491792734865
S2,1,PSO,264,0.8695491792734865
S2,1,PSO,269,0.8695491792734865
S2,1,PSO,274,0.8593657865964911
S2,1,PSO,279,0.8593657865964911
S2,1,PSO,284,0.8345972347859395
S2,1,PSO,289,0.8345972347859395
S2,1,PSO,294,0.8230899908572112
S2,1,PSO,299,0.8044613312679708
S2,1,PSO,304,0.8044613312679708
S2,1,PSO,309,0.8044613312679708
S2,1,PSO,314,0.8044613312679708
S2,1,PSO,319,0.8044613312679708
S2,1,PSO,324,0.7969530537579557
S2,1,PSO,329,0.7969530537579557
S2,1,PSO,334,0.7952093239402122
S2,1,PSO,339,0.7898607968590311
S2,1,PSO,344,0.7898607968590311
S2,1,PSO,349,0.7898607968590311
S2,1,PSO,354,0.7877387610649259
S2,1,PSO,359,0.786237964689497
S2,1,PSO,364,0.7839778862145294
S2,1,PSO,369,0.7830018086688381
S2,1,PSO,374,0.7830018086688381
S2,1,PSO,379,0.7815270177220922
S2,1,PSO,384,0.779302417955212
S2,1,PSO,389,0.774345897618322
S2,1,PSO,394,0.7719974752811782
S2,1,PSO,399,0.770404428176411
S2,1,PSO,404,0.770404428176411
S2,1,PSO,409,0.770404428176411
S2,1,PSO,414,0.7675683969532019
S2,1,PSO,419,0.7675683969532019
S2,1,PSO,424,0.7616389873927966
S2,1,PSO,429,0.7577001798690086
S2,1,PSO,434,0.7577001798690086
S2,1,PSO,439,0.7549133449814719
S2,1,PSO,444,0.7549133449814719
S2,1,PSO,449,0.7549133449814719
S2,1,PSO,454,0.7549133449814719
S2,1,PSO,459,0.7549133449814719
S2,1,PSO,464,0.7549133449814719
S2,1,PSO,469,0.7549133449814719
S2,1,PSO,474,0.7549133449814719
S2,1,PSO,479,0.7543815624198844
S2,1,PSO,484,0.7524199809150179
S2,1,PSO,489,0.7524199809150179
S2,1,PSO,494,0.751260096995639
S2,1,PSO,499,0.749055151260169
S2,1,DE,14,2.173917078164719
S2,1,DE,19,2.1697444837018325
S2,1,DE,24,2.1697444837018325
S2,1,DE,29,1.7755224781067023
S2,1,DE,34,1.7755224781067023
S2,1,DE,39,1.7755224781067023
S2,1,DE,44,1.6625197415427404
S2,1,DE,49,1.6625197415427404
S2,1,DE,54,1.6625197415427404
S2,1,DE,59,1.6625197415427404
S2,1,DE,64,1.6625197415427404
S2,1,DE,69,1.6625197415427404
S2,1,DE,74,1.6625197415427404
S2,1,DE,79,1.6625197415427404
S2,1,DE,84,1.6625197415427404
S2,1,DE,89,1.6625197415427404
S2,1,DE,94,1.6625197415427404
S2,1,DE,99,1.6038610013759722
S2,1,DE,104,1.6038610013759722
S2,1,DE,109,1.6038610013759722
S2,1,DE,114,1.6038610013759722
S2,1,DE,119,1.6038610013759722
S2,1,DE,124,1.6038610013759722
S2,1,DE,129,1.6038610013759722
S2,1,DE,134,1.6038610013759722
S2,1,DE,139,1.6038610013759722
S2,1,DE,144,1.5673442288208046
S2,1,DE,149,1.3367789082538408
S2,1,DE,154,1.3367789082538408
S2,1,DE,159,1.3367789082538408
S2,1,DE,164,1.3367789082538408
S2,1,DE,169,1.3367789082538408
S2,1,DE,174,1.3367789082538408
S2,1,DE,179,1.3367789082538408
S2,1,DE,184,1.3367789082538408
S2,1,DE,189,1.3367789082538408
S2,1,DE,194,1.3367789082538408
S2,1,DE,199,1.3367789082538408
S2,1,DE,204,1.3367789082538408
S2,1,DE,209,1.3367789082538408
S2,1,DE,214,1.3367789082538408
S2,1,DE,219,1.3367789082538408
S2,1,DE,224,1.3367789082538408
S2,1,DE,229,1.3367789082538408
S2,1,DE,234,1.3367789082538408
S2,1,DE,239,1.3367789082538408
S2,1,DE,244,1.3367789082538408
S2,1,DE,249,1.3367789082538408
S2,1,DE,254,1.3367789082538408
S2,1,DE,259,1.3367789082538408
S2,1,DE,264,1.3367789082538408
S2,1,DE,269,1.3367789082538408
S2,1,DE,274,1.3367789082538408
S2,1,DE,279,1.3367789082538408
S2,1,DE,284,1.3367789082538408
S2,1,DE,289,1.3367789082538408
S2,1,DE,294,1.3367789082538408
S2,1,DE,299,1.2819294518682887
S2,1,DE,304,1.2819294518682887
S2,1,DE,309,1.2819294518682887
S2,1,DE,314,1.2819294518682887
S2,1,DE,319,1.2819294518682887
S2,1,DE,324,1.2819294518682887
S2,1,DE,329,1.2819294518682887
S2,1,DE,334,1.2819294518682887
S2,1,DE,339,1.2819294518682887
S2,1,DE,344,1.2333273236667766
S2,1,DE,349,1.1151766995270103
S2,1,DE,354,1.1151766995270103
S2,1,DE,359,1.1151766995270103
S2,1,DE,364,1.1151766995270103
S2,1,DE,369,1.1151766995270103
S2,1,DE,374,1.1151766995270103
S2,1,DE,379,1.1151766995270103
S2,1,DE,384,1.1151766995270103
S2,1,DE,389,1.1151766995270103
S2,1,DE,394,1.1151766995270103
S2,1,DE,399,1.1151766995270103
S2,1,DE,404,1.1151766995270103
S2,1,DE,409,1.1151766995270103
S2,1,DE,414,1.1151766995270103
S2,1,DE,419,1.1151766995270103
S2,1,DE,424,1.1151766995270103
S2,1,DE,429,1.1151766995270103
S2,1,DE,434,1.1151766995270103
S2,1,DE,439,1.1151766995270103
S2,1,DE,444,1.1151766995270103
S2,1,DE,449,1.1151766995270103
S2,1,DE,454,1.1151766995270103
S2,1,DE,459,1.1151766995270103
S2,1,DE,464,1.1151766995270103
S2,1,DE,469,1.1151766995270103
S2,1,DE,474,1.1151766995270103
S2,1,DE,479,1.1151766995270103
S2,1,DE,484,1.1151766995270103
S2,1,DE,489,1.1151766995270103
S2,1,DE,494,1.1151766995270103
S2,1,DE,499,1.1151766995270103
S2,2,RFOTO-ABC,14,0.17963240545434284
S2,2,RFOTO-ABC,19,0.17963240545434284
S2,2,RFOTO-ABC,24,0.17963240545434284
S2,2,RFOTO-ABC,29,0.17963240545434284
S2,2,RFOTO-ABC,34,0.17963240545434284
S2,2,RFOTO-ABC,39,0.17963240545434284
S2,2,RFOTO-ABC,44,0.1765848496235304
S2,2,RFOTO-ABC,49,0.1765848496235304
S2,2,RFOTO-ABC,54,0.1765848496235304
S2,2,RFOTO-ABC,59,0.1765848496235304
S2,2,RFOTO-ABC,64,0.1765848496235304
S2,2,RFOTO-ABC,69,0.1765848496235304
S2,2,RFOTO-ABC,74,0.1765848496235304
S2,2,RFOTO-ABC,79,0.1765848496235304
S2,2,RFOTO-ABC,84,0.1765848496235304
S2,2,RFOTO-ABC,89,0.1765848496235304
S2,2,RFOTO-ABC,94,0.17636574932609342
S2,2,RFOTO-ABC,99,0.17636574932609342
S2,2,RFOTO-ABC,104,0.17636574932609342
S2,2,RFOTO-ABC,109,0.17636574932609342
S2,2,RFOTO-ABC,114,0.17636574932609342
S2,2,RFOTO-ABC,119,0.17636574932609342
S2,2,RFOTO-ABC,124,0.17636574932609342
S2,2,RFOTO-ABC,129,0.17636574932609342
S2,2,RFOTO-ABC,134,0.17636574932609342
S2,2,RFOTO-ABC,139,0.17636574932609342
S2,2,RFOTO-ABC,144,0.17636574932609342
S2,2,RFOTO-ABC,149,0.17636574932609342
S2,2,RFOTO-ABC,154,0.17636574932609342
S2,2,RFOTO-ABC,159,0.17636574932609342
S2,2,RFOTO-ABC,164,0.17636574932609342
S2,2,RFOTO-ABC,169,0.17636574932609342
S2,2,RFOTO-ABC,174,0.17636574932609342
S2,2,RFOTO-ABC,179,0.17636574932609342
S2,2,RFOTO-ABC,184,0.17636574932609342
S2,2,RFOTO-ABC,189,0.17636574932609342
S2,2,RFOTO-ABC,194,0.17636574932609342
S2,2,RFOTO-ABC,199,0.17636574932609342
S2,2,RFOTO-ABC,204,0.17628637032165387
S2,2,RFOTO-ABC,209,0.17628637032165387
S2,2,RFOTO-ABC,214,0.17628637032165387
S2,2,RFOTO-ABC,219,0.17628637032165387
S2,2,RFOTO-ABC,224,0.17628637032165387
S2,2,RFOTO-ABC,229,0.17628637032165387
S2,2,RFOTO-ABC,234,0.17628637032165387
S2,2,RFOTO-ABC,239,0.17628637032165387
S2,2,RFOTO-ABC,244,0.17628637032165387
S2,2,RFOTO-ABC,249,0.17628637032165387
S2,2,RFOTO-ABC,254,0.17628637032165387
S2,2,RFOTO-ABC,259,0.17628637032165387
S2,2,RFOTO-ABC,264,0.17628637032165387
S2,2,RFOTO-ABC,269,0.17628637032165387
S2,2,RFOTO-ABC,274,0.17628637032165387
S2,2,RFOTO-ABC,279,0.17406933584789827
S2,2,RFOTO-ABC,284,0.17260459644439868
S2,2,RFOTO-ABC,289,0.17260459644439868
S2,2,RFOTO-ABC,294,0.17260459644439868
S2,2,RFOTO-ABC,299,0.17260459644439868
S2,2,RFOTO-ABC,304,0.17260459644439868
S2,2,RFOTO-ABC,309,0.17260459644439868
S2,2,RFOTO-ABC,314,0.17260459644439868
S2,2,RFOTO-ABC,319,0.17260459644439868
S2,2,RFOTO-ABC,324,0.17260459644439868
S2,2,RFOTO-ABC,329,0.17260459644439868
S2,2,RFOTO-ABC,334,0.17260459644439868
S2,2,RFOTO-ABC,339,0.17260459644439868
S2,2,RFOTO-ABC,344,0.17260459644439868
S2,2,RFOTO-ABC,349,0.17260459644439868
S2,2,RFOTO-ABC,354,0.17260459644439868
S2,2,RFOTO-ABC,359,0.17260459644439868
S2,2,RFOTO-ABC,364,0.17260459644439868
S2,2,RFOTO-ABC,369,0.17260459644439868
S2,2,RFOTO-ABC,374,0.17156303116363317
S2,2,RFOTO-ABC,379,0.17156303116363317
S2,2,RFOTO-ABC,384,0.17156303116363317
S2,2,RFOTO-ABC,389,0.17156303116363317
S2,2,RFOTO-ABC,394,0.17156303116363317
S2,2,RFOTO-ABC,399,0.17156303116363317
S2,2,RFOTO-ABC,404,0.17156303116363317
S2,2,RFOTO-ABC,409,0.17156303116363317
S2,2,RFOTO-ABC,414,0.17156303116363317
S2,2,RFOTO-ABC,419,0.17156303116363317
S2,2,RFOTO-ABC,424,0.17156303116363317
S2,2,RFOTO-ABC,429,0.17156303116363317
S2,2,RFOTO-ABC,434,0.17156303116363317
S2,2,RFOTO-ABC,439,0.17069830338027608
S2,2,RFOTO-ABC,444,0.17069830338027608
S2,2,RFOTO-ABC,449,0.17069830338027608
S2,2,RFOTO-ABC,454,0.17069830338027608
S2,2,RFOTO-ABC,459,0.16948962921358773
S2,2,RFOTO-ABC,464,0.16948962921358773
S2,2,RFOTO-ABC,469,0.16948962921358773
S2,2,RFOTO-ABC,474,0.16948962921358773
S2,2,RFOTO-ABC,479,0.16948962921358773
S2,2,RFOTO-ABC,484,0.16922259601931233
S2,2,RFOTO-ABC,489,0.16922259601931233
S2,2,RFOTO-ABC,494,0.16922259601931233
S2,2,RFOTO-ABC,499,0.16922259601931233
S2,2,Standard-ABC,14,0.5945550316553346
S2,2,Standard-ABC,19,0.5945550316553346
S2,2,Standard-ABC,24,0.5945550316553346
S2,2,Standard-ABC,29,0.5945550316553346
S2,2,Standard-ABC,34,0.5923200260345398
S2,2,Standard-ABC,39,0.5923200260345398
S2,2,Standard-ABC,44,0.5923200260345398
S2,2,Standard-ABC,49,0.5923200260345398
S2,2,Standard-ABC,54,0.5850094516850161
S2,2,Standard-ABC,59,0.5850094516850161
S2,2,Standard-ABC,64,0.5850094516850161
S2,2,Standard-ABC,69,0.5850094516850161
S2,2,Standard-ABC,74,0.5850094516850161
S2,2,Standard-ABC,79,0.5850094516850161
S2,2,Standard-ABC,84,0.5850094516850161
S2,2,Standard-ABC,89,0.5850094516850161
S2,2,Standard-ABC,94,0.5850094516850161
S2,2,Standard-ABC,99,0.5850094516850161
S2,2,Standard-ABC,104,0.5842183974704945
S2,2,Standard-ABC,109,0.5842183974704945
S2,2,Standard-ABC,114,0.5842183974704945
S2,2,Standard-ABC,119,0.5842183974704945
S2,2,Standard-ABC,124,0.5842183974704945
S2,2,Standard-ABC,129,0.5842183974704945
S2,2,Standard-ABC,134,0.5764487683659475
S2,2,Standard-ABC,139,0.5738026449188398
S2,2,Standard-ABC,144,0.5738026449188398
S2,2,Standard-ABC,149,0.5738026449188398
S2,2,Standard-ABC,154,0.5738026449188398
S2,2,Standard-ABC,159,0.5659026577362152
S2,2,Standard-ABC,164,0.5638896480543305
S2,2,Standard-ABC,169,0.5638896480543305
S2,2,Standard-ABC,174,0.5638896480543305
S2,2,Standard-ABC,179,0.5638896480543305
S2,2,Standard-ABC,184,0.5638896480543305
S2,2,Standard-ABC,189,0.5638896480543305
S2,2,Standard-ABC,194,0.5638896480543305
S2,2,Standard-ABC,199,0.5638896480543305
S2,2,Standard-ABC,204,0.5638896480543305
S2,2,Standard-ABC,209,0.5517169297438952
S2,2,Standard-ABC,214,0.5517169297438952
S2,2,Standard-ABC,219,0.5517169297438952
S2,2,Standard-ABC,224,0.5392121962117009
S2,2,Standard-ABC,229,0.5392121962117009
S2,2,Standard-ABC,234,0.533608277302756
S2,2,Standard-ABC,239,0.533608277302756
S2,2,Standard-ABC,244,0.533608277302756
S2,2,Standard-ABC,249,0.533608277302756
S2,2,Standard-ABC,254,0.533608277302756
S2,2,Standard-ABC,259,0.533608277302756
S2,2,Standard-ABC,264,0.533608277302756
S2,2,Standard-ABC,269,0.533608277302756
S2,2,Standard-ABC,274,0.533608277302756
S2,2,Standard-ABC,279,0.533608277302756
S2,2,Standard-ABC,284,0.533608277302756
S2,2,Standard-ABC,289,0.533608277302756
S2,2,Standard-ABC,294,0.533608277302756
S2,2,Standard-ABC,299,0.533608277302756
S2,2,Standard-ABC,304,0.533608277302756
S2,2,Standard-ABC,309,0.533608277302756
S2,2,Standard-ABC,314,0.533608277302756
S2,2,Standard-ABC,319,0.5312661547274626
S2,2,Standard-ABC,324,0.5312661547274626
S2,2,Standard-ABC,329,0.5312156968622792
S2,2,Standard-ABC,334,0.5283392746223377
S2,2,Standard-ABC,339,0.5283392746223377
S2,2,Standard-ABC,344,0.5283392746223377
S2,2,Standard-ABC,349,0.5283392746223377
S2,2,Standard-ABC,354,0.5283392746223377
S2,2,Standard-ABC,359,0.5283392746223377
S2,2,Standard-ABC,364,0.5283392746223377
S2,2,Standard-ABC,369,0.5283392746223377
S2,2,Standard-ABC,374,0.5283392746223377
S2,2,Standard-ABC,379,0.5283392746223377
S2,2,Standard-ABC,384,0.5283392746223377
S2,2,Standard-ABC,389,0.5283392746223377
S2,2,Standard-ABC,394,0.5283392746223377
S2,2,Standard-ABC,399,0.5283392746223377
S2,2,Standard-ABC,404,0.5283392746223377
S2,2,Standard-ABC,409,0.5283392746223377
S2,2,Standard-ABC,414,0.5283392746223377
S2,2,Standard-ABC,419,0.5283392746223377
S2,2,Standard-ABC,424,0.4647618396859503
S2,2,Standard-ABC,429,0.4647618396859503
S2,2,Standard-ABC,434,0.4647618396859503
S2,2,Standard-ABC,439,0.4633672419011684
S2,2,Standard-ABC,444,0.4633672419011684
S2,2,Standard-ABC,449,0.4633672419011684
S2,2,Standard-ABC,454,0.4633672419011684
S2,2,Standard-ABC,459,0.4633672419011684
S2,2,Standard-ABC,464,0.4633672419011684
S2,2,Standard-ABC,469,0.4633672419011684
S2,2,Standard-ABC,474,0.4633672419011684
S2,2,Standard-ABC,479,0.4633672419011684
S2,2,Standard-ABC,484,0.4633672419011684
S2,2,Standard-ABC,489,0.4633672419011684
S2,2,Standard-ABC,494,0.4633672419011684
S2,2,Standard-ABC,499,0.4633672419011684
S2,2,GA,14,0.5945550316553346
S2,2,GA,19,0.5945550316553346
S2,2,GA,24,0.5945550316553346
S2,2,GA,29,0.5921272109118927
S2,2,GA,34,0.5430342977190686
S2,2,GA,39,0.5430342977190686
S2,2,GA,44,0.5180009387294344
S2,2,GA,49,0.5180009387294344
S2,2,GA,54,0.49837650161801583
S2,2,GA,59,0.49837650161801583
S2,2,GA,64,0.4563680662956753
S2,2,GA,69,0.4563680662956753
S2,2,GA,74,0.44878284966900434
S2,2,GA,79,0.44878284966900434
S2,2,GA,84,0.43958984040967913
S2,2,GA,89,0.4277428892782036
S2,2,GA,94,0.4277428892782036
S2,2,GA,99,0.4277428892782036
S2,2,GA,104,0.40377153368847146
S2,2,GA,109,0.40377153368847146
S2,2,GA,114,0.3864413518049191
S2,2,GA,119,0.3864413518049191
S2,2,GA,124,0.3864413518049191
S2,2,GA,129,0.3864413518049191
S2,2,GA,134,0.3864413518049191
S2,2,GA,139,0.385651152239438
S2,2,GA,144,0.385651152239438
S2,2,GA,149,0.385651152239438
S2,2,GA,154,0.385651152239438
S2,2,GA,159,0.385651152239438
S2,2,GA,164,0.38375607360009495
S2,2,GA,169,0.37677068634374844
S2,2,GA,174,0.37677068634374844
S2,2,GA,179,0.3604749415341141
S2,2,GA,184,0.3604749415341141
S2,2,GA,189,0.3604749415341141
S2,2,GA,194,0.3604749415341141
S2,2,GA,199,0.3604749415341141
S2,2,GA,204,0.3604749415341141
S2,2,GA,209,0.3604749415341141
S2,2,GA,214,0.35898546223801797
S2,2,GA,219,0.35898546223801797
S2,2,GA,224,0.35898546223801797
S2,2,GA,229,0.34002199969744035
S2,2,GA,234,0.34002199969744035
S2,2,GA,239,0.3276497781095019
S2,2,GA,244,0.3276497781095019
S2,2,GA,249,0.322511576021504
S2,2,GA,254,0.32023649592958653
S2,2,GA,259,0.32023649592958653
S2,2,GA,264,0.3050265513165878
S2,2,GA,269,0.3050265513165878
S2,2,GA,274,0.3039215534413717
S2,2,GA,279,0.3039215534413717
S2,2,GA,284,0.30253995665966094
S2,2,GA,289,0.29664525187032964
S2,2,GA,294,0.29664525187032964
S2,2,GA,299,0.293988587022338
S2,2,GA,304,0.293988587022338
S2,2,GA,309,0.2894324312843874
S2,2,GA,314,0.2894324312843874
S2,2,GA,319,0.2894324312843874
S2,2,GA,324,0.2894324312843874
S2,2,GA,329,0.2894324312843874
S2,2,GA,334,0.2894324312843874
S2,2,GA,339,0.2843838148095346
S2,2,GA,344,0.2843838148095346
S2,2,GA,349,0.2843838148095346
S2,2,GA,354,0.2843838148095346
S2,2,GA,359,0.2843838148095346
S2,2,GA,364,0.2843838148095346
S2,2,GA,369,0.2843838148095346
S2,2,GA,374,0.2843838148095346
S2,2,GA,379,0.2843838148095346
S2,2,GA,384,0.2829433620925837
S2,2,GA,389,0.2829433620925837
S2,2,GA,394,0.2829433620925837
S2,2,GA,399,0.2829433620925837
S2,2,GA,404,0.2829433620925837
S2,2,GA,409,0.2825732524817327
S2,2,GA,414,0.2825732524817327
S2,2,GA,419,0.2825732524817327
S2,2,GA,424,0.2825732524817327
S2,2,GA,429,0.2825732524817327
S2,2,GA,434,0.2825732524817327
S2,2,GA,439,0.2825732524817327
S2,2,GA,444,0.2814959651933292
S2,2,GA,449,0.2814959651933292
S2,2,GA,454,0.2809019644512766
S2,2,GA,459,0.2809019644512766
S2,2,GA,464,0.2761345642963711
S2,2,GA,469,0.2761345642963711
S2,2,GA,474,0.2761345642963711
S2,2,GA,479,0.2761345642963711
S2,2,GA,484,0.2761345642963711
S2,2,GA,489,0.2761345642963711
S2,2,GA,494,0.2761345642963711
S2,2,GA,499,0.2733055988764964
S2,2,PSO,14,1.4922751988636838
S2,2,PSO,19,1.1034193373219172
S2,2,PSO,24,1.1034193373219172
S2,2,PSO,29,1.1034193373219172
S2,2,PSO,34,1.1034193373219172
S2,2,PSO,39,1.1034193373219172
S2,2,PSO,44,1.1034193373219172
S2,2,PSO,49,1.1034193373219172
S2,2,PSO,54,1.1034193373219172
S2,2,PSO,59,1.1034193373219172
S2,2,PSO,64,1.1034193373219172
S2,2,PSO,69,1.023395961049994
S2,2,PSO,74,1.023395961049994
S2,2,PSO,79,1.023395961049994
S2,2,PSO,84,1.023395961049994
S2,2,PSO,89,1.023395961049994
S2,2,PSO,94,1.023395961049994
S2,2,PSO,99,1.023395961049994
S2,2,PSO,104,1.023395961049994
S2,2,PSO,109,0.9691400103553581
S2,2,PSO,114,0.9439531039210463
S2,2,PSO,119,0.9439531039210463
S2,2,PSO,124,0.9439531039210463
S2,2,PSO,129,0.9439531039210463
S2,2,PSO,134,0.9439531039210463
S2,2,PSO,139,0.9439531039210463
S2,2,PSO,144,0.9439531039210463
S2,2,PSO,149,0.9439531039210463
S2,2,PSO,154,0.9000377824196654
S2,2,PSO,159,0.9000377824196654
S2,2,PSO,164,0.9000377824196654
S2,2,PSO,169,0.9000377824196654
S2,2,PSO,174,0.9000377824196654
S2,2,PSO,179,0.9000377824196654
S2,2,PSO,184,0.9000377824196654
S2,2,PSO,189,0.9000377824196654
S2,2,PSO,194,0.9000377824196654
S2,2,PSO,199,0.8769925257112362
S2,2,PSO,204,0.8769925257112362
S2,2,PSO,209,0.8769925257112362
S2,2,PSO,214,0.8769925257112362
S2,2,PSO,219,0.8769925257112362
S2,2,PSO,224,0.8769925257112362
S2,2,PSO,229,0.8656030268124393
S2,2,PSO,234,0.8656030268124393
S2,2,PSO,239,0.8656030268124393
S2,2,PSO,244,0.8656030268124393
S2,2,PSO,249,0.8656030268124393
S2,2,PSO,254,0.8599778220646642
S2,2,PSO,259,0.8499078281994185
S2,2,PSO,264,0.8160934835717503
S2,2,PSO,269,0.8160934835717503
S2,2,PSO,274,0.8160934835717503
S2,2,PSO,279,0.8160934835717503
S2,2,PSO,284,0.8160934835717503
S2,2,PSO,289,0.8136732912961585
S2,2,PSO,294,0.8136732912961585
S2,2,PSO,299,0.8136732912961585
S2,2,PSO,304,0.8136732912961585
S2,2,PSO,309,0.800198714143122
S2,2,PSO,314,0.800198714143122
S2,2,PSO,319,0.7998132288445827
S2,2,PSO,324,0.7998132288445827
S2,2,PSO,329,0.7964768356747549
S2,2,PSO,334,0.7964768356747549
S2,2,PSO,339,0.7964768356747549
S2,2,PSO,344,0.7964768356747549
S2,2,PSO,349,0.7932162738040134
S2,2,PSO,354,0.7932162738040134
S2,2,PSO,359,0.7932162738040134
S2,2,PSO,364,0.7932162738040134
S2,2,PSO,369,0.7932162738040134
S2,2,PSO,374,0.7932162738040134
S2,2,PSO,379,0.7906094209221707
S2,2,PSO,384,0.7906094209221707
S2,2,PSO,389,0.7906094209221707
S2,2,PSO,394,0.7906094209221707
S2,2,PSO,399,0.7871660963432356
S2,2,PSO,404,0.7871660963432356
S2,2,PSO,409,0.7841119687262041
S2,2,PSO,414,0.7841119687262041
S2,2,PSO,419,0.7841119687262041
S2,2,PSO,424,0.7816528383468816
S2,2,PSO,429,0.781375884720776
S2,2,PSO,434,0.7799904047004258
S2,2,PSO,439,0.7799904047004258
S2,2,PSO,444,0.7778601965131259
S2,2,PSO,449,0.7778601965131259
S2,2,PSO,454,0.7778601965131259
S2,2,PSO,459,0.7778601965131259
S2,2,PSO,464,0.7778601965131259
S2,2,PSO,469,0.7778601965131259
S2,2,PSO,474,0.7773829901777647
S2,2,PSO,479,0.7773829901777647
S2,2,PSO,484,0.7773829901777647
S2,2,PSO,489,0.7772066924956993
S2,2,PSO,494,0.7772066924956993
S2,2,PSO,499,0.7772066924956993
S2,2,DE,14,1.4922751988636838
S2,2,DE,19,1.4922751988636838
S2,2,DE,24,1.4922751988636838
S2,2,DE,29,1.4922751988636838
S2,2,DE,34,1.4922751988636838
S2,2,DE,39,1.4922751988636838
S2,2,DE,44,1.4922751988636838
S2,2,DE,49,1.4922751988636838
S2,2,DE,54,1.4922751988636838
S2,2,DE,59,1.4922751988636838
S2,2,DE,64,1.4922751988636838
S2,2,DE,69,1.4922751988636838
S2,2,DE,74,1.4922751988636838
S2,2,DE,79,1.4922751988636838
S2,2,DE,84,1.4922751988636838
S2,2,DE,89,1.4922751988636838
S2,2,DE,94,1.4922751988636838
S2,2,DE,99,1.4922751988636838
S2,2,DE,104,1.4922751988636838
S2,2,DE,109,1.4922751988636838
S2,2,DE,114,1.4922751988636838
S2,2,DE,119,1.4922751988636838
S2,2,DE,124,1.4922751988636838
S2,2,DE,129,1.4922751988636838
S2,2,DE,134,1.4922751988636838
S2,2,DE,139,1.4922751988636838
S2,2,DE,144,1.4922751988636838
S2,2,DE,149,1.4922751988636838
S2,2,DE,154,1.4922751988636838
S2,2,DE,159,1.4922751988636838
S2,2,DE,164,1.4922751988636838
S2,2,DE,169,1.4922751988636838
S2,2,DE,174,1.4922751988636838
S2,2,DE,179,1.4922751988636838
S2,2,DE,184,1.4922751988636838
S2,2,DE,189,1.4922751988636838
S2,2,DE,194,1.4922751988636838
S2,2,DE,199,1.4922751988636838
S2,2,DE,204,1.4922751988636838
S2,2,DE,209,1.321328063230728
S2,2,DE,214,1.321328063230728
S2,2,DE,219,1.321328063230728
S2,2,DE,224,1.321328063230728
S2,2,DE,229,1.321328063230728
S2,2,DE,234,1.321328063230728
S2,2,DE,239,1.321328063230728
S2,2,DE,244,1.321328063230728
S2,2,DE,249,1.321328063230728
S2,2,DE,254,1.321328063230728
S2,2,DE,259,1.321328063230728
S2,2,DE,264,1.321328063230728
S2,2,DE,269,1.321328063230728
S2,2,DE,274,1.321328063230728
S2,2,DE,279,1.321328063230728
S2,2,DE,284,1.321328063230728
S2,2,DE,289,1.3098186609329083
S2,2,DE,294,1.3098186609329083
S2,2,DE,299,1.1385836332939419
S2,2,DE,304,1.1385836332939419
S2,2,DE,309,1.1385836332939419
S2,2,DE,314,1.1385836332939419
S2,2,DE,319,1.1385836332939419
S2,2,DE,324,1.1385836332939419
S2,2,DE,329,1.1385836332939419
S2,2,DE,334,1.1385836332939419
S2,2,DE,339,1.1385836332939419
S2,2,DE,344,1.1385836332939419
S2,2,DE,349,1.1385836332939419
S2,2,DE,354,1.1385836332939419
S2,2,DE,359,1.1385836332939419
S2,2,DE,364,1.1385836332939419
S2,2,DE,369,1.1385836332939419
S2,2,DE,374,1.1385836332939419
S2,2,DE,379,1.1385836332939419
S2,2,DE,384,1.1385836332939419
S2,2,DE,389,1.1385836332939419
S2,2,DE,394,1.1385836332939419
S2,2,DE,399,1.1385836332939419
S2,2,DE,404,1.1385836332939419
S2,2,DE,409,1.1385836332939419
S2,2,DE,414,1.1385836332939419
S2,2,DE,419,1.1385836332939419
S2,2,DE,424,1.1385836332939419
S2,2,DE,429,1.1385836332939419
S2,2,DE,434,1.1385836332939419
S2,2,DE,439,1.1385836332939419
S2,2,DE,444,1.1385836332939419
S2,2,DE,449,1.1018200541043626
S2,2,DE,454,1.1018200541043626
S2,2,DE,459,1.1018200541043626
S2,2,DE,464,1.1018200541043626
S2,2,DE,469,1.1018200541043626
S2,2,DE,474,1.1018200541043626
S2,2,DE,479,1.1018200541043626
S2,2,DE,484,1.1018200541043626
S2,2,DE,489,1.1018200541043626
S2,2,DE,494,1.1018200541043626
S2,2,DE,499,1.1018200541043626
S2,3,RFOTO-ABC,14,0.20335834850288748
S2,3,RFOTO-ABC,19,0.20335834850288748
S2,3,RFOTO-ABC,24,0.20335834850288748
S2,3,RFOTO-ABC,29,0.20335834850288748
S2,3,RFOTO-ABC,34,0.20335834850288748
S2,3,RFOTO-ABC,39,0.20335834850288748
S2,3,RFOTO-ABC,44,0.20335834850288748
S2,3,RFOTO-ABC,49,0.20335834850288748
S2,3,RFOTO-ABC,54,0.20335834850288748
S2,3,RFOTO-ABC,59,0.20335834850288748
S2,3,RFOTO-ABC,64,0.20335834850288748
S2,3,RFOTO-ABC,69,0.20335834850288748
S2,3,RFOTO-ABC,74,0.20335834850288748
S2,3,RFOTO-ABC,79,0.20335834850288748
S2,3,RFOTO-ABC,84,0.20335834850288748
S2,3,RFOTO-ABC,89,0.20335834850288748
S2,3,RFOTO-ABC,94,0.20335834850288748
S2,3,RFOTO-ABC,99,0.20335834850288748
S2,3,RFOTO-ABC,104,0.20335834850288748
S2,3,RFOTO-ABC,109,0.20321784349457075
S2,3,RFOTO-ABC,114,0.20303040488646
S2,3,RFOTO-ABC,119,0.20303040488646
S2,3,RFOTO-ABC,124,0.20303040488646
S2,3,RFOTO-ABC,129,0.20303040488646
S2,3,RFOTO-ABC,134,0.20303040488646
S2,3,RFOTO-ABC,139,0.20303040488646
S2,3,RFOTO-ABC,144,0.20303040488646
S2,3,RFOTO-ABC,149,0.20303040488646
S2,3,RFOTO-ABC,154,0.20303040488646
S2,3,RFOTO-ABC,159,0.20303040488646
S2,3,RFOTO-ABC,164,0.20303040488646
S2,3,RFOTO-ABC,169,0.20303040488646
S2,3,RFOTO-ABC,174,0.20303040488646
S2,3,RFOTO-ABC,179,0.20303040488646
S2,3,RFOTO-ABC,184,0.20303040488646
S2,3,RFOTO-ABC,189,0.20303040488646
S2,3,RFOTO-ABC,194,0.20303040488646
S2,3,RFOTO-ABC,199,0.20303040488646
S2,3,RFOTO-ABC,204,0.20303040488646
S2,3,RFOTO-ABC,209,0.20303040488646
S2,3,RFOTO-ABC,214,0.20303040488646
S2,3,RFOTO-ABC,219,0.20303040488646
S2,3,RFOTO-ABC,224,0.20303040488646
S2,3,RFOTO-ABC,229,0.20303040488646
S2,3,RFOTO-ABC,234,0.20303040488646
S2,3,RFOTO-ABC,239,0.20303040488646
S2,3,RFOTO-ABC,244,0.20303040488646
S2,3,RFOTO-ABC,249,0.20303040488646
S2,3,RFOTO-ABC,254,0.20303040488646
S2,3,RFOTO-ABC,259,0.20303040488646
S2,3,RFOTO-ABC,264,0.20303040488646
S2,3,RFOTO-ABC,269,0.20303040488646
S2,3,RFOTO-ABC,274,0.20303040488646
S2,3,RFOTO-ABC,279,0.20303040488646
S2,3,RFOTO-ABC,284,0.19988851975318
S2,3,RFOTO-ABC,289,0.19988851975318
S2,3,RFOTO-ABC,294,0.19988851975318
S2,3,RFOTO-ABC,299,0.19988851975318
S2,3,RFOTO-ABC,304,0.19988851975318
S2,3,RFOTO-ABC,309,0.19988851975318
S2,3,RFOTO-ABC,314,0.19988851975318
S2,3,RFOTO-ABC,319,0.19988851975318
S2,3,RFOTO-ABC,324,0.19988851975318
S2,3,RFOTO-ABC,329,0.19988851975318
S2,3,RFOTO-ABC,334,0.19988851975318
S2,3,RFOTO-ABC,339,0.19988851975318
S2,3,RFOTO-ABC,344,0.19988851975318
S2,3,RFOTO-ABC,349,0.19988851975318
S2,3,RFOTO-ABC,354,0.19988851975318
S2,3,RFOTO-ABC,359,0.19988851975318
S2,3,RFOTO-ABC,364,0.19988851975318
S2,3,RFOTO-ABC,369,0.19988851975318
S2,3,RFOTO-ABC,374,0.19988851975318
S2,3,RFOTO-ABC,379,0.19988851975318
S2,3,RFOTO-ABC,384,0.19988851975318
S2,3,RFOTO-ABC,389,0.19988851975318
S2,3,RFOTO-ABC,394,0.19988851975318
S2,3,RFOTO-ABC,399,0.19988851975318
S2,3,RFOTO-ABC,404,0.19988851975318
S2,3,RFOTO-ABC,409,0.19988851975318
S2,3,RFOTO-ABC,414,0.19988851975318
S2,3,RFOTO-ABC,419,0.19988851975318
S2,3,RFOTO-ABC,424,0.19988851975318
S2,3,RFOTO-ABC,429,0.19988851975318
S2,3,RFOTO-ABC,434,0.19988851975318
S2,3,RFOTO-ABC,439,0.19988851975318
S2,3,RFOTO-ABC,444,0.19988851975318
S2,3,RFOTO-ABC,449,0.19988632440504878
S2,3,RFOTO-ABC,454,0.19988632440504878
S2,3,RFOTO-ABC,459,0.19988632440504878
S2,3,RFOTO-ABC,464,0.19988632440504878
S2,3,RFOTO-ABC,469,0.19988632440504878
S2,3,RFOTO-ABC,474,0.19988632440504878
S2,3,RFOTO-ABC,479,0.19988632440504878
S2,3,RFOTO-ABC,484,0.19988632440504878
S2,3,RFOTO-ABC,489,0.19988632440504878
S2,3,RFOTO-ABC,494,0.19988632440504878
S2,3,RFOTO-ABC,499,0.19988632440504878
S2,3,Standard-ABC,14,0.5489395055457982
S2,3,Standard-ABC,19,0.5489395055457982
S2,3,Standard-ABC,24,0.5489395055457982
S2,3,Standard-ABC,29,0.5489395055457982
S2,3,Standard-ABC,34,0.5489395055457982
S2,3,Standard-ABC,39,0.5489395055457982
S2,3,Standard-ABC,44,0.5489395055457982
S2,3,Standard-ABC,49,0.5414781808267646
S2,3,Standard-ABC,54,0.5414781808267646
S2,3,Standard-ABC,59,0.5414781808267646
S2,3,Standard-ABC,64,0.5414781808267646
S2,3,Standard-ABC,69,0.5414781808267646
S2,3,Standard-ABC,74,0.5360371543534778
S2,3,Standard-ABC,79,0.5360371543534778
S2,3,Standard-ABC,84,0.5347333626279425
S2,3,Standard-ABC,89,0.5347333626279425
S2,3,Standard-ABC,94,0.5347333626279425
S2,3,Standard-ABC,99,0.5347333626279425
S2,3,Standard-ABC,104,0.5347333626279425
S2,3,Standard-ABC,109,0.5346411797583986
S2,3,Standard-ABC,114,0.5346411797583986
S2,3,Standard-ABC,119,0.5279391310957537
S2,3,Standard-ABC,124,0.5279391310957537
S2,3,Standard-ABC,129,0.5279391310957537
S2,3,Standard-ABC,134,0.5279391310957537
S2,3,Standard-ABC,139,0.5279391310957537
S2,3,Standard-ABC,144,0.5279391310957537
S2,3,Standard-ABC,149,0.5262575375024855
S2,3,Standard-ABC,154,0.5262575375024855
S2,3,Standard-ABC,159,0.5262575375024855
S2,3,Standard-ABC,164,0.5262575375024855
S2,3,Standard-ABC,169,0.5262575375024855
S2,3,Standard-ABC,174,0.5262575375024855
S2,3,Standard-ABC,179,0.5262575375024855
S2,3,Standard-ABC,184,0.5262257054298626
S2,3,Standard-ABC,189,0.5257826392006091
S2,3,Standard-ABC,194,0.5257826392006091
S2,3,Standard-ABC,199,0.5257826392006091
S2,3,Standard-ABC,204,0.5257826392006091
S2,3,Standard-ABC,209,0.5257826392006091
S2,3,Standard-ABC,214,0.5257826392006091
S2,3,Standard-ABC,219,0.5252188188118776
S2,3,Standard-ABC,224,0.5252188188118776
S2,3,Standard-ABC,229,0.5252188188118776
S2,3,Standard-ABC,234,0.5190337882856099
S2,3,Standard-ABC,239,0.5190337882856099
S2,3,Standard-ABC,244,0.5190337882856099
S2,3,Standard-ABC,249,0.5154222536536037
S2,3,Standard-ABC,254,0.5154222536536037
S2,3,Standard-ABC,259,0.5154222536536037
S2,3,Standard-ABC,264,0.5154222536536037
S2,3,Standard-ABC,269,0.5154222536536037
S2,3,Standard-ABC,274,0.5154222536536037
S2,3,Standard-ABC,279,0.5154222536536037
S2,3,Standard-ABC,284,0.5154222536536037
S2,3,Standard-ABC,289,0.5154222536536037
S2,3,Standard-ABC,294,0.5154222536536037
S2,3,Standard-ABC,299,0.5002294636005932
S2,3,Standard-ABC,304,0.5002294636005932
S2,3,Standard-ABC,309,0.5002294636005932
S2,3,Standard-ABC,314,0.5002294636005932
S2,3,Standard-ABC,319,0.5002294636005932
S2,3,Standard-ABC,324,0.5002294636005932
S2,3,Standard-ABC,329,0.5002294636005932
S2,3,Standard-ABC,334,0.5002294636005932
S2,3,Standard-ABC,339,0.5002294636005932
S2,3,Standard-ABC,344,0.5002294636005932
S2,3,Standard-ABC,349,0.5002294636005932
S2,3,Standard-ABC,354,0.5002294636005932
S2,3,Standard-ABC,359,0.5002294636005932
S2,3,Standard-ABC,364,0.4895925320914219
S2,3,Standard-ABC,369,0.4895925320914219
S2,3,Standard-ABC,374,0.4895925320914219
S2,3,Standard-ABC,379,0.4895925320914219
S2,3,Standard-ABC,384,0.4895925320914219
S2,3,Standard-ABC,389,0.4895925320914219
S2,3,Standard-ABC,394,0.48936892354332956
S2,3,Standard-ABC,399,0.48936892354332956
S2,3,Standard-ABC,404,0.48936892354332956
S2,3,Standard-ABC,409,0.4650839358229305
S2,3,Standard-ABC,414,0.46398829339037784
S2,3,Standard-ABC,419,0.46398829339037784
S2,3,Standard-ABC,424,0.46398829339037784
S2,3,Standard-ABC,429,0.46398829339037784
S2,3,Standard-ABC,434,0.46398829339037784
S2,3,Standard-ABC,439,0.46398829339037784
S2,3,Standard-ABC,444,0.46398829339037784
S2,3,Standard-ABC,449,0.46398829339037784
S2,3,Standard-ABC,454,0.46398829339037784
S2,3,Standard-ABC,459,0.46398829339037784
S2,3,Standard-ABC,464,0.46398829339037784
S2,3,Standard-ABC,469,0.46398829339037784
S2,3,Standard-ABC,474,0.46398829339037784
S2,3,Standard-ABC,479,0.46398829339037784
S2,3,Standard-ABC,484,0.46398829339037784
S2,3,Standard-ABC,489,0.46398829339037784
S2,3,Standard-ABC,494,0.46398829339037784
S2,3,Standard-ABC,499,0.4582126516032384
S2,3,GA,14,0.5489395055457982
S2,3,GA,19,0.5389084959109113
S2,3,GA,24,0.4974930305258089
S2,3,GA,29,0.4974930305258089
S2,3,GA,34,0.4974930305258089
S2,3,GA,39,0.4974930305258089
S2,3,GA,44,0.48696830395092866
S2,3,GA,49,0.48696830395092866
S2,3,GA,54,0.4858884065631113
S2,3,GA,59,0.48274774454973646
S2,3,GA,64,0.48274774454973646
S2,3,GA,69,0.45797543959453824
S2,3,GA,74,0.45797543959453824
S2,3,GA,79,0.45797543959453824
S2,3,GA,84,0.4504631756290493
S2,3,GA,89,0.4504631756290493
S2,3,GA,94,0.4504631756290493
S2,3,GA,99,0.4221871791782165
S2,3,GA,104,0.4221871791782165
S2,3,GA,109,0.42154648831614394
S2,3,GA,114,0.42154648831614394
S2,3,GA,119,0.37616684110130133
S2,3,GA,124,0.37616684110130133
S2,3,GA,129,0.37616684110130133
S2,3,GA,134,0.37147818966833834
S2,3,GA,139,0.37147818966833834
S2,3,GA,144,0.37147818966833834
S2,3,GA,149,0.3710756708585704
S2,3,GA,154,0.3710756708585704
S2,3,GA,159,0.3710756708585704
S2,3,GA,164,0.3631282941160342
S2,3,GA,169,0.3631282941160342
S2,3,GA,174,0.3631282941160342
S2,3,GA,179,0.3631282941160342
S2,3,GA,184,0.3631282941160342
S2,3,GA,189,0.3631282941160342
S2,3,GA,194,0.36211211549875805
S2,3,GA,199,0.36211211549875805
S2,3,GA,204,0.36211211549875805
S2,3,GA,209,0.36211211549875805
S2,3,GA,214,0.36211211549875805
S2,3,GA,219,0.35755947817120654
S2,3,GA,224,0.35755947817120654
S2,3,GA,229,0.35755947817120654
S2,3,GA,234,0.35534697855925884
S2,3,GA,239,0.35534697855925884
S2,3,GA,244,0.35534697855925884
S2,3,GA,249,0.35534697855925884
S2,3,GA,254,0.35534697855925884
S2,3,GA,259,0.3550115011261587
S2,3,GA,264,0.3550115011261587
S2,3,GA,269,0.3550115011261587
S2,3,GA,274,0.3550115011261587
S2,3,GA,279,0.3546128870059647
S2,3,GA,284,0.3546128870059647
S2,3,GA,289,0.34940200552257816
S2,3,GA,294,0.34940200552257816
S2,3,GA,299,0.34940200552257816
S2,3,GA,304,0.34940200552257816
S2,3,GA,309,0.3438450842090862
S2,3,GA,314,0.3438450842090862
S2,3,GA,319,0.3438450842090862
S2,3,GA,324,0.3438450842090862
S2,3,GA,329,0.3438450842090862
S2,3,GA,334,0.3438450842090862
S2,3,GA,339,0.3438450842090862
S2,3,GA,344,0.3438450842090862
S2,3,GA,349,0.3438450842090862
S2,3,GA,354,0.3438450842090862
S2,3,GA,359,0.3438450842090862
S2,3,GA,364,0.3438450842090862
S2,3,GA,369,0.3438450842090862
S2,3,GA,374,0.3438450842090862
S2,3,GA,379,0.3438450842090862
S2,3,GA,384,0.3438450842090862
S2,3,GA,389,0.3438450842090862
S2,3,GA,394,0.3438450842090862
S2,3,GA,399,0.3438450842090862
S2,3,GA,404,0.3438450842090862
S2,3,GA,409,0.3438450842090862
S2,3,GA,414,0.3438450842090862
S2,3,GA,419,0.3438450842090862
S2,3,GA,424,0.3438450842090862
S2,3,GA,429,0.3438450842090862
S2,3,GA,434,0.3421689992247956
S2,3,GA,439,0.3421689992247956
S2,3,GA,444,0.33787651181571654
S2,3,GA,449,0.3267670830878344
S2,3,GA,454,0.3267670830878344
S2,3,GA,459,0.3267670830878344
S2,3,GA,464,0.3267670830878344
S2,3,GA,469,0.3267670830878344
S2,3,GA,474,0.3267670830878344
S2,3,GA,479,0.3267670830878344
S2,3,GA,484,0.3267670830878344
S2,3,GA,489,0.3267670830878344
S2,3,GA,494,0.3141076260933564
S2,3,GA,499,0.3141076260933564
S2,3,PSO,14,2.1790736434683375
S2,3,PSO,19,2.008578613682028
S2,3,PSO,24,2.008578613682028
S2,3,PSO,29,2.008578613682028
S2,3,PSO,34,2.008578613682028
S2,3,PSO,39,2.008578613682028
S2,3,PSO,44,1.9457132016173282
S2,3,PSO,49,1.9457132016173282
S2,3,PSO,54,1.9457132016173282
S2,3,PSO,59,1.7832360166523205
S2,3,PSO,64,1.7832360166523205
S2,3,PSO,69,1.7832360166523205
S2,3,PSO,74,1.4490214614833876
S2,3,PSO,79,1.4490214614833876
S2,3,PSO,84,1.4490214614833876
S2,3,PSO,89,1.4490214614833876
S2,3,PSO,94,1.4490214614833876
S2,3,PSO,99,1.4490214614833876
S2,3,PSO,104,1.4490214614833876
S2,3,PSO,109,1.4490214614833876
S2,3,PSO,114,1.4490214614833876
S2,3,PSO,119,1.4490214614833876
S2,3,PSO,124,1.4490214614833876
S2,3,PSO,129,1.4490214614833876
S2,3,PSO,134,1.4490214614833876
S2,3,PSO,139,1.4490214614833876
S2,3,PSO,144,1.4490214614833876
S2,3,PSO,149,1.4490214614833876
S2,3,PSO,154,1.4490214614833876
S2,3,PSO,159,1.4490214614833876
S2,3,PSO,164,1.3570927548022007
S2,3,PSO,169,1.3570927548022007
S2,3,PSO,174,1.3558926207412545
S2,3,PSO,179,1.3558926207412545
S2,3,PSO,184,1.3558926207412545
S2,3,PSO,189,1.218007163277258
S2,3,PSO,194,1.218007163277258
S2,3,PSO,199,1.218007163277258
S2,3,PSO,204,1.1705747689952772
S2,3,PSO,209,1.1705747689952772
S2,3,PSO,214,1.1705747689952772
S2,3,PSO,219,1.1705747689952772
S2,3,PSO,224,1.1705747689952772
S2,3,PSO,229,1.139288466950977
S2,3,PSO,234,1.139288466950977
S2,3,PSO,239,1.139288466950977
S2,3,PSO,244,1.1187883798981257
S2,3,PSO,249,1.1187883798981257
S2,3,PSO,254,1.1187883798981257
S2,3,PSO,259,1.1128421030993487
S2,3,PSO,264,1.1128421030993487
S2,3,PSO,269,1.1128421030993487
S2,3,PSO,274,1.0008797727186591
S2,3,PSO,279,1.0008797727186591
S2,3,PSO,284,1.0008797727186591
S2,3,PSO,289,1.0008797727186591
S2,3,PSO,294,1.0008797727186591
S2,3,PSO,299,1.0008797727186591
S2,3,PSO,304,1.0008797727186591
S2,3,PSO,309,1.0008797727186591
S2,3,PSO,314,1.0008797727186591
S2,3,PSO,319,1.0008797727186591
S2,3,PSO,324,1.0008797727186591
S2,3,PSO,329,0.9913228064514854
S2,3,PSO,334,0.9913228064514854
S2,3,PSO,339,0.9913228064514854
S2,3,PSO,344,0.9913228064514854
S2,3,PSO,349,0.9913228064514854
S2,3,PSO,354,0.9786606600061805
S2,3,PSO,359,0.9786606600061805
S2,3,PSO,364,0.9684583505276259
S2,3,PSO,369,0.9684583505276259
S2,3,PSO,374,0.9684583505276259
S2,3,PSO,379,0.9684583505276259
S2,3,PSO,384,0.9270123334380813
S2,3,PSO,389,0.9270123334380813
S2,3,PSO,394,0.9270123334380813
S2,3,PSO,399,0.9250494989439423
S2,3,PSO,404,0.9250494989439423
S2,3,PSO,409,0.9250494989439423
S2,3,PSO,414,0.9250494989439423
S2,3,PSO,419,0.9250494989439423
S2,3,PSO,424,0.9250494989439423
S2,3,PSO,429,0.9147664417352321
S2,3,PSO,434,0.9147664417352321
S2,3,PSO,439,0.9147664417352321
S2,3,PSO,444,0.9147664417352321
S2,3,PSO,449,0.9147664417352321
S2,3,PSO,454,0.906055992048975
S2,3,PSO,459,0.906055992048975
S2,3,PSO,464,0.906055992048975
S2,3,PSO,469,0.906055992048975
S2,3,PSO,474,0.902834548365214
S2,3,PSO,479,0.902834548365214
S2,3,PSO,484,0.902834548365214
S2,3,PSO,489,0.8964982286078707
S2,3,PSO,494,0.8964982286078707
S2,3,PSO,499,0.8964982286078707
S2,3,DE,14,2.1790736434683375
S2,3,DE,19,2.1790736434683375
S2,3,DE,24,2.1790736434683375
S2,3,DE,29,1.867266470470988
S2,3,DE,34,1.867266470470988
S2,3,DE,39,1.867266470470988
S2,3,DE,44,1.867266470470988
S2,3,DE,49,1.867266470470988
S2,3,DE,54,1.867266470470988
S2,3,DE,59,1.541840832881014
S2,3,DE,64,1.541840832881014
S2,3,DE,69,1.541840832881014
S2,3,DE,74,1.541840832881014
S2,3,DE,79,1.541840832881014
S2,3,DE,84,1.541840832881014
S2,3,DE,89,1.541840832881014
S2,3,DE,94,1.541840832881014
S2,3,DE,99,1.541840832881014
S2,3,DE,104,1.541840832881014
S2,3,DE,109,1.541840832881014
S2,3,DE,114,1.541840832881014
S2,3,DE,119,1.541840832881014
S2,3,DE,124,1.541840832881014
S2,3,DE,129,1.541840832881014
S2,3,DE,134,1.3779897852922482
S2,3,DE,139,1.3779897852922482
S2,3,DE,144,1.3779897852922482
S2,3,DE,149,1.3779897852922482
S2,3,DE,154,1.3779897852922482
S2,3,DE,159,1.3779897852922482
S2,3,DE,164,1.3779897852922482
S2,3,DE,169,1.3779897852922482
S2,3,DE,174,1.3779897852922482
S2,3,DE,179,1.3779897852922482
S2,3,DE,184,1.3779897852922482
S2,3,DE,189,1.3779897852922482
S2,3,DE,194,1.3119518677567954
S2,3,DE,199,1.3119518677567954
S2,3,DE,204,1.3119518677567954
S2,3,DE,209,1.3119518677567954
S2,3,DE,214,1.3119518677567954
S2,3,DE,219,1.3119518677567954
S2,3,DE,224,1.3119518677567954
S2,3,DE,229,1.3119518677567954
S2,3,DE,234,1.3119518677567954
S2,3,DE,239,1.3119518677567954
S2,3,DE,244,1.3119518677567954
S2,3,DE,249,1.3119518677567954
S2,3,DE,254,1.3119518677567954
S2,3,DE,259,1.3119518677567954
S2,3,DE,264,1.1460543928311642
S2,3,DE,269,1.1460543928311642
S2,3,DE,274,1.1460543928311642
S2,3,DE,279,1.1460543928311642
S2,3,DE,284,1.1460543928311642
S2,3,DE,289,1.1460543928311642
S2,3,DE,294,1.1460543928311642
S2,3,DE,299,1.1460543928311642
S2,3,DE,304,1.1460543928311642
S2,3,DE,309,1.1460543928311642
S2,3,DE,314,1.1460543928311642
S2,3,DE,319,1.1460543928311642
S2,3,DE,324,1.1460543928311642
S2,3,DE,329,1.1460543928311642
S2,3,DE,334,1.1460543928311642
S2,3,DE,339,1.1460543928311642
S2,3,DE,344,1.1460543928311642
S2,3,DE,349,1.1460543928311642
S2,3,DE,354,1.1460543928311642
S2,3,DE,359,1.1460543928311642
S2,3,DE,364,1.1460543928311642
S2,3,DE,369,1.1460543928311642
S2,3,DE,374,1.1460543928311642
S2,3,DE,379,1.1460543928311642
S2,3,DE,384,1.1460543928311642
S2,3,DE,389,1.1460543928311642
S2,3,DE,394,1.1460543928311642
S2,3,DE,399,1.1460543928311642
S2,3,DE,404,1.1460543928311642
S2,3,DE,409,1.1460543928311642
S2,3,DE,414,1.1460543928311642
S2,3,DE,419,1.1460543928311642
S2,3,DE,424,1.1460543928311642
S2,3,DE,429,1.1460543928311642
S2,3,DE,434,1.1460543928311642
S2,3,DE,439,1.1460543928311642
S2,3,DE,444,1.1460543928311642
S2,3,DE,449,1.1460543928311642
S2,3,DE,454,1.1460543928311642
S2,3,DE,459,1.1460543928311642
S2,3,DE,464,1.1460543928311642
S2,3,DE,469,1.1460543928311642
S2,3,DE,474,1.1460543928311642
S2,3,DE,479,1.1460543928311642
S2,3,DE,484,1.1460543928311642
S2,3,DE,489,1.1460543928311642
S2,3,DE,494,1.1460543928311642
S2,3,DE,499,1.110189384890888
S2,4,RFOTO-ABC,14,0.20844954763189408
S2,4,RFOTO-ABC,19,0.20844954763189408
S2,4,RFOTO-ABC,24,0.20844954763189408
S2,4,RFOTO-ABC,29,0.20632506190963879
S2,4,RFOTO-ABC,34,0.20632506190963879
S2,4,RFOTO-ABC,39,0.20632506190963879
S2,4,RFOTO-ABC,44,0.20632506190963879
S2,4,RFOTO-ABC,49,0.20632506190963879
S2,4,RFOTO-ABC,54,0.20632506190963879
S2,4,RFOTO-ABC,59,0.20632506190963879
S2,4,RFOTO-ABC,64,0.20632506190963879
S2,4,RFOTO-ABC,69,0.20632506190963879
S2,4,RFOTO-ABC,74,0.20632506190963879
S2,4,RFOTO-ABC,79,0.20632506190963879
S2,4,RFOTO-ABC,84,0.20632506190963879
S2,4,RFOTO-ABC,89,0.20632506190963879
S2,4,RFOTO-ABC,94,0.20632506190963879
S2,4,RFOTO-ABC,99,0.20632506190963879
S2,4,RFOTO-ABC,104,0.20632506190963879
S2,4,RFOTO-ABC,109,0.20632506190963879
S2,4,RFOTO-ABC,114,0.20632506190963879
S2,4,RFOTO-ABC,119,0.20632506190963879
S2,4,RFOTO-ABC,124,0.20632506190963879
S2,4,RFOTO-ABC,129,0.20632506190963879
S2,4,RFOTO-ABC,134,0.20632506190963879
S2,4,RFOTO-ABC,139,0.20632506190963879
S2,4,RFOTO-ABC,144,0.20632506190963879
S2,4,RFOTO-ABC,149,0.20632506190963879
S2,4,RFOTO-ABC,154,0.20632506190963879
S2,4,RFOTO-ABC,159,0.20632506190963879
S2,4,RFOTO-ABC,164,0.20632506190963879
S2,4,RFOTO-ABC,169,0.20632506190963879
S2,4,RFOTO-ABC,174,0.20632506190963879
S2,4,RFOTO-ABC,179,0.20632506190963879
S2,4,RFOTO-ABC,184,0.20632506190963879
S2,4,RFOTO-ABC,189,0.20632506190963879
S2,4,RFOTO-ABC,194,0.20632506190963879
S2,4,RFOTO-ABC,199,0.20632506190963879
S2,4,RFOTO-ABC,204,0.20632506190963879
S2,4,RFOTO-ABC,209,0.20632506190963879
S2,4,RFOTO-ABC,214,0.20632506190963879
S2,4,RFOTO-ABC,219,0.20632506190963879
S2,4,RFOTO-ABC,224,0.20632506190963879
S2,4,RFOTO-ABC,229,0.20632506190963879
S2,4,RFOTO-ABC,234,0.20632506190963879
S2,4,RFOTO-ABC,239,0.20632506190963879
S2,4,RFOTO-ABC,244,0.20632506190963879
S2,4,RFOTO-ABC,249,0.20632506190963879
S2,4,RFOTO-ABC,254,0.20632506190963879
S2,4,RFOTO-ABC,259,0.20632506190963879
S2,4,RFOTO-ABC,264,0.20632506190963879
S2,4,RFOTO-ABC,269,0.20632506190963879
S2,4,RFOTO-ABC,274,0.20632506190963879
S2,4,RFOTO-ABC,279,0.20632506190963879
S2,4,RFOTO-ABC,284,0.20632506190963879
S2,4,RFOTO-ABC,289,0.20632506190963879
S2,4,RFOTO-ABC,294,0.20632506190963879
S2,4,RFOTO-ABC,299,0.20632506190963879
S2,4,RFOTO-ABC,304,0.20632506190963879
S2,4,RFOTO-ABC,309,0.20632506190963879
S2,4,RFOTO-ABC,314,0.20632506190963879
S2,4,RFOTO-ABC,319,0.20632506190963879
S2,4,RFOTO-ABC,324,0.20632506190963879
S2,4,RFOTO-ABC,329,0.20632506190963879
S2,4,RFOTO-ABC,334,0.20632506190963879
S2,4,RFOTO-ABC,339,0.20613239813981693
S2,4,RFOTO-ABC,344,0.20613239813981693
S2,4,RFOTO-ABC,349,0.20613239813981693
S2,4,RFOTO-ABC,354,0.20613239813981693
S2,4,RFOTO-ABC,359,0.20613239813981693
S2,4,RFOTO-ABC,364,0.20613239813981693
S2,4,RFOTO-ABC,369,0.20613239813981693
S2,4,RFOTO-ABC,374,0.20613239813981693
S2,4,RFOTO-ABC,379,0.20613239813981693
S2,4,RFOTO-ABC,384,0.20613239813981693
S2,4,RFOTO-ABC,389,0.20613239813981693
S2,4,RFOTO-ABC,394,0.20613239813981693
S2,4,RFOTO-ABC,399,0.20613239813981693
S2,4,RFOTO-ABC,404,0.20613239813981693
S2,4,RFOTO-ABC,409,0.20613239813981693
S2,4,RFOTO-ABC,414,0.20613239813981693
S2,4,RFOTO-ABC,419,0.20613239813981693
S2,4,RFOTO-ABC,424,0.20613239813981693
S2,4,RFOTO-ABC,429,0.20613239813981693
S2,4,RFOTO-ABC,434,0.20613239813981693
S2,4,RFOTO-ABC,439,0.20613239813981693
S2,4,RFOTO-ABC,444,0.20613239813981693
S2,4,RFOTO-ABC,449,0.20613239813981693
S2,4,RFOTO-ABC,454,0.20613239813981693
S2,4,RFOTO-ABC,459,0.20613239813981693
S2,4,RFOTO-ABC,464,0.20613239813981693
S2,4,RFOTO-ABC,469,0.20613239813981693
S2,4,RFOTO-ABC,474,0.20535218292150928
S2,4,RFOTO-ABC,479,0.20535218292150928
S2,4,RFOTO-ABC,484,0.20535218292150928
S2,4,RFOTO-ABC,489,0.20535218292150928
S2,4,RFOTO-ABC,494,0.20535218292150928
S2,4,RFOTO-ABC,499,0.20535218292150928
S2,4,Standard-ABC,14,0.6039857766917482
S2,4,Standard-ABC,19,0.6039857766917482
S2,4,Standard-ABC,24,0.6036394893777094
S2,4,Standard-ABC,29,0.6036394893777094
S2,4,Standard-ABC,34,0.5896080987952966
S2,4,Standard-ABC,39,0.5896080987952966
S2,4,Standard-ABC,44,0.5896080987952966
S2,4,Standard-ABC,49,0.5896080987952966
S2,4,Standard-ABC,54,0.5896080987952966
S2,4,Standard-ABC,59,0.5896080987952966
S2,4,Standard-ABC,64,0.5896080987952966
S2,4,Standard-ABC,69,0.5896080987952966
S2,4,Standard-ABC,74,0.5830797776013055
S2,4,Standard-ABC,79,0.5830797776013055
S2,4,Standard-ABC,84,0.5830797776013055
S2,4,Standard-ABC,89,0.5830797776013055
S2,4,Standard-ABC,94,0.5799665542802832
S2,4,Standard-ABC,99,0.5799665542802832
S2,4,Standard-ABC,104,0.5799665542802832
S2,4,Standard-ABC,109,0.5776920342295768
S2,4,Standard-ABC,114,0.5776920342295768
S2,4,Standard-ABC,119,0.5776920342295768
S2,4,Standard-ABC,124,0.5776920342295768
S2,4,Standard-ABC,129,0.5776920342295768
S2,4,Standard-ABC,134,0.5776920342295768
S2,4,Standard-ABC,139,0.5776920342295768
S2,4,Standard-ABC,144,0.5776920342295768
S2,4,Standard-ABC,149,0.5776920342295768
S2,4,Standard-ABC,154,0.5684114688592731
S2,4,Standard-ABC,159,0.5684114688592731
S2,4,Standard-ABC,164,0.5683249148070043
S2,4,Standard-ABC,169,0.5683249148070043
S2,4,Standard-ABC,174,0.5683249148070043
S2,4,Standard-ABC,179,0.5683249148070043
S2,4,Standard-ABC,184,0.5683249148070043
S2,4,Standard-ABC,189,0.5683249148070043
S2,4,Standard-ABC,194,0.5683249148070043
S2,4,Standard-ABC,199,0.5683249148070043
S2,4,Standard-ABC,204,0.5683249148070043
S2,4,Standard-ABC,209,0.5683249148070043
S2,4,Standard-ABC,214,0.5683249148070043
S2,4,Standard-ABC,219,0.5683249148070043
S2,4,Standard-ABC,224,0.5683249148070043
S2,4,Standard-ABC,229,0.5683249148070043
S2,4,Standard-ABC,234,0.5683249148070043
S2,4,Standard-ABC,239,0.5683249148070043
S2,4,Standard-ABC,244,0.5683249148070043
S2,4,Standard-ABC,249,0.5649919331612833
S2,4,Standard-ABC,254,0.5649919331612833
S2,4,Standard-ABC,259,0.5649919331612833
S2,4,Standard-ABC,264,0.5649919331612833
S2,4,Standard-ABC,269,0.5649919331612833
S2,4,Standard-ABC,274,0.5649919331612833
S2,4,Standard-ABC,279,0.5649919331612833
S2,4,Standard-ABC,284,0.5649919331612833
S2,4,Standard-ABC,289,0.5649919331612833
S2,4,Standard-ABC,294,0.5649919331612833
S2,4,Standard-ABC,299,0.5649919331612833
S2,4,Standard-ABC,304,0.5649919331612833
S2,4,Standard-ABC,309,0.5649919331612833
S2,4,Standard-ABC,314,0.5649919331612833
S2,4,Standard-ABC,319,0.5649919331612833
S2,4,Standard-ABC,324,0.5649919331612833
S2,4,Standard-ABC,329,0.5649919331612833
S2,4,Standard-ABC,334,0.5649919331612833
S2,4,Standard-ABC,339,0.5649919331612833
S2,4,Standard-ABC,344,0.5649919331612833
S2,4,Standard-ABC,349,0.5649919331612833
S2,4,Standard-ABC,354,0.5649919331612833
S2,4,Standard-ABC,359,0.5649919331612833
S2,4,Standard-ABC,364,0.5649919331612833
S2,4,Standard-ABC,369,0.5620759301030472
S2,4,Standard-ABC,374,0.5587581423838092
S2,4,Standard-ABC,379,0.5587581423838092
S2,4,Standard-ABC,384,0.5587581423838092
S2,4,Standard-ABC,389,0.5584540954583298
S2,4,Standard-ABC,394,0.5584540954583298
S2,4,Standard-ABC,399,0.5584540954583298
S2,4,Standard-ABC,404,0.5584540954583298
S2,4,Standard-ABC,409,0.541939468589597
S2,4,Standard-ABC,414,0.541939468589597
S2,4,Standard-ABC,419,0.541939468589597
S2,4,Standard-ABC,424,0.541939468589597
S2,4,Standard-ABC,429,0.5392650638060096
S2,4,Standard-ABC,434,0.5392650638060096
S2,4,Standard-ABC,439,0.5392650638060096
S2,4,Standard-ABC,444,0.5392650638060096
S2,4,Standard-ABC,449,0.5392650638060096
S2,4,Standard-ABC,454,0.5392650638060096
S2,4,Standard-ABC,459,0.5392650638060096
S2,4,Standard-ABC,464,0.5392650638060096
S2,4,Standard-ABC,469,0.5392650638060096
S2,4,Standard-ABC,474,0.5392650638060096
S2,4,Standard-ABC,479,0.5392650638060096
S2,4,Standard-ABC,484,0.5392650638060096
S2,4,Standard-ABC,489,0.5392650638060096
S2,4,Standard-ABC,494,0.5392650638060096
S2,4,Standard-ABC,499,0.5392650638060096
S2,4,GA,14,0.6039857766917482
S2,4,GA,19,0.6039857766917482
S2,4,GA,24,0.6039857766917482
S2,4,GA,29,0.5904010736664814
S2,4,GA,34,0.5904010736664814
S2,4,GA,39,0.5828183609791656
S2,4,GA,44,0.5828183609791656
S2,4,GA,49,0.5828183609791656
S2,4,GA,54,0.5828183609791656
S2,4,GA,59,0.5824271878106552
S2,4,GA,64,0.5723570736592687
S2,4,GA,69,0.5723570736592687
S2,4,GA,74,0.5704104876187718
S2,4,GA,79,0.5704104876187718
S2,4,GA,84,0.5689622407421299
S2,4,GA,89,0.5689622407421299
S2,4,GA,94,0.5592766611178627
S2,4,GA,99,0.5592538920757787
S2,4,GA,104,0.5457543978251786
S2,4,GA,109,0.5457543978251786
S2,4,GA,114,0.5457543978251786
S2,4,GA,119,0.5457543978251786
S2,4,GA,124,0.5310074799316883
S2,4,GA,129,0.5310074799316883
S2,4,GA,134,0.5194637029830532
S2,4,GA,139,0.5194637029830532
S2,4,GA,144,0.5194637029830532
S2,4,GA,149,0.5194637029830532
S2,4,GA,154,0.5194637029830532
S2,4,GA,159,0.5194637029830532
S2,4,GA,164,0.5194637029830532
S2,4,GA,169,0.5194637029830532
S2,4,GA,174,0.5095662593401697
S2,4,GA,179,0.5095662593401697
S2,4,GA,184,0.5095662593401697
S2,4,GA,189,0.5095662593401697
S2,4,GA,194,0.5095662593401697
S2,4,GA,199,0.5095662593401697
S2,4,GA,204,0.5041137202313355
S2,4,GA,209,0.5041137202313355
S2,4,GA,214,0.5041137202313355
S2,4,GA,219,0.5041137202313355
S2,4,GA,224,0.5041137202313355
S2,4,GA,229,0.5041137202313355
S2,4,GA,234,0.5041137202313355
S2,4,GA,239,0.5008200335102666
S2,4,GA,244,0.5008200335102666
S2,4,GA,249,0.5008200335102666
S2,4,GA,254,0.5008200335102666
S2,4,GA,259,0.4966085804117203
S2,4,GA,264,0.4966085804117203
S2,4,GA,269,0.4965734830291361
S2,4,GA,274,0.4965734830291361
S2,4,GA,279,0.4965734830291361
S2,4,GA,284,0.4891022052855215
S2,4,GA,289,0.47997993964132896
S2,4,GA,294,0.47528462340059474
S2,4,GA,299,0.47528462340059474
S2,4,GA,304,0.47528462340059474
S2,4,GA,309,0.4693505621329827
S2,4,GA,314,0.4693505621329827
S2,4,GA,319,0.4693505621329827
S2,4,GA,324,0.4693505621329827
S2,4,GA,329,0.4693505621329827
S2,4,GA,334,0.4693505621329827
S2,4,GA,339,0.46619016893344395
S2,4,GA,344,0.46619016893344395
S2,4,GA,349,0.46619016893344395
S2,4,GA,354,0.46619016893344395
S2,4,GA,359,0.46619016893344395
S2,4,GA,364,0.46619016893344395
S2,4,GA,369,0.46619016893344395
S2,4,GA,374,0.4501378602273152
S2,4,GA,379,0.4501378602273152
S2,4,GA,384,0.4501378602273152
S2,4,GA,389,0.4501378602273152
S2,4,GA,394,0.4501378602273152
S2,4,GA,399,0.4501378602273152
S2,4,GA,404,0.4501378602273152
S2,4,GA,409,0.4501378602273152
S2,4,GA,414,0.4501378602273152
S2,4,GA,419,0.4501378602273152
S2,4,GA,424,0.4501378602273152
S2,4,GA,429,0.435096011514148
S2,4,GA,434,0.435096011514148
S2,4,GA,439,0.43182332181419947
S2,4,GA,444,0.43182332181419947
S2,4,GA,449,0.43182332181419947
S2,4,GA,454,0.43182332181419947
S2,4,GA,459,0.43182332181419947
S2,4,GA,464,0.43182332181419947
S2,4,GA,469,0.43182332181419947
S2,4,GA,474,0.4299561034183652
S2,4,GA,479,0.4276544752703693
S2,4,GA,484,0.4121831262410846
S2,4,GA,489,0.4121831262410846
S2,4,GA,494,0.4121831262410846
S2,4,GA,499,0.4121831262410846
S2,4,PSO,14,2.033689692749645
S2,4,PSO,19,1.3292343862777904
S2,4,PSO,24,1.2352722045463658
S2,4,PSO,29,1.2352722045463658
S2,4,PSO,34,1.2352722045463658
S2,4,PSO,39,1.2352722045463658
S2,4,PSO,44,1.2352722045463658
S2,4,PSO,49,1.2352722045463658
S2,4,PSO,54,1.2352722045463658
S2,4,PSO,59,1.2352722045463658
S2,4,PSO,64,1.2352722045463658
S2,4,PSO,69,1.2352722045463658
S2,4,PSO,74,1.2352722045463658
S2,4,PSO,79,1.2352722045463658
S2,4,PSO,84,1.2352722045463658
S2,4,PSO,89,1.2352722045463658
S2,4,PSO,94,1.2352722045463658
S2,4,PSO,99,1.2352722045463658
S2,4,PSO,104,1.2352722045463658
S2,4,PSO,109,1.2352722045463658
S2,4,PSO,114,1.2352722045463658
S2,4,PSO,119,1.2352722045463658
S2,4,PSO,124,1.2352722045463658
S2,4,PSO,129,1.1164394888169522
S2,4,PSO,134,1.1164394888169522
S2,4,PSO,139,1.1164394888169522
S2,4,PSO,144,1.0873741666388017
S2,4,PSO,149,1.0873741666388017
S2,4,PSO,154,1.0873741666388017
S2,4,PSO,159,1.0873741666388017
S2,4,PSO,164,1.0873741666388017
S2,4,PSO,169,1.0873741666388017
S2,4,PSO,174,1.0873741666388017
S2,4,PSO,179,1.0873741666388017
S2,4,PSO,184,1.0873741666388017
S2,4,PSO,189,1.0873741666388017
S2,4,PSO,194,0.9836493308523445
S2,4,PSO,199,0.9836493308523445
S2,4,PSO,204,0.9836493308523445
S2,4,PSO,209,0.9836493308523445
S2,4,PSO,214,0.9836493308523445
S2,4,PSO,219,0.9836493308523445
S2,4,PSO,224,0.9836493308523445
S2,4,PSO,229,0.9836493308523445
S2,4,PSO,234,0.7925422175052655
S2,4,PSO,239,0.7925422175052655
S2,4,PSO,244,0.7923564631692556
S2,4,PSO,249,0.7903463930876212
S2,4,PSO,254,0.7903463930876212
S2,4,PSO,259,0.7903463930876212
S2,4,PSO,264,0.78031149163493
S2,4,PSO,269,0.7612225182590346
S2,4,PSO,274,0.7612225182590346
S2,4,PSO,279,0.7612225182590346
S2,4,PSO,284,0.7612225182590346
S2,4,PSO,289,0.7612225182590346
S2,4,PSO,294,0.7612225182590346
S2,4,PSO,299,0.7612225182590346
S2,4,PSO,304,0.7612225182590346
S2,4,PSO,309,0.7612225182590346
S2,4,PSO,314,0.7512179985156467
S2,4,PSO,319,0.7512179985156467
S2,4,PSO,324,0.7512179985156467
S2,4,PSO,329,0.7512179985156467
S2,4,PSO,334,0.7512179985156467
S2,4,PSO,339,0.7073236631840301
S2,4,PSO,344,0.7073236631840301
S2,4,PSO,349,0.7073236631840301
S2,4,PSO,354,0.7073236631840301
S2,4,PSO,359,0.7073236631840301
S2,4,PSO,364,0.7066382336410019
S2,4,PSO,369,0.7058394778330481
S2,4,PSO,374,0.6974879121771286
S2,4,PSO,379,0.6974879121771286
S2,4,PSO,384,0.6798682963548976
S2,4,PSO,389,0.6715245702587354
S2,4,PSO,394,0.659550640618369
S2,4,PSO,399,0.6493081692273137
S2,4,PSO,404,0.6455898949375564
S2,4,PSO,409,0.6455898949375564
S2,4,PSO,414,0.6455898949375564
S2,4,PSO,419,0.6455898949375564
S2,4,PSO,424,0.6455898949375564
S2,4,PSO,429,0.6455898949375564
S2,4,PSO,434,0.6455898949375564
S2,4,PSO,439,0.6412508228359565
S2,4,PSO,444,0.6308484476685124
S2,4,PSO,449,0.6308484476685124
S2,4,PSO,454,0.630416883780323
S2,4,PSO,459,0.6303685556084047
S2,4,PSO,464,0.6286061564264965
S2,4,PSO,469,0.6286061564264965
S2,4,PSO,474,0.6225814651485284
S2,4,PSO,479,0.6225814651485284
S2,4,PSO,484,0.620743186766517
S2,4,PSO,489,0.5735507253354689
S2,4,PSO,494,0.5735507253354689
S2,4,PSO,499,0.5716305334713682
S2,4,DE,14,2.033689692749645
S2,4,DE,19,2.033689692749645
S2,4,DE,24,2.033689692749645
S2,4,DE,29,2.033689692749645
S2,4,DE,34,1.6782883095390906
S2,4,DE,39,1.6782883095390906
S2,4,DE,44,1.6782883095390906
S2,4,DE,49,1.6782883095390906
S2,4,DE,54,1.3424272959091783
S2,4,DE,59,1.3424272959091783
S2,4,DE,64,1.3424272959091783
S2,4,DE,69,1.3424272959091783
S2,4,DE,74,1.3424272959091783
S2,4,DE,79,1.3424272959091783
S2,4,DE,84,1.3424272959091783
S2,4,DE,89,1.3424272959091783
S2,4,DE,94,1.3424272959091783
S2,4,DE,99,1.3424272959091783
S2,4,DE,104,1.3424272959091783
S2,4,DE,109,1.3424272959091783
S2,4,DE,114,1.3424272959091783
S2,4,DE,119,1.3424272959091783
S2,4,DE,124,1.3424272959091783
S2,4,DE,129,1.3424272959091783
S2,4,DE,134,1.3424272959091783
S2,4,DE,139,1.3424272959091783
S2,4,DE,144,1.3424272959091783
S2,4,DE,149,1.253483350922797
S2,4,DE,154,1.253483350922797
S2,4,DE,159,1.253483350922797
S2,4,DE,164,1.253483350922797
S2,4,DE,169,1.253483350922797
S2,4,DE,174,1.253483350922797
S2,4,DE,179,1.253483350922797
S2,4,DE,184,1.253483350922797
S2,4,DE,189,1.253483350922797
S2,4,DE,194,1.253483350922797
S2,4,DE,199,1.253483350922797
S2,4,DE,204,1.253483350922797
S2,4,DE,209,1.253483350922797
S2,4,DE,214,1.253483350922797
S2,4,DE,219,1.253483350922797
S2,4,DE,224,1.253483350922797
S2,4,DE,229,1.253483350922797
S2,4,DE,234,1.253483350922797
S2,4,DE,239,1.253483350922797
S2,4,DE,244,1.253483350922797
S2,4,DE,249,1.253483350922797
S2,4,DE,254,1.253483350922797
S2,4,DE,259,1.253483350922797
S2,4,DE,264,1.253483350922797
S2,4,DE,269,1.253483350922797
S2,4,DE,274,1.253483350922797
S2,4,DE,279,1.253483350922797
S2,4,DE,284,1.253483350922797
S2,4,DE,289,1.253483350922797
S2,4,DE,294,1.253483350922797
S2,4,DE,299,1.253483350922797
S2,4,DE,304,1.253483350922797
S2,4,DE,309,1.253483350922797
S2,4,DE,314,1.253483350922797
S2,4,DE,319,1.253483350922797
S2,4,DE,324,1.253483350922797
S2,4,DE,329,1.253483350922797
S2,4,DE,334,1.253483350922797
S2,4,DE,339,1.253483350922797
S2,4,DE,344,1.253483350922797
S2,4,DE,349,1.253483350922797
S2,4,DE,354,1.253483350922797
S2,4,DE,359,1.253483350922797
S2,4,DE,364,1.253483350922797
S2,4,DE,369,1.253483350922797
S2,4,DE,374,1.253483350922797
S2,4,DE,379,1.057649722448777
S2,4,DE,384,1.057649722448777
S2,4,DE,389,1.057649722448777
S2,4,DE,394,1.057649722448777
S2,4,DE,399,1.057649722448777
S2,4,DE,404,1.057649722448777
S2,4,DE,409,1.057649722448777
S2,4,DE,414,1.057649722448777
S2,4,DE,419,1.057649722448777
S2,4,DE,424,1.057649722448777
S2,4,DE,429,1.057649722448777
S2,4,DE,434,0.9226306689528716
S2,4,DE,439,0.9226306689528716
S2,4,DE,444,0.9226306689528716
S2,4,DE,449,0.9226306689528716
S2,4,DE,454,0.9226306689528716
S2,4,DE,459,0.9226306689528716
S2,4,DE,464,0.9226306689528716
S2,4,DE,469,0.9226306689528716
S2,4,DE,474,0.9226306689528716
S2,4,DE,479,0.9226306689528716
S2,4,DE,484,0.9226306689528716
S2,4,DE,489,0.9226306689528716
S2,4,DE,494,0.9226306689528716
S2,4,DE,499,0.9226306689528716
S2,5,RFOTO-ABC,14,0.22273555914763604
S2,5,RFOTO-ABC,19,0.22273555914763604
S2,5,RFOTO-ABC,24,0.22273555914763604
S2,5,RFOTO-ABC,29,0.2224263579767679
S2,5,RFOTO-ABC,34,0.2224263579767679
S2,5,RFOTO-ABC,39,0.2224263579767679
S2,5,RFOTO-ABC,44,0.2224263579767679
S2,5,RFOTO-ABC,49,0.2224263579767679
S2,5,RFOTO-ABC,54,0.2224263579767679
S2,5,RFOTO-ABC,59,0.2224263579767679
S2,5,RFOTO-ABC,64,0.2224263579767679
S2,5,RFOTO-ABC,69,0.2224263579767679
S2,5,RFOTO-ABC,74,0.2224263579767679
S2,5,RFOTO-ABC,79,0.2224263579767679
S2,5,RFOTO-ABC,84,0.2224263579767679
S2,5,RFOTO-ABC,89,0.22125985175558016
S2,5,RFOTO-ABC,94,0.22125985175558016
S2,5,RFOTO-ABC,99,0.22125985175558016
S2,5,RFOTO-ABC,104,0.22125985175558016
S2,5,RFOTO-ABC,109,0.22125985175558016
S2,5,RFOTO-ABC,114,0.22125985175558016
S2,5,RFOTO-ABC,119,0.22125985175558016
S2,5,RFOTO-ABC,124,0.22125985175558016
S2,5,RFOTO-ABC,129,0.22125985175558016
S2,5,RFOTO-ABC,134,0.22125985175558016
S2,5,RFOTO-ABC,139,0.22125985175558016
S2,5,RFOTO-ABC,144,0.22125985175558016
S2,5,RFOTO-ABC,149,0.22125985175558016
S2,5,RFOTO-ABC,154,0.22125985175558016
S2,5,RFOTO-ABC,159,0.22125985175558016
S2,5,RFOTO-ABC,164,0.22125985175558016
S2,5,RFOTO-ABC,169,0.22125985175558016
S2,5,RFOTO-ABC,174,0.22125985175558016
S2,5,RFOTO-ABC,179,0.22125985175558016
S2,5,RFOTO-ABC,184,0.22125985175558016
S2,5,RFOTO-ABC,189,0.22125985175558016
S2,5,RFOTO-ABC,194,0.22125985175558016
S2,5,RFOTO-ABC,199,0.22125985175558016
S2,5,RFOTO-ABC,204,0.22125985175558016
S2,5,RFOTO-ABC,209,0.22125985175558016
S2,5,RFOTO-ABC,214,0.22125985175558016
S2,5,RFOTO-ABC,219,0.22125985175558016
S2,5,RFOTO-ABC,224,0.22098677994690716
S2,5,RFOTO-ABC,229,0.22098677994690716
S2,5,RFOTO-ABC,234,0.22098677994690716
S2,5,RFOTO-ABC,239,0.22098677994690716
S2,5,RFOTO-ABC,244,0.22098677994690716
S2,5,RFOTO-ABC,249,0.22098677994690716
S2,5,RFOTO-ABC,254,0.22098677994690716
S2,5,RFOTO-ABC,259,0.22098677994690716
S2,5,RFOTO-ABC,264,0.22098677994690716
S2,5,RFOTO-ABC,269,0.22098677994690716
S2,5,RFOTO-ABC,274,0.22098677994690716
S2,5,RFOTO-ABC,279,0.22098677994690716
S2,5,RFOTO-ABC,284,0.22098677994690716
S2,5,RFOTO-ABC,289,0.22098677994690716
S2,5,RFOTO-ABC,294,0.22098677994690716
S2,5,RFOTO-ABC,299,0.22098677994690716
S2,5,RFOTO-ABC,304,0.22098677994690716
S2,5,RFOTO-ABC,309,0.22098677994690716
S2,5,RFOTO-ABC,314,0.22098677994690716
S2,5,RFOTO-ABC,319,0.22098677994690716
S2,5,RFOTO-ABC,324,0.22098677994690716
S2,5,RFOTO-ABC,329,0.22098677994690716
S2,5,RFOTO-ABC,334,0.22098677994690716
S2,5,RFOTO-ABC,339,0.22098677994690716
S2,5,RFOTO-ABC,344,0.22098677994690716
S2,5,RFOTO-ABC,349,0.22098677994690716
S2,5,RFOTO-ABC,354,0.22098677994690716
S2,5,RFOTO-ABC,359,0.22089553836143153
S2,5,RFOTO-ABC,364,0.22089553836143153
S2,5,RFOTO-ABC,369,0.2208464092583142
S2,5,RFOTO-ABC,374,0.2198538030007479
S2,5,RFOTO-ABC,379,0.21982027799865503
S2,5,RFOTO-ABC,384,0.21982027799865503
S2,5,RFOTO-ABC,389,0.21982027799865503
S2,5,RFOTO-ABC,394,0.20894122850034585
S2,5,RFOTO-ABC,399,0.20894122850034585
S2,5,RFOTO-ABC,404,0.20894122850034585
S2,5,RFOTO-ABC,409,0.20894122850034585
S2,5,RFOTO-ABC,414,0.20894122850034585
S2,5,RFOTO-ABC,419,0.20894122850034585
S2,5,RFOTO-ABC,424,0.20719061877801911
S2,5,RFOTO-ABC,429,0.20719061877801911
S2,5,RFOTO-ABC,434,0.20719061877801911
S2,5,RFOTO-ABC,439,0.20719061877801911
S2,5,RFOTO-ABC,444,0.20719061877801911
S2,5,RFOTO-ABC,449,0.20719061877801911
S2,5,RFOTO-ABC,454,0.20719061877801911
S2,5,RFOTO-ABC,459,0.20719061877801911
S2,5,RFOTO-ABC,464,0.20719061877801911
S2,5,RFOTO-ABC,469,0.20719061877801911
S2,5,RFOTO-ABC,474,0.20719061877801911
S2,5,RFOTO-ABC,479,0.20719061877801911
S2,5,RFOTO-ABC,484,0.20719061877801911
S2,5,RFOTO-ABC,489,0.20719061877801911
S2,5,RFOTO-ABC,494,0.20719061877801911
S2,5,RFOTO-ABC,499,0.20719061877801911
S2,5,Standard-ABC,14,0.5668748601078799
S2,5,Standard-ABC,19,0.5668748601078799
S2,5,Standard-ABC,24,0.5668748601078799
S2,5,Standard-ABC,29,0.5668748601078799
S2,5,Standard-ABC,34,0.5668748601078799
S2,5,Standard-ABC,39,0.5668748601078799
S2,5,Standard-ABC,44,0.5320681019267279
S2,5,Standard-ABC,49,0.5320681019267279
S2,5,Standard-ABC,54,0.5320681019267279
S2,5,Standard-ABC,59,0.5320681019267279
S2,5,Standard-ABC,64,0.5320681019267279
S2,5,Standard-ABC,69,0.5320681019267279
S2,5,Standard-ABC,74,0.5320681019267279
S2,5,Standard-ABC,79,0.5320681019267279
S2,5,Standard-ABC,84,0.5320681019267279
S2,5,Standard-ABC,89,0.5320681019267279
S2,5,Standard-ABC,94,0.5320681019267279
S2,5,Standard-ABC,99,0.5320681019267279
S2,5,Standard-ABC,104,0.5320681019267279
S2,5,Standard-ABC,109,0.5320681019267279
S2,5,Standard-ABC,114,0.5320681019267279
S2,5,Standard-ABC,119,0.5320681019267279
S2,5,Standard-ABC,124,0.5320681019267279
S2,5,Standard-ABC,129,0.5190820131764708
S2,5,Standard-ABC,134,0.5190820131764708
S2,5,Standard-ABC,139,0.5190820131764708
S2,5,Standard-ABC,144,0.5190820131764708
S2,5,Standard-ABC,149,0.5190820131764708
S2,5,Standard-ABC,154,0.5190820131764708
S2,5,Standard-ABC,159,0.5190820131764708
S2,5,Standard-ABC,164,0.5190820131764708
S2,5,Standard-ABC,169,0.5190820131764708
S2,5,Standard-ABC,174,0.5177228732668077
S2,5,Standard-ABC,179,0.5177228732668077
S2,5,Standard-ABC,184,0.5177228732668077
S2,5,Standard-ABC,189,0.5177228732668077
S2,5,Standard-ABC,194,0.5177228732668077
S2,5,Standard-ABC,199,0.5177228732668077
S2,5,Standard-ABC,204,0.5177228732668077
S2,5,Standard-ABC,209,0.5177228732668077
S2,5,Standard-ABC,214,0.5177228732668077
S2,5,Standard-ABC,219,0.5177228732668077
S2,5,Standard-ABC,224,0.5177228732668077
S2,5,Standard-ABC,229,0.5177228732668077
S2,5,Standard-ABC,234,0.5169534667394964
S2,5,Standard-ABC,239,0.5169534667394964
S2,5,Standard-ABC,244,0.5169534667394964
S2,5,Standard-ABC,249,0.5169534667394964
S2,5,Standard-ABC,254,0.47736947949265407
S2,5,Standard-ABC,259,0.47736947949265407
S2,5,Standard-ABC,264,0.47736947949265407
S2,5,Standard-ABC,269,0.47736947949265407
S2,5,Standard-ABC,274,0.47736947949265407
S2,5,Standard-ABC,279,0.47736947949265407
S2,5,Standard-ABC,284,0.47736947949265407
S2,5,Standard-ABC,289,0.47736947949265407
S2,5,Standard-ABC,294,0.47696832626422603
S2,5,Standard-ABC,299,0.47696832626422603
S2,5,Standard-ABC,304,0.47696832626422603
S2,5,Standard-ABC,309,0.47696832626422603
S2,5,Standard-ABC,314,0.47696832626422603
S2,5,Standard-ABC,319,0.47696832626422603
S2,5,Standard-ABC,324,0.47696832626422603
S2,5,Standard-ABC,329,0.47696832626422603
S2,5,Standard-ABC,334,0.465210227337955
S2,5,Standard-ABC,339,0.465210227337955
S2,5,Standard-ABC,344,0.465210227337955
S2,5,Standard-ABC,349,0.465210227337955
S2,5,Standard-ABC,354,0.465210227337955
S2,5,Standard-ABC,359,0.465210227337955
S2,5,Standard-ABC,364,0.465210227337955
S2,5,Standard-ABC,369,0.465210227337955
S2,5,Standard-ABC,374,0.464719748997004
S2,5,Standard-ABC,379,0.464719748997004
S2,5,Standard-ABC,384,0.464719748997004
S2,5,Standard-ABC,389,0.464719748997004
S2,5,Standard-ABC,394,0.46383541848876664
S2,5,Standard-ABC,399,0.46383541848876664
S2,5,Standard-ABC,404,0.46383541848876664
S2,5,Standard-ABC,409,0.46383541848876664
S2,5,Standard-ABC,414,0.46383541848876664
S2,5,Standard-ABC,419,0.46383541848876664
S2,5,Standard-ABC,424,0.46383541848876664
S2,5,Standard-ABC,429,0.46383541848876664
S2,5,Standard-ABC,434,0.46383541848876664
S2,5,Standard-ABC,439,0.46383541848876664
S2,5,Standard-ABC,444,0.46383541848876664
S2,5,Standard-ABC,449,0.46383541848876664
S2,5,Standard-ABC,454,0.46383541848876664
S2,5,Standard-ABC,459,0.46383541848876664
S2,5,Standard-ABC,464,0.46383541848876664
S2,5,Standard-ABC,469,0.46383541848876664
S2,5,Standard-ABC,474,0.46383541848876664
S2,5,Standard-ABC,479,0.46383541848876664
S2,5,Standard-ABC,484,0.4552569409953504
S2,5,Standard-ABC,489,0.4552569409953504
S2,5,Standard-ABC,494,0.4552569409953504
S2,5,Standard-ABC,499,0.4552569409953504
S2,5,GA,14,0.5668748601078799
S2,5,GA,19,0.5668748601078799
S2,5,GA,24,0.562597945254016
S2,5,GA,29,0.535086629065774
S2,5,GA,34,0.535086629065774
S2,5,GA,39,0.535086629065774
S2,5,GA,44,0.5198282731991795
S2,5,GA,49,0.5198282731991795
S2,5,GA,54,0.5198282731991795
S2,5,GA,59,0.5198282731991795
S2,5,GA,64,0.5198282731991795
S2,5,GA,69,0.46862183962674936
S2,5,GA,74,0.46862183962674936
S2,5,GA,79,0.46862183962674936
S2,5,GA,84,0.46862183962674936
S2,5,GA,89,0.46862183962674936
S2,5,GA,94,0.4640635348943023
S2,5,GA,99,0.4640635348943023
S2,5,GA,104,0.4553555582012127
S2,5,GA,109,0.44101825569230124
S2,5,GA,114,0.44101825569230124
S2,5,GA,119,0.44101825569230124
S2,5,GA,124,0.44101825569230124
S2,5,GA,129,0.44101825569230124
S2,5,GA,134,0.44101825569230124
S2,5,GA,139,0.44101825569230124
S2,5,GA,144,0.44101825569230124
S2,5,GA,149,0.43542544855619586
S2,5,GA,154,0.43542544855619586
S2,5,GA,159,0.43283937328342825
S2,5,GA,164,0.403069385115156
S2,5,GA,169,0.403069385115156
S2,5,GA,174,0.403069385115156
S2,5,GA,179,0.403069385115156
S2,5,GA,184,0.403069385115156
S2,5,GA,189,0.403069385115156
S2,5,GA,194,0.403069385115156
S2,5,GA,199,0.3942756552424073
S2,5,GA,204,0.3942756552424073
S2,5,GA,209,0.39406577529247244
S2,5,GA,214,0.39406577529247244
S2,5,GA,219,0.39406577529247244
S2,5,GA,224,0.39406577529247244
S2,5,GA,229,0.39406577529247244
S2,5,GA,234,0.39406577529247244
S2,5,GA,239,0.39406577529247244
S2,5,GA,244,0.39016379829443604
S2,5,GA,249,0.39016379829443604
S2,5,GA,254,0.3856094963611433
S2,5,GA,259,0.3856094963611433
S2,5,GA,264,0.3831093137189726
S2,5,GA,269,0.3831093137189726
S2,5,GA,274,0.3831093137189726
S2,5,GA,279,0.3831093137189726
S2,5,GA,284,0.37944983978452573
S2,5,GA,289,0.37733438635840405
S2,5,GA,294,0.37733438635840405
S2,5,GA,299,0.37733438635840405
S2,5,GA,304,0.3676708656179449
S2,5,GA,309,0.3676708656179449
S2,5,GA,314,0.3653444643067306
S2,5,GA,319,0.3653444643067306
S2,5,GA,324,0.3608454343057376
S2,5,GA,329,0.3608454343057376
S2,5,GA,334,0.3492076660062893
S2,5,GA,339,0.3492076660062893
S2,5,GA,344,0.3492076660062893
S2,5,GA,349,0.3492076660062893
S2,5,GA,354,0.34064085801598587
S2,5,GA,359,0.34064085801598587
S2,5,GA,364,0.34064085801598587
S2,5,GA,369,0.34064085801598587
S2,5,GA,374,0.3330695905542585
S2,5,GA,379,0.3330695905542585
S2,5,GA,384,0.3330695905542585
S2,5,GA,389,0.3330695905542585
S2,5,GA,394,0.3330695905542585
S2,5,GA,399,0.3330695905542585
S2,5,GA,404,0.3330695905542585
S2,5,GA,409,0.3330695905542585
S2,5,GA,414,0.3330695905542585
S2,5,GA,419,0.3322203167007323
S2,5,GA,424,0.3322203167007323
S2,5,GA,429,0.3322203167007323
S2,5,GA,434,0.3322203167007323
S2,5,GA,439,0.3322203167007323
S2,5,GA,444,0.3322203167007323
S2,5,GA,449,0.3312416293596901
S2,5,GA,454,0.328166239260086
S2,5,GA,459,0.3267009427783588
S2,5,GA,464,0.32326659684303316
S2,5,GA,469,0.32326659684303316
S2,5,GA,474,0.32326659684303316
S2,5,GA,479,0.32314682352818097
S2,5,GA,484,0.32314682352818097
S2,5,GA,489,0.32314682352818097
S2,5,GA,494,0.32314682352818097
S2,5,GA,499,0.3169162238512376
S2,5,PSO,14,1.1497836773420027
S2,5,PSO,19,1.1497836773420027
S2,5,PSO,24,1.1497836773420027
S2,5,PSO,29,1.1497836773420027
S2,5,PSO,34,1.1497836773420027
S2,5,PSO,39,1.1497836773420027
S2,5,PSO,44,1.1497836773420027
S2,5,PSO,49,1.1497836773420027
S2,5,PSO,54,1.1497836773420027
S2,5,PSO,59,1.1118367138165561
S2,5,PSO,64,1.1118367138165561
S2,5,PSO,69,1.1118367138165561
S2,5,PSO,74,1.0811057138602702
S2,5,PSO,79,1.0647752460495241
S2,5,PSO,84,0.8019424601400174
S2,5,PSO,89,0.7764817240755353
S2,5,PSO,94,0.7764817240755353
S2,5,PSO,99,0.7764817240755353
S2,5,PSO,104,0.7764817240755353
S2,5,PSO,109,0.7764817240755353
S2,5,PSO,114,0.7601567053820358
S2,5,PSO,119,0.7601567053820358
S2,5,PSO,124,0.7601567053820358
S2,5,PSO,129,0.7601567053820358
S2,5,PSO,134,0.7601567053820358
S2,5,PSO,139,0.7601567053820358
S2,5,PSO,144,0.7601567053820358
S2,5,PSO,149,0.7601567053820358
S2,5,PSO,154,0.7601567053820358
S2,5,PSO,159,0.7405772686413493
S2,5,PSO,164,0.7405772686413493
S2,5,PSO,169,0.7197306974161252
S2,5,PSO,174,0.7197306974161252
S2,5,PSO,179,0.7197306974161252
S2,5,PSO,184,0.7197306974161252
S2,5,PSO,189,0.6729775969360325
S2,5,PSO,194,0.6729775969360325
S2,5,PSO,199,0.6729775969360325
S2,5,PSO,204,0.6729775969360325
S2,5,PSO,209,0.6691309266697254
S2,5,PSO,214,0.6691309266697254
S2,5,PSO,219,0.6686574711595908
S2,5,PSO,224,0.6648145352721364
S2,5,PSO,229,0.6648145352721364
S2,5,PSO,234,0.6648145352721364
S2,5,PSO,239,0.6586222944720372
S2,5,PSO,244,0.6586222944720372
S2,5,PSO,249,0.6557098734065036
S2,5,PSO,254,0.6557098734065036
S2,5,PSO,259,0.6557098734065036
S2,5,PSO,264,0.6557098734065036
S2,5,PSO,269,0.6535606055494463
S2,5,PSO,274,0.6535606055494463
S2,5,PSO,279,0.6518319970200231
S2,5,PSO,284,0.6518319970200231
S2,5,PSO,289,0.6518319970200231
S2,5,PSO,294,0.6518319970200231
S2,5,PSO,299,0.6518319970200231
S2,5,PSO,304,0.6508929796735462
S2,5,PSO,309,0.6508929796735462
S2,5,PSO,314,0.6508929796735462
S2,5,PSO,319,0.6508929796735462
S2,5,PSO,324,0.6508929796735462
S2,5,PSO,329,0.650860994766746
S2,5,PSO,334,0.650860994766746
S2,5,PSO,339,0.6504300581280161
S2,5,PSO,344,0.6493919009034775
S2,5,PSO,349,0.6493919009034775
S2,5,PSO,354,0.6492223524752232
S2,5,PSO,359,0.6490341529778516
S2,5,PSO,364,0.6490341529778516
S2,5,PSO,369,0.6487849104694959
S2,5,PSO,374,0.6486100736360039
S2,5,PSO,379,0.6468004324652311
S2,5,PSO,384,0.6468004324652311
S2,5,PSO,389,0.6468004324652311
S2,5,PSO,394,0.6468004324652311
S2,5,PSO,399,0.6466238929603124
S2,5,PSO,404,0.6465437957053181
S2,5,PSO,409,0.6465437957053181
S2,5,PSO,414,0.6462773595572586
S2,5,PSO,419,0.6459494629274385
S2,5,PSO,424,0.6459494629274385
S2,5,PSO,429,0.6455313928775792
S2,5,PSO,434,0.6455313928775792
S2,5,PSO,439,0.644799348515622
S2,5,PSO,444,0.644799348515622
S2,5,PSO,449,0.644799348515622
S2,5,PSO,454,0.644799348515622
S2,5,PSO,459,0.644799348515622
S2,5,PSO,464,0.644799348515622
S2,5,PSO,469,0.644799348515622
S2,5,PSO,474,0.644690039044362
S2,5,PSO,479,0.644690039044362
S2,5,PSO,484,0.6446673250274987
S2,5,PSO,489,0.6446673250274987
S2,5,PSO,494,0.6446673250274987
S2,5,PSO,499,0.6445494316805066
S2,5,DE,14,1.1497836773420027
S2,5,DE,19,1.1497836773420027
S2,5,DE,24,1.1497836773420027
S2,5,DE,29,1.1497836773420027
S2,5,DE,34,1.1497836773420027
S2,5,DE,39,1.1497836773420027
S2,5,DE,44,1.1497836773420027
S2,5,DE,49,1.1497836773420027
S2,5,DE,54,1.1497836773420027
S2,5,DE,59,1.1497836773420027
S2,5,DE,64,1.1497836773420027
S2,5,DE,69,1.1497836773420027
S2,5,DE,74,1.1497836773420027
S2,5,DE,79,1.1497836773420027
S2,5,DE,84,1.1497836773420027
S2,5,DE,89,1.1497836773420027
S2,5,DE,94,1.1497836773420027
S2,5,DE,99,1.1497836773420027
S2,5,DE,104,1.1497836773420027
S2,5,DE,109,1.1497836773420027
S2,5,DE,114,1.1497836773420027
S2,5,DE,119,1.1497836773420027
S2,5,DE,124,1.1497836773420027
S2,5,DE,129,1.1497836773420027
S2,5,DE,134,1.1497836773420027
S2,5,DE,139,1.1497836773420027
S2,5,DE,144,1.099504980878225
S2,5,DE,149,1.099504980878225
S2,5,DE,154,1.099504980878225
S2,5,DE,159,1.099504980878225
S2,5,DE,164,1.099504980878225
S2,5,DE,169,1.099504980878225
S2,5,DE,174,1.099504980878225
S2,5,DE,179,1.099504980878225
S2,5,DE,184,1.081398280578437
S2,5,DE,189,1.081398280578437
S2,5,DE,194,1.081398280578437
S2,5,DE,199,1.081398280578437
S2,5,DE,204,1.081398280578437
S2,5,DE,209,1.081398280578437
S2,5,DE,214,1.081398280578437
S2,5,DE,219,1.081398280578437
S2,5,DE,224,1.081398280578437
S2,5,DE,229,1.081398280578437
S2,5,DE,234,0.8975558741057794
S2,5,DE,239,0.8975558741057794
S2,5,DE,244,0.8975558741057794
S2,5,DE,249,0.8975558741057794
S2,5,DE,254,0.8975558741057794
S2,5,DE,259,0.8975558741057794
S2,5,DE,264,0.8975558741057794
S2,5,DE,269,0.8975558741057794
S2,5,DE,274,0.8975558741057794
S2,5,DE,279,0.8975558741057794
S2,5,DE,284,0.8975558741057794
S2,5,DE,289,0.8975558741057794
S2,5,DE,294,0.8975558741057794
S2,5,DE,299,0.8975558741057794
S2,5,DE,304,0.8975558741057794
S2,5,DE,309,0.8975558741057794
S2,5,DE,314,0.8975558741057794
S2,5,DE,319,0.8975558741057794
S2,5,DE,324,0.8975558741057794
S2,5,DE,329,0.8975558741057794
S2,5,DE,334,0.8975558741057794
S2,5,DE,339,0.8975558741057794
S2,5,DE,344,0.8975558741057794
S2,5,DE,349,0.8975558741057794
S2,5,DE,354,0.8975558741057794
S2,5,DE,359,0.8975558741057794
S2,5,DE,364,0.8975558741057794
S2,5,DE,369,0.8708078756235907
S2,5,DE,374,0.8708078756235907
S2,5,DE,379,0.8708078756235907
S2,5,DE,384,0.8708078756235907
S2,5,DE,389,0.8708078756235907
S2,5,DE,394,0.8708078756235907
S2,5,DE,399,0.8708078756235907
S2,5,DE,404,0.8708078756235907
S2,5,DE,409,0.8708078756235907
S2,5,DE,414,0.8708078756235907
S2,5,DE,419,0.8708078756235907
S2,5,DE,424,0.8708078756235907
S2,5,DE,429,0.8708078756235907
S2,5,DE,434,0.8708078756235907
S2,5,DE,439,0.8708078756235907
S2,5,DE,444,0.8708078756235907
S2,5,DE,449,0.8708078756235907
S2,5,DE,454,0.8166381879069279
S2,5,DE,459,0.8166381879069279
S2,5,DE,464,0.8166381879069279
S2,5,DE,469,0.8166381879069279
S2,5,DE,474,0.8166381879069279
S2,5,DE,479,0.8166381879069279
S2,5,DE,484,0.8166381879069279
S2,5,DE,489,0.8166381879069279
S2,5,DE,494,0.8166381879069279
S2,5,DE,499,0.8166381879069279
S2,6,RFOTO-ABC,14,0.2760867775611015
S2,6,RFOTO-ABC,19,0.2760867775611015
S2,6,RFOTO-ABC,24,0.2760867775611015
S2,6,RFOTO-ABC,29,0.2760867775611015
S2,6,RFOTO-ABC,34,0.2760867775611015
S2,6,RFOTO-ABC,39,0.2760867775611015
S2,6,RFOTO-ABC,44,0.27417355908941854
S2,6,RFOTO-ABC,49,0.27417355908941854
S2,6,RFOTO-ABC,54,0.27417355908941854
S2,6,RFOTO-ABC,59,0.27417355908941854
S2,6,RFOTO-ABC,64,0.27417355908941854
S2,6,RFOTO-ABC,69,0.27417355908941854
S2,6,RFOTO-ABC,74,0.27417355908941854
S2,6,RFOTO-ABC,79,0.27417355908941854
S2,6,RFOTO-ABC,84,0.27417355908941854
S2,6,RFOTO-ABC,89,0.27417355908941854
S2,6,RFOTO-ABC,94,0.27417355908941854
S2,6,RFOTO-ABC,99,0.27417355908941854
S2,6,RFOTO-ABC,104,0.27417355908941854
S2,6,RFOTO-ABC,109,0.27417355908941854
S2,6,RFOTO-ABC,114,0.27417355908941854
S2,6,RFOTO-ABC,119,0.27417355908941854
S2,6,RFOTO-ABC,124,0.27417355908941854
S2,6,RFOTO-ABC,129,0.27417355908941854
S2,6,RFOTO-ABC,134,0.27417355908941854
S2,6,RFOTO-ABC,139,0.27417355908941854
S2,6,RFOTO-ABC,144,0.27417355908941854
S2,6,RFOTO-ABC,149,0.27417355908941854
S2,6,RFOTO-ABC,154,0.27417355908941854
S2,6,RFOTO-ABC,159,0.27417355908941854
S2,6,RFOTO-ABC,164,0.27417355908941854
S2,6,RFOTO-ABC,169,0.27417355908941854
S2,6,RFOTO-ABC,174,0.27417355908941854
S2,6,RFOTO-ABC,179,0.27417355908941854
S2,6,RFOTO-ABC,184,0.27417355908941854
S2,6,RFOTO-ABC,189,0.27417355908941854
S2,6,RFOTO-ABC,194,0.27417355908941854
S2,6,RFOTO-ABC,199,0.27417355908941854
S2,6,RFOTO-ABC,204,0.27417355908941854
S2,6,RFOTO-ABC,209,0.27417355908941854
S2,6,RFOTO-ABC,214,0.2378580021443825
S2,6,RFOTO-ABC,219,0.2378580021443825
S2,6,RFOTO-ABC,224,0.2378580021443825
S2,6,RFOTO-ABC,229,0.2378580021443825
S2,6,RFOTO-ABC,234,0.2378580021443825
S2,6,RFOTO-ABC,239,0.2378580021443825
S2,6,RFOTO-ABC,244,0.2378580021443825
S2,6,RFOTO-ABC,249,0.2378580021443825
S2,6,RFOTO-ABC,254,0.2378580021443825
S2,6,RFOTO-ABC,259,0.23752867679418643
S2,6,RFOTO-ABC,264,0.23752867679418643
S2,6,RFOTO-ABC,269,0.23752867679418643
S2,6,RFOTO-ABC,274,0.23752867679418643
S2,6,RFOTO-ABC,279,0.23752867679418643
S2,6,RFOTO-ABC,284,0.23698703088786768
S2,6,RFOTO-ABC,289,0.23698703088786768
S2,6,RFOTO-ABC,294,0.23698703088786768
S2,6,RFOTO-ABC,299,0.23698703088786768
S2,6,RFOTO-ABC,304,0.23698703088786768
S2,6,RFOTO-ABC,309,0.23698703088786768
S2,6,RFOTO-ABC,314,0.23698703088786768
S2,6,RFOTO-ABC,319,0.23698703088786768
S2,6,RFOTO-ABC,324,0.23698703088786768
S2,6,RFOTO-ABC,329,0.23698703088786768
S2,6,RFOTO-ABC,334,0.23698703088786768
S2,6,RFOTO-ABC,339,0.23698703088786768
S2,6,RFOTO-ABC,344,0.23698703088786768
S2,6,RFOTO-ABC,349,0.23698703088786768
S2,6,RFOTO-ABC,354,0.23698703088786768
S2,6,RFOTO-ABC,359,0.23698703088786768
S2,6,RFOTO-ABC,364,0.23698703088786768
S2,6,RFOTO-ABC,369,0.23698703088786768
S2,6,RFOTO-ABC,374,0.23698703088786768
S2,6,RFOTO-ABC,379,0.23698703088786768
S2,6,RFOTO-ABC,384,0.2367209622199058
S2,6,RFOTO-ABC,389,0.2367209622199058
S2,6,RFOTO-ABC,394,0.2367209622199058
S2,6,RFOTO-ABC,399,0.2367209622199058
S2,6,RFOTO-ABC,404,0.2367209622199058
S2,6,RFOTO-ABC,409,0.2367209622199058
S2,6,RFOTO-ABC,414,0.2367209622199058
S2,6,RFOTO-ABC,419,0.2367209622199058
S2,6,RFOTO-ABC,424,0.2367209622199058
S2,6,RFOTO-ABC,429,0.2367209622199058
S2,6,RFOTO-ABC,434,0.2367209622199058
S2,6,RFOTO-ABC,439,0.2367209622199058
S2,6,RFOTO-ABC,444,0.2367209622199058
S2,6,RFOTO-ABC,449,0.2367209622199058
S2,6,RFOTO-ABC,454,0.2367209622199058
S2,6,RFOTO-ABC,459,0.2367209622199058
S2,6,RFOTO-ABC,464,0.2367209622199058
S2,6,RFOTO-ABC,469,0.2367209622199058
S2,6,RFOTO-ABC,474,0.2367209622199058
S2,6,RFOTO-ABC,479,0.2367209622199058
S2,6,RFOTO-ABC,484,0.2367209622199058
S2,6,RFOTO-ABC,489,0.2367209622199058
S2,6,RFOTO-ABC,494,0.2367209622199058
S2,6,RFOTO-ABC,499,0.2367209622199058
S2,6,Standard-ABC,14,0.7082316806816166
S2,6,Standard-ABC,19,0.7061534853269168
S2,6,Standard-ABC,24,0.7061534853269168
S2,6,Standard-ABC,29,0.7061534853269168
S2,6,Standard-ABC,34,0.7061534853269168
S2,6,Standard-ABC,39,0.7061534853269168
S2,6,Standard-ABC,44,0.7061534853269168
S2,6,Standard-ABC,49,0.7061534853269168
S2,6,Standard-ABC,54,0.7061534853269168
S2,6,Standard-ABC,59,0.7061534853269168
S2,6,Standard-ABC,64,0.7061534853269168
S2,6,Standard-ABC,69,0.7061534853269168
S2,6,Standard-ABC,74,0.7061534853269168
S2,6,Standard-ABC,79,0.7061534853269168
S2,6,Standard-ABC,84,0.7061534853269168
S2,6,Standard-ABC,89,0.7061534853269168
S2,6,Standard-ABC,94,0.6768177062243003
S2,6,Standard-ABC,99,0.6768177062243003
S2,6,Standard-ABC,104,0.6768177062243003
S2,6,Standard-ABC,109,0.6768177062243003
S2,6,Standard-ABC,114,0.6768177062243003
S2,6,Standard-ABC,119,0.6768177062243003
S2,6,Standard-ABC,124,0.6768177062243003
S2,6,Standard-ABC,129,0.6768177062243003
S2,6,Standard-ABC,134,0.6768177062243003
S2,6,Standard-ABC,139,0.6768177062243003
S2,6,Standard-ABC,144,0.6768177062243003
S2,6,Standard-ABC,149,0.6674099044124966
S2,6,Standard-ABC,154,0.6674099044124966
S2,6,Standard-ABC,159,0.6674099044124966
S2,6,Standard-ABC,164,0.6674099044124966
S2,6,Standard-ABC,169,0.6674099044124966
S2,6,Standard-ABC,174,0.6674099044124966
S2,6,Standard-ABC,179,0.6649219943206403
S2,6,Standard-ABC,184,0.6649219943206403
S2,6,Standard-ABC,189,0.6649219943206403
S2,6,Standard-ABC,194,0.6649219943206403
S2,6,Standard-ABC,199,0.6649219943206403
S2,6,Standard-ABC,204,0.6649219943206403
S2,6,Standard-ABC,209,0.6649219943206403
S2,6,Standard-ABC,214,0.6649219943206403
S2,6,Standard-ABC,219,0.6649219943206403
S2,6,Standard-ABC,224,0.6502075825152437
S2,6,Standard-ABC,229,0.6404297360311111
S2,6,Standard-ABC,234,0.6404297360311111
S2,6,Standard-ABC,239,0.6404297360311111
S2,6,Standard-ABC,244,0.6404297360311111
S2,6,Standard-ABC,249,0.6404297360311111
S2,6,Standard-ABC,254,0.6404297360311111
S2,6,Standard-ABC,259,0.6404297360311111
S2,6,Standard-ABC,264,0.6404297360311111
S2,6,Standard-ABC,269,0.6404297360311111
S2,6,Standard-ABC,274,0.6404297360311111
S2,6,Standard-ABC,279,0.6404297360311111
S2,6,Standard-ABC,284,0.6081905838821924
S2,6,Standard-ABC,289,0.6081905838821924
S2,6,Standard-ABC,294,0.6081905838821924
S2,6,Standard-ABC,299,0.6081905838821924
S2,6,Standard-ABC,304,0.6081905838821924
S2,6,Standard-ABC,309,0.6081905838821924
S2,6,Standard-ABC,314,0.6081905838821924
S2,6,Standard-ABC,319,0.6081905838821924
S2,6,Standard-ABC,324,0.6081905838821924
S2,6,Standard-ABC,329,0.6081905838821924
S2,6,Standard-ABC,334,0.6081905838821924
S2,6,Standard-ABC,339,0.6081905838821924
S2,6,Standard-ABC,344,0.6081905838821924
S2,6,Standard-ABC,349,0.6081905838821924
S2,6,Standard-ABC,354,0.6081905838821924
S2,6,Standard-ABC,359,0.6081905838821924
S2,6,Standard-ABC,364,0.6081905838821924
S2,6,Standard-ABC,369,0.6081905838821924
S2,6,Standard-ABC,374,0.6081905838821924
S2,6,Standard-ABC,379,0.6081905838821924
S2,6,Standard-ABC,384,0.6081905838821924
S2,6,Standard-ABC,389,0.6030196910421753
S2,6,Standard-ABC,394,0.6030196910421753
S2,6,Standard-ABC,399,0.6030196910421753
S2,6,Standard-ABC,404,0.5906380446666514
S2,6,Standard-ABC,409,0.5906380446666514
S2,6,Standard-ABC,414,0.5906380446666514
S2,6,Standard-ABC,419,0.5906380446666514
S2,6,Standard-ABC,424,0.5906380446666514
S2,6,Standard-ABC,429,0.5906380446666514
S2,6,Standard-ABC,434,0.5906380446666514
S2,6,Standard-ABC,439,0.5906380446666514
S2,6,Standard-ABC,444,0.5906380446666514
S2,6,Standard-ABC,449,0.5906380446666514
S2,6,Standard-ABC,454,0.5906380446666514
S2,6,Standard-ABC,459,0.5906380446666514
S2,6,Standard-ABC,464,0.5906380446666514
S2,6,Standard-ABC,469,0.5906380446666514
S2,6,Standard-ABC,474,0.5906380446666514
S2,6,Standard-ABC,479,0.5906380446666514
S2,6,Standard-ABC,484,0.5906380446666514
S2,6,Standard-ABC,489,0.5906380446666514
S2,6,Standard-ABC,494,0.5906380446666514
S2,6,Standard-ABC,499,0.5906380446666514
S2,6,GA,14,0.7082316806816166
S2,6,GA,19,0.6822242249137713
S2,6,GA,24,0.6675645827417794
S2,6,GA,29,0.6675645827417794
S2,6,GA,34,0.6614460406753915
S2,6,GA,39,0.6614460406753915
S2,6,GA,44,0.6614460406753915
S2,6,GA,49,0.6614460406753915
S2,6,GA,54,0.6614460406753915
S2,6,GA,59,0.6614460406753915
S2,6,GA,64,0.6308841462127123
S2,6,GA,69,0.6308841462127123
S2,6,GA,74,0.6308841462127123
S2,6,GA,79,0.6308841462127123
S2,6,GA,84,0.6186830967836235
S2,6,GA,89,0.6186830967836235
S2,6,GA,94,0.6161508640900177
S2,6,GA,99,0.6161508640900177
S2,6,GA,104,0.6161508640900177
S2,6,GA,109,0.6161508640900177
S2,6,GA,114,0.6161508640900177
S2,6,GA,119,0.6161508640900177
S2,6,GA,124,0.6093172391750988
S2,6,GA,129,0.6093172391750988
S2,6,GA,134,0.5923123425404253
S2,6,GA,139,0.5923123425404253
S2,6,GA,144,0.5846308446744268
S2,6,GA,149,0.5783362848599288
S2,6,GA,154,0.5783362848599288
S2,6,GA,159,0.5783362848599288
S2,6,GA,164,0.5783362848599288
S2,6,GA,169,0.5783362848599288
S2,6,GA,174,0.575380791690922
S2,6,GA,179,0.575380791690922
S2,6,GA,184,0.575380791690922
S2,6,GA,189,0.575380791690922
S2,6,GA,194,0.570319855824468
S2,6,GA,199,0.570319855824468
S2,6,GA,204,0.570319855824468
S2,6,GA,209,0.5682103461061285
S2,6,GA,214,0.5682103461061285
S2,6,GA,219,0.5491901761251927
S2,6,GA,224,0.5491901761251927
S2,6,GA,229,0.5491901761251927
S2,6,GA,234,0.5491901761251927
S2,6,GA,239,0.5491901761251927
S2,6,GA,244,0.5491901761251927
S2,6,GA,249,0.5491901761251927
S2,6,GA,254,0.5337620973088696
S2,6,GA,259,0.5243233638537248
S2,6,GA,264,0.5243233638537248
S2,6,GA,269,0.5243233638537248
S2,6,GA,274,0.5243233638537248
S2,6,GA,279,0.5243233638537248
S2,6,GA,284,0.5243233638537248
S2,6,GA,289,0.5243233638537248
S2,6,GA,294,0.5243233638537248
S2,6,GA,299,0.5243233638537248
S2,6,GA,304,0.5210790484697148
S2,6,GA,309,0.5210790484697148
S2,6,GA,314,0.5210790484697148
S2,6,GA,319,0.5161862887946811
S2,6,GA,324,0.5161862887946811
S2,6,GA,329,0.5161862887946811
S2,6,GA,334,0.5161862887946811
S2,6,GA,339,0.5141375183857918
S2,6,GA,344,0.5099024547580795
S2,6,GA,349,0.5025609640230355
S2,6,GA,354,0.4714878155191237
S2,6,GA,359,0.4714878155191237
S2,6,GA,364,0.4714878155191237
S2,6,GA,369,0.4714878155191237
S2,6,GA,374,0.4714878155191237
S2,6,GA,379,0.4714878155191237
S2,6,GA,384,0.4714878155191237
S2,6,GA,389,0.4685379226504761
S2,6,GA,394,0.4672102984662581
S2,6,GA,399,0.4672102984662581
S2,6,GA,404,0.4672102984662581
S2,6,GA,409,0.46606377502055396
S2,6,GA,414,0.45689351951695834
S2,6,GA,419,0.45689351951695834
S2,6,GA,424,0.45689351951695834
S2,6,GA,429,0.45689351951695834
S2,6,GA,434,0.45470870280254744
S2,6,GA,439,0.45470870280254744
S2,6,GA,444,0.45470870280254744
S2,6,GA,449,0.45470870280254744
S2,6,GA,454,0.45470870280254744
S2,6,GA,459,0.45470870280254744
S2,6,GA,464,0.45470870280254744
S2,6,GA,469,0.45470870280254744
S2,6,GA,474,0.4384486083538228
S2,6,GA,479,0.4384486083538228
S2,6,GA,484,0.4384486083538228
S2,6,GA,489,0.4384486083538228
S2,6,GA,494,0.4323499954018634
S2,6,GA,499,0.42361747737131555
S2,6,PSO,14,2.0738605801093533
S2,6,PSO,19,1.5786251797041075
S2,6,PSO,24,1.5786251797041075
S2,6,PSO,29,1.5786251797041075
S2,6,PSO,34,1.5786251797041075
S2,6,PSO,39,1.5786251797041075
S2,6,PSO,44,1.5786251797041075
S2,6,PSO,49,1.1596705158527212
S2,6,PSO,54,1.1596705158527212
S2,6,PSO,59,1.1596705158527212
S2,6,PSO,64,1.1596705158527212
S2,6,PSO,69,1.1596705158527212
S2,6,PSO,74,1.1596705158527212
S2,6,PSO,79,1.0592628507729618
S2,6,PSO,84,1.0592628507729618
S2,6,PSO,89,1.0592628507729618
S2,6,PSO,94,1.0592628507729618
S2,6,PSO,99,1.0592628507729618
S2,6,PSO,104,1.0592628507729618
S2,6,PSO,109,1.0592628507729618
S2,6,PSO,114,1.0592628507729618
S2,6,PSO,119,1.0592628507729618
S2,6,PSO,124,1.0592628507729618
S2,6,PSO,129,1.0214753330141004
S2,6,PSO,134,1.0214753330141004
S2,6,PSO,139,1.0214753330141004
S2,6,PSO,144,1.0214753330141004
S2,6,PSO,149,1.0214753330141004
S2,6,PSO,154,1.0214753330141004
S2,6,PSO,159,1.0214753330141004
S2,6,PSO,164,1.0214753330141004
S2,6,PSO,169,1.0214753330141004
S2,6,PSO,174,1.0214753330141004
S2,6,PSO,179,1.0214753330141004
S2,6,PSO,184,1.0214753330141004
S2,6,PSO,189,0.9689677603087632
S2,6,PSO,194,0.9689677603087632
S2,6,PSO,199,0.9278666727093895
S2,6,PSO,204,0.9278666727093895
S2,6,PSO,209,0.9031109841838056
S2,6,PSO,214,0.9031109841838056
S2,6,PSO,219,0.9031109841838056
S2,6,PSO,224,0.9031109841838056
S2,6,PSO,229,0.9031109841838056
S2,6,PSO,234,0.8607648143227228
S2,6,PSO,239,0.8607648143227228
S2,6,PSO,244,0.8607648143227228
S2,6,PSO,249,0.8483083470422192
S2,6,PSO,254,0.8483083470422192
S2,6,PSO,259,0.8483083470422192
S2,6,PSO,264,0.8483083470422192
S2,6,PSO,269,0.8483083470422192
S2,6,PSO,274,0.8483083470422192
S2,6,PSO,279,0.8406963879817044
S2,6,PSO,284,0.8163727702007503
S2,6,PSO,289,0.8163727702007503
S2,6,PSO,294,0.8105789905847717
S2,6,PSO,299,0.8105789905847717
S2,6,PSO,304,0.8105789905847717
S2,6,PSO,309,0.8039793293737392
S2,6,PSO,314,0.8039793293737392
S2,6,PSO,319,0.8039793293737392
S2,6,PSO,324,0.8039793293737392
S2,6,PSO,329,0.8039793293737392
S2,6,PSO,334,0.8016372661753504
S2,6,PSO,339,0.8016372661753504
S2,6,PSO,344,0.8016372661753504
S2,6,PSO,349,0.8016372661753504
S2,6,PSO,354,0.8006541318012257
S2,6,PSO,359,0.8006541318012257
S2,6,PSO,364,0.7978127242364206
S2,6,PSO,369,0.7955001591907981
S2,6,PSO,374,0.7955001591907981
S2,6,PSO,379,0.7832064533243834
S2,6,PSO,384,0.7832064533243834
S2,6,PSO,389,0.7831511091574501
S2,6,PSO,394,0.7831511091574501
S2,6,PSO,399,0.7779422301938422
S2,6,PSO,404,0.7779422301938422
S2,6,PSO,409,0.7774386172947729
S2,6,PSO,414,0.7774386172947729
S2,6,PSO,419,0.7735646712168565
S2,6,PSO,424,0.7735646712168565
S2,6,PSO,429,0.7735646712168565
S2,6,PSO,434,0.7704707983730933
S2,6,PSO,439,0.7704705063341454
S2,6,PSO,444,0.7592172674981489
S2,6,PSO,449,0.755223162070822
S2,6,PSO,454,0.755223162070822
S2,6,PSO,459,0.7530543139491983
S2,6,PSO,464,0.746833041956605
S2,6,PSO,469,0.7416664394538872
S2,6,PSO,474,0.7416664394538872
S2,6,PSO,479,0.7375409001162632
S2,6,PSO,484,0.7347267679093007
S2,6,PSO,489,0.7328786474290505
S2,6,PSO,494,0.7259286043504063
S2,6,PSO,499,0.7256970224846905
S2,6,DE,14,2.0738605801093533
S2,6,DE,19,2.0738605801093533
S2,6,DE,24,2.0738605801093533
S2,6,DE,29,2.0738605801093533
S2,6,DE,34,1.441478350458036
S2,6,DE,39,1.441478350458036
S2,6,DE,44,1.441478350458036
S2,6,DE,49,1.441478350458036
S2,6,DE,54,1.441478350458036
S2,6,DE,59,1.441478350458036
S2,6,DE,64,1.441478350458036
S2,6,DE,69,1.441478350458036
S2,6,DE,74,1.441478350458036
S2,6,DE,79,1.441478350458036
S2,6,DE,84,1.441478350458036
S2,6,DE,89,1.441478350458036
S2,6,DE,94,1.441478350458036
S2,6,DE,99,1.441478350458036
S2,6,DE,104,1.441478350458036
S2,6,DE,109,1.441478350458036
S2,6,DE,114,1.441478350458036
S2,6,DE,119,1.441478350458036
S2,6,DE,124,1.441478350458036
S2,6,DE,129,1.441478350458036
S2,6,DE,134,1.441478350458036
S2,6,DE,139,1.441478350458036
S2,6,DE,144,1.441478350458036
S2,6,DE,149,1.441478350458036
S2,6,DE,154,1.441478350458036
S2,6,DE,159,1.441478350458036
S2,6,DE,164,1.441478350458036
S2,6,DE,169,1.441478350458036
S2,6,DE,174,1.441478350458036
S2,6,DE,179,1.441478350458036
S2,6,DE,184,1.4389187337078386
S2,6,DE,189,1.4389187337078386
S2,6,DE,194,1.2200077368324258
S2,6,DE,199,1.2200077368324258
S2,6,DE,204,1.2200077368324258
S2,6,DE,209,1.2200077368324258
S2,6,DE,214,1.2200077368324258
S2,6,DE,219,1.2200077368324258
S2,6,DE,224,1.2200077368324258
S2,6,DE,229,1.2200077368324258
S2,6,DE,234,1.2200077368324258
S2,6,DE,239,1.2200077368324258
S2,6,DE,244,1.2200077368324258
S2,6,DE,249,1.2200077368324258
S2,6,DE,254,1.2200077368324258
S2,6,DE,259,1.2200077368324258
S2,6,DE,264,1.2200077368324258
S2,6,DE,269,1.2200077368324258
S2,6,DE,274,1.2200077368324258
S2,6,DE,279,1.2200077368324258
S2,6,DE,284,1.2200077368324258
S2,6,DE,289,1.2200077368324258
S2,6,DE,294,1.2200077368324258
S2,6,DE,299,1.2200077368324258
S2,6,DE,304,1.2200077368324258
S2,6,DE,309,1.2200077368324258
S2,6,DE,314,1.2200077368324258
S2,6,DE,319,1.2200077368324258
S2,6,DE,324,1.2200077368324258
S2,6,DE,329,1.2200077368324258
S2,6,DE,334,1.1945530469260934
S2,6,DE,339,1.1945530469260934
S2,6,DE,344,1.1945530469260934
S2,6,DE,349,1.1945530469260934
S2,6,DE,354,1.1945530469260934
S2,6,DE,359,1.1945530469260934
S2,6,DE,364,1.1945530469260934
S2,6,DE,369,1.1945530469260934
S2,6,DE,374,1.1945530469260934
S2,6,DE,379,1.1945530469260934
S2,6,DE,384,1.1945530469260934
S2,6,DE,389,1.1945530469260934
S2,6,DE,394,1.1945530469260934
S2,6,DE,399,1.070077795122105
S2,6,DE,404,1.070077795122105
S2,6,DE,409,1.070077795122105
S2,6,DE,414,1.070077795122105
S2,6,DE,419,1.070077795122105
S2,6,DE,424,1.070077795122105
S2,6,DE,429,1.070077795122105
S2,6,DE,434,1.070077795122105
S2,6,DE,439,1.070077795122105
S2,6,DE,444,1.070077795122105
S2,6,DE,449,1.070077795122105
S2,6,DE,454,1.070077795122105
S2,6,DE,459,1.070077795122105
S2,6,DE,464,1.070077795122105
S2,6,DE,469,1.070077795122105
S2,6,DE,474,1.070077795122105
S2,6,DE,479,1.070077795122105
S2,6,DE,484,1.070077795122105
S2,6,DE,489,1.070077795122105
S2,6,DE,494,1.070077795122105
S2,6,DE,499,1.070077795122105
S2,7,RFOTO-ABC,14,0.18531907718668184
S2,7,RFOTO-ABC,19,0.18531907718668184
S2,7,RFOTO-ABC,24,0.18531907718668184
S2,7,RFOTO-ABC,29,0.18531907718668184
S2,7,RFOTO-ABC,34,0.18531907718668184
S2,7,RFOTO-ABC,39,0.18531907718668184
S2,7,RFOTO-ABC,44,0.18531907718668184
S2,7,RFOTO-ABC,49,0.18531907718668184
S2,7,RFOTO-ABC,54,0.18531907718668184
S2,7,RFOTO-ABC,59,0.18531907718668184
S2,7,RFOTO-ABC,64,0.18531907718668184
S2,7,RFOTO-ABC,69,0.18531907718668184
S2,7,RFOTO-ABC,74,0.18531907718668184
S2,7,RFOTO-ABC,79,0.18531907718668184
S2,7,RFOTO-ABC,84,0.18531907718668184
S2,7,RFOTO-ABC,89,0.18531907718668184
S2,7,RFOTO-ABC,94,0.18531907718668184
S2,7,RFOTO-ABC,99,0.18531907718668184
S2,7,RFOTO-ABC,104,0.18531907718668184
S2,7,RFOTO-ABC,109,0.18531907718668184
S2,7,RFOTO-ABC,114,0.18531907718668184
S2,7,RFOTO-ABC,119,0.18531907718668184
S2,7,RFOTO-ABC,124,0.18531907718668184
S2,7,RFOTO-ABC,129,0.18531907718668184
S2,7,RFOTO-ABC,134,0.1852858807195112
S2,7,RFOTO-ABC,139,0.18509547214000627
S2,7,RFOTO-ABC,144,0.18509547214000627
S2,7,RFOTO-ABC,149,0.18509547214000627
S2,7,RFOTO-ABC,154,0.18509547214000627
S2,7,RFOTO-ABC,159,0.18509547214000627
S2,7,RFOTO-ABC,164,0.18509547214000627
S2,7,RFOTO-ABC,169,0.18509547214000627
S2,7,RFOTO-ABC,174,0.18509547214000627
S2,7,RFOTO-ABC,179,0.18509547214000627
S2,7,RFOTO-ABC,184,0.18509547214000627
S2,7,RFOTO-ABC,189,0.18509547214000627
S2,7,RFOTO-ABC,194,0.18509547214000627
S2,7,RFOTO-ABC,199,0.18509547214000627
S2,7,RFOTO-ABC,204,0.18509547214000627
S2,7,RFOTO-ABC,209,0.18509547214000627
S2,7,RFOTO-ABC,214,0.18509547214000627
S2,7,RFOTO-ABC,219,0.18509547214000627
S2,7,RFOTO-ABC,224,0.18509547214000627
S2,7,RFOTO-ABC,229,0.18509547214000627
S2,7,RFOTO-ABC,234,0.18509547214000627
S2,7,RFOTO-ABC,239,0.18509547214000627
S2,7,RFOTO-ABC,244,0.18509547214000627
S2,7,RFOTO-ABC,249,0.18509547214000627
S2,7,RFOTO-ABC,254,0.18509547214000627
S2,7,RFOTO-ABC,259,0.18509547214000627
S2,7,RFOTO-ABC,264,0.18509547214000627
S2,7,RFOTO-ABC,269,0.18509547214000627
S2,7,RFOTO-ABC,274,0.18509547214000627
S2,7,RFOTO-ABC,279,0.18509547214000627
S2,7,RFOTO-ABC,284,0.18509547214000627
S2,7,RFOTO-ABC,289,0.18509547214000627
S2,7,RFOTO-ABC,294,0.18509547214000627
S2,7,RFOTO-ABC,299,0.18509547214000627
S2,7,RFOTO-ABC,304,0.18509547214000627
S2,7,RFOTO-ABC,309,0.18509547214000627
S2,7,RFOTO-ABC,314,0.18509547214000627
S2,7,RFOTO-ABC,319,0.18509547214000627
S2,7,RFOTO-ABC,324,0.18509547214000627
S2,7,RFOTO-ABC,329,0.18509547214000627
S2,7,RFOTO-ABC,334,0.18509547214000627
S2,7,RFOTO-ABC,339,0.18390821883482217
S2,7,RFOTO-ABC,344,0.18390821883482217
S2,7,RFOTO-ABC,349,0.18390821883482217
S2,7,RFOTO-ABC,354,0.18390821883482217
S2,7,RFOTO-ABC,359,0.18390821883482217
S2,7,RFOTO-ABC,364,0.18390821883482217
S2,7,RFOTO-ABC,369,0.18390821883482217
S2,7,RFOTO-ABC,374,0.1837254007787738
S2,7,RFOTO-ABC,379,0.1837254007787738
S2,7,RFOTO-ABC,384,0.1837254007787738
S2,7,RFOTO-ABC,389,0.1837254007787738
S2,7,RFOTO-ABC,394,0.1837254007787738
S2,7,RFOTO-ABC,399,0.1837254007787738
S2,7,RFOTO-ABC,404,0.1837254007787738
S2,7,RFOTO-ABC,409,0.1837254007787738
S2,7,RFOTO-ABC,414,0.1837254007787738
S2,7,RFOTO-ABC,419,0.1837254007787738
S2,7,RFOTO-ABC,424,0.1837254007787738
S2,7,RFOTO-ABC,429,0.1837254007787738
S2,7,RFOTO-ABC,434,0.1837254007787738
S2,7,RFOTO-ABC,439,0.1837254007787738
S2,7,RFOTO-ABC,444,0.1837254007787738
S2,7,RFOTO-ABC,449,0.1837254007787738
S2,7,RFOTO-ABC,454,0.1837254007787738
S2,7,RFOTO-ABC,459,0.1837254007787738
S2,7,RFOTO-ABC,464,0.1837254007787738
S2,7,RFOTO-ABC,469,0.1837254007787738
S2,7,RFOTO-ABC,474,0.1837254007787738
S2,7,RFOTO-ABC,479,0.1837254007787738
S2,7,RFOTO-ABC,484,0.1837254007787738
S2,7,RFOTO-ABC,489,0.1837254007787738
S2,7,RFOTO-ABC,494,0.1837254007787738
S2,7,RFOTO-ABC,499,0.1837254007787738
S2,7,Standard-ABC,14,0.5767223952557858
S2,7,Standard-ABC,19,0.5767223952557858
S2,7,Standard-ABC,24,0.5766905874171969
S2,7,Standard-ABC,29,0.5766905874171969
S2,7,Standard-ABC,34,0.5766905874171969
S2,7,Standard-ABC,39,0.5766905874171969
S2,7,Standard-ABC,44,0.5766905874171969
S2,7,Standard-ABC,49,0.5766905874171969
S2,7,Standard-ABC,54,0.5766905874171969
S2,7,Standard-ABC,59,0.5766905874171969
S2,7,Standard-ABC,64,0.5766905874171969
S2,7,Standard-ABC,69,0.565817869541593
S2,7,Standard-ABC,74,0.5641730727662406
S2,7,Standard-ABC,79,0.5641730727662406
S2,7,Standard-ABC,84,0.5641730727662406
S2,7,Standard-ABC,89,0.5641730727662406
S2,7,Standard-ABC,94,0.551992097184146
S2,7,Standard-ABC,99,0.551992097184146
S2,7,Standard-ABC,104,0.551992097184146
S2,7,Standard-ABC,109,0.551992097184146
S2,7,Standard-ABC,114,0.551992097184146
S2,7,Standard-ABC,119,0.5497307935050171
S2,7,Standard-ABC,124,0.5497307935050171
S2,7,Standard-ABC,129,0.5497307935050171
S2,7,Standard-ABC,134,0.5488863942827643
S2,7,Standard-ABC,139,0.5488863942827643
S2,7,Standard-ABC,144,0.5488863942827643
S2,7,Standard-ABC,149,0.5488863942827643
S2,7,Standard-ABC,154,0.5488863942827643
S2,7,Standard-ABC,159,0.5488863942827643
S2,7,Standard-ABC,164,0.5488863942827643
S2,7,Standard-ABC,169,0.5488863942827643
S2,7,Standard-ABC,174,0.5488863942827643
S2,7,Standard-ABC,179,0.5488863942827643
S2,7,Standard-ABC,184,0.5488863942827643
S2,7,Standard-ABC,189,0.5488863942827643
S2,7,Standard-ABC,194,0.5488863942827643
S2,7,Standard-ABC,199,0.5389834816356659
S2,7,Standard-ABC,204,0.5389834816356659
S2,7,Standard-ABC,209,0.5389834816356659
S2,7,Standard-ABC,214,0.5389834816356659
S2,7,Standard-ABC,219,0.5389834816356659
S2,7,Standard-ABC,224,0.5389834816356659
S2,7,Standard-ABC,229,0.5389834816356659
S2,7,Standard-ABC,234,0.5389834816356659
S2,7,Standard-ABC,239,0.5389834816356659
S2,7,Standard-ABC,244,0.5389834816356659
S2,7,Standard-ABC,249,0.5389834816356659
S2,7,Standard-ABC,254,0.5389834816356659
S2,7,Standard-ABC,259,0.5389834816356659
S2,7,Standard-ABC,264,0.5353638378689832
S2,7,Standard-ABC,269,0.5319953862054346
S2,7,Standard-ABC,274,0.5319953862054346
S2,7,Standard-ABC,279,0.5289176358370438
S2,7,Standard-ABC,284,0.5289176358370438
S2,7,Standard-ABC,289,0.5289176358370438
S2,7,Standard-ABC,294,0.5289176358370438
S2,7,Standard-ABC,299,0.5289176358370438
S2,7,Standard-ABC,304,0.5289176358370438
S2,7,Standard-ABC,309,0.5289176358370438
S2,7,Standard-ABC,314,0.5232741143219737
S2,7,Standard-ABC,319,0.5232741143219737
S2,7,Standard-ABC,324,0.5232741143219737
S2,7,Standard-ABC,329,0.5232741143219737
S2,7,Standard-ABC,334,0.5232741143219737
S2,7,Standard-ABC,339,0.5232741143219737
S2,7,Standard-ABC,344,0.5232741143219737
S2,7,Standard-ABC,349,0.5232741143219737
S2,7,Standard-ABC,354,0.5232741143219737
S2,7,Standard-ABC,359,0.5232741143219737
S2,7,Standard-ABC,364,0.5232741143219737
S2,7,Standard-ABC,369,0.5232741143219737
S2,7,Standard-ABC,374,0.5232741143219737
S2,7,Standard-ABC,379,0.5232741143219737
S2,7,Standard-ABC,384,0.5232741143219737
S2,7,Standard-ABC,389,0.5232741143219737
S2,7,Standard-ABC,394,0.5232741143219737
S2,7,Standard-ABC,399,0.5232741143219737
S2,7,Standard-ABC,404,0.5232741143219737
S2,7,Standard-ABC,409,0.5232741143219737
S2,7,Standard-ABC,414,0.5232741143219737
S2,7,Standard-ABC,419,0.5232741143219737
S2,7,Standard-ABC,424,0.5232741143219737
S2,7,Standard-ABC,429,0.5232741143219737
S2,7,Standard-ABC,434,0.5232741143219737
S2,7,Standard-ABC,439,0.5232741143219737
S2,7,Standard-ABC,444,0.5232741143219737
S2,7,Standard-ABC,449,0.5232741143219737
S2,7,Standard-ABC,454,0.5232741143219737
S2,7,Standard-ABC,459,0.522984970626911
S2,7,Standard-ABC,464,0.522984970626911
S2,7,Standard-ABC,469,0.522984970626911
S2,7,Standard-ABC,474,0.522984970626911
S2,7,Standard-ABC,479,0.522984970626911
S2,7,Standard-ABC,484,0.522984970626911
S2,7,Standard-ABC,489,0.522984970626911
S2,7,Standard-ABC,494,0.522984970626911
S2,7,Standard-ABC,499,0.493790112640432
S2,7,GA,14,0.5767223952557858
S2,7,GA,19,0.5292548891125202
S2,7,GA,24,0.5292548891125202
S2,7,GA,29,0.4440154903453744
S2,7,GA,34,0.4440154903453744
S2,7,GA,39,0.4415061148721839
S2,7,GA,44,0.4386211836410781
S2,7,GA,49,0.4386211836410781
S2,7,GA,54,0.4079085514959367
S2,7,GA,59,0.4079085514959367
S2,7,GA,64,0.4079085514959367
S2,7,GA,69,0.4079085514959367
S2,7,GA,74,0.4079085514959367
S2,7,GA,79,0.4079085514959367
S2,7,GA,84,0.40701544630714603
S2,7,GA,89,0.40701544630714603
S2,7,GA,94,0.40701544630714603
S2,7,GA,99,0.40080883632616193
S2,7,GA,104,0.40080883632616193
S2,7,GA,109,0.3954675453649848
S2,7,GA,114,0.3872788959792627
S2,7,GA,119,0.3872788959792627
S2,7,GA,124,0.3817093789494472
S2,7,GA,129,0.3817093789494472
S2,7,GA,134,0.3817093789494472
S2,7,GA,139,0.3682845878153335
S2,7,GA,144,0.3682845878153335
S2,7,GA,149,0.3682845878153335
S2,7,GA,154,0.3682845878153335
S2,7,GA,159,0.3483725670173054
S2,7,GA,164,0.3483725670173054
S2,7,GA,169,0.3483725670173054
S2,7,GA,174,0.34313234226237194
S2,7,GA,179,0.34313234226237194
S2,7,GA,184,0.34313234226237194
S2,7,GA,189,0.34313234226237194
S2,7,GA,194,0.34313234226237194
S2,7,GA,199,0.3406277495814761
S2,7,GA,204,0.3406277495814761
S2,7,GA,209,0.34003224026305495
S2,7,GA,214,0.34003224026305495
S2,7,GA,219,0.34003224026305495
S2,7,GA,224,0.34003224026305495
S2,7,GA,229,0.33795143477064327
S2,7,GA,234,0.33544814136646134
S2,7,GA,239,0.33544814136646134
S2,7,GA,244,0.33544814136646134
S2,7,GA,249,0.33109185692142085
S2,7,GA,254,0.33109185692142085
S2,7,GA,259,0.33109185692142085
S2,7,GA,264,0.32601043121097245
S2,7,GA,269,0.32601043121097245
S2,7,GA,274,0.32601043121097245
S2,7,GA,279,0.32601043121097245
S2,7,GA,284,0.32601043121097245
S2,7,GA,289,0.3232584105466266
S2,7,GA,294,0.3232584105466266
S2,7,GA,299,0.3232584105466266
S2,7,GA,304,0.3232584105466266
S2,7,GA,309,0.3232584105466266
S2,7,GA,314,0.3232584105466266
S2,7,GA,319,0.3232584105466266
S2,7,GA,324,0.3232584105466266
S2,7,GA,329,0.3232584105466266
S2,7,GA,334,0.3213622491553141
S2,7,GA,339,0.3213622491553141
S2,7,GA,344,0.31918168655272966
S2,7,GA,349,0.3169631114475806
S2,7,GA,354,0.3169631114475806
S2,7,GA,359,0.3169631114475806
S2,7,GA,364,0.3169631114475806
S2,7,GA,369,0.31453608569839375
S2,7,GA,374,0.31453608569839375
S2,7,GA,379,0.31453608569839375
S2,7,GA,384,0.31453608569839375
S2,7,GA,389,0.31453608569839375
S2,7,GA,394,0.31453608569839375
S2,7,GA,399,0.31453608569839375
S2,7,GA,404,0.31453608569839375
S2,7,GA,409,0.3085407597144697
S2,7,GA,414,0.3085407597144697
S2,7,GA,419,0.3085407597144697
S2,7,GA,424,0.3085407597144697
S2,7,GA,429,0.3085407597144697
S2,7,GA,434,0.3085407597144697
S2,7,GA,439,0.3085407597144697
S2,7,GA,444,0.3085407597144697
S2,7,GA,449,0.3055515260087729
S2,7,GA,454,0.3055515260087729
S2,7,GA,459,0.3055515260087729
S2,7,GA,464,0.3055515260087729
S2,7,GA,469,0.3055515260087729
S2,7,GA,474,0.3055515260087729
S2,7,GA,479,0.3052240106558757
S2,7,GA,484,0.303102287174466
S2,7,GA,489,0.303102287174466
S2,7,GA,494,0.303102287174466
S2,7,GA,499,0.3024352948358443
S2,7,PSO,14,1.9415473877337444
S2,7,PSO,19,1.1990359385818534
S2,7,PSO,24,1.1990359385818534
S2,7,PSO,29,1.1974484217169272
S2,7,PSO,34,1.1974484217169272
S2,7,PSO,39,1.1974484217169272
S2,7,PSO,44,1.101332660396971
S2,7,PSO,49,1.101332660396971
S2,7,PSO,54,1.101332660396971
S2,7,PSO,59,1.101332660396971
S2,7,PSO,64,1.0242179030632657
S2,7,PSO,69,1.0242179030632657
S2,7,PSO,74,1.0242179030632657
S2,7,PSO,79,1.0242179030632657
S2,7,PSO,84,1.0242179030632657
S2,7,PSO,89,0.9468700431099423
S2,7,PSO,94,0.9468700431099423
S2,7,PSO,99,0.9438667148705492
S2,7,PSO,104,0.9438667148705492
S2,7,PSO,109,0.9438667148705492
S2,7,PSO,114,0.9412589796264467
S2,7,PSO,119,0.7886095817926573
S2,7,PSO,124,0.7886095817926573
S2,7,PSO,129,0.7886095817926573
S2,7,PSO,134,0.7886095817926573
S2,7,PSO,139,0.7886095817926573
S2,7,PSO,144,0.7886095817926573
S2,7,PSO,149,0.7886095817926573
S2,7,PSO,154,0.7886095817926573
S2,7,PSO,159,0.7828599082978916
S2,7,PSO,164,0.7828599082978916
S2,7,PSO,169,0.7828599082978916
S2,7,PSO,174,0.7588848366448491
S2,7,PSO,179,0.7553839923188326
S2,7,PSO,184,0.7553839923188326
S2,7,PSO,189,0.7553839923188326
S2,7,PSO,194,0.7553839923188326
S2,7,PSO,199,0.7553839923188326
S2,7,PSO,204,0.7553839923188326
S2,7,PSO,209,0.7146391260133194
S2,7,PSO,214,0.6846137518183593
S2,7,PSO,219,0.6846137518183593
S2,7,PSO,224,0.6846137518183593
S2,7,PSO,229,0.6844303776605852
S2,7,PSO,234,0.6844303776605852
S2,7,PSO,239,0.6844303776605852
S2,7,PSO,244,0.6844303776605852
S2,7,PSO,249,0.6844303776605852
S2,7,PSO,254,0.6844303776605852
S2,7,PSO,259,0.6844303776605852
S2,7,PSO,264,0.6844303776605852
S2,7,PSO,269,0.6741541982364672
S2,7,PSO,274,0.6741541982364672
S2,7,PSO,279,0.6676562573333077
S2,7,PSO,284,0.6676562573333077
S2,7,PSO,289,0.6676562573333077
S2,7,PSO,294,0.6644333826027189
S2,7,PSO,299,0.6606910612911217
S2,7,PSO,304,0.6606910612911217
S2,7,PSO,309,0.659070067647474
S2,7,PSO,314,0.659070067647474
S2,7,PSO,319,0.659070067647474
S2,7,PSO,324,0.659070067647474
S2,7,PSO,329,0.6574767393118425
S2,7,PSO,334,0.6574767393118425
S2,7,PSO,339,0.6574767393118425
S2,7,PSO,344,0.6524649338543658
S2,7,PSO,349,0.6524649338543658
S2,7,PSO,354,0.6524649338543658
S2,7,PSO,359,0.6524649338543658
S2,7,PSO,364,0.6497956496548944
S2,7,PSO,369,0.6463219014778204
S2,7,PSO,374,0.6463219014778204
S2,7,PSO,379,0.6463219014778204
S2,7,PSO,384,0.6452132906367883
S2,7,PSO,389,0.6430661139759264
S2,7,PSO,394,0.6422159519635748
S2,7,PSO,399,0.6422159519635748
S2,7,PSO,404,0.6404473228907578
S2,7,PSO,409,0.640215124811545
S2,7,PSO,414,0.640215124811545
S2,7,PSO,419,0.640215124811545
S2,7,PSO,424,0.6384119223683138
S2,7,PSO,429,0.6384119223683138
S2,7,PSO,434,0.6375290834069142
S2,7,PSO,439,0.6375290834069142
S2,7,PSO,444,0.6375290834069142
S2,7,PSO,449,0.6374509240005911
S2,7,PSO,454,0.6374509240005911
S2,7,PSO,459,0.6370106564291367
S2,7,PSO,464,0.6362861486447395
S2,7,PSO,469,0.6354751259852657
S2,7,PSO,474,0.6354751259852657
S2,7,PSO,479,0.6350124523819212
S2,7,PSO,484,0.6350124523819212
S2,7,PSO,489,0.634349454100956
S2,7,PSO,494,0.6343285067683072
S2,7,PSO,499,0.6341180210000236
S2,7,DE,14,1.9415473877337444
S2,7,DE,19,1.9415473877337444
S2,7,DE,24,1.7856805869903134
S2,7,DE,29,1.7856805869903134
S2,7,DE,34,1.6143039774032792
S2,7,DE,39,1.6143039774032792
S2,7,DE,44,1.6143039774032792
S2,7,DE,49,1.6143039774032792
S2,7,DE,54,1.6143039774032792
S2,7,DE,59,1.6143039774032792
S2,7,DE,64,1.6143039774032792
S2,7,DE,69,1.2968233091419488
S2,7,DE,74,1.2968233091419488
S2,7,DE,79,1.2968233091419488
S2,7,DE,84,1.2968233091419488
S2,7,DE,89,1.2968233091419488
S2,7,DE,94,1.2968233091419488
S2,7,DE,99,1.2968233091419488
S2,7,DE,104,1.2968233091419488
S2,7,DE,109,1.2968233091419488
S2,7,DE,114,1.2968233091419488
S2,7,DE,119,1.2968233091419488
S2,7,DE,124,1.2968233091419488
S2,7,DE,129,1.2968233091419488
S2,7,DE,134,1.2968233091419488
S2,7,DE,139,1.2262156424468504
S2,7,DE,144,1.0011753244266857
S2,7,DE,149,1.0011753244266857
S2,7,DE,154,1.0011753244266857
S2,7,DE,159,1.0011753244266857
S2,7,DE,164,1.0011753244266857
S2,7,DE,169,1.0011753244266857
S2,7,DE,174,1.0011753244266857
S2,7,DE,179,1.0011753244266857
S2,7,DE,184,1.0011753244266857
S2,7,DE,189,1.0011753244266857
S2,7,DE,194,1.0011753244266857
S2,7,DE,199,1.0011753244266857
S2,7,DE,204,1.0011753244266857
S2,7,DE,209,1.0011753244266857
S2,7,DE,214,1.0011753244266857
S2,7,DE,219,1.0011753244266857
S2,7,DE,224,1.0011753244266857
S2,7,DE,229,1.0011753244266857
S2,7,DE,234,1.0011753244266857
S2,7,DE,239,1.0011753244266857
S2,7,DE,244,1.0011753244266857
S2,7,DE,249,1.0011753244266857
S2,7,DE,254,1.0011753244266857
S2,7,DE,259,1.0011753244266857
S2,7,DE,264,1.0011753244266857
S2,7,DE,269,1.0011753244266857
S2,7,DE,274,1.0011753244266857
S2,7,DE,279,1.0011753244266857
S2,7,DE,284,1.0011753244266857
S2,7,DE,289,1.0011753244266857
S2,7,DE,294,1.0011753244266857
S2,7,DE,299,1.0011753244266857
S2,7,DE,304,1.0011753244266857
S2,7,DE,309,1.0011753244266857
S2,7,DE,314,1.0011753244266857
S2,7,DE,319,1.0011753244266857
S2,7,DE,324,1.0011753244266857
S2,7,DE,329,1.0011753244266857
S2,7,DE,334,1.0011753244266857
S2,7,DE,339,1.0011753244266857
S2,7,DE,344,1.0011753244266857
S2,7,DE,349,1.0011753244266857
S2,7,DE,354,1.0011753244266857
S2,7,DE,359,1.0011753244266857
S2,7,DE,364,1.0011753244266857
S2,7,DE,369,1.0011753244266857
S2,7,DE,374,1.0011753244266857
S2,7,DE,379,1.0011753244266857
S2,7,DE,384,1.0011753244266857
S2,7,DE,389,1.0011753244266857
S2,7,DE,394,1.0011753244266857
S2,7,DE,399,1.0011753244266857
S2,7,DE,404,1.0011753244266857
S2,7,DE,409,1.0011753244266857
S2,7,DE,414,1.0011753244266857
S2,7,DE,419,1.0011753244266857
S2,7,DE,424,1.0011753244266857
S2,7,DE,429,1.0011753244266857
S2,7,DE,434,1.0011753244266857
S2,7,DE,439,1.0011753244266857
S2,7,DE,444,0.9502988866587755
S2,7,DE,449,0.9502988866587755
S2,7,DE,454,0.9502988866587755
S2,7,DE,459,0.9502988866587755
S2,7,DE,464,0.9502988866587755
S2,7,DE,469,0.9502988866587755
S2,7,DE,474,0.9502988866587755
S2,7,DE,479,0.9502988866587755
S2,7,DE,484,0.9502988866587755
S2,7,DE,489,0.9502988866587755
S2,7,DE,494,0.9502988866587755
S2,7,DE,499,0.9502988866587755
S2,8,RFOTO-ABC,14,0.16894210428851594
S2,8,RFOTO-ABC,19,0.16894210428851594
S2,8,RFOTO-ABC,24,0.16894210428851594
S2,8,RFOTO-ABC,29,0.16894210428851594
S2,8,RFOTO-ABC,34,0.16894210428851594
S2,8,RFOTO-ABC,39,0.16894210428851594
S2,8,RFOTO-ABC,44,0.16894210428851594
S2,8,RFOTO-ABC,49,0.16894210428851594
S2,8,RFOTO-ABC,54,0.16894210428851594
S2,8,RFOTO-ABC,59,0.16894210428851594
S2,8,RFOTO-ABC,64,0.16894210428851594
S2,8,RFOTO-ABC,69,0.16894210428851594
S2,8,RFOTO-ABC,74,0.16880549806583586
S2,8,RFOTO-ABC,79,0.16880549806583586
S2,8,RFOTO-ABC,84,0.16880549806583586
S2,8,RFOTO-ABC,89,0.16880549806583586
S2,8,RFOTO-ABC,94,0.16880549806583586
S2,8,RFOTO-ABC,99,0.16880549806583586
S2,8,RFOTO-ABC,104,0.16880549806583586
S2,8,RFOTO-ABC,109,0.16880549806583586
S2,8,RFOTO-ABC,114,0.16880549806583586
S2,8,RFOTO-ABC,119,0.16880549806583586
S2,8,RFOTO-ABC,124,0.16880549806583586
S2,8,RFOTO-ABC,129,0.16880549806583586
S2,8,RFOTO-ABC,134,0.16880549806583586
S2,8,RFOTO-ABC,139,0.16880549806583586
S2,8,RFOTO-ABC,144,0.16879249479671066
S2,8,RFOTO-ABC,149,0.16879249479671066
S2,8,RFOTO-ABC,154,0.16879249479671066
S2,8,RFOTO-ABC,159,0.16879249479671066
S2,8,RFOTO-ABC,164,0.16879249479671066
S2,8,RFOTO-ABC,169,0.16879249479671066
S2,8,RFOTO-ABC,174,0.16879249479671066
S2,8,RFOTO-ABC,179,0.16879249479671066
S2,8,RFOTO-ABC,184,0.16879249479671066
S2,8,RFOTO-ABC,189,0.16879249479671066
S2,8,RFOTO-ABC,194,0.16879249479671066
S2,8,RFOTO-ABC,199,0.1686711973894618
S2,8,RFOTO-ABC,204,0.1686711973894618
S2,8,RFOTO-ABC,209,0.1686711973894618
S2,8,RFOTO-ABC,214,0.1686711973894618
S2,8,RFOTO-ABC,219,0.1686711973894618
S2,8,RFOTO-ABC,224,0.1686711973894618
S2,8,RFOTO-ABC,229,0.1686711973894618
S2,8,RFOTO-ABC,234,0.1686711973894618
S2,8,RFOTO-ABC,239,0.1686711973894618
S2,8,RFOTO-ABC,244,0.1686711973894618
S2,8,RFOTO-ABC,249,0.1686711973894618
S2,8,RFOTO-ABC,254,0.16842987720115593
S2,8,RFOTO-ABC,259,0.16842987720115593
S2,8,RFOTO-ABC,264,0.16842987720115593
S2,8,RFOTO-ABC,269,0.16842987720115593
S2,8,RFOTO-ABC,274,0.16842987720115593
S2,8,RFOTO-ABC,279,0.16842987720115593
S2,8,RFOTO-ABC,284,0.16709832581946216
S2,8,RFOTO-ABC,289,0.16709832581946216
S2,8,RFOTO-ABC,294,0.16709832581946216
S2,8,RFOTO-ABC,299,0.16709832581946216
S2,8,RFOTO-ABC,304,0.16709832581946216
S2,8,RFOTO-ABC,309,0.16709832581946216
S2,8,RFOTO-ABC,314,0.16697481008777287
S2,8,RFOTO-ABC,319,0.16697481008777287
S2,8,RFOTO-ABC,324,0.16697481008777287
S2,8,RFOTO-ABC,329,0.16697481008777287
S2,8,RFOTO-ABC,334,0.16697481008777287
S2,8,RFOTO-ABC,339,0.16683046604578203
S2,8,RFOTO-ABC,344,0.16683046604578203
S2,8,RFOTO-ABC,349,0.16683046604578203
S2,8,RFOTO-ABC,354,0.16683046604578203
S2,8,RFOTO-ABC,359,0.16683046604578203
S2,8,RFOTO-ABC,364,0.16608668520624065
S2,8,RFOTO-ABC,369,0.16608668520624065
S2,8,RFOTO-ABC,374,0.16608668520624065
S2,8,RFOTO-ABC,379,0.16608668520624065
S2,8,RFOTO-ABC,384,0.16608668520624065
S2,8,RFOTO-ABC,389,0.16608668520624065
S2,8,RFOTO-ABC,394,0.16608668520624065
S2,8,RFOTO-ABC,399,0.16608668520624065
S2,8,RFOTO-ABC,404,0.16608668520624065
S2,8,RFOTO-ABC,409,0.16608668520624065
S2,8,RFOTO-ABC,414,0.16608668520624065
S2,8,RFOTO-ABC,419,0.16608668520624065
S2,8,RFOTO-ABC,424,0.16608668520624065
S2,8,RFOTO-ABC,429,0.16608668520624065
S2,8,RFOTO-ABC,434,0.16608668520624065
S2,8,RFOTO-ABC,439,0.16608668520624065
S2,8,RFOTO-ABC,444,0.16578714920960452
S2,8,RFOTO-ABC,449,0.16578714920960452
S2,8,RFOTO-ABC,454,0.16578714920960452
S2,8,RFOTO-ABC,459,0.16578714920960452
S2,8,RFOTO-ABC,464,0.16572628573941126
S2,8,RFOTO-ABC,469,0.16572628573941126
S2,8,RFOTO-ABC,474,0.16572628573941126
S2,8,RFOTO-ABC,479,0.16572628573941126
S2,8,RFOTO-ABC,484,0.16572628573941126
S2,8,RFOTO-ABC,489,0.16572628573941126
S2,8,RFOTO-ABC,494,0.16572628573941126
S2,8,RFOTO-ABC,499,0.16572628573941126
S2,8,Standard-ABC,14,0.6432907597102031
S2,8,Standard-ABC,19,0.6432907597102031
S2,8,Standard-ABC,24,0.6395006297112776
S2,8,Standard-ABC,29,0.6382306509486823
S2,8,Standard-ABC,34,0.6382306509486823
S2,8,Standard-ABC,39,0.6382306509486823
S2,8,Standard-ABC,44,0.6365969089471935
S2,8,Standard-ABC,49,0.6365969089471935
S2,8,Standard-ABC,54,0.6365969089471935
S2,8,Standard-ABC,59,0.6365969089471935
S2,8,Standard-ABC,64,0.6319481932361457
S2,8,Standard-ABC,69,0.6319481932361457
S2,8,Standard-ABC,74,0.6319481932361457
S2,8,Standard-ABC,79,0.6319481932361457
S2,8,Standard-ABC,84,0.6319481932361457
S2,8,Standard-ABC,89,0.6319481932361457
S2,8,Standard-ABC,94,0.6319481932361457
S2,8,Standard-ABC,99,0.6319481932361457
S2,8,Standard-ABC,104,0.6319481932361457
S2,8,Standard-ABC,109,0.6319481932361457
S2,8,Standard-ABC,114,0.6319481932361457
S2,8,Standard-ABC,119,0.6319481932361457
S2,8,Standard-ABC,124,0.6319481932361457
S2,8,Standard-ABC,129,0.6319481932361457
S2,8,Standard-ABC,134,0.6319481932361457
S2,8,Standard-ABC,139,0.6319481932361457
S2,8,Standard-ABC,144,0.6319481932361457
S2,8,Standard-ABC,149,0.6319481932361457
S2,8,Standard-ABC,154,0.6319481932361457
S2,8,Standard-ABC,159,0.6319481932361457
S2,8,Standard-ABC,164,0.6319481932361457
S2,8,Standard-ABC,169,0.6319481932361457
S2,8,Standard-ABC,174,0.6142201045203451
S2,8,Standard-ABC,179,0.6142201045203451
S2,8,Standard-ABC,184,0.6142201045203451
S2,8,Standard-ABC,189,0.6142201045203451
S2,8,Standard-ABC,194,0.6142201045203451
S2,8,Standard-ABC,199,0.6142201045203451
S2,8,Standard-ABC,204,0.6142201045203451
S2,8,Standard-ABC,209,0.6142201045203451
S2,8,Standard-ABC,214,0.6142201045203451
S2,8,Standard-ABC,219,0.6142201045203451
S2,8,Standard-ABC,224,0.6142201045203451
S2,8,Standard-ABC,229,0.6142201045203451
S2,8,Standard-ABC,234,0.6053090918763286
S2,8,Standard-ABC,239,0.6053090918763286
S2,8,Standard-ABC,244,0.6053090918763286
S2,8,Standard-ABC,249,0.6053090918763286
S2,8,Standard-ABC,254,0.6053090918763286
S2,8,Standard-ABC,259,0.6053090918763286
S2,8,Standard-ABC,264,0.6053090918763286
S2,8,Standard-ABC,269,0.6053090918763286
S2,8,Standard-ABC,274,0.6053090918763286
S2,8,Standard-ABC,279,0.6053090918763286
S2,8,Standard-ABC,284,0.5833912456496837
S2,8,Standard-ABC,289,0.5833912456496837
S2,8,Standard-ABC,294,0.5833912456496837
S2,8,Standard-ABC,299,0.5804399166162332
S2,8,Standard-ABC,304,0.5804399166162332
S2,8,Standard-ABC,309,0.5804399166162332
S2,8,Standard-ABC,314,0.5804399166162332
S2,8,Standard-ABC,319,0.5804399166162332
S2,8,Standard-ABC,324,0.5804399166162332
S2,8,Standard-ABC,329,0.5804399166162332
S2,8,Standard-ABC,334,0.5692126039007706
S2,8,Standard-ABC,339,0.5669694459445657
S2,8,Standard-ABC,344,0.5669694459445657
S2,8,Standard-ABC,349,0.5669694459445657
S2,8,Standard-ABC,354,0.5669694459445657
S2,8,Standard-ABC,359,0.5669694459445657
S2,8,Standard-ABC,364,0.5669694459445657
S2,8,Standard-ABC,369,0.5669694459445657
S2,8,Standard-ABC,374,0.5669694459445657
S2,8,Standard-ABC,379,0.5669694459445657
S2,8,Standard-ABC,384,0.5669694459445657
S2,8,Standard-ABC,389,0.5666195796551874
S2,8,Standard-ABC,394,0.5656133408187547
S2,8,Standard-ABC,399,0.5656133408187547
S2,8,Standard-ABC,404,0.5656133408187547
S2,8,Standard-ABC,409,0.5656133408187547
S2,8,Standard-ABC,414,0.5656133408187547
S2,8,Standard-ABC,419,0.5656133408187547
S2,8,Standard-ABC,424,0.5656133408187547
S2,8,Standard-ABC,429,0.5656133408187547
S2,8,Standard-ABC,434,0.5656133408187547
S2,8,Standard-ABC,439,0.5629349010879503
S2,8,Standard-ABC,444,0.5629349010879503
S2,8,Standard-ABC,449,0.5629349010879503
S2,8,Standard-ABC,454,0.5629349010879503
S2,8,Standard-ABC,459,0.5629349010879503
S2,8,Standard-ABC,464,0.5629349010879503
S2,8,Standard-ABC,469,0.5629349010879503
S2,8,Standard-ABC,474,0.5629349010879503
S2,8,Standard-ABC,479,0.5629349010879503
S2,8,Standard-ABC,484,0.5629349010879503
S2,8,Standard-ABC,489,0.5629349010879503
S2,8,Standard-ABC,494,0.5629349010879503
S2,8,Standard-ABC,499,0.5629349010879503
S2,8,GA,14,0.6432907597102031
S2,8,GA,19,0.5947364898596209
S2,8,GA,24,0.5947364898596209
S2,8,GA,29,0.5947364898596209
S2,8,GA,34,0.5947364898596209
S2,8,GA,39,0.5947364898596209
S2,8,GA,44,0.5947364898596209
S2,8,GA,49,0.5947364898596209
S2,8,GA,54,0.5642920750931282
S2,8,GA,59,0.5642920750931282
S2,8,GA,64,0.5642920750931282
S2,8,GA,69,0.5428789929261034
S2,8,GA,74,0.5165655008762096
S2,8,GA,79,0.5165655008762096
S2,8,GA,84,0.5165655008762096
S2,8,GA,89,0.5165655008762096
S2,8,GA,94,0.5165655008762096
S2,8,GA,99,0.5165655008762096
S2,8,GA,104,0.5165655008762096
S2,8,GA,109,0.5165655008762096
S2,8,GA,114,0.5104440786490922
S2,8,GA,119,0.5104440786490922
S2,8,GA,124,0.5104440786490922
S2,8,GA,129,0.4984279026248183
S2,8,GA,134,0.4984279026248183
S2,8,GA,139,0.49700972943945537
S2,8,GA,144,0.48063600548290353
S2,8,GA,149,0.4728574114747838
S2,8,GA,154,0.4728574114747838
S2,8,GA,159,0.46839631412787697
S2,8,GA,164,0.4478576630995045
S2,8,GA,169,0.44157154888658234
S2,8,GA,174,0.44157154888658234
S2,8,GA,179,0.43889527529623024
S2,8,GA,184,0.4364467624116537
S2,8,GA,189,0.4364467624116537
S2,8,GA,194,0.4277244140443544
S2,8,GA,199,0.4277244140443544
S2,8,GA,204,0.4205567526008792
S2,8,GA,209,0.417421300841914
S2,8,GA,214,0.417421300841914
S2,8,GA,219,0.417421300841914
S2,8,GA,224,0.417421300841914
S2,8,GA,229,0.417421300841914
S2,8,GA,234,0.4044510703793209
S2,8,GA,239,0.3950402200040319
S2,8,GA,244,0.3950402200040319
S2,8,GA,249,0.3950402200040319
S2,8,GA,254,0.3906720318138077
S2,8,GA,259,0.3906720318138077
S2,8,GA,264,0.3857521985015375
S2,8,GA,269,0.3857521985015375
S2,8,GA,274,0.3679380523747212
S2,8,GA,279,0.3679380523747212
S2,8,GA,284,0.3679380523747212
S2,8,GA,289,0.3679380523747212
S2,8,GA,294,0.3679380523747212
S2,8,GA,299,0.3679380523747212
S2,8,GA,304,0.3679380523747212
S2,8,GA,309,0.3679380523747212
S2,8,GA,314,0.3658607216009292
S2,8,GA,319,0.3658607216009292
S2,8,GA,324,0.3658607216009292
S2,8,GA,329,0.3492033504866707
S2,8,GA,334,0.3492033504866707
S2,8,GA,339,0.3492033504866707
S2,8,GA,344,0.3492033504866707
S2,8,GA,349,0.3492033504866707
S2,8,GA,354,0.3492033504866707
S2,8,GA,359,0.34579562297043365
S2,8,GA,364,0.34579562297043365
S2,8,GA,369,0.34579562297043365
S2,8,GA,374,0.34579562297043365
S2,8,GA,379,0.34579562297043365
S2,8,GA,384,0.3455794877731713
S2,8,GA,389,0.34457887711926327
S2,8,GA,394,0.34457887711926327
S2,8,GA,399,0.3362285380068421
S2,8,GA,404,0.3362285380068421
S2,8,GA,409,0.32983053258632933
S2,8,GA,414,0.32983053258632933
S2,8,GA,419,0.32983053258632933
S2,8,GA,424,0.32983053258632933
S2,8,GA,429,0.32983053258632933
S2,8,GA,434,0.32983053258632933
S2,8,GA,439,0.32983053258632933
S2,8,GA,444,0.3190060937756588
S2,8,GA,449,0.3190060937756588
S2,8,GA,454,0.3190060937756588
S2,8,GA,459,0.3190060937756588
S2,8,GA,464,0.3190060937756588
S2,8,GA,469,0.3190060937756588
S2,8,GA,474,0.3190060937756588
S2,8,GA,479,0.3190060937756588
S2,8,GA,484,0.3190060937756588
S2,8,GA,489,0.3190060937756588
S2,8,GA,494,0.31596380278253433
S2,8,GA,499,0.31596380278253433
S2,8,PSO,14,1.6521479610225265
S2,8,PSO,19,1.5737186413307316
S2,8,PSO,24,1.391069503271482
S2,8,PSO,29,1.391069503271482
S2,8,PSO,34,1.391069503271482
S2,8,PSO,39,1.391069503271482
S2,8,PSO,44,1.391069503271482
S2,8,PSO,49,1.3599940543494333
S2,8,PSO,54,1.3599940543494333
S2,8,PSO,59,1.3599940543494333
S2,8,PSO,64,1.2982443166354878
S2,8,PSO,69,1.2982443166354878
S2,8,PSO,74,1.2982443166354878
S2,8,PSO,79,1.2982443166354878
S2,8,PSO,84,1.2982443166354878
S2,8,PSO,89,1.2982443166354878
S2,8,PSO,94,1.2982443166354878
S2,8,PSO,99,1.2516208733442487
S2,8,PSO,104,1.2516208733442487
S2,8,PSO,109,1.2516208733442487
S2,8,PSO,114,1.2516208733442487
S2,8,PSO,119,1.1925503457705269
S2,8,PSO,124,1.1033775368274552
S2,8,PSO,129,1.1033775368274552
S2,8,PSO,134,1.1033775368274552
S2,8,PSO,139,1.0298964872642418
S2,8,PSO,144,0.9933985354466999
S2,8,PSO,149,0.9933985354466999
S2,8,PSO,154,0.9933985354466999
S2,8,PSO,159,0.9933985354466999
S2,8,PSO,164,0.9933985354466999
S2,8,PSO,169,0.9933985354466999
S2,8,PSO,174,0.9933985354466999
S2,8,PSO,179,0.8017350453522863
S2,8,PSO,184,0.8017350453522863
S2,8,PSO,189,0.8017350453522863
S2,8,PSO,194,0.8017350453522863
S2,8,PSO,199,0.8017350453522863
S2,8,PSO,204,0.8017350453522863
S2,8,PSO,209,0.8017350453522863
S2,8,PSO,214,0.8017350453522863
S2,8,PSO,219,0.8017350453522863
S2,8,PSO,224,0.7874590154336981
S2,8,PSO,229,0.7874590154336981
S2,8,PSO,234,0.7874590154336981
S2,8,PSO,239,0.7874590154336981
S2,8,PSO,244,0.7874590154336981
S2,8,PSO,249,0.7874590154336981
S2,8,PSO,254,0.7874590154336981
S2,8,PSO,259,0.7874590154336981
S2,8,PSO,264,0.7874590154336981
S2,8,PSO,269,0.7591695196926214
S2,8,PSO,274,0.7591695196926214
S2,8,PSO,279,0.7591695196926214
S2,8,PSO,284,0.7591695196926214
S2,8,PSO,289,0.7591695196926214
S2,8,PSO,294,0.7591695196926214
S2,8,PSO,299,0.7591695196926214
S2,8,PSO,304,0.7591695196926214
S2,8,PSO,309,0.7535220491943762
S2,8,PSO,314,0.7514269448453913
S2,8,PSO,319,0.7514269448453913
S2,8,PSO,324,0.7495345286625416
S2,8,PSO,329,0.7167363056020606
S2,8,PSO,334,0.7150310039488994
S2,8,PSO,339,0.7150310039488994
S2,8,PSO,344,0.7150310039488994
S2,8,PSO,349,0.7150310039488994
S2,8,PSO,354,0.7150310039488994
S2,8,PSO,359,0.7095404713990694
S2,8,PSO,364,0.7095404713990694
S2,8,PSO,369,0.7095404713990694
S2,8,PSO,374,0.7084698897778715
S2,8,PSO,379,0.7084698897778715
S2,8,PSO,384,0.7050865745907059
S2,8,PSO,389,0.7050865745907059
S2,8,PSO,394,0.7050865745907059
S2,8,PSO,399,0.7050865745907059
S2,8,PSO,404,0.7050865745907059
S2,8,PSO,409,0.7050865745907059
S2,8,PSO,414,0.703212952104935
S2,8,PSO,419,0.6971122869552013
S2,8,PSO,424,0.6971122869552013
S2,8,PSO,429,0.6971122869552013
S2,8,PSO,434,0.6941397756721213
S2,8,PSO,439,0.6941397756721213
S2,8,PSO,444,0.6941397756721213
S2,8,PSO,449,0.6941397756721213
S2,8,PSO,454,0.6941397756721213
S2,8,PSO,459,0.6941397756721213
S2,8,PSO,464,0.6916123593031891
S2,8,PSO,469,0.6916123593031891
S2,8,PSO,474,0.6916123593031891
S2,8,PSO,479,0.6908824719150672
S2,8,PSO,484,0.6908824719150672
S2,8,PSO,489,0.6908824719150672
S2,8,PSO,494,0.690580571905144
S2,8,PSO,499,0.690580571905144
S2,8,DE,14,1.6521479610225265
S2,8,DE,19,1.6521479610225265
S2,8,DE,24,1.6521479610225265
S2,8,DE,29,1.6521479610225265
S2,8,DE,34,1.6521479610225265
S2,8,DE,39,1.6521479610225265
S2,8,DE,44,1.6521479610225265
S2,8,DE,49,1.6521479610225265
S2,8,DE,54,1.6521479610225265
S2,8,DE,59,1.6521479610225265
S2,8,DE,64,1.5537274694210412
S2,8,DE,69,1.5537274694210412
S2,8,DE,74,1.5537274694210412
S2,8,DE,79,1.5537274694210412
S2,8,DE,84,1.5537274694210412
S2,8,DE,89,1.5537274694210412
S2,8,DE,94,1.5537274694210412
S2,8,DE,99,1.5537274694210412
S2,8,DE,104,1.5537274694210412
S2,8,DE,109,1.5537274694210412
S2,8,DE,114,1.5537274694210412
S2,8,DE,119,1.5537274694210412
S2,8,DE,124,1.5537274694210412
S2,8,DE,129,1.5537274694210412
S2,8,DE,134,1.427298067658276
S2,8,DE,139,1.427298067658276
S2,8,DE,144,1.427298067658276
S2,8,DE,149,1.2921504173804124
S2,8,DE,154,1.2921504173804124
S2,8,DE,159,1.2921504173804124
S2,8,DE,164,1.2921504173804124
S2,8,DE,169,1.2921504173804124
S2,8,DE,174,1.2921504173804124
S2,8,DE,179,1.2921504173804124
S2,8,DE,184,1.2921504173804124
S2,8,DE,189,1.2921504173804124
S2,8,DE,194,1.2921504173804124
S2,8,DE,199,1.2921504173804124
S2,8,DE,204,1.2921504173804124
S2,8,DE,209,1.2921504173804124
S2,8,DE,214,1.2921504173804124
S2,8,DE,219,1.2921504173804124
S2,8,DE,224,1.2921504173804124
S2,8,DE,229,1.2921504173804124
S2,8,DE,234,1.2921504173804124
S2,8,DE,239,1.2921504173804124
S2,8,DE,244,1.2921504173804124
S2,8,DE,249,1.2921504173804124
S2,8,DE,254,1.2921504173804124
S2,8,DE,259,1.2921504173804124
S2,8,DE,264,1.2921504173804124
S2,8,DE,269,1.2921504173804124
S2,8,DE,274,1.2921504173804124
S2,8,DE,279,1.2921504173804124
S2,8,DE,284,1.2921504173804124
S2,8,DE,289,1.186285367401345
S2,8,DE,294,1.186285367401345
S2,8,DE,299,1.186285367401345
S2,8,DE,304,1.186285367401345
S2,8,DE,309,1.186285367401345
S2,8,DE,314,1.186285367401345
S2,8,DE,319,1.186285367401345
S2,8,DE,324,1.186285367401345
S2,8,DE,329,1.186285367401345
S2,8,DE,334,1.186285367401345
S2,8,DE,339,1.186285367401345
S2,8,DE,344,1.186285367401345
S2,8,DE,349,1.186285367401345
S2,8,DE,354,1.186285367401345
S2,8,DE,359,1.186285367401345
S2,8,DE,364,1.186285367401345
S2,8,DE,369,1.186285367401345
S2,8,DE,374,1.186285367401345
S2,8,DE,379,1.186285367401345
S2,8,DE,384,1.186285367401345
S2,8,DE,389,1.186285367401345
S2,8,DE,394,1.186285367401345
S2,8,DE,399,1.186285367401345
S2,8,DE,404,1.186285367401345
S2,8,DE,409,1.186285367401345
S2,8,DE,414,1.186285367401345
S2,8,DE,419,1.186285367401345
S2,8,DE,424,1.186285367401345
S2,8,DE,429,1.186285367401345
S2,8,DE,434,1.186285367401345
S2,8,DE,439,1.186285367401345
S2,8,DE,444,1.186285367401345
S2,8,DE,449,1.186285367401345
S2,8,DE,454,1.186285367401345
S2,8,DE,459,1.186285367401345
S2,8,DE,464,1.186285367401345
S2,8,DE,469,1.186285367401345
S2,8,DE,474,1.186285367401345
S2,8,DE,479,1.186285367401345
S2,8,DE,484,1.186285367401345
S2,8,DE,489,1.186285367401345
S2,8,DE,494,1.186285367401345
S2,8,DE,499,1.186285367401345
S2,9,RFOTO-ABC,14,0.15265344825407512
S2,9,RFOTO-ABC,19,0.15265344825407512
S2,9,RFOTO-ABC,24,0.1524747865198508
S2,9,RFOTO-ABC,29,0.1524747865198508
S2,9,RFOTO-ABC,34,0.1524747865198508
S2,9,RFOTO-ABC,39,0.1524747865198508
S2,9,RFOTO-ABC,44,0.1524747865198508
S2,9,RFOTO-ABC,49,0.1524747865198508
S2,9,RFOTO-ABC,54,0.1524747865198508
S2,9,RFOTO-ABC,59,0.1524747865198508
S2,9,RFOTO-ABC,64,0.1524747865198508
S2,9,RFOTO-ABC,69,0.1524747865198508
S2,9,RFOTO-ABC,74,0.1524747865198508
S2,9,RFOTO-ABC,79,0.1524747865198508
S2,9,RFOTO-ABC,84,0.1524747865198508
S2,9,RFOTO-ABC,89,0.1524747865198508
S2,9,RFOTO-ABC,94,0.1524747865198508
S2,9,RFOTO-ABC,99,0.1524747865198508
S2,9,RFOTO-ABC,104,0.1524747865198508
S2,9,RFOTO-ABC,109,0.1524747865198508
S2,9,RFOTO-ABC,114,0.1524747865198508
S2,9,RFOTO-ABC,119,0.1524747865198508
S2,9,RFOTO-ABC,124,0.1524747865198508
S2,9,RFOTO-ABC,129,0.1524747865198508
S2,9,RFOTO-ABC,134,0.1524747865198508
S2,9,RFOTO-ABC,139,0.1524747865198508
S2,9,RFOTO-ABC,144,0.1524747865198508
S2,9,RFOTO-ABC,149,0.1524747865198508
S2,9,RFOTO-ABC,154,0.1524747865198508
S2,9,RFOTO-ABC,159,0.1524747865198508
S2,9,RFOTO-ABC,164,0.1524747865198508
S2,9,RFOTO-ABC,169,0.1524747865198508
S2,9,RFOTO-ABC,174,0.1524747865198508
S2,9,RFOTO-ABC,179,0.1524747865198508
S2,9,RFOTO-ABC,184,0.1524747865198508
S2,9,RFOTO-ABC,189,0.1524747865198508
S2,9,RFOTO-ABC,194,0.1524747865198508
S2,9,RFOTO-ABC,199,0.1523635731697213
S2,9,RFOTO-ABC,204,0.1523635731697213
S2,9,RFOTO-ABC,209,0.1523635731697213
S2,9,RFOTO-ABC,214,0.1523635731697213
S2,9,RFOTO-ABC,219,0.1523635731697213
S2,9,RFOTO-ABC,224,0.1523635731697213
S2,9,RFOTO-ABC,229,0.1523635731697213
S2,9,RFOTO-ABC,234,0.1523635731697213
S2,9,RFOTO-ABC,239,0.1523635731697213
S2,9,RFOTO-ABC,244,0.1523635731697213
S2,9,RFOTO-ABC,249,0.1523635731697213
S2,9,RFOTO-ABC,254,0.1523635731697213
S2,9,RFOTO-ABC,259,0.1523635731697213
S2,9,RFOTO-ABC,264,0.1523635731697213
S2,9,RFOTO-ABC,269,0.1523635731697213
S2,9,RFOTO-ABC,274,0.1523635731697213
S2,9,RFOTO-ABC,279,0.1523635731697213
S2,9,RFOTO-ABC,284,0.1523635731697213
S2,9,RFOTO-ABC,289,0.1523635731697213
S2,9,RFOTO-ABC,294,0.1523635731697213
S2,9,RFOTO-ABC,299,0.1523635731697213
S2,9,RFOTO-ABC,304,0.1523635731697213
S2,9,RFOTO-ABC,309,0.1523635731697213
S2,9,RFOTO-ABC,314,0.1523635731697213
S2,9,RFOTO-ABC,319,0.1523635731697213
S2,9,RFOTO-ABC,324,0.1523635731697213
S2,9,RFOTO-ABC,329,0.14432184823456456
S2,9,RFOTO-ABC,334,0.14432184823456456
S2,9,RFOTO-ABC,339,0.14432184823456456
S2,9,RFOTO-ABC,344,0.14432184823456456
S2,9,RFOTO-ABC,349,0.14432184823456456
S2,9,RFOTO-ABC,354,0.14432184823456456
S2,9,RFOTO-ABC,359,0.14432184823456456
S2,9,RFOTO-ABC,364,0.14432184823456456
S2,9,RFOTO-ABC,369,0.14432184823456456
S2,9,RFOTO-ABC,374,0.14373282454908484
S2,9,RFOTO-ABC,379,0.14373282454908484
S2,9,RFOTO-ABC,384,0.14373282454908484
S2,9,RFOTO-ABC,389,0.14373282454908484
S2,9,RFOTO-ABC,394,0.14373282454908484
S2,9,RFOTO-ABC,399,0.14373282454908484
S2,9,RFOTO-ABC,404,0.14373282454908484
S2,9,RFOTO-ABC,409,0.14373282454908484
S2,9,RFOTO-ABC,414,0.14373282454908484
S2,9,RFOTO-ABC,419,0.14373282454908484
S2,9,RFOTO-ABC,424,0.14373282454908484
S2,9,RFOTO-ABC,429,0.14373282454908484
S2,9,RFOTO-ABC,434,0.14373282454908484
S2,9,RFOTO-ABC,439,0.14373282454908484
S2,9,RFOTO-ABC,444,0.14373282454908484
S2,9,RFOTO-ABC,449,0.14373282454908484
S2,9,RFOTO-ABC,454,0.14373282454908484
S2,9,RFOTO-ABC,459,0.14373282454908484
S2,9,RFOTO-ABC,464,0.14373282454908484
S2,9,RFOTO-ABC,469,0.14373282454908484
S2,9,RFOTO-ABC,474,0.14373282454908484
S2,9,RFOTO-ABC,479,0.14373282454908484
S2,9,RFOTO-ABC,484,0.14373282454908484
S2,9,RFOTO-ABC,489,0.14373282454908484
S2,9,RFOTO-ABC,494,0.14373282454908484
S2,9,RFOTO-ABC,499,0.14373282454908484
S2,9,Standard-ABC,14,0.4845326022198382
S2,9,Standard-ABC,19,0.4845326022198382
S2,9,Standard-ABC,24,0.4845326022198382
S2,9,Standard-ABC,29,0.4845326022198382
S2,9,Standard-ABC,34,0.4845326022198382
S2,9,Standard-ABC,39,0.4845326022198382
S2,9,Standard-ABC,44,0.4845326022198382
S2,9,Standard-ABC,49,0.4845326022198382
S2,9,Standard-ABC,54,0.4845326022198382
S2,9,Standard-ABC,59,0.4845326022198382
S2,9,Standard-ABC,64,0.4845326022198382
S2,9,Standard-ABC,69,0.4845326022198382
S2,9,Standard-ABC,74,0.4845326022198382
S2,9,Standard-ABC,79,0.4845326022198382
S2,9,Standard-ABC,84,0.4845326022198382
S2,9,Standard-ABC,89,0.4845326022198382
S2,9,Standard-ABC,94,0.48254941108174276
S2,9,Standard-ABC,99,0.48254941108174276
S2,9,Standard-ABC,104,0.48254941108174276
S2,9,Standard-ABC,109,0.48254941108174276
S2,9,Standard-ABC,114,0.48254941108174276
S2,9,Standard-ABC,119,0.48254941108174276
S2,9,Standard-ABC,124,0.48254941108174276
S2,9,Standard-ABC,129,0.48254941108174276
S2,9,Standard-ABC,134,0.48254941108174276
S2,9,Standard-ABC,139,0.48254941108174276
S2,9,Standard-ABC,144,0.48254941108174276
S2,9,Standard-ABC,149,0.48254941108174276
S2,9,Standard-ABC,154,0.48254941108174276
S2,9,Standard-ABC,159,0.48254941108174276
S2,9,Standard-ABC,164,0.47321808304106494
S2,9,Standard-ABC,169,0.47321808304106494
S2,9,Standard-ABC,174,0.47321808304106494
S2,9,Standard-ABC,179,0.47321808304106494
S2,9,Standard-ABC,184,0.47321808304106494
S2,9,Standard-ABC,189,0.47321808304106494
S2,9,Standard-ABC,194,0.47321808304106494
S2,9,Standard-ABC,199,0.45994291072453675
S2,9,Standard-ABC,204,0.45994291072453675
S2,9,Standard-ABC,209,0.45994291072453675
S2,9,Standard-ABC,214,0.45994291072453675
S2,9,Standard-ABC,219,0.45994291072453675
S2,9,Standard-ABC,224,0.45994291072453675
S2,9,Standard-ABC,229,0.45887879580923174
S2,9,Standard-ABC,234,0.45887879580923174
S2,9,Standard-ABC,239,0.45887879580923174
S2,9,Standard-ABC,244,0.45887879580923174
S2,9,Standard-ABC,249,0.45887879580923174
S2,9,Standard-ABC,254,0.45887879580923174
S2,9,Standard-ABC,259,0.45887879580923174
S2,9,Standard-ABC,264,0.45887879580923174
S2,9,Standard-ABC,269,0.45887879580923174
S2,9,Standard-ABC,274,0.44853740737617503
S2,9,Standard-ABC,279,0.44853740737617503
S2,9,Standard-ABC,284,0.44853740737617503
S2,9,Standard-ABC,289,0.44853740737617503
S2,9,Standard-ABC,294,0.44853740737617503
S2,9,Standard-ABC,299,0.44853740737617503
S2,9,Standard-ABC,304,0.4435447272088187
S2,9,Standard-ABC,309,0.4435447272088187
S2,9,Standard-ABC,314,0.4435447272088187
S2,9,Standard-ABC,319,0.4435447272088187
S2,9,Standard-ABC,324,0.41364425551440825
S2,9,Standard-ABC,329,0.41364425551440825
S2,9,Standard-ABC,334,0.4133329104143849
S2,9,Standard-ABC,339,0.4133329104143849
S2,9,Standard-ABC,344,0.4133329104143849
S2,9,Standard-ABC,349,0.4133329104143849
S2,9,Standard-ABC,354,0.4133329104143849
S2,9,Standard-ABC,359,0.412681878988627
S2,9,Standard-ABC,364,0.412681878988627
S2,9,Standard-ABC,369,0.412681878988627
S2,9,Standard-ABC,374,0.412681878988627
S2,9,Standard-ABC,379,0.412681878988627
S2,9,Standard-ABC,384,0.412681878988627
S2,9,Standard-ABC,389,0.412681878988627
S2,9,Standard-ABC,394,0.412681878988627
S2,9,Standard-ABC,399,0.41004467761880625
S2,9,Standard-ABC,404,0.41004467761880625
S2,9,Standard-ABC,409,0.41004467761880625
S2,9,Standard-ABC,414,0.41004467761880625
S2,9,Standard-ABC,419,0.40971031968187416
S2,9,Standard-ABC,424,0.40971031968187416
S2,9,Standard-ABC,429,0.40971031968187416
S2,9,Standard-ABC,434,0.40971031968187416
S2,9,Standard-ABC,439,0.40971031968187416
S2,9,Standard-ABC,444,0.40971031968187416
S2,9,Standard-ABC,449,0.40971031968187416
S2,9,Standard-ABC,454,0.40971031968187416
S2,9,Standard-ABC,459,0.40971031968187416
S2,9,Standard-ABC,464,0.40971031968187416
S2,9,Standard-ABC,469,0.40971031968187416
S2,9,Standard-ABC,474,0.40971031968187416
S2,9,Standard-ABC,479,0.40971031968187416
S2,9,Standard-ABC,484,0.40971031968187416
S2,9,Standard-ABC,489,0.40971031968187416
S2,9,Standard-ABC,494,0.4065172779909088
S2,9,Standard-ABC,499,0.4065172779909088
S2,9,GA,14,0.4845326022198382
S2,9,GA,19,0.4845326022198382
S2,9,GA,24,0.4845326022198382
S2,9,GA,29,0.4576473032140404
S2,9,GA,34,0.4576473032140404
S2,9,GA,39,0.4576473032140404
S2,9,GA,44,0.4576473032140404
S2,9,GA,49,0.4576473032140404
S2,9,GA,54,0.42866134371813
S2,9,GA,59,0.3622553950946516
S2,9,GA,64,0.3622553950946516
S2,9,GA,69,0.3622553950946516
S2,9,GA,74,0.3622553950946516
S2,9,GA,79,0.3622553950946516
S2,9,GA,84,0.3622553950946516
S2,9,GA,89,0.3622553950946516
S2,9,GA,94,0.3622553950946516
S2,9,GA,99,0.3488654502391451
S2,9,GA,104,0.3488654502391451
S2,9,GA,109,0.3488654502391451
S2,9,GA,114,0.3488654502391451
S2,9,GA,119,0.3488654502391451
S2,9,GA,124,0.3488654502391451
S2,9,GA,129,0.34725354228654437
S2,9,GA,134,0.34725354228654437
S2,9,GA,139,0.34725354228654437
S2,9,GA,144,0.34725354228654437
S2,9,GA,149,0.342606352894031
S2,9,GA,154,0.342606352894031
S2,9,GA,159,0.342606352894031
S2,9,GA,164,0.342606352894031
S2,9,GA,169,0.342606352894031
S2,9,GA,174,0.342606352894031
S2,9,GA,179,0.3405279583349912
S2,9,GA,184,0.3405279583349912
S2,9,GA,189,0.3405279583349912
S2,9,GA,194,0.33422753043714604
S2,9,GA,199,0.33422753043714604
S2,9,GA,204,0.3314869854480352
S2,9,GA,209,0.31995449794766073
S2,9,GA,214,0.3172925745639394
S2,9,GA,219,0.3172925745639394
S2,9,GA,224,0.3172925745639394
S2,9,GA,229,0.30245236159734173
S2,9,GA,234,0.30245236159734173
S2,9,GA,239,0.3009585169678036
S2,9,GA,244,0.3009585169678036
S2,9,GA,249,0.3009585169678036
S2,9,GA,254,0.3009585169678036
S2,9,GA,259,0.3009585169678036
S2,9,GA,264,0.3009585169678036
S2,9,GA,269,0.3009585169678036
S2,9,GA,274,0.3009585169678036
S2,9,GA,279,0.3009585169678036
S2,9,GA,284,0.3009585169678036
S2,9,GA,289,0.3009585169678036
S2,9,GA,294,0.3009585169678036
S2,9,GA,299,0.30010493985915676
S2,9,GA,304,0.30010493985915676
S2,9,GA,309,0.30010493985915676
S2,9,GA,314,0.2948095722778219
S2,9,GA,319,0.29148751661965366
S2,9,GA,324,0.29148751661965366
S2,9,GA,329,0.28951030187316745
S2,9,GA,334,0.28951030187316745
S2,9,GA,339,0.28951030187316745
S2,9,GA,344,0.28951030187316745
S2,9,GA,349,0.28951030187316745
S2,9,GA,354,0.2812930126423999
S2,9,GA,359,0.2812930126423999
S2,9,GA,364,0.2812930126423999
S2,9,GA,369,0.2812930126423999
S2,9,GA,374,0.2812930126423999
S2,9,GA,379,0.2812930126423999
S2,9,GA,384,0.2812930126423999
S2,9,GA,389,0.2812930126423999
S2,9,GA,394,0.2812930126423999
S2,9,GA,399,0.2812930126423999
S2,9,GA,404,0.2812930126423999
S2,9,GA,409,0.2812930126423999
S2,9,GA,414,0.2812930126423999
S2,9,GA,419,0.2812930126423999
S2,9,GA,424,0.2812930126423999
S2,9,GA,429,0.2812930126423999
S2,9,GA,434,0.2812930126423999
S2,9,GA,439,0.2812930126423999
S2,9,GA,444,0.2812930126423999
S2,9,GA,449,0.2812930126423999
S2,9,GA,454,0.25911360334648087
S2,9,GA,459,0.25911360334648087
S2,9,GA,464,0.25911360334648087
S2,9,GA,469,0.25911360334648087
S2,9,GA,474,0.25911360334648087
S2,9,GA,479,0.25911360334648087
S2,9,GA,484,0.25911360334648087
S2,9,GA,489,0.25911360334648087
S2,9,GA,494,0.25911360334648087
S2,9,GA,499,0.25911360334648087
S2,9,PSO,14,1.194322764018374
S2,9,PSO,19,1.194322764018374
S2,9,PSO,24,1.194322764018374
S2,9,PSO,29,1.194322764018374
S2,9,PSO,34,1.194322764018374
S2,9,PSO,39,1.194322764018374
S2,9,PSO,44,1.194322764018374
S2,9,PSO,49,1.194322764018374
S2,9,PSO,54,1.194322764018374
S2,9,PSO,59,1.0728340643319207
S2,9,PSO,64,1.0728340643319207
S2,9,PSO,69,1.0728340643319207
S2,9,PSO,74,1.0728340643319207
S2,9,PSO,79,1.0728340643319207
S2,9,PSO,84,1.0574463669389091
S2,9,PSO,89,1.0574463669389091
S2,9,PSO,94,1.0452349276162956
S2,9,PSO,99,1.0452349276162956
S2,9,PSO,104,1.0452349276162956
S2,9,PSO,109,1.0452349276162956
S2,9,PSO,114,1.0452349276162956
S2,9,PSO,119,1.0452349276162956
S2,9,PSO,124,1.0452349276162956
S2,9,PSO,129,1.0274106043709634
S2,9,PSO,134,1.0274106043709634
S2,9,PSO,139,1.0274106043709634
S2,9,PSO,144,1.0274106043709634
S2,9,PSO,149,1.0274106043709634
S2,9,PSO,154,1.0238009956617657
S2,9,PSO,159,0.9884597888536831
S2,9,PSO,164,0.9884597888536831
S2,9,PSO,169,0.9884597888536831
S2,9,PSO,174,0.9884597888536831
S2,9,PSO,179,0.9291275999576253
S2,9,PSO,184,0.9291275999576253
S2,9,PSO,189,0.9291275999576253
S2,9,PSO,194,0.9291275999576253
S2,9,PSO,199,0.9291275999576253
S2,9,PSO,204,0.9291275999576253
S2,9,PSO,209,0.9291275999576253
S2,9,PSO,214,0.9225631708616925
S2,9,PSO,219,0.9225631708616925
S2,9,PSO,224,0.8982946252136742
S2,9,PSO,229,0.8982946252136742
S2,9,PSO,234,0.8982946252136742
S2,9,PSO,239,0.8631130406640791
S2,9,PSO,244,0.8631130406640791
S2,9,PSO,249,0.8631130406640791
S2,9,PSO,254,0.8631130406640791
S2,9,PSO,259,0.8631130406640791
S2,9,PSO,264,0.8631130406640791
S2,9,PSO,269,0.8631130406640791
S2,9,PSO,274,0.8631130406640791
S2,9,PSO,279,0.8614429728521387
S2,9,PSO,284,0.8614429728521387
S2,9,PSO,289,0.8614429728521387
S2,9,PSO,294,0.8614429728521387
S2,9,PSO,299,0.8614429728521387
S2,9,PSO,304,0.8614429728521387
S2,9,PSO,309,0.8614429728521387
S2,9,PSO,314,0.8614429728521387
S2,9,PSO,319,0.8614429728521387
S2,9,PSO,324,0.8612893516334506
S2,9,PSO,329,0.8612893516334506
S2,9,PSO,334,0.8612893516334506
S2,9,PSO,339,0.8612893516334506
S2,9,PSO,344,0.8555414692224701
S2,9,PSO,349,0.8555414692224701
S2,9,PSO,354,0.8555414692224701
S2,9,PSO,359,0.8555414692224701
S2,9,PSO,364,0.8555414692224701
S2,9,PSO,369,0.8535893816998903
S2,9,PSO,374,0.8323647014158173
S2,9,PSO,379,0.8323647014158173
S2,9,PSO,384,0.8308649232996144
S2,9,PSO,389,0.8308649232996144
S2,9,PSO,394,0.8308649232996144
S2,9,PSO,399,0.8308649232996144
S2,9,PSO,404,0.8304441861262098
S2,9,PSO,409,0.8303721753671095
S2,9,PSO,414,0.8303721753671095
S2,9,PSO,419,0.8276661595370465
S2,9,PSO,424,0.8276661595370465
S2,9,PSO,429,0.825302360709275
S2,9,PSO,434,0.8235738328176424
S2,9,PSO,439,0.8235738328176424
S2,9,PSO,444,0.8226069639529763
S2,9,PSO,449,0.8226069639529763
S2,9,PSO,454,0.8221919834963329
S2,9,PSO,459,0.8218219078325545
S2,9,PSO,464,0.8218219078325545
S2,9,PSO,469,0.8202911336394093
S2,9,PSO,474,0.819846902121873
S2,9,PSO,479,0.819846902121873
S2,9,PSO,484,0.8110214759741787
S2,9,PSO,489,0.8058297566691934
S2,9,PSO,494,0.8058297566691934
S2,9,PSO,499,0.8058297566691934
S2,9,DE,14,1.194322764018374
S2,9,DE,19,1.194322764018374
S2,9,DE,24,1.194322764018374
S2,9,DE,29,1.194322764018374
S2,9,DE,34,1.194322764018374
S2,9,DE,39,1.194322764018374
S2,9,DE,44,1.194322764018374
S2,9,DE,49,1.194322764018374
S2,9,DE,54,1.194322764018374
S2,9,DE,59,1.194322764018374
S2,9,DE,64,1.194322764018374
S2,9,DE,69,1.194322764018374
S2,9,DE,74,1.194322764018374
S2,9,DE,79,1.194322764018374
S2,9,DE,84,1.194322764018374
S2,9,DE,89,1.194322764018374
S2,9,DE,94,1.194322764018374
S2,9,DE,99,1.194322764018374
S2,9,DE,104,1.194322764018374
S2,9,DE,109,1.194322764018374
S2,9,DE,114,1.194322764018374
S2,9,DE,119,1.194322764018374
S2,9,DE,124,1.194322764018374
S2,9,DE,129,0.998578820016566
S2,9,DE,134,0.998578820016566
S2,9,DE,139,0.998578820016566
S2,9,DE,144,0.998578820016566
S2,9,DE,149,0.998578820016566
S2,9,DE,154,0.9037002881351518
S2,9,DE,159,0.9037002881351518
S2,9,DE,164,0.9037002881351518
S2,9,DE,169,0.9037002881351518
S2,9,DE,174,0.9037002881351518
S2,9,DE,179,0.9037002881351518
S2,9,DE,184,0.9037002881351518
S2,9,DE,189,0.9037002881351518
S2,9,DE,194,0.9037002881351518
S2,9,DE,199,0.9037002881351518
S2,9,DE,204,0.9037002881351518
S2,9,DE,209,0.9037002881351518
S2,9,DE,214,0.9037002881351518
S2,9,DE,219,0.9037002881351518
S2,9,DE,224,0.9037002881351518
S2,9,DE,229,0.9037002881351518
S2,9,DE,234,0.9037002881351518
S2,9,DE,239,0.9037002881351518
S2,9,DE,244,0.9037002881351518
S2,9,DE,249,0.9037002881351518
S2,9,DE,254,0.9037002881351518
S2,9,DE,259,0.9037002881351518
S2,9,DE,264,0.9037002881351518
S2,9,DE,269,0.9037002881351518
S2,9,DE,274,0.9037002881351518
S2,9,DE,279,0.9037002881351518
S2,9,DE,284,0.9037002881351518
S2,9,DE,289,0.9037002881351518
S2,9,DE,294,0.9037002881351518
S2,9,DE,299,0.9037002881351518
S2,9,DE,304,0.9037002881351518
S2,9,DE,309,0.9037002881351518
S2,9,DE,314,0.9037002881351518
S2,9,DE,319,0.9037002881351518
S2,9,DE,324,0.9037002881351518
S2,9,DE,329,0.9037002881351518
S2,9,DE,334,0.9037002881351518
S2,9,DE,339,0.9037002881351518
S2,9,DE,344,0.9037002881351518
S2,9,DE,349,0.9037002881351518
S2,9,DE,354,0.9037002881351518
S2,9,DE,359,0.9037002881351518
S2,9,DE,364,0.9037002881351518
S2,9,DE,369,0.9037002881351518
S2,9,DE,374,0.9037002881351518
S2,9,DE,379,0.9037002881351518
S2,9,DE,384,0.9037002881351518
S2,9,DE,389,0.9037002881351518
S2,9,DE,394,0.9037002881351518
S2,9,DE,399,0.9037002881351518
S2,9,DE,404,0.9037002881351518
S2,9,DE,409,0.9037002881351518
S2,9,DE,414,0.9037002881351518
S2,9,DE,419,0.9037002881351518
S2,9,DE,424,0.9037002881351518
S2,9,DE,429,0.9037002881351518
S2,9,DE,434,0.9037002881351518
S2,9,DE,439,0.9037002881351518
S2,9,DE,444,0.9037002881351518
S2,9,DE,449,0.9037002881351518
S2,9,DE,454,0.9037002881351518
S2,9,DE,459,0.9037002881351518
S2,9,DE,464,0.9037002881351518
S2,9,DE,469,0.9037002881351518
S2,9,DE,474,0.9037002881351518
S2,9,DE,479,0.9037002881351518
S2,9,DE,484,0.9037002881351518
S2,9,DE,489,0.9037002881351518
S2,9,DE,494,0.9037002881351518
S2,9,DE,499,0.9037002881351518
S4,0,RFOTO-ABC,14,0.28789941711148703
S4,0,RFOTO-ABC,19,0.28789941711148703
S4,0,RFOTO-ABC,24,0.28789941711148703
S4,0,RFOTO-ABC,29,0.28789941711148703
S4,0,RFOTO-ABC,34,0.28789941711148703
S4,0,RFOTO-ABC,39,0.28789941711148703
S4,0,RFOTO-ABC,44,0.28789941711148703
S4,0,RFOTO-ABC,49,0.28789941711148703
S4,0,RFOTO-ABC,54,0.28789941711148703
S4,0,RFOTO-ABC,59,0.2877483020140024
S4,0,RFOTO-ABC,64,0.2877483020140024
S4,0,RFOTO-ABC,69,0.2877483020140024
S4,0,RFOTO-ABC,74,0.2877483020140024
S4,0,RFOTO-ABC,79,0.2877483020140024
S4,0,RFOTO-ABC,84,0.2877483020140024
S4,0,RFOTO-ABC,89,0.2877483020140024
S4,0,RFOTO-ABC,94,0.2877483020140024
S4,0,RFOTO-ABC,99,0.2877483020140024
S4,0,RFOTO-ABC,104,0.2877483020140024
S4,0,RFOTO-ABC,109,0.2877483020140024
S4,0,RFOTO-ABC,114,0.2877483020140024
S4,0,RFOTO-ABC,119,0.2877483020140024
S4,0,RFOTO-ABC,124,0.2877483020140024
S4,0,RFOTO-ABC,129,0.2877483020140024
S4,0,RFOTO-ABC,134,0.28748769316471623
S4,0,RFOTO-ABC,139,0.28748769316471623
S4,0,RFOTO-ABC,144,0.28748769316471623
S4,0,RFOTO-ABC,149,0.28748769316471623
S4,0,RFOTO-ABC,154,0.28748769316471623
S4,0,RFOTO-ABC,159,0.28748769316471623
S4,0,RFOTO-ABC,164,0.28748769316471623
S4,0,RFOTO-ABC,169,0.28748769316471623
S4,0,RFOTO-ABC,174,0.28748769316471623
S4,0,RFOTO-ABC,179,0.28748769316471623
S4,0,RFOTO-ABC,184,0.28748769316471623
S4,0,RFOTO-ABC,189,0.28748769316471623
S4,0,RFOTO-ABC,194,0.28748769316471623
S4,0,RFOTO-ABC,199,0.28748769316471623
S4,0,RFOTO-ABC,204,0.28748769316471623
S4,0,RFOTO-ABC,209,0.28748769316471623
S4,0,RFOTO-ABC,214,0.28748769316471623
S4,0,RFOTO-ABC,219,0.28748769316471623
S4,0,RFOTO-ABC,224,0.28748769316471623
S4,0,RFOTO-ABC,229,0.28748769316471623
S4,0,RFOTO-ABC,234,0.28748769316471623
S4,0,RFOTO-ABC,239,0.28748769316471623
S4,0,RFOTO-ABC,244,0.28748769316471623
S4,0,RFOTO-ABC,249,0.28748769316471623
S4,0,RFOTO-ABC,254,0.28748769316471623
S4,0,RFOTO-ABC,259,0.28748769316471623
S4,0,RFOTO-ABC,264,0.28748769316471623
S4,0,RFOTO-ABC,269,0.28748769316471623
S4,0,RFOTO-ABC,274,0.28748769316471623
S4,0,RFOTO-ABC,279,0.28748769316471623
S4,0,RFOTO-ABC,284,0.27434407084255535
S4,0,RFOTO-ABC,289,0.27434407084255535
S4,0,RFOTO-ABC,294,0.27434407084255535
S4,0,RFOTO-ABC,299,0.27434407084255535
S4,0,RFOTO-ABC,304,0.27434407084255535
S4,0,RFOTO-ABC,309,0.27434407084255535
S4,0,RFOTO-ABC,314,0.27434407084255535
S4,0,RFOTO-ABC,319,0.27434407084255535
S4,0,RFOTO-ABC,324,0.27434407084255535
S4,0,RFOTO-ABC,329,0.27434407084255535
S4,0,RFOTO-ABC,334,0.27434407084255535
S4,0,RFOTO-ABC,339,0.27434407084255535
S4,0,RFOTO-ABC,344,0.27434407084255535
S4,0,RFOTO-ABC,349,0.27434407084255535
S4,0,RFOTO-ABC,354,0.27434407084255535
S4,0,RFOTO-ABC,359,0.27434407084255535
S4,0,RFOTO-ABC,364,0.27434407084255535
S4,0,RFOTO-ABC,369,0.2742800500620135
S4,0,RFOTO-ABC,374,0.2742800500620135
S4,0,Standard-ABC,14,0.7793456593860063
S4,0,Standard-ABC,19,0.7793456593860063
S4,0,Standard-ABC,24,0.7793456593860063
S4,0,Standard-ABC,29,0.7793456593860063
S4,0,Standard-ABC,34,0.7793456593860063
S4,0,Standard-ABC,39,0.7595906249975961
S4,0,Standard-ABC,44,0.7595906249975961
S4,0,Standard-ABC,49,0.7595906249975961
S4,0,Standard-ABC,54,0.7595906249975961
S4,0,Standard-ABC,59,0.7595906249975961
S4,0,Standard-ABC,64,0.7595906249975961
S4,0,Standard-ABC,69,0.7595906249975961
S4,0,Standard-ABC,74,0.7595906249975961
S4,0,Standard-ABC,79,0.7595906249975961
S4,0,Standard-ABC,84,0.7595906249975961
S4,0,Standard-ABC,89,0.7595906249975961
S4,0,Standard-ABC,94,0.7595906249975961
S4,0,Standard-ABC,99,0.7595906249975961
S4,0,Standard-ABC,104,0.7595906249975961
S4,0,Standard-ABC,109,0.7595906249975961
S4,0,Standard-ABC,114,0.7595906249975961
S4,0,Standard-ABC,119,0.7595906249975961
S4,0,Standard-ABC,124,0.7595906249975961
S4,0,Standard-ABC,129,0.7595906249975961
S4,0,Standard-ABC,134,0.7595906249975961
S4,0,Standard-ABC,139,0.7595906249975961
S4,0,Standard-ABC,144,0.7595906249975961
S4,0,Standard-ABC,149,0.7595906249975961
S4,0,Standard-ABC,154,0.7407088145213745
S4,0,Standard-ABC,159,0.7364543611488678
S4,0,Standard-ABC,164,0.7364543611488678
S4,0,Standard-ABC,169,0.7364543611488678
S4,0,Standard-ABC,174,0.7364543611488678
S4,0,Standard-ABC,179,0.7343535556868246
S4,0,Standard-ABC,184,0.7343535556868246
S4,0,Standard-ABC,189,0.7317002307149514
S4,0,Standard-ABC,194,0.7317002307149514
S4,0,Standard-ABC,199,0.7317002307149514
S4,0,Standard-ABC,204,0.7317002307149514
S4,0,Standard-ABC,209,0.7317002307149514
S4,0,Standard-ABC,214,0.7317002307149514
S4,0,Standard-ABC,219,0.7317002307149514
S4,0,Standard-ABC,224,0.7317002307149514
S4,0,Standard-ABC,229,0.7317002307149514
S4,0,Standard-ABC,234,0.7317002307149514
S4,0,Standard-ABC,239,0.7317002307149514
S4,0,Standard-ABC,244,0.7271441968814012
S4,0,Standard-ABC,249,0.7271441968814012
S4,0,Standard-ABC,254,0.7271441968814012
S4,0,Standard-ABC,259,0.7271441968814012
S4,0,Standard-ABC,264,0.7271441968814012
S4,0,Standard-ABC,269,0.7271441968814012
S4,0,Standard-ABC,274,0.7271441968814012
S4,0,Standard-ABC,279,0.7271441968814012
S4,0,Standard-ABC,284,0.7271441968814012
S4,0,Standard-ABC,289,0.7271441968814012
S4,0,Standard-ABC,294,0.7271441968814012
S4,0,Standard-ABC,299,0.7271441968814012
S4,0,Standard-ABC,304,0.7271441968814012
S4,0,Standard-ABC,309,0.7271441968814012
S4,0,Standard-ABC,314,0.7271441968814012
S4,0,Standard-ABC,319,0.7271441968814012
S4,0,Standard-ABC,324,0.7271441968814012
S4,0,Standard-ABC,329,0.7271441968814012
S4,0,Standard-ABC,334,0.7270269186310901
S4,0,Standard-ABC,339,0.7270269186310901
S4,0,Standard-ABC,344,0.7270269186310901
S4,0,Standard-ABC,349,0.7217307438601173
S4,0,Standard-ABC,354,0.7217307438601173
S4,0,Standard-ABC,359,0.7217307438601173
S4,0,Standard-ABC,364,0.7173568216998102
S4,0,Standard-ABC,369,0.7173568216998102
S4,0,Standard-ABC,374,0.7131740240294708
S4,0,GA,14,0.7793456593860063
S4,0,GA,19,0.7136129449409542
S4,0,GA,24,0.7136129449409542
S4,0,GA,29,0.7136129449409542
S4,0,GA,34,0.7103067017729549
S4,0,GA,39,0.7103067017729549
S4,0,GA,44,0.696761505372286
S4,0,GA,49,0.6952021383992664
S4,0,GA,54,0.6744244899631019
S4,0,GA,59,0.6744244899631019
S4,0,GA,64,0.6744244899631019
S4,0,GA,69,0.6620359825021448
S4,0,GA,74,0.6620359825021448
S4,0,GA,79,0.6620359825021448
S4,0,GA,84,0.6620359825021448
S4,0,GA,89,0.6498958609000387
S4,0,GA,94,0.6498958609000387
S4,0,GA,99,0.6467695869866209
S4,0,GA,104,0.6467695869866209
S4,0,GA,109,0.6467695869866209
S4,0,GA,114,0.6151992824595376
S4,0,GA,119,0.6151992824595376
S4,0,GA,124,0.6126676348776686
S4,0,GA,129,0.6126676348776686
S4,0,GA,134,0.6022593800307304
S4,0,GA,139,0.6022593800307304
S4,0,GA,144,0.5968406996786368
S4,0,GA,149,0.5968406996786368
S4,0,GA,154,0.5952931770933122
S4,0,GA,159,0.5952931770933122
S4,0,GA,164,0.5952931770933122
S4,0,GA,169,0.5938016971865516
S4,0,GA,174,0.5938016971865516
S4,0,GA,179,0.5931494966501881
S4,0,GA,184,0.5850439372838017
S4,0,GA,189,0.5850439372838017
S4,0,GA,194,0.5850439372838017
S4,0,GA,199,0.5850439372838017
S4,0,GA,204,0.5850439372838017
S4,0,GA,209,0.5850439372838017
S4,0,GA,214,0.5850439372838017
S4,0,GA,219,0.5850439372838017
S4,0,GA,224,0.5850439372838017
S4,0,GA,229,0.5840439587596943
S4,0,GA,234,0.5840439587596943
S4,0,GA,239,0.5713193219411882
S4,0,GA,244,0.5713193219411882
S4,0,GA,249,0.5713193219411882
S4,0,GA,254,0.5713193219411882
S4,0,GA,259,0.5713193219411882
S4,0,GA,264,0.5695615598972273
S4,0,GA,269,0.5695615598972273
S4,0,GA,274,0.5695615598972273
S4,0,GA,279,0.5695615598972273
S4,0,GA,284,0.5695615598972273
S4,0,GA,289,0.5683460032797917
S4,0,GA,294,0.5683460032797917
S4,0,GA,299,0.5683460032797917
S4,0,GA,304,0.5683460032797917
S4,0,GA,309,0.5675361672836854
S4,0,GA,314,0.5675361672836854
S4,0,GA,319,0.5675361672836854
S4,0,GA,324,0.5675361672836854
S4,0,GA,329,0.5675361672836854
S4,0,GA,334,0.5547047553699911
S4,0,GA,339,0.5547047553699911
S4,0,GA,344,0.5547047553699911
S4,0,GA,349,0.5547047553699911
S4,0,GA,354,0.5547047553699911
S4,0,GA,359,0.5547047553699911
S4,0,GA,364,0.5547047553699911
S4,0,GA,369,0.5547047553699911
S4,0,GA,374,0.5454546690465777
S4,0,PSO,14,1.3015305441525402
S4,0,PSO,19,1.234559234234419
S4,0,PSO,24,1.0392986698177626
S4,0,PSO,29,1.0392986698177626
S4,0,PSO,34,1.0163816619849353
S4,0,PSO,39,1.0163816619849353
S4,0,PSO,44,1.0163816619849353
S4,0,PSO,49,1.0163816619849353
S4,0,PSO,54,1.0163816619849353
S4,0,PSO,59,1.0163816619849353
S4,0,PSO,64,1.0163816619849353
S4,0,PSO,69,0.9825211144609356
S4,0,PSO,74,0.9825211144609356
S4,0,PSO,79,0.9825211144609356
S4,0,PSO,84,0.9825211144609356
S4,0,PSO,89,0.9825211144609356
S4,0,PSO,94,0.9825211144609356
S4,0,PSO,99,0.9825211144609356
S4,0,PSO,104,0.9825211144609356
S4,0,PSO,109,0.9825211144609356
S4,0,PSO,114,0.9825211144609356
S4,0,PSO,119,0.9825211144609356
S4,0,PSO,124,0.9825211144609356
S4,0,PSO,129,0.9094915563439789
S4,0,PSO,134,0.9094915563439789
S4,0,PSO,139,0.9094915563439789
S4,0,PSO,144,0.9094915563439789
S4,0,PSO,149,0.9094915563439789
S4,0,PSO,154,0.9094915563439789
S4,0,PSO,159,0.9094915563439789
S4,0,PSO,164,0.9094915563439789
S4,0,PSO,169,0.9094915563439789
S4,0,PSO,174,0.9094915563439789
S4,0,PSO,179,0.9094915563439789
S4,0,PSO,184,0.9094915563439789
S4,0,PSO,189,0.9094915563439789
S4,0,PSO,194,0.9094915563439789
S4,0,PSO,199,0.9094915563439789
S4,0,PSO,204,0.9094915563439789
S4,0,PSO,209,0.9094915563439789
S4,0,PSO,214,0.9094915563439789
S4,0,PSO,219,0.9094915563439789
S4,0,PSO,224,0.9094915563439789
S4,0,PSO,229,0.9094915563439789
S4,0,PSO,234,0.9094915563439789
S4,0,PSO,239,0.9094915563439789
S4,0,PSO,244,0.9050120309389488
S4,0,PSO,249,0.9050120309389488
S4,0,PSO,254,0.9050120309389488
S4,0,PSO,259,0.9050120309389488
S4,0,PSO,264,0.9050120309389488
S4,0,PSO,269,0.8852482106422782
S4,0,PSO,274,0.8852482106422782
S4,0,PSO,279,0.8852482106422782
S4,0,PSO,284,0.8852482106422782
S4,0,PSO,289,0.8852482106422782
S4,0,PSO,294,0.8852482106422782
S4,0,PSO,299,0.8835060730267896
S4,0,PSO,304,0.8835060730267896
S4,0,PSO,309,0.8835060730267896
S4,0,PSO,314,0.8835060730267896
S4,0,PSO,319,0.8835060730267896
S4,0,PSO,324,0.8823261460469106
S4,0,PSO,329,0.8823261460469106
S4,0,PSO,334,0.8823261460469106
S4,0,PSO,339,0.8774782806402109
S4,0,PSO,344,0.8774782806402109
S4,0,PSO,349,0.8774782806402109
S4,0,PSO,354,0.8774782806402109
S4,0,PSO,359,0.8774782806402109
S4,0,PSO,364,0.8774782806402109
S4,0,PSO,369,0.8774782806402109
S4,0,PSO,374,0.8774782806402109
S4,0,DE,14,1.3015305441525402
S4,0,DE,19,1.3015305441525402
S4,0,DE,24,1.3015305441525402
S4,0,DE,29,1.3015305441525402
S4,0,DE,34,1.2223131070191213
S4,0,DE,39,1.2223131070191213
S4,0,DE,44,1.1740701355350427
S4,0,DE,49,1.1740701355350427
S4,0,DE,54,1.1740701355350427
S4,0,DE,59,1.1740701355350427
S4,0,DE,64,1.1740701355350427
S4,0,DE,69,1.1408750250274635
S4,0,DE,74,1.1408750250274635
S4,0,DE,79,1.1408750250274635
S4,0,DE,84,1.0587655655240416
S4,0,DE,89,1.0587655655240416
S4,0,DE,94,1.0587655655240416
S4,0,DE,99,1.0587655655240416
S4,0,DE,104,1.0587655655240416
S4,0,DE,109,1.0587655655240416
S4,0,DE,114,1.0587655655240416
S4,0,DE,119,1.0587655655240416
S4,0,DE,124,1.0587655655240416
S4,0,DE,129,1.0587655655240416
S4,0,DE,134,1.0587655655240416
S4,0,DE,139,1.0587655655240416
S4,0,DE,144,1.0587655655240416
S4,0,DE,149,1.0587655655240416
S4,0,DE,154,1.0587655655240416
S4,0,DE,159,1.014093537667462
S4,0,DE,164,1.014093537667462
S4,0,DE,169,1.014093537667462
S4,0,DE,174,1.014093537667462
S4,0,DE,179,1.014093537667462
S4,0,DE,184,0.9804871717956378
S4,0,DE,189,0.9804871717956378
S4,0,DE,194,0.9804871717956378
S4,0,DE,199,0.9804871717956378
S4,0,DE,204,0.9804871717956378
S4,0,DE,209,0.9804871717956378
S4,0,DE,214,0.9804871717956378
S4,0,DE,219,0.9804871717956378
S4,0,DE,224,0.9804871717956378
S4,0,DE,229,0.9804871717956378
S4,0,DE,234,0.9804871717956378
S4,0,DE,239,0.9679620398612849
S4,0,DE,244,0.9679620398612849
S4,0,DE,249,0.9679620398612849
S4,0,DE,254,0.9679620398612849
S4,0,DE,259,0.9679620398612849
S4,0,DE,264,0.9679620398612849
S4,0,DE,269,0.9679620398612849
S4,0,DE,274,0.9597146814158751
S4,0,DE,279,0.9597146814158751
S4,0,DE,284,0.9597146814158751
S4,0,DE,289,0.9597146814158751
S4,0,DE,294,0.9597146814158751
S4,0,DE,299,0.9597146814158751
S4,0,DE,304,0.9597146814158751
S4,0,DE,309,0.9597146814158751
S4,0,DE,314,0.9597146814158751
S4,0,DE,319,0.9597146814158751
S4,0,DE,324,0.9597146814158751
S4,0,DE,329,0.9597146814158751
S4,0,DE,334,0.9597146814158751
S4,0,DE,339,0.88599481281722
S4,0,DE,344,0.88599481281722
S4,0,DE,349,0.88599481281722
S4,0,DE,354,0.88599481281722
S4,0,DE,359,0.88599481281722
S4,0,DE,364,0.88599481281722
S4,0,DE,369,0.88599481281722
S4,0,DE,374,0.88599481281722
S4,1,RFOTO-ABC,14,0.2506679748314728
S4,1,RFOTO-ABC,19,0.2506679748314728
S4,1,RFOTO-ABC,24,0.2506679748314728
S4,1,RFOTO-ABC,29,0.24987265330228195
S4,1,RFOTO-ABC,34,0.24987265330228195
S4,1,RFOTO-ABC,39,0.24987265330228195
S4,1,RFOTO-ABC,44,0.24987265330228195
S4,1,RFOTO-ABC,49,0.24987265330228195
S4,1,RFOTO-ABC,54,0.24987265330228195
S4,1,RFOTO-ABC,59,0.24987265330228195
S4,1,RFOTO-ABC,64,0.24987265330228195
S4,1,RFOTO-ABC,69,0.24987265330228195
S4,1,RFOTO-ABC,74,0.24987265330228195
S4,1,RFOTO-ABC,79,0.24987265330228195
S4,1,RFOTO-ABC,84,0.24987265330228195
S4,1,RFOTO-ABC,89,0.24987265330228195
S4,1,RFOTO-ABC,94,0.24987265330228195
S4,1,RFOTO-ABC,99,0.24987265330228195
S4,1,RFOTO-ABC,104,0.24987265330228195
S4,1,RFOTO-ABC,109,0.24987265330228195
S4,1,RFOTO-ABC,114,0.24987265330228195
S4,1,RFOTO-ABC,119,0.24987265330228195
S4,1,RFOTO-ABC,124,0.24987265330228195
S4,1,RFOTO-ABC,129,0.24987265330228195
S4,1,RFOTO-ABC,134,0.24987265330228195
S4,1,RFOTO-ABC,139,0.24987265330228195
S4,1,RFOTO-ABC,144,0.24987265330228195
S4,1,RFOTO-ABC,149,0.24987265330228195
S4,1,RFOTO-ABC,154,0.24987265330228195
S4,1,RFOTO-ABC,159,0.24987265330228195
S4,1,RFOTO-ABC,164,0.24987265330228195
S4,1,RFOTO-ABC,169,0.24987265330228195
S4,1,RFOTO-ABC,174,0.24987265330228195
S4,1,RFOTO-ABC,179,0.24987265330228195
S4,1,RFOTO-ABC,184,0.24987265330228195
S4,1,RFOTO-ABC,189,0.24987265330228195
S4,1,RFOTO-ABC,194,0.24987265330228195
S4,1,RFOTO-ABC,199,0.24987265330228195
S4,1,RFOTO-ABC,204,0.24987265330228195
S4,1,RFOTO-ABC,209,0.24987265330228195
S4,1,RFOTO-ABC,214,0.24987265330228195
S4,1,RFOTO-ABC,219,0.24987265330228195
S4,1,RFOTO-ABC,224,0.24987265330228195
S4,1,RFOTO-ABC,229,0.24987265330228195
S4,1,RFOTO-ABC,234,0.24987265330228195
S4,1,RFOTO-ABC,239,0.24987265330228195
S4,1,RFOTO-ABC,244,0.24987265330228195
S4,1,RFOTO-ABC,249,0.24987265330228195
S4,1,RFOTO-ABC,254,0.24987265330228195
S4,1,RFOTO-ABC,259,0.24987265330228195
S4,1,RFOTO-ABC,264,0.24987265330228195
S4,1,RFOTO-ABC,269,0.24987265330228195
S4,1,RFOTO-ABC,274,0.24987265330228195
S4,1,RFOTO-ABC,279,0.24987265330228195
S4,1,RFOTO-ABC,284,0.24987265330228195
S4,1,RFOTO-ABC,289,0.24987265330228195
S4,1,RFOTO-ABC,294,0.24987265330228195
S4,1,RFOTO-ABC,299,0.24987265330228195
S4,1,RFOTO-ABC,304,0.24987265330228195
S4,1,RFOTO-ABC,309,0.24987265330228195
S4,1,RFOTO-ABC,314,0.24987265330228195
S4,1,RFOTO-ABC,319,0.24987265330228195
S4,1,RFOTO-ABC,324,0.24987265330228195
S4,1,RFOTO-ABC,329,0.24987265330228195
S4,1,RFOTO-ABC,334,0.24987265330228195
S4,1,RFOTO-ABC,339,0.24987265330228195
S4,1,RFOTO-ABC,344,0.24987265330228195
S4,1,RFOTO-ABC,349,0.24987265330228195
S4,1,RFOTO-ABC,354,0.24987265330228195
S4,1,RFOTO-ABC,359,0.24987265330228195
S4,1,RFOTO-ABC,364,0.24987265330228195
S4,1,RFOTO-ABC,369,0.24987265330228195
S4,1,RFOTO-ABC,374,0.24987265330228195
S4,1,Standard-ABC,14,0.7007090584518911
S4,1,Standard-ABC,19,0.7007090584518911
S4,1,Standard-ABC,24,0.7007090584518911
S4,1,Standard-ABC,29,0.7007090584518911
S4,1,Standard-ABC,34,0.7007090584518911
S4,1,Standard-ABC,39,0.7007090584518911
S4,1,Standard-ABC,44,0.7007090584518911
S4,1,Standard-ABC,49,0.7007090584518911
S4,1,Standard-ABC,54,0.7007090584518911
S4,1,Standard-ABC,59,0.7007090584518911
S4,1,Standard-ABC,64,0.7007090584518911
S4,1,Standard-ABC,69,0.6898175923398099
S4,1,Standard-ABC,74,0.677887273791118
S4,1,Standard-ABC,79,0.677887273791118
S4,1,Standard-ABC,84,0.677887273791118
S4,1,Standard-ABC,89,0.677887273791118
S4,1,Standard-ABC,94,0.677887273791118
S4,1,Standard-ABC,99,0.677887273791118
S4,1,Standard-ABC,104,0.677887273791118
S4,1,Standard-ABC,109,0.677887273791118
S4,1,Standard-ABC,114,0.677887273791118
S4,1,Standard-ABC,119,0.677887273791118
S4,1,Standard-ABC,124,0.6778722130088904
S4,1,Standard-ABC,129,0.6778722130088904
S4,1,Standard-ABC,134,0.6778722130088904
S4,1,Standard-ABC,139,0.6778722130088904
S4,1,Standard-ABC,144,0.6778722130088904
S4,1,Standard-ABC,149,0.6778722130088904
S4,1,Standard-ABC,154,0.6778722130088904
S4,1,Standard-ABC,159,0.6778722130088904
S4,1,Standard-ABC,164,0.6778722130088904
S4,1,Standard-ABC,169,0.6778722130088904
S4,1,Standard-ABC,174,0.6778722130088904
S4,1,Standard-ABC,179,0.6778722130088904
S4,1,Standard-ABC,184,0.6778722130088904
S4,1,Standard-ABC,189,0.6778722130088904
S4,1,Standard-ABC,194,0.6646538320189656
S4,1,Standard-ABC,199,0.6646538320189656
S4,1,Standard-ABC,204,0.6646538320189656
S4,1,Standard-ABC,209,0.6646538320189656
S4,1,Standard-ABC,214,0.6646538320189656
S4,1,Standard-ABC,219,0.6646538320189656
S4,1,Standard-ABC,224,0.6646538320189656
S4,1,Standard-ABC,229,0.6646538320189656
S4,1,Standard-ABC,234,0.6646538320189656
S4,1,Standard-ABC,239,0.6646538320189656
S4,1,Standard-ABC,244,0.6646538320189656
S4,1,Standard-ABC,249,0.6646538320189656
S4,1,Standard-ABC,254,0.6646538320189656
S4,1,Standard-ABC,259,0.6646538320189656
S4,1,Standard-ABC,264,0.6642236382714631
S4,1,Standard-ABC,269,0.6642236382714631
S4,1,Standard-ABC,274,0.6642236382714631
S4,1,Standard-ABC,279,0.6642236382714631
S4,1,Standard-ABC,284,0.6642236382714631
S4,1,Standard-ABC,289,0.6642236382714631
S4,1,Standard-ABC,294,0.6642236382714631
S4,1,Standard-ABC,299,0.6642236382714631
S4,1,Standard-ABC,304,0.6642236382714631
S4,1,Standard-ABC,309,0.6642236382714631
S4,1,Standard-ABC,314,0.6642236382714631
S4,1,Standard-ABC,319,0.6518254095674441
S4,1,Standard-ABC,324,0.6518254095674441
S4,1,Standard-ABC,329,0.6518254095674441
S4,1,Standard-ABC,334,0.6518254095674441
S4,1,Standard-ABC,339,0.6518254095674441
S4,1,Standard-ABC,344,0.6518254095674441
S4,1,Standard-ABC,349,0.6518254095674441
S4,1,Standard-ABC,354,0.6518254095674441
S4,1,Standard-ABC,359,0.6518254095674441
S4,1,Standard-ABC,364,0.6518254095674441
S4,1,Standard-ABC,369,0.6518254095674441
S4,1,Standard-ABC,374,0.6518254095674441
S4,1,GA,14,0.7007090584518911
S4,1,GA,19,0.7007090584518911
S4,1,GA,24,0.7007090584518911
S4,1,GA,29,0.6734347629244419
S4,1,GA,34,0.6734347629244419
S4,1,GA,39,0.6734347629244419
S4,1,GA,44,0.6734347629244419
S4,1,GA,49,0.6696416519010739
S4,1,GA,54,0.6696416519010739
S4,1,GA,59,0.6656951867825922
S4,1,GA,64,0.6425830662423314
S4,1,GA,69,0.6425830662423314
S4,1,GA,74,0.62814415837304
S4,1,GA,79,0.6265299070566964
S4,1,GA,84,0.6265299070566964
S4,1,GA,89,0.6265299070566964
S4,1,GA,94,0.6257316035500425
S4,1,GA,99,0.6220931217120427
S4,1,GA,104,0.6220931217120427
S4,1,GA,109,0.6220931217120427
S4,1,GA,114,0.6220931217120427
S4,1,GA,119,0.621984618526937
S4,1,GA,124,0.6153880063144552
S4,1,GA,129,0.6019837486879059
S4,1,GA,134,0.6014562738097251
S4,1,GA,139,0.5809613092375934
S4,1,GA,144,0.5809613092375934
S4,1,GA,149,0.5809613092375934
S4,1,GA,154,0.5722190729547613
S4,1,GA,159,0.5671394977030406
S4,1,GA,164,0.5671394977030406
S4,1,GA,169,0.5649596885773022
S4,1,GA,174,0.5577819043235687
S4,1,GA,179,0.5549473381519725
S4,1,GA,184,0.5549473381519725
S4,1,GA,189,0.5416751896667702
S4,1,GA,194,0.5416751896667702
S4,1,GA,199,0.5416751896667702
S4,1,GA,204,0.5382559477913873
S4,1,GA,209,0.5382559477913873
S4,1,GA,214,0.5372603261646957
S4,1,GA,219,0.5372603261646957
S4,1,GA,224,0.5367425938371752
S4,1,GA,229,0.5367425938371752
S4,1,GA,234,0.5367425938371752
S4,1,GA,239,0.5367425938371752
S4,1,GA,244,0.5367425938371752
S4,1,GA,249,0.5362087504390282
S4,1,GA,254,0.5281620078431603
S4,1,GA,259,0.5225657330124274
S4,1,GA,264,0.5225657330124274
S4,1,GA,269,0.5225657330124274
S4,1,GA,274,0.5218977657906615
S4,1,GA,279,0.5218977657906615
S4,1,GA,284,0.5218977657906615
S4,1,GA,289,0.5200418320238263
S4,1,GA,294,0.5200418320238263
S4,1,GA,299,0.5200418320238263
S4,1,GA,304,0.5200418320238263
S4,1,GA,309,0.5200418320238263
S4,1,GA,314,0.5200418320238263
S4,1,GA,319,0.517381987875179
S4,1,GA,324,0.517381987875179
S4,1,GA,329,0.517381987875179
S4,1,GA,334,0.517381987875179
S4,1,GA,339,0.5149926040918513
S4,1,GA,344,0.5149926040918513
S4,1,GA,349,0.5115010075988262
S4,1,GA,354,0.5073827581242463
S4,1,GA,359,0.5073827581242463
S4,1,GA,364,0.4981671764431801
S4,1,GA,369,0.49786409247272523
S4,1,GA,374,0.49786409247272523
S4,1,PSO,14,1.1617667703082477
S4,1,PSO,19,1.1189431417286873
S4,1,PSO,24,0.9395991908914423
S4,1,PSO,29,0.9395991908914423
S4,1,PSO,34,0.9395991908914423
S4,1,PSO,39,0.9395991908914423
S4,1,PSO,44,0.9395991908914423
S4,1,PSO,49,0.9395991908914423
S4,1,PSO,54,0.9395991908914423
S4,1,PSO,59,0.9395991908914423
S4,1,PSO,64,0.9395991908914423
S4,1,PSO,69,0.9395991908914423
S4,1,PSO,74,0.9395991908914423
S4,1,PSO,79,0.9395991908914423
S4,1,PSO,84,0.9395991908914423
S4,1,PSO,89,0.8826114430682228
S4,1,PSO,94,0.8826114430682228
S4,1,PSO,99,0.8826114430682228
S4,1,PSO,104,0.8826114430682228
S4,1,PSO,109,0.8826114430682228
S4,1,PSO,114,0.839656929146008
S4,1,PSO,119,0.839656929146008
S4,1,PSO,124,0.839656929146008
S4,1,PSO,129,0.839656929146008
S4,1,PSO,134,0.839656929146008
S4,1,PSO,139,0.839656929146008
S4,1,PSO,144,0.839656929146008
S4,1,PSO,149,0.839656929146008
S4,1,PSO,154,0.839656929146008
S4,1,PSO,159,0.8385837515326942
S4,1,PSO,164,0.8385837515326942
S4,1,PSO,169,0.8385837515326942
S4,1,PSO,174,0.8332259669564602
S4,1,PSO,179,0.8332259669564602
S4,1,PSO,184,0.8189475671113107
S4,1,PSO,189,0.792442141622496
S4,1,PSO,194,0.792442141622496
S4,1,PSO,199,0.792442141622496
S4,1,PSO,204,0.792442141622496
S4,1,PSO,209,0.792442141622496
S4,1,PSO,214,0.792442141622496
S4,1,PSO,219,0.7876481826374033
S4,1,PSO,224,0.7844311938741214
S4,1,PSO,229,0.7844311938741214
S4,1,PSO,234,0.7844311938741214
S4,1,PSO,239,0.7844311938741214
S4,1,PSO,244,0.7844311938741214
S4,1,PSO,249,0.7814374403084425
S4,1,PSO,254,0.7814374403084425
S4,1,PSO,259,0.7814374403084425
S4,1,PSO,264,0.7814374403084425
S4,1,PSO,269,0.769603335143267
S4,1,PSO,274,0.769603335143267
S4,1,PSO,279,0.769603335143267
S4,1,PSO,284,0.769603335143267
S4,1,PSO,289,0.769603335143267
S4,1,PSO,294,0.769603335143267
S4,1,PSO,299,0.769603335143267
S4,1,PSO,304,0.7678128250434887
S4,1,PSO,309,0.7638301589590769
S4,1,PSO,314,0.7638301589590769
S4,1,PSO,319,0.7638301589590769
S4,1,PSO,324,0.7638301589590769
S4,1,PSO,329,0.7638301589590769
S4,1,PSO,334,0.758824503157682
S4,1,PSO,339,0.758824503157682
S4,1,PSO,344,0.758824503157682
S4,1,PSO,349,0.758824503157682
S4,1,PSO,354,0.758824503157682
S4,1,PSO,359,0.758824503157682
S4,1,PSO,364,0.758824503157682
S4,1,PSO,369,0.7553655995532436
S4,1,PSO,374,0.7553655995532436
S4,1,DE,14,1.1617667703082477
S4,1,DE,19,1.0895313328632457
S4,1,DE,24,1.0895313328632457
S4,1,DE,29,1.0895313328632457
S4,1,DE,34,1.0895313328632457
S4,1,DE,39,1.0895313328632457
S4,1,DE,44,1.0895313328632457
S4,1,DE,49,1.0895313328632457
S4,1,DE,54,1.0895313328632457
S4,1,DE,59,1.0895313328632457
S4,1,DE,64,1.0895313328632457
S4,1,DE,69,1.0895313328632457
S4,1,DE,74,1.0895313328632457
S4,1,DE,79,1.0895313328632457
S4,1,DE,84,1.0824000838964047
S4,1,DE,89,1.0824000838964047
S4,1,DE,94,1.0824000838964047
S4,1,DE,99,1.0824000838964047
S4,1,DE,104,1.0824000838964047
S4,1,DE,109,1.0372835228408774
S4,1,DE,114,1.0372835228408774
S4,1,DE,119,1.0372835228408774
S4,1,DE,124,1.0372835228408774
S4,1,DE,129,1.0372835228408774
S4,1,DE,134,1.0251911073110687
S4,1,DE,139,1.0251911073110687
S4,1,DE,144,1.0251911073110687
S4,1,DE,149,1.0251911073110687
S4,1,DE,154,1.0251911073110687
S4,1,DE,159,1.0251911073110687
S4,1,DE,164,0.85775070916704
S4,1,DE,169,0.85775070916704
S4,1,DE,174,0.85775070916704
S4,1,DE,179,0.85775070916704
S4,1,DE,184,0.85775070916704
S4,1,DE,189,0.85775070916704
S4,1,DE,194,0.85775070916704
S4,1,DE,199,0.85775070916704
S4,1,DE,204,0.85775070916704
S4,1,DE,209,0.85775070916704
S4,1,DE,214,0.85775070916704
S4,1,DE,219,0.85775070916704
S4,1,DE,224,0.85775070916704
S4,1,DE,229,0.85775070916704
S4,1,DE,234,0.85775070916704
S4,1,DE,239,0.85775070916704
S4,1,DE,244,0.85775070916704
S4,1,DE,249,0.85775070916704
S4,1,DE,254,0.85775070916704
S4,1,DE,259,0.85775070916704
S4,1,DE,264,0.85775070916704
S4,1,DE,269,0.85775070916704
S4,1,DE,274,0.85775070916704
S4,1,DE,279,0.85775070916704
S4,1,DE,284,0.85775070916704
S4,1,DE,289,0.85775070916704
S4,1,DE,294,0.85775070916704
S4,1,DE,299,0.85775070916704
S4,1,DE,304,0.85775070916704
S4,1,DE,309,0.85775070916704
S4,1,DE,314,0.85775070916704
S4,1,DE,319,0.8090490838041562
S4,1,DE,324,0.8090490838041562
S4,1,DE,329,0.8090490838041562
S4,1,DE,334,0.8090490838041562
S4,1,DE,339,0.8090490838041562
S4,1,DE,344,0.8090490838041562
S4,1,DE,349,0.8090490838041562
S4,1,DE,354,0.8090490838041562
S4,1,DE,359,0.8090490838041562
S4,1,DE,364,0.8090490838041562
S4,1,DE,369,0.8090490838041562
S4,1,DE,374,0.8090490838041562
S4,2,RFOTO-ABC,14,0.31840475828371134
S4,2,RFOTO-ABC,19,0.31840475828371134
S4,2,RFOTO-ABC,24,0.31840475828371134
S4,2,RFOTO-ABC,29,0.31840475828371134
S4,2,RFOTO-ABC,34,0.31840475828371134
S4,2,RFOTO-ABC,39,0.31840475828371134
S4,2,RFOTO-ABC,44,0.31840475828371134
S4,2,RFOTO-ABC,49,0.31840475828371134
S4,2,RFOTO-ABC,54,0.31840475828371134
S4,2,RFOTO-ABC,59,0.31840475828371134
S4,2,RFOTO-ABC,64,0.31840475828371134
S4,2,RFOTO-ABC,69,0.31840475828371134
S4,2,RFOTO-ABC,74,0.31840475828371134
S4,2,RFOTO-ABC,79,0.31840475828371134
S4,2,RFOTO-ABC,84,0.31840475828371134
S4,2,RFOTO-ABC,89,0.31840475828371134
S4,2,RFOTO-ABC,94,0.31840475828371134
S4,2,RFOTO-ABC,99,0.31840475828371134
S4,2,RFOTO-ABC,104,0.31840475828371134
S4,2,RFOTO-ABC,109,0.31840475828371134
S4,2,RFOTO-ABC,114,0.31840475828371134
S4,2,RFOTO-ABC,119,0.31727825532323917
S4,2,RFOTO-ABC,124,0.3031812585501783
S4,2,RFOTO-ABC,129,0.3031812585501783
S4,2,RFOTO-ABC,134,0.3031812585501783
S4,2,RFOTO-ABC,139,0.3031812585501783
S4,2,RFOTO-ABC,144,0.3031812585501783
S4,2,RFOTO-ABC,149,0.3031812585501783
S4,2,RFOTO-ABC,154,0.3031812585501783
S4,2,RFOTO-ABC,159,0.3031812585501783
S4,2,RFOTO-ABC,164,0.3031812585501783
S4,2,RFOTO-ABC,169,0.3008039813791213
S4,2,RFOTO-ABC,174,0.3008039813791213
S4,2,RFOTO-ABC,179,0.3008039813791213
S4,2,RFOTO-ABC,184,0.3008039813791213
S4,2,RFOTO-ABC,189,0.3008039813791213
S4,2,RFOTO-ABC,194,0.3008039813791213
S4,2,RFOTO-ABC,199,0.3008039813791213
S4,2,RFOTO-ABC,204,0.3008039813791213
S4,2,RFOTO-ABC,209,0.3008039813791213
S4,2,RFOTO-ABC,214,0.3008039813791213
S4,2,RFOTO-ABC,219,0.3008039813791213
S4,2,RFOTO-ABC,224,0.3008039813791213
S4,2,RFOTO-ABC,229,0.2892147811721558
S4,2,RFOTO-ABC,234,0.2892147811721558
S4,2,RFOTO-ABC,239,0.2892147811721558
S4,2,RFOTO-ABC,244,0.2892147811721558
S4,2,RFOTO-ABC,249,0.2892147811721558
S4,2,RFOTO-ABC,254,0.2892147811721558
S4,2,RFOTO-ABC,259,0.2892147811721558
S4,2,RFOTO-ABC,264,0.2892147811721558
S4,2,RFOTO-ABC,269,0.2892147811721558
S4,2,RFOTO-ABC,274,0.2892147811721558
S4,2,RFOTO-ABC,279,0.2892147811721558
S4,2,RFOTO-ABC,284,0.2888525777066315
S4,2,RFOTO-ABC,289,0.2888525777066315
S4,2,RFOTO-ABC,294,0.2888525777066315
S4,2,RFOTO-ABC,299,0.2888525777066315
S4,2,RFOTO-ABC,304,0.2888525777066315
S4,2,RFOTO-ABC,309,0.2888525777066315
S4,2,RFOTO-ABC,314,0.2888525777066315
S4,2,RFOTO-ABC,319,0.2888525777066315
S4,2,RFOTO-ABC,324,0.2888525777066315
S4,2,RFOTO-ABC,329,0.2888525777066315
S4,2,RFOTO-ABC,334,0.2888525777066315
S4,2,RFOTO-ABC,339,0.2888525777066315
S4,2,RFOTO-ABC,344,0.2888525777066315
S4,2,RFOTO-ABC,349,0.2888525777066315
S4,2,RFOTO-ABC,354,0.2888525777066315
S4,2,RFOTO-ABC,359,0.2888525777066315
S4,2,RFOTO-ABC,364,0.2888525777066315
S4,2,RFOTO-ABC,369,0.2888525777066315
S4,2,RFOTO-ABC,374,0.2888525777066315
S4,2,Standard-ABC,14,0.6542396441316207
S4,2,Standard-ABC,19,0.6542396441316207
S4,2,Standard-ABC,24,0.6542396441316207
S4,2,Standard-ABC,29,0.6542396441316207
S4,2,Standard-ABC,34,0.6542396441316207
S4,2,Standard-ABC,39,0.6542396441316207
S4,2,Standard-ABC,44,0.650001233989415
S4,2,Standard-ABC,49,0.650001233989415
S4,2,Standard-ABC,54,0.650001233989415
S4,2,Standard-ABC,59,0.650001233989415
S4,2,Standard-ABC,64,0.6465536571835484
S4,2,Standard-ABC,69,0.6465536571835484
S4,2,Standard-ABC,74,0.6465536571835484
S4,2,Standard-ABC,79,0.6465536571835484
S4,2,Standard-ABC,84,0.6465536571835484
S4,2,Standard-ABC,89,0.6465536571835484
S4,2,Standard-ABC,94,0.6465536571835484
S4,2,Standard-ABC,99,0.6465536571835484
S4,2,Standard-ABC,104,0.6465536571835484
S4,2,Standard-ABC,109,0.6465536571835484
S4,2,Standard-ABC,114,0.6465536571835484
S4,2,Standard-ABC,119,0.6465536571835484
S4,2,Standard-ABC,124,0.6465536571835484
S4,2,Standard-ABC,129,0.6465536571835484
S4,2,Standard-ABC,134,0.6465536571835484
S4,2,Standard-ABC,139,0.6465536571835484
S4,2,Standard-ABC,144,0.6465536571835484
S4,2,Standard-ABC,149,0.6465536571835484
S4,2,Standard-ABC,154,0.6465536571835484
S4,2,Standard-ABC,159,0.6451669026606192
S4,2,Standard-ABC,164,0.6451669026606192
S4,2,Standard-ABC,169,0.6451669026606192
S4,2,Standard-ABC,174,0.6451669026606192
S4,2,Standard-ABC,179,0.6451669026606192
S4,2,Standard-ABC,184,0.6451669026606192
S4,2,Standard-ABC,189,0.6451669026606192
S4,2,Standard-ABC,194,0.6451669026606192
S4,2,Standard-ABC,199,0.6451669026606192
S4,2,Standard-ABC,204,0.6451669026606192
S4,2,Standard-ABC,209,0.6451669026606192
S4,2,Standard-ABC,214,0.6451669026606192
S4,2,Standard-ABC,219,0.6451669026606192
S4,2,Standard-ABC,224,0.6451669026606192
S4,2,Standard-ABC,229,0.6451669026606192
S4,2,Standard-ABC,234,0.6451669026606192
S4,2,Standard-ABC,239,0.6451669026606192
S4,2,Standard-ABC,244,0.6451669026606192
S4,2,Standard-ABC,249,0.6451669026606192
S4,2,Standard-ABC,254,0.6451669026606192
S4,2,Standard-ABC,259,0.6451669026606192
S4,2,Standard-ABC,264,0.6451669026606192
S4,2,Standard-ABC,269,0.6451669026606192
S4,2,Standard-ABC,274,0.6451669026606192
S4,2,Standard-ABC,279,0.6451669026606192
S4,2,Standard-ABC,284,0.6451669026606192
S4,2,Standard-ABC,289,0.6451669026606192
S4,2,Standard-ABC,294,0.6451669026606192
S4,2,Standard-ABC,299,0.6439906846735642
S4,2,Standard-ABC,304,0.6439906846735642
S4,2,Standard-ABC,309,0.6439906846735642
S4,2,Standard-ABC,314,0.6439906846735642
S4,2,Standard-ABC,319,0.641733757536658
S4,2,Standard-ABC,324,0.6406066967734989
S4,2,Standard-ABC,329,0.6350201430197647
S4,2,Standard-ABC,334,0.6350201430197647
S4,2,Standard-ABC,339,0.6350201430197647
S4,2,Standard-ABC,344,0.6350201430197647
S4,2,Standard-ABC,349,0.6350201430197647
S4,2,Standard-ABC,354,0.6350201430197647
S4,2,Standard-ABC,359,0.6350201430197647
S4,2,Standard-ABC,364,0.6350201430197647
S4,2,Standard-ABC,369,0.6350201430197647
S4,2,Standard-ABC,374,0.6350201430197647
S4,2,GA,14,0.6542396441316207
S4,2,GA,19,0.6334396014062613
S4,2,GA,24,0.6321685822212718
S4,2,GA,29,0.6265853801574638
S4,2,GA,34,0.6189213310033458
S4,2,GA,39,0.6146476199959687
S4,2,GA,44,0.6146476199959687
S4,2,GA,49,0.6083221770172329
S4,2,GA,54,0.6083221770172329
S4,2,GA,59,0.6083221770172329
S4,2,GA,64,0.602889988484706
S4,2,GA,69,0.602889988484706
S4,2,GA,74,0.602889988484706
S4,2,GA,79,0.5951418473651803
S4,2,GA,84,0.5951418473651803
S4,2,GA,89,0.5789146042606546
S4,2,GA,94,0.5788335104560004
S4,2,GA,99,0.5741144590380172
S4,2,GA,104,0.5741144590380172
S4,2,GA,109,0.5741144590380172
S4,2,GA,114,0.5718121912535008
S4,2,GA,119,0.5690931198644018
S4,2,GA,124,0.5663893982368046
S4,2,GA,129,0.5662250731616476
S4,2,GA,134,0.5662250731616476
S4,2,GA,139,0.5649055640858132
S4,2,GA,144,0.5649055640858132
S4,2,GA,149,0.5649055640858132
S4,2,GA,154,0.5626121496265957
S4,2,GA,159,0.558561879410368
S4,2,GA,164,0.558561879410368
S4,2,GA,169,0.558561879410368
S4,2,GA,174,0.558561879410368
S4,2,GA,179,0.558561879410368
S4,2,GA,184,0.558561879410368
S4,2,GA,189,0.558561879410368
S4,2,GA,194,0.5564947633598324
S4,2,GA,199,0.5564947633598324
S4,2,GA,204,0.5564947633598324
S4,2,GA,209,0.5564947633598324
S4,2,GA,214,0.5564947633598324
S4,2,GA,219,0.5564947633598324
S4,2,GA,224,0.5564947633598324
S4,2,GA,229,0.5564947633598324
S4,2,GA,234,0.5564947633598324
S4,2,GA,239,0.5564947633598324
S4,2,GA,244,0.5564947633598324
S4,2,GA,249,0.5446821162117731
S4,2,GA,254,0.5446821162117731
S4,2,GA,259,0.5446821162117731
S4,2,GA,264,0.5446821162117731
S4,2,GA,269,0.5446821162117731
S4,2,GA,274,0.5364208386486792
S4,2,GA,279,0.5364208386486792
S4,2,GA,284,0.5364208386486792
S4,2,GA,289,0.5349823359054424
S4,2,GA,294,0.5349823359054424
S4,2,GA,299,0.5349823359054424
S4,2,GA,304,0.5349823359054424
S4,2,GA,309,0.5349823359054424
S4,2,GA,314,0.5332390788533334
S4,2,GA,319,0.5332390788533334
S4,2,GA,324,0.5332390788533334
S4,2,GA,329,0.5332390788533334
S4,2,GA,334,0.5325602425160962
S4,2,GA,339,0.5325602425160962
S4,2,GA,344,0.5325602425160962
S4,2,GA,349,0.5233850100694689
S4,2,GA,354,0.5233850100694689
S4,2,GA,359,0.5174792749747242
S4,2,GA,364,0.5170736913174099
S4,2,GA,369,0.5170736913174099
S4,2,GA,374,0.5170736913174099
S4,2,PSO,14,1.4029813516515501
S4,2,PSO,19,1.2062708803068019
S4,2,PSO,24,0.981500389628013
S4,2,PSO,29,0.981500389628013
S4,2,PSO,34,0.981500389628013
S4,2,PSO,39,0.8761196328372671
S4,2,PSO,44,0.8761196328372671
S4,2,PSO,49,0.8761196328372671
S4,2,PSO,54,0.8761196328372671
S4,2,PSO,59,0.8761196328372671
S4,2,PSO,64,0.8761196328372671
S4,2,PSO,69,0.8761196328372671
S4,2,PSO,74,0.8761196328372671
S4,2,PSO,79,0.8761196328372671
S4,2,PSO,84,0.8761196328372671
S4,2,PSO,89,0.8761196328372671
S4,2,PSO,94,0.8761196328372671
S4,2,PSO,99,0.8761196328372671
S4,2,PSO,104,0.8761196328372671
S4,2,PSO,109,0.8761196328372671
S4,2,PSO,114,0.8761196328372671
S4,2,PSO,119,0.8761196328372671
S4,2,PSO,124,0.8761196328372671
S4,2,PSO,129,0.8761196328372671
S4,2,PSO,134,0.8761196328372671
S4,2,PSO,139,0.8761196328372671
S4,2,PSO,144,0.8761196328372671
S4,2,PSO,149,0.8761196328372671
S4,2,PSO,154,0.8761196328372671
S4,2,PSO,159,0.8761196328372671
S4,2,PSO,164,0.8761196328372671
S4,2,PSO,169,0.8761196328372671
S4,2,PSO,174,0.8761196328372671
S4,2,PSO,179,0.8761196328372671
S4,2,PSO,184,0.8761196328372671
S4,2,PSO,189,0.8761196328372671
S4,2,PSO,194,0.8761196328372671
S4,2,PSO,199,0.8761196328372671
S4,2,PSO,204,0.8761196328372671
S4,2,PSO,209,0.851327710216462
S4,2,PSO,214,0.851327710216462
S4,2,PSO,219,0.851327710216462
S4,2,PSO,224,0.851327710216462
S4,2,PSO,229,0.851327710216462
S4,2,PSO,234,0.851327710216462
S4,2,PSO,239,0.851327710216462
S4,2,PSO,244,0.851327710216462
S4,2,PSO,249,0.851327710216462
S4,2,PSO,254,0.8499382876848272
S4,2,PSO,259,0.8499382876848272
S4,2,PSO,264,0.8499382876848272
S4,2,PSO,269,0.8464465059118699
S4,2,PSO,274,0.8464465059118699
S4,2,PSO,279,0.8323545599572271
S4,2,PSO,284,0.8323545599572271
S4,2,PSO,289,0.8039237526610524
S4,2,PSO,294,0.8021675092980176
S4,2,PSO,299,0.7787042975832674
S4,2,PSO,304,0.7703918766274334
S4,2,PSO,309,0.7703918766274334
S4,2,PSO,314,0.7703918766274334
S4,2,PSO,319,0.7703918766274334
S4,2,PSO,324,0.7703918766274334
S4,2,PSO,329,0.7703918766274334
S4,2,PSO,334,0.7703918766274334
S4,2,PSO,339,0.7469795542461982
S4,2,PSO,344,0.7469795542461982
S4,2,PSO,349,0.7469795542461982
S4,2,PSO,354,0.7469795542461982
S4,2,PSO,359,0.7431379158016331
S4,2,PSO,364,0.7431379158016331
S4,2,PSO,369,0.7431379158016331
S4,2,PSO,374,0.7431379158016331
S4,2,DE,14,1.4029813516515501
S4,2,DE,19,1.4029813516515501
S4,2,DE,24,1.4029813516515501
S4,2,DE,29,1.4029813516515501
S4,2,DE,34,1.4029813516515501
S4,2,DE,39,1.1342784186490507
S4,2,DE,44,1.1342784186490507
S4,2,DE,49,1.003146974805081
S4,2,DE,54,1.003146974805081
S4,2,DE,59,1.003146974805081
S4,2,DE,64,1.003146974805081
S4,2,DE,69,1.003146974805081
S4,2,DE,74,1.003146974805081
S4,2,DE,79,1.003146974805081
S4,2,DE,84,1.003146974805081
S4,2,DE,89,1.003146974805081
S4,2,DE,94,1.003146974805081
S4,2,DE,99,1.003146974805081
S4,2,DE,104,1.003146974805081
S4,2,DE,109,1.003146974805081
S4,2,DE,114,0.9981256034385666
S4,2,DE,119,0.9981256034385666
S4,2,DE,124,0.9981256034385666
S4,2,DE,129,0.9981256034385666
S4,2,DE,134,0.9981256034385666
S4,2,DE,139,0.9981256034385666
S4,2,DE,144,0.9981256034385666
S4,2,DE,149,0.9981256034385666
S4,2,DE,154,0.9981256034385666
S4,2,DE,159,0.9981256034385666
S4,2,DE,164,0.9981256034385666
S4,2,DE,169,0.9981256034385666
S4,2,DE,174,0.9981256034385666
S4,2,DE,179,0.9981256034385666
S4,2,DE,184,0.9981256034385666
S4,2,DE,189,0.9981256034385666
S4,2,DE,194,0.9981256034385666
S4,2,DE,199,0.9981256034385666
S4,2,DE,204,0.9168974347282486
S4,2,DE,209,0.9168974347282486
S4,2,DE,214,0.9168974347282486
S4,2,DE,219,0.9168974347282486
S4,2,DE,224,0.9168974347282486
S4,2,DE,229,0.9168974347282486
S4,2,DE,234,0.9168974347282486
S4,2,DE,239,0.9168974347282486
S4,2,DE,244,0.9168974347282486
S4,2,DE,249,0.9168974347282486
S4,2,DE,254,0.9168974347282486
S4,2,DE,259,0.9168974347282486
S4,2,DE,264,0.9168974347282486
S4,2,DE,269,0.9168974347282486
S4,2,DE,274,0.9168974347282486
S4,2,DE,279,0.9168974347282486
S4,2,DE,284,0.9168974347282486
S4,2,DE,289,0.9168974347282486
S4,2,DE,294,0.9168974347282486
S4,2,DE,299,0.9168974347282486
S4,2,DE,304,0.9168974347282486
S4,2,DE,309,0.9168974347282486
S4,2,DE,314,0.9168974347282486
S4,2,DE,319,0.9168974347282486
S4,2,DE,324,0.9168974347282486
S4,2,DE,329,0.9168974347282486
S4,2,DE,334,0.9168974347282486
S4,2,DE,339,0.9168974347282486
S4,2,DE,344,0.9168974347282486
S4,2,DE,349,0.9168974347282486
S4,2,DE,354,0.9168974347282486
S4,2,DE,359,0.9168974347282486
S4,2,DE,364,0.9168974347282486
S4,2,DE,369,0.9168974347282486
S4,2,DE,374,0.9168974347282486
S4,3,RFOTO-ABC,14,0.3557843799979129
S4,3,RFOTO-ABC,19,0.3557843799979129
S4,3,RFOTO-ABC,24,0.3557843799979129
S4,3,RFOTO-ABC,29,0.3557843799979129
S4,3,RFOTO-ABC,34,0.3557843799979129
S4,3,RFOTO-ABC,39,0.3557843799979129
S4,3,RFOTO-ABC,44,0.3557843799979129
S4,3,RFOTO-ABC,49,0.3557843799979129
S4,3,RFOTO-ABC,54,0.3557843799979129
S4,3,RFOTO-ABC,59,0.3557843799979129
S4,3,RFOTO-ABC,64,0.3085871865839097
S4,3,RFOTO-ABC,69,0.3085871865839097
S4,3,RFOTO-ABC,74,0.3085871865839097
S4,3,RFOTO-ABC,79,0.3085871865839097
S4,3,RFOTO-ABC,84,0.3085871865839097
S4,3,RFOTO-ABC,89,0.3085871865839097
S4,3,RFOTO-ABC,94,0.3085871865839097
S4,3,RFOTO-ABC,99,0.3085871865839097
S4,3,RFOTO-ABC,104,0.3085871865839097
S4,3,RFOTO-ABC,109,0.3085871865839097
S4,3,RFOTO-ABC,114,0.3085871865839097
S4,3,RFOTO-ABC,119,0.30817074858713683
S4,3,RFOTO-ABC,124,0.30817074858713683
S4,3,RFOTO-ABC,129,0.30817074858713683
S4,3,RFOTO-ABC,134,0.30777114699501096
S4,3,RFOTO-ABC,139,0.30777114699501096
S4,3,RFOTO-ABC,144,0.3077233719449711
S4,3,RFOTO-ABC,149,0.3077233719449711
S4,3,RFOTO-ABC,154,0.3077233719449711
S4,3,RFOTO-ABC,159,0.3077233719449711
S4,3,RFOTO-ABC,164,0.3077233719449711
S4,3,RFOTO-ABC,169,0.3077233719449711
S4,3,RFOTO-ABC,174,0.3077233719449711
S4,3,RFOTO-ABC,179,0.3077233719449711
S4,3,RFOTO-ABC,184,0.3077233719449711
S4,3,RFOTO-ABC,189,0.3077233719449711
S4,3,RFOTO-ABC,194,0.3077233719449711
S4,3,RFOTO-ABC,199,0.3077233719449711
S4,3,RFOTO-ABC,204,0.3077233719449711
S4,3,RFOTO-ABC,209,0.3077233719449711
S4,3,RFOTO-ABC,214,0.3077233719449711
S4,3,RFOTO-ABC,219,0.3077233719449711
S4,3,RFOTO-ABC,224,0.3077233719449711
S4,3,RFOTO-ABC,229,0.3077233719449711
S4,3,RFOTO-ABC,234,0.3077233719449711
S4,3,RFOTO-ABC,239,0.3077233719449711
S4,3,RFOTO-ABC,244,0.3077233719449711
S4,3,RFOTO-ABC,249,0.3077233719449711
S4,3,RFOTO-ABC,254,0.3077233719449711
S4,3,RFOTO-ABC,259,0.3077233719449711
S4,3,RFOTO-ABC,264,0.3077233719449711
S4,3,RFOTO-ABC,269,0.3077233719449711
S4,3,RFOTO-ABC,274,0.3077233719449711
S4,3,RFOTO-ABC,279,0.3077233719449711
S4,3,RFOTO-ABC,284,0.3077233719449711
S4,3,RFOTO-ABC,289,0.3077233719449711
S4,3,RFOTO-ABC,294,0.3077233719449711
S4,3,RFOTO-ABC,299,0.3077233719449711
S4,3,RFOTO-ABC,304,0.3077233719449711
S4,3,RFOTO-ABC,309,0.3077233719449711
S4,3,RFOTO-ABC,314,0.3077233719449711
S4,3,RFOTO-ABC,319,0.3077233719449711
S4,3,RFOTO-ABC,324,0.3077233719449711
S4,3,RFOTO-ABC,329,0.3077233719449711
S4,3,RFOTO-ABC,334,0.3077233719449711
S4,3,RFOTO-ABC,339,0.3077233719449711
S4,3,RFOTO-ABC,344,0.3077233719449711
S4,3,RFOTO-ABC,349,0.3077233719449711
S4,3,RFOTO-ABC,354,0.3077233719449711
S4,3,RFOTO-ABC,359,0.3077233719449711
S4,3,RFOTO-ABC,364,0.3077233719449711
S4,3,RFOTO-ABC,369,0.3077233719449711
S4,3,RFOTO-ABC,374,0.3077233719449711
S4,3,Standard-ABC,14,0.6856833161665216
S4,3,Standard-ABC,19,0.6856833161665216
S4,3,Standard-ABC,24,0.6856833161665216
S4,3,Standard-ABC,29,0.6856833161665216
S4,3,Standard-ABC,34,0.6856833161665216
S4,3,Standard-ABC,39,0.6856833161665216
S4,3,Standard-ABC,44,0.6856833161665216
S4,3,Standard-ABC,49,0.6856833161665216
S4,3,Standard-ABC,54,0.6856833161665216
S4,3,Standard-ABC,59,0.6856833161665216
S4,3,Standard-ABC,64,0.6856833161665216
S4,3,Standard-ABC,69,0.6856833161665216
S4,3,Standard-ABC,74,0.6856833161665216
S4,3,Standard-ABC,79,0.6856833161665216
S4,3,Standard-ABC,84,0.6856833161665216
S4,3,Standard-ABC,89,0.6774232127346392
S4,3,Standard-ABC,94,0.6774232127346392
S4,3,Standard-ABC,99,0.6774232127346392
S4,3,Standard-ABC,104,0.6774232127346392
S4,3,Standard-ABC,109,0.6774232127346392
S4,3,Standard-ABC,114,0.6774232127346392
S4,3,Standard-ABC,119,0.6774232127346392
S4,3,Standard-ABC,124,0.6774232127346392
S4,3,Standard-ABC,129,0.6774232127346392
S4,3,Standard-ABC,134,0.6774232127346392
S4,3,Standard-ABC,139,0.6774232127346392
S4,3,Standard-ABC,144,0.6774232127346392
S4,3,Standard-ABC,149,0.6709926905475616
S4,3,Standard-ABC,154,0.6709926905475616
S4,3,Standard-ABC,159,0.6709926905475616
S4,3,Standard-ABC,164,0.6709926905475616
S4,3,Standard-ABC,169,0.6709926905475616
S4,3,Standard-ABC,174,0.6709926905475616
S4,3,Standard-ABC,179,0.6709926905475616
S4,3,Standard-ABC,184,0.6709926905475616
S4,3,Standard-ABC,189,0.6709926905475616
S4,3,Standard-ABC,194,0.6709926905475616
S4,3,Standard-ABC,199,0.6647256459072496
S4,3,Standard-ABC,204,0.6647256459072496
S4,3,Standard-ABC,209,0.6647256459072496
S4,3,Standard-ABC,214,0.6647256459072496
S4,3,Standard-ABC,219,0.6647256459072496
S4,3,Standard-ABC,224,0.6647256459072496
S4,3,Standard-ABC,229,0.6647256459072496
S4,3,Standard-ABC,234,0.6647256459072496
S4,3,Standard-ABC,239,0.6647256459072496
S4,3,Standard-ABC,244,0.6647256459072496
S4,3,Standard-ABC,249,0.6647256459072496
S4,3,Standard-ABC,254,0.6647256459072496
S4,3,Standard-ABC,259,0.6647256459072496
S4,3,Standard-ABC,264,0.6647256459072496
S4,3,Standard-ABC,269,0.6632196126086717
S4,3,Standard-ABC,274,0.6632196126086717
S4,3,Standard-ABC,279,0.6632196126086717
S4,3,Standard-ABC,284,0.6624235236593381
S4,3,Standard-ABC,289,0.6624235236593381
S4,3,Standard-ABC,294,0.6624235236593381
S4,3,Standard-ABC,299,0.6624235236593381
S4,3,Standard-ABC,304,0.6624235236593381
S4,3,Standard-ABC,309,0.6624235236593381
S4,3,Standard-ABC,314,0.6624235236593381
S4,3,Standard-ABC,319,0.6624235236593381
S4,3,Standard-ABC,324,0.6624235236593381
S4,3,Standard-ABC,329,0.6624235236593381
S4,3,Standard-ABC,334,0.6624235236593381
S4,3,Standard-ABC,339,0.6624235236593381
S4,3,Standard-ABC,344,0.6624235236593381
S4,3,Standard-ABC,349,0.6624235236593381
S4,3,Standard-ABC,354,0.6624235236593381
S4,3,Standard-ABC,359,0.6624235236593381
S4,3,Standard-ABC,364,0.6624235236593381
S4,3,Standard-ABC,369,0.6624235236593381
S4,3,Standard-ABC,374,0.6624235236593381
S4,3,GA,14,0.6856833161665216
S4,3,GA,19,0.6856833161665216
S4,3,GA,24,0.6491911952167998
S4,3,GA,29,0.6491911952167998
S4,3,GA,34,0.6491911952167998
S4,3,GA,39,0.6491911952167998
S4,3,GA,44,0.6491911952167998
S4,3,GA,49,0.6491911952167998
S4,3,GA,54,0.6491911952167998
S4,3,GA,59,0.6491911952167998
S4,3,GA,64,0.6491911952167998
S4,3,GA,69,0.6491911952167998
S4,3,GA,74,0.6491911952167998
S4,3,GA,79,0.6491911952167998
S4,3,GA,84,0.6491911952167998
S4,3,GA,89,0.626295986087486
S4,3,GA,94,0.626295986087486
S4,3,GA,99,0.626295986087486
S4,3,GA,104,0.626295986087486
S4,3,GA,109,0.626295986087486
S4,3,GA,114,0.626295986087486
S4,3,GA,119,0.626295986087486
S4,3,GA,124,0.617594314000152
S4,3,GA,129,0.607470258692332
S4,3,GA,134,0.607470258692332
S4,3,GA,139,0.607470258692332
S4,3,GA,144,0.607470258692332
S4,3,GA,149,0.607470258692332
S4,3,GA,154,0.607470258692332
S4,3,GA,159,0.607470258692332
S4,3,GA,164,0.6074429134882515
S4,3,GA,169,0.6006300661730155
S4,3,GA,174,0.6006300661730155
S4,3,GA,179,0.6006300661730155
S4,3,GA,184,0.6006300661730155
S4,3,GA,189,0.6006300661730155
S4,3,GA,194,0.6006300661730155
S4,3,GA,199,0.6006300661730155
S4,3,GA,204,0.6006300661730155
S4,3,GA,209,0.5934197903990932
S4,3,GA,214,0.5934197903990932
S4,3,GA,219,0.5934197903990932
S4,3,GA,224,0.5934197903990932
S4,3,GA,229,0.5927522369226015
S4,3,GA,234,0.5927522369226015
S4,3,GA,239,0.5927522369226015
S4,3,GA,244,0.5927522369226015
S4,3,GA,249,0.5927522369226015
S4,3,GA,254,0.5927522369226015
S4,3,GA,259,0.5927522369226015
S4,3,GA,264,0.5454055261273996
S4,3,GA,269,0.5454055261273996
S4,3,GA,274,0.5426972401793622
S4,3,GA,279,0.5426972401793622
S4,3,GA,284,0.5426972401793622
S4,3,GA,289,0.5426972401793622
S4,3,GA,294,0.5426972401793622
S4,3,GA,299,0.5426972401793622
S4,3,GA,304,0.5426972401793622
S4,3,GA,309,0.5426972401793622
S4,3,GA,314,0.5334881592057599
S4,3,GA,319,0.5239791572721135
S4,3,GA,324,0.5239791572721135
S4,3,GA,329,0.5239791572721135
S4,3,GA,334,0.5239791572721135
S4,3,GA,339,0.5239791572721135
S4,3,GA,344,0.5239791572721135
S4,3,GA,349,0.5239791572721135
S4,3,GA,354,0.5180662603284254
S4,3,GA,359,0.5180662603284254
S4,3,GA,364,0.5155884480612243
S4,3,GA,369,0.5155884480612243
S4,3,GA,374,0.5155884480612243
S4,3,PSO,14,1.8107833049415882
S4,3,PSO,19,1.8107833049415882
S4,3,PSO,24,1.8107833049415882
S4,3,PSO,29,1.5510009881766973
S4,3,PSO,34,1.5191124132892255
S4,3,PSO,39,1.5191124132892255
S4,3,PSO,44,1.4286033342241744
S4,3,PSO,49,1.15116939176629
S4,3,PSO,54,1.15116939176629
S4,3,PSO,59,1.15116939176629
S4,3,PSO,64,1.15116939176629
S4,3,PSO,69,1.15116939176629
S4,3,PSO,74,1.15116939176629
S4,3,PSO,79,1.15116939176629
S4,3,PSO,84,1.15116939176629
S4,3,PSO,89,1.15116939176629
S4,3,PSO,94,1.15116939176629
S4,3,PSO,99,1.15116939176629
S4,3,PSO,104,1.15116939176629
S4,3,PSO,109,1.15116939176629
S4,3,PSO,114,1.15116939176629
S4,3,PSO,119,1.15116939176629
S4,3,PSO,124,1.15116939176629
S4,3,PSO,129,1.15116939176629
S4,3,PSO,134,1.15116939176629
S4,3,PSO,139,1.15116939176629
S4,3,PSO,144,1.15116939176629
S4,3,PSO,149,1.15116939176629
S4,3,PSO,154,1.15116939176629
S4,3,PSO,159,1.15116939176629
S4,3,PSO,164,1.15116939176629
S4,3,PSO,169,1.15116939176629
S4,3,PSO,174,1.15116939176629
S4,3,PSO,179,1.15116939176629
S4,3,PSO,184,1.15116939176629
S4,3,PSO,189,1.15116939176629
S4,3,PSO,194,1.15116939176629
S4,3,PSO,199,1.1279690879843265
S4,3,PSO,204,1.0627374513997163
S4,3,PSO,209,1.0627374513997163
S4,3,PSO,214,1.0281594490977024
S4,3,PSO,219,1.0281594490977024
S4,3,PSO,224,1.0281594490977024
S4,3,PSO,229,1.0281594490977024
S4,3,PSO,234,1.0281594490977024
S4,3,PSO,239,0.9899184341248803
S4,3,PSO,244,0.9899184341248803
S4,3,PSO,249,0.9899184341248803
S4,3,PSO,254,0.9899184341248803
S4,3,PSO,259,0.9899184341248803
S4,3,PSO,264,0.9899184341248803
S4,3,PSO,269,0.9899184341248803
S4,3,PSO,274,0.9899184341248803
S4,3,PSO,279,0.9899184341248803
S4,3,PSO,284,0.9899184341248803
S4,3,PSO,289,0.9899184341248803
S4,3,PSO,294,0.9825837124611778
S4,3,PSO,299,0.9825837124611778
S4,3,PSO,304,0.9550366741959819
S4,3,PSO,309,0.9550366741959819
S4,3,PSO,314,0.9550366741959819
S4,3,PSO,319,0.9165587892904186
S4,3,PSO,324,0.9165587892904186
S4,3,PSO,329,0.9165587892904186
S4,3,PSO,334,0.9165587892904186
S4,3,PSO,339,0.9165587892904186
S4,3,PSO,344,0.9152059077498064
S4,3,PSO,349,0.9152059077498064
S4,3,PSO,354,0.8938681965412225
S4,3,PSO,359,0.8198850833533619
S4,3,PSO,364,0.8198850833533619
S4,3,PSO,369,0.8198850833533619
S4,3,PSO,374,0.8198850833533619
S4,3,DE,14,1.8107833049415882
S4,3,DE,19,1.650847120977384
S4,3,DE,24,1.650847120977384
S4,3,DE,29,1.650847120977384
S4,3,DE,34,1.650847120977384
S4,3,DE,39,1.650847120977384
S4,3,DE,44,1.650847120977384
S4,3,DE,49,1.650847120977384
S4,3,DE,54,1.539711763513649
S4,3,DE,59,1.450148943510861
S4,3,DE,64,1.450148943510861
S4,3,DE,69,1.450148943510861
S4,3,DE,74,1.450148943510861
S4,3,DE,79,1.450148943510861
S4,3,DE,84,1.450148943510861
S4,3,DE,89,1.450148943510861
S4,3,DE,94,1.450148943510861
S4,3,DE,99,1.450148943510861
S4,3,DE,104,1.450148943510861
S4,3,DE,109,1.450148943510861
S4,3,DE,114,1.450148943510861
S4,3,DE,119,1.450148943510861
S4,3,DE,124,1.450148943510861
S4,3,DE,129,1.3183321611056689
S4,3,DE,134,1.3183321611056689
S4,3,DE,139,1.3183321611056689
S4,3,DE,144,1.3183321611056689
S4,3,DE,149,1.1474871772279929
S4,3,DE,154,1.1474871772279929
S4,3,DE,159,1.1474871772279929
S4,3,DE,164,1.1474871772279929
S4,3,DE,169,1.1474871772279929
S4,3,DE,174,1.1474871772279929
S4,3,DE,179,1.1474871772279929
S4,3,DE,184,1.1474871772279929
S4,3,DE,189,1.1474871772279929
S4,3,DE,194,1.1474871772279929
S4,3,DE,199,1.1474871772279929
S4,3,DE,204,1.1474871772279929
S4,3,DE,209,1.1474871772279929
S4,3,DE,214,1.1474871772279929
S4,3,DE,219,1.1474871772279929
S4,3,DE,224,1.1474871772279929
S4,3,DE,229,1.1474871772279929
S4,3,DE,234,1.1474871772279929
S4,3,DE,239,1.1474871772279929
S4,3,DE,244,1.1474871772279929
S4,3,DE,249,1.1474871772279929
S4,3,DE,254,1.1474871772279929
S4,3,DE,259,1.1474871772279929
S4,3,DE,264,1.1474871772279929
S4,3,DE,269,1.1474871772279929
S4,3,DE,274,1.1474871772279929
S4,3,DE,279,1.1474871772279929
S4,3,DE,284,1.1298755731899905
S4,3,DE,289,1.1298755731899905
S4,3,DE,294,1.1298755731899905
S4,3,DE,299,1.1298755731899905
S4,3,DE,304,1.1298755731899905
S4,3,DE,309,1.1298755731899905
S4,3,DE,314,1.1298755731899905
S4,3,DE,319,1.1298755731899905
S4,3,DE,324,1.1298755731899905
S4,3,DE,329,1.1298755731899905
S4,3,DE,334,1.1298755731899905
S4,3,DE,339,1.1298755731899905
S4,3,DE,344,1.1298755731899905
S4,3,DE,349,1.1298755731899905
S4,3,DE,354,1.1298755731899905
S4,3,DE,359,1.1298755731899905
S4,3,DE,364,1.1298755731899905
S4,3,DE,369,1.1298755731899905
S4,3,DE,374,1.1298755731899905
S4,4,RFOTO-ABC,14,0.3181568408909585
S4,4,RFOTO-ABC,19,0.3181568408909585
S4,4,RFOTO-ABC,24,0.3181568408909585
S4,4,RFOTO-ABC,29,0.3181568408909585
S4,4,RFOTO-ABC,34,0.3181568408909585
S4,4,RFOTO-ABC,39,0.3181568408909585
S4,4,RFOTO-ABC,44,0.3181568408909585
S4,4,RFOTO-ABC,49,0.3181568408909585
S4,4,RFOTO-ABC,54,0.3181568408909585
S4,4,RFOTO-ABC,59,0.3181568408909585
S4,4,RFOTO-ABC,64,0.3181568408909585
S4,4,RFOTO-ABC,69,0.3181568408909585
S4,4,RFOTO-ABC,74,0.3181568408909585
S4,4,RFOTO-ABC,79,0.3181568408909585
S4,4,RFOTO-ABC,84,0.3181568408909585
S4,4,RFOTO-ABC,89,0.3181568408909585
S4,4,RFOTO-ABC,94,0.3181568408909585
S4,4,RFOTO-ABC,99,0.3181568408909585
S4,4,RFOTO-ABC,104,0.3181568408909585
S4,4,RFOTO-ABC,109,0.3181568408909585
S4,4,RFOTO-ABC,114,0.3151814270104577
S4,4,RFOTO-ABC,119,0.3151814270104577
S4,4,RFOTO-ABC,124,0.3151814270104577
S4,4,RFOTO-ABC,129,0.3151814270104577
S4,4,RFOTO-ABC,134,0.3151814270104577
S4,4,RFOTO-ABC,139,0.3151814270104577
S4,4,RFOTO-ABC,144,0.3151814270104577
S4,4,RFOTO-ABC,149,0.3151814270104577
S4,4,RFOTO-ABC,154,0.3151814270104577
S4,4,RFOTO-ABC,159,0.3151814270104577
S4,4,RFOTO-ABC,164,0.3151814270104577
S4,4,RFOTO-ABC,169,0.3151814270104577
S4,4,RFOTO-ABC,174,0.3151814270104577
S4,4,RFOTO-ABC,179,0.3151814270104577
S4,4,RFOTO-ABC,184,0.3151814270104577
S4,4,RFOTO-ABC,189,0.3151814270104577
S4,4,RFOTO-ABC,194,0.3151814270104577
S4,4,RFOTO-ABC,199,0.3151814270104577
S4,4,RFOTO-ABC,204,0.3151814270104577
S4,4,RFOTO-ABC,209,0.315090051176108
S4,4,RFOTO-ABC,214,0.315090051176108
S4,4,RFOTO-ABC,219,0.315090051176108
S4,4,RFOTO-ABC,224,0.31507147928303586
S4,4,RFOTO-ABC,229,0.31507147928303586
S4,4,RFOTO-ABC,234,0.31507147928303586
S4,4,RFOTO-ABC,239,0.31507147928303586
S4,4,RFOTO-ABC,244,0.31507147928303586
S4,4,RFOTO-ABC,249,0.31507147928303586
S4,4,RFOTO-ABC,254,0.31507147928303586
S4,4,RFOTO-ABC,259,0.31507147928303586
S4,4,RFOTO-ABC,264,0.31507147928303586
S4,4,RFOTO-ABC,269,0.31507147928303586
S4,4,RFOTO-ABC,274,0.31503455440958583
S4,4,RFOTO-ABC,279,0.31503455440958583
S4,4,RFOTO-ABC,284,0.31503455440958583
S4,4,RFOTO-ABC,289,0.31503455440958583
S4,4,RFOTO-ABC,294,0.31503455440958583
S4,4,RFOTO-ABC,299,0.31503455440958583
S4,4,RFOTO-ABC,304,0.31503455440958583
S4,4,RFOTO-ABC,309,0.31503455440958583
S4,4,RFOTO-ABC,314,0.31503455440958583
S4,4,RFOTO-ABC,319,0.31503455440958583
S4,4,RFOTO-ABC,324,0.31503455440958583
S4,4,RFOTO-ABC,329,0.31503455440958583
S4,4,RFOTO-ABC,334,0.31503455440958583
S4,4,RFOTO-ABC,339,0.31503455440958583
S4,4,RFOTO-ABC,344,0.31503455440958583
S4,4,RFOTO-ABC,349,0.31503455440958583
S4,4,RFOTO-ABC,354,0.31503455440958583
S4,4,RFOTO-ABC,359,0.31503455440958583
S4,4,RFOTO-ABC,364,0.31503455440958583
S4,4,RFOTO-ABC,369,0.31503455440958583
S4,4,RFOTO-ABC,374,0.31503455440958583
S4,4,Standard-ABC,14,0.7686425056677223
S4,4,Standard-ABC,19,0.7686425056677223
S4,4,Standard-ABC,24,0.7686425056677223
S4,4,Standard-ABC,29,0.7686425056677223
S4,4,Standard-ABC,34,0.7686425056677223
S4,4,Standard-ABC,39,0.7686425056677223
S4,4,Standard-ABC,44,0.7684490192152943
S4,4,Standard-ABC,49,0.7684490192152943
S4,4,Standard-ABC,54,0.7684490192152943
S4,4,Standard-ABC,59,0.7593394726419362
S4,4,Standard-ABC,64,0.7593394726419362
S4,4,Standard-ABC,69,0.7593394726419362
S4,4,Standard-ABC,74,0.7593394726419362
S4,4,Standard-ABC,79,0.7593394726419362
S4,4,Standard-ABC,84,0.7593394726419362
S4,4,Standard-ABC,89,0.7593394726419362
S4,4,Standard-ABC,94,0.7593394726419362
S4,4,Standard-ABC,99,0.7592231132457468
S4,4,Standard-ABC,104,0.7592231132457468
S4,4,Standard-ABC,109,0.7592231132457468
S4,4,Standard-ABC,114,0.7592231132457468
S4,4,Standard-ABC,119,0.7592231132457468
S4,4,Standard-ABC,124,0.7592231132457468
S4,4,Standard-ABC,129,0.7592231132457468
S4,4,Standard-ABC,134,0.7592231132457468
S4,4,Standard-ABC,139,0.7592231132457468
S4,4,Standard-ABC,144,0.7592231132457468
S4,4,Standard-ABC,149,0.7592231132457468
S4,4,Standard-ABC,154,0.7500386526294442
S4,4,Standard-ABC,159,0.7500386526294442
S4,4,Standard-ABC,164,0.7500386526294442
S4,4,Standard-ABC,169,0.7500386526294442
S4,4,Standard-ABC,174,0.7500386526294442
S4,4,Standard-ABC,179,0.7500386526294442
S4,4,Standard-ABC,184,0.7500386526294442
S4,4,Standard-ABC,189,0.7500386526294442
S4,4,Standard-ABC,194,0.7500386526294442
S4,4,Standard-ABC,199,0.7409421408074461
S4,4,Standard-ABC,204,0.7377991178141169
S4,4,Standard-ABC,209,0.7288967459194373
S4,4,Standard-ABC,214,0.7288967459194373
S4,4,Standard-ABC,219,0.7288967459194373
S4,4,Standard-ABC,224,0.7288967459194373
S4,4,Standard-ABC,229,0.7288967459194373
S4,4,Standard-ABC,234,0.7288967459194373
S4,4,Standard-ABC,239,0.7288967459194373
S4,4,Standard-ABC,244,0.7288967459194373
S4,4,Standard-ABC,249,0.7288967459194373
S4,4,Standard-ABC,254,0.7288967459194373
S4,4,Standard-ABC,259,0.7238385538946509
S4,4,Standard-ABC,264,0.7238385538946509
S4,4,Standard-ABC,269,0.7238385538946509
S4,4,Standard-ABC,274,0.7238385538946509
S4,4,Standard-ABC,279,0.7238385538946509
S4,4,Standard-ABC,284,0.7238385538946509
S4,4,Standard-ABC,289,0.7238385538946509
S4,4,Standard-ABC,294,0.7238385538946509
S4,4,Standard-ABC,299,0.7238385538946509
S4,4,Standard-ABC,304,0.7238385538946509
S4,4,Standard-ABC,309,0.7191159374124283
S4,4,Standard-ABC,314,0.7191159374124283
S4,4,Standard-ABC,319,0.7191159374124283
S4,4,Standard-ABC,324,0.7191159374124283
S4,4,Standard-ABC,329,0.7191159374124283
S4,4,Standard-ABC,334,0.7191159374124283
S4,4,Standard-ABC,339,0.7191159374124283
S4,4,Standard-ABC,344,0.7191159374124283
S4,4,Standard-ABC,349,0.7191159374124283
S4,4,Standard-ABC,354,0.7191159374124283
S4,4,Standard-ABC,359,0.7191159374124283
S4,4,Standard-ABC,364,0.7191159374124283
S4,4,Standard-ABC,369,0.7191159374124283
S4,4,Standard-ABC,374,0.7185254960411724
S4,4,GA,14,0.7686425056677223
S4,4,GA,19,0.7686425056677223
S4,4,GA,24,0.7686425056677223
S4,4,GA,29,0.7686425056677223
S4,4,GA,34,0.7479233361619175
S4,4,GA,39,0.7479233361619175
S4,4,GA,44,0.7479233361619175
S4,4,GA,49,0.7479233361619175
S4,4,GA,54,0.7286597784802812
S4,4,GA,59,0.714908853384885
S4,4,GA,64,0.714908853384885
S4,4,GA,69,0.714908853384885
S4,4,GA,74,0.714908853384885
S4,4,GA,79,0.7047649775417203
S4,4,GA,84,0.7047649775417203
S4,4,GA,89,0.6755915285164266
S4,4,GA,94,0.6653513254706476
S4,4,GA,99,0.6653513254706476
S4,4,GA,104,0.6653513254706476
S4,4,GA,109,0.6653513254706476
S4,4,GA,114,0.6653513254706476
S4,4,GA,119,0.6646015713950633
S4,4,GA,124,0.6518930557618419
S4,4,GA,129,0.6437000719170465
S4,4,GA,134,0.6387382807389836
S4,4,GA,139,0.6387382807389836
S4,4,GA,144,0.6387382807389836
S4,4,GA,149,0.6387382807389836
S4,4,GA,154,0.6304542681602398
S4,4,GA,159,0.6274377262354163
S4,4,GA,164,0.6202916964930629
S4,4,GA,169,0.6202916964930629
S4,4,GA,174,0.6183610762950174
S4,4,GA,179,0.6183610762950174
S4,4,GA,184,0.6183610762950174
S4,4,GA,189,0.6183610762950174
S4,4,GA,194,0.6183610762950174
S4,4,GA,199,0.6138555431925842
S4,4,GA,204,0.6138555431925842
S4,4,GA,209,0.6095265626283779
S4,4,GA,214,0.6095265626283779
S4,4,GA,219,0.6095265626283779
S4,4,GA,224,0.6029256332180988
S4,4,GA,229,0.6029256332180988
S4,4,GA,234,0.6029256332180988
S4,4,GA,239,0.6005324841150602
S4,4,GA,244,0.5975710087047672
S4,4,GA,249,0.5935386791751777
S4,4,GA,254,0.5935386791751777
S4,4,GA,259,0.5929839059461418
S4,4,GA,264,0.5929839059461418
S4,4,GA,269,0.5700224271447829
S4,4,GA,274,0.5700224271447829
S4,4,GA,279,0.5700224271447829
S4,4,GA,284,0.5700224271447829
S4,4,GA,289,0.5700224271447829
S4,4,GA,294,0.5700224271447829
S4,4,GA,299,0.5700224271447829
S4,4,GA,304,0.5700224271447829
S4,4,GA,309,0.5700224271447829
S4,4,GA,314,0.5700224271447829
S4,4,GA,319,0.5700224271447829
S4,4,GA,324,0.5700224271447829
S4,4,GA,329,0.5700224271447829
S4,4,GA,334,0.5700224271447829
S4,4,GA,339,0.5700224271447829
S4,4,GA,344,0.5700224271447829
S4,4,GA,349,0.5700224271447829
S4,4,GA,354,0.5700224271447829
S4,4,GA,359,0.5700224271447829
S4,4,GA,364,0.5700224271447829
S4,4,GA,369,0.5700224271447829
S4,4,GA,374,0.5700224271447829
S4,4,PSO,14,1.2740647298794656
S4,4,PSO,19,0.9644742354907556
S4,4,PSO,24,0.9644742354907556
S4,4,PSO,29,0.9644742354907556
S4,4,PSO,34,0.9644742354907556
S4,4,PSO,39,0.9644742354907556
S4,4,PSO,44,0.9644742354907556
S4,4,PSO,49,0.9644742354907556
S4,4,PSO,54,0.9644742354907556
S4,4,PSO,59,0.9644742354907556
S4,4,PSO,64,0.9644742354907556
S4,4,PSO,69,0.9644742354907556
S4,4,PSO,74,0.9436792184285976
S4,4,PSO,79,0.9436792184285976
S4,4,PSO,84,0.9002578850780257
S4,4,PSO,89,0.9002578850780257
S4,4,PSO,94,0.9002578850780257
S4,4,PSO,99,0.9002578850780257
S4,4,PSO,104,0.9002578850780257
S4,4,PSO,109,0.8939692686593528
S4,4,PSO,114,0.8939692686593528
S4,4,PSO,119,0.8939692686593528
S4,4,PSO,124,0.8939692686593528
S4,4,PSO,129,0.8939692686593528
S4,4,PSO,134,0.8939692686593528
S4,4,PSO,139,0.8939692686593528
S4,4,PSO,144,0.8939692686593528
S4,4,PSO,149,0.8939692686593528
S4,4,PSO,154,0.8939692686593528
S4,4,PSO,159,0.8939692686593528
S4,4,PSO,164,0.8939692686593528
S4,4,PSO,169,0.8939692686593528
S4,4,PSO,174,0.8688647409889978
S4,4,PSO,179,0.8688647409889978
S4,4,PSO,184,0.8644043447963347
S4,4,PSO,189,0.8644043447963347
S4,4,PSO,194,0.8619792303606947
S4,4,PSO,199,0.8619792303606947
S4,4,PSO,204,0.8619792303606947
S4,4,PSO,209,0.8619792303606947
S4,4,PSO,214,0.8619792303606947
S4,4,PSO,219,0.8619792303606947
S4,4,PSO,224,0.8619792303606947
S4,4,PSO,229,0.8619792303606947
S4,4,PSO,234,0.855857258786617
S4,4,PSO,239,0.855857258786617
S4,4,PSO,244,0.855857258786617
S4,4,PSO,249,0.8173209718544239
S4,4,PSO,254,0.8173209718544239
S4,4,PSO,259,0.8173209718544239
S4,4,PSO,264,0.8171885578911829
S4,4,PSO,269,0.8171885578911829
S4,4,PSO,274,0.8171885578911829
S4,4,PSO,279,0.8171885578911829
S4,4,PSO,284,0.8171885578911829
S4,4,PSO,289,0.8164408214603744
S4,4,PSO,294,0.8126185731797306
S4,4,PSO,299,0.8126185731797306
S4,4,PSO,304,0.8080651017177471
S4,4,PSO,309,0.8080651017177471
S4,4,PSO,314,0.8080651017177471
S4,4,PSO,319,0.8080651017177471
S4,4,PSO,324,0.8080651017177471
S4,4,PSO,329,0.8080651017177471
S4,4,PSO,334,0.8080651017177471
S4,4,PSO,339,0.8080651017177471
S4,4,PSO,344,0.8080651017177471
S4,4,PSO,349,0.790010012643715
S4,4,PSO,354,0.790010012643715
S4,4,PSO,359,0.7840651857643325
S4,4,PSO,364,0.7840651857643325
S4,4,PSO,369,0.7840651857643325
S4,4,PSO,374,0.783461254021312
S4,4,DE,14,1.2740647298794656
S4,4,DE,19,1.2740647298794656
S4,4,DE,24,1.2740647298794656
S4,4,DE,29,1.1770099125014235
S4,4,DE,34,1.1770099125014235
S4,4,DE,39,1.1770099125014235
S4,4,DE,44,1.1770099125014235
S4,4,DE,49,1.1770099125014235
S4,4,DE,54,1.1770099125014235
S4,4,DE,59,1.1770099125014235
S4,4,DE,64,1.1770099125014235
S4,4,DE,69,1.1432035742941133
S4,4,DE,74,1.1432035742941133
S4,4,DE,79,1.1432035742941133
S4,4,DE,84,1.1432035742941133
S4,4,DE,89,1.1432035742941133
S4,4,DE,94,1.1432035742941133
S4,4,DE,99,1.1432035742941133
S4,4,DE,104,1.1432035742941133
S4,4,DE,109,1.1432035742941133
S4,4,DE,114,1.1432035742941133
S4,4,DE,119,1.1432035742941133
S4,4,DE,124,1.1432035742941133
S4,4,DE,129,1.1432035742941133
S4,4,DE,134,1.1432035742941133
S4,4,DE,139,1.1432035742941133
S4,4,DE,144,1.1432035742941133
S4,4,DE,149,1.1432035742941133
S4,4,DE,154,1.1432035742941133
S4,4,DE,159,1.1432035742941133
S4,4,DE,164,1.1432035742941133
S4,4,DE,169,1.1261714258459432
S4,4,DE,174,1.1261714258459432
S4,4,DE,179,1.1261714258459432
S4,4,DE,184,1.1125763625514284
S4,4,DE,189,1.0629367182031466
S4,4,DE,194,1.0629367182031466
S4,4,DE,199,1.0629367182031466
S4,4,DE,204,1.0629367182031466
S4,4,DE,209,1.0629367182031466
S4,4,DE,214,1.0629367182031466
S4,4,DE,219,1.0629367182031466
S4,4,DE,224,1.0629367182031466
S4,4,DE,229,1.0629367182031466
S4,4,DE,234,1.0629367182031466
S4,4,DE,239,1.0629367182031466
S4,4,DE,244,1.0629367182031466
S4,4,DE,249,1.0629367182031466
S4,4,DE,254,1.0629367182031466
S4,4,DE,259,1.0629367182031466
S4,4,DE,264,1.0629367182031466
S4,4,DE,269,1.0629367182031466
S4,4,DE,274,1.0629367182031466
S4,4,DE,279,1.0629367182031466
S4,4,DE,284,1.0629367182031466
S4,4,DE,289,1.0629367182031466
S4,4,DE,294,1.0629367182031466
S4,4,DE,299,1.0629367182031466
S4,4,DE,304,1.0629367182031466
S4,4,DE,309,1.0629367182031466
S4,4,DE,314,1.0629367182031466
S4,4,DE,319,1.0629367182031466
S4,4,DE,324,1.0629367182031466
S4,4,DE,329,1.0629367182031466
S4,4,DE,334,1.0629367182031466
S4,4,DE,339,1.0629367182031466
S4,4,DE,344,1.0629367182031466
S4,4,DE,349,1.0629367182031466
S4,4,DE,354,1.027729131397939
S4,4,DE,359,1.027729131397939
S4,4,DE,364,1.027729131397939
S4,4,DE,369,1.027729131397939
S4,4,DE,374,1.027729131397939
S4,5,RFOTO-ABC,14,0.25164855028173166
S4,5,RFOTO-ABC,19,0.25164855028173166
S4,5,RFOTO-ABC,24,0.25164855028173166
S4,5,RFOTO-ABC,29,0.25164855028173166
S4,5,RFOTO-ABC,34,0.25164855028173166
S4,5,RFOTO-ABC,39,0.25164855028173166
S4,5,RFOTO-ABC,44,0.25164855028173166
S4,5,RFOTO-ABC,49,0.25164855028173166
S4,5,RFOTO-ABC,54,0.25164855028173166
S4,5,RFOTO-ABC,59,0.25164855028173166
S4,5,RFOTO-ABC,64,0.25164855028173166
S4,5,RFOTO-ABC,69,0.25164855028173166
S4,5,RFOTO-ABC,74,0.25164855028173166
S4,5,RFOTO-ABC,79,0.25164855028173166
S4,5,RFOTO-ABC,84,0.25164855028173166
S4,5,RFOTO-ABC,89,0.25164855028173166
S4,5,RFOTO-ABC,94,0.25164855028173166
S4,5,RFOTO-ABC,99,0.25164855028173166
S4,5,RFOTO-ABC,104,0.25164855028173166
S4,5,RFOTO-ABC,109,0.25164855028173166
S4,5,RFOTO-ABC,114,0.25164855028173166
S4,5,RFOTO-ABC,119,0.25164855028173166
S4,5,RFOTO-ABC,124,0.25164855028173166
S4,5,RFOTO-ABC,129,0.25164855028173166
S4,5,RFOTO-ABC,134,0.25164855028173166
S4,5,RFOTO-ABC,139,0.25122868117260166
S4,5,RFOTO-ABC,144,0.25122868117260166
S4,5,RFOTO-ABC,149,0.25122868117260166
S4,5,RFOTO-ABC,154,0.25122868117260166
S4,5,RFOTO-ABC,159,0.25122868117260166
S4,5,RFOTO-ABC,164,0.25122868117260166
S4,5,RFOTO-ABC,169,0.2509416049471944
S4,5,RFOTO-ABC,174,0.2509416049471944
S4,5,RFOTO-ABC,179,0.2503821186333991
S4,5,RFOTO-ABC,184,0.25029401485277697
S4,5,RFOTO-ABC,189,0.25029401485277697
S4,5,RFOTO-ABC,194,0.25029401485277697
S4,5,RFOTO-ABC,199,0.25029401485277697
S4,5,RFOTO-ABC,204,0.25029401485277697
S4,5,RFOTO-ABC,209,0.25029401485277697
S4,5,RFOTO-ABC,214,0.25029401485277697
S4,5,RFOTO-ABC,219,0.25029401485277697
S4,5,RFOTO-ABC,224,0.25029401485277697
S4,5,RFOTO-ABC,229,0.25029401485277697
S4,5,RFOTO-ABC,234,0.25029401485277697
S4,5,RFOTO-ABC,239,0.25029401485277697
S4,5,RFOTO-ABC,244,0.25029401485277697
S4,5,RFOTO-ABC,249,0.25029401485277697
S4,5,RFOTO-ABC,254,0.25029401485277697
S4,5,RFOTO-ABC,259,0.25029401485277697
S4,5,RFOTO-ABC,264,0.25029401485277697
S4,5,RFOTO-ABC,269,0.25029401485277697
S4,5,RFOTO-ABC,274,0.25029401485277697
S4,5,RFOTO-ABC,279,0.25029401485277697
S4,5,RFOTO-ABC,284,0.25029401485277697
S4,5,RFOTO-ABC,289,0.25029401485277697
S4,5,RFOTO-ABC,294,0.25029401485277697
S4,5,RFOTO-ABC,299,0.25029401485277697
S4,5,RFOTO-ABC,304,0.25029401485277697
S4,5,RFOTO-ABC,309,0.25029401485277697
S4,5,RFOTO-ABC,314,0.25029401485277697
S4,5,RFOTO-ABC,319,0.25029401485277697
S4,5,RFOTO-ABC,324,0.24944477270301135
S4,5,RFOTO-ABC,329,0.24944477270301135
S4,5,RFOTO-ABC,334,0.24944477270301135
S4,5,RFOTO-ABC,339,0.24944477270301135
S4,5,RFOTO-ABC,344,0.24944477270301135
S4,5,RFOTO-ABC,349,0.24944477270301135
S4,5,RFOTO-ABC,354,0.24944477270301135
S4,5,RFOTO-ABC,359,0.24944477270301135
S4,5,RFOTO-ABC,364,0.24944477270301135
S4,5,RFOTO-ABC,369,0.24944477270301135
S4,5,RFOTO-ABC,374,0.24944477270301135
S4,5,Standard-ABC,14,0.700315299669404
S4,5,Standard-ABC,19,0.700315299669404
S4,5,Standard-ABC,24,0.700315299669404
S4,5,Standard-ABC,29,0.700315299669404
S4,5,Standard-ABC,34,0.700315299669404
S4,5,Standard-ABC,39,0.700315299669404
S4,5,Standard-ABC,44,0.700315299669404
S4,5,Standard-ABC,49,0.700315299669404
S4,5,Standard-ABC,54,0.700315299669404
S4,5,Standard-ABC,59,0.700315299669404
S4,5,Standard-ABC,64,0.700315299669404
S4,5,Standard-ABC,69,0.700315299669404
S4,5,Standard-ABC,74,0.700315299669404
S4,5,Standard-ABC,79,0.700315299669404
S4,5,Standard-ABC,84,0.700315299669404
S4,5,Standard-ABC,89,0.700315299669404
S4,5,Standard-ABC,94,0.700315299669404
S4,5,Standard-ABC,99,0.700315299669404
S4,5,Standard-ABC,104,0.700315299669404
S4,5,Standard-ABC,109,0.700315299669404
S4,5,Standard-ABC,114,0.700315299669404
S4,5,Standard-ABC,119,0.700315299669404
S4,5,Standard-ABC,124,0.700315299669404
S4,5,Standard-ABC,129,0.6955561393856403
S4,5,Standard-ABC,134,0.6955561393856403
S4,5,Standard-ABC,139,0.6955561393856403
S4,5,Standard-ABC,144,0.6955561393856403
S4,5,Standard-ABC,149,0.6955561393856403
S4,5,Standard-ABC,154,0.6955561393856403
S4,5,Standard-ABC,159,0.6955561393856403
S4,5,Standard-ABC,164,0.6955561393856403
S4,5,Standard-ABC,169,0.6955561393856403
S4,5,Standard-ABC,174,0.6955561393856403
S4,5,Standard-ABC,179,0.6955561393856403
S4,5,Standard-ABC,184,0.6946686143693928
S4,5,Standard-ABC,189,0.6946686143693928
S4,5,Standard-ABC,194,0.6946686143693928
S4,5,Standard-ABC,199,0.6946686143693928
S4,5,Standard-ABC,204,0.6946686143693928
S4,5,Standard-ABC,209,0.6946686143693928
S4,5,Standard-ABC,214,0.694268593180251
S4,5,Standard-ABC,219,0.694268593180251
S4,5,Standard-ABC,224,0.694268593180251
S4,5,Standard-ABC,229,0.694268593180251
S4,5,Standard-ABC,234,0.694268593180251
S4,5,Standard-ABC,239,0.694268593180251
S4,5,Standard-ABC,244,0.694268593180251
S4,5,Standard-ABC,249,0.694268593180251
S4,5,Standard-ABC,254,0.694268593180251
S4,5,Standard-ABC,259,0.694268593180251
S4,5,Standard-ABC,264,0.694268593180251
S4,5,Standard-ABC,269,0.694268593180251
S4,5,Standard-ABC,274,0.694268593180251
S4,5,Standard-ABC,279,0.694268593180251
S4,5,Standard-ABC,284,0.694268593180251
S4,5,Standard-ABC,289,0.694268593180251
S4,5,Standard-ABC,294,0.694268593180251
S4,5,Standard-ABC,299,0.694268593180251
S4,5,Standard-ABC,304,0.694268593180251
S4,5,Standard-ABC,309,0.694268593180251
S4,5,Standard-ABC,314,0.694268593180251
S4,5,Standard-ABC,319,0.694268593180251
S4,5,Standard-ABC,324,0.694268593180251
S4,5,Standard-ABC,329,0.694268593180251
S4,5,Standard-ABC,334,0.694268593180251
S4,5,Standard-ABC,339,0.694268593180251
S4,5,Standard-ABC,344,0.694268593180251
S4,5,Standard-ABC,349,0.694268593180251
S4,5,Standard-ABC,354,0.694268593180251
S4,5,Standard-ABC,359,0.694268593180251
S4,5,Standard-ABC,364,0.6928769007580587
S4,5,Standard-ABC,369,0.6928769007580587
S4,5,Standard-ABC,374,0.6928769007580587
S4,5,GA,14,0.700315299669404
S4,5,GA,19,0.700315299669404
S4,5,GA,24,0.700315299669404
S4,5,GA,29,0.700315299669404
S4,5,GA,34,0.700315299669404
S4,5,GA,39,0.662845094321117
S4,5,GA,44,0.662845094321117
S4,5,GA,49,0.6581412175362644
S4,5,GA,54,0.6541137035817408
S4,5,GA,59,0.6541137035817408
S4,5,GA,64,0.6492922472432608
S4,5,GA,69,0.6367750042499275
S4,5,GA,74,0.6367750042499275
S4,5,GA,79,0.6367750042499275
S4,5,GA,84,0.6367750042499275
S4,5,GA,89,0.6367750042499275
S4,5,GA,94,0.6316994659295044
S4,5,GA,99,0.6316994659295044
S4,5,GA,104,0.6316994659295044
S4,5,GA,109,0.6316948824349499
S4,5,GA,114,0.6316948824349499
S4,5,GA,119,0.6316948824349499
S4,5,GA,124,0.6316948824349499
S4,5,GA,129,0.623913683691233
S4,5,GA,134,0.623913683691233
S4,5,GA,139,0.6236506598365855
S4,5,GA,144,0.6236506598365855
S4,5,GA,149,0.6236506598365855
S4,5,GA,154,0.6221272432246162
S4,5,GA,159,0.6221272432246162
S4,5,GA,164,0.6170648799372109
S4,5,GA,169,0.6170648799372109
S4,5,GA,174,0.6170648799372109
S4,5,GA,179,0.6021846181330127
S4,5,GA,184,0.6021846181330127
S4,5,GA,189,0.6021846181330127
S4,5,GA,194,0.6021846181330127
S4,5,GA,199,0.6021846181330127
S4,5,GA,204,0.6021846181330127
S4,5,GA,209,0.6021846181330127
S4,5,GA,214,0.5980700699223859
S4,5,GA,219,0.5980700699223859
S4,5,GA,224,0.5980700699223859
S4,5,GA,229,0.5980700699223859
S4,5,GA,234,0.5980700699223859
S4,5,GA,239,0.5974585099671115
S4,5,GA,244,0.595332518287539
S4,5,GA,249,0.595332518287539
S4,5,GA,254,0.595332518287539
S4,5,GA,259,0.595332518287539
S4,5,GA,264,0.595332518287539
S4,5,GA,269,0.5938435610964861
S4,5,GA,274,0.5938435610964861
S4,5,GA,279,0.5929240169099999
S4,5,GA,284,0.5924212748051443
S4,5,GA,289,0.5924212748051443
S4,5,GA,294,0.5924212748051443
S4,5,GA,299,0.588940892789443
S4,5,GA,304,0.584243111279334
S4,5,GA,309,0.584243111279334
S4,5,GA,314,0.5833863806834547
S4,5,GA,319,0.5833863806834547
S4,5,GA,324,0.5833863806834547
S4,5,GA,329,0.5833863806834547
S4,5,GA,334,0.5833863806834547
S4,5,GA,339,0.5833863806834547
S4,5,GA,344,0.5833863806834547
S4,5,GA,349,0.5833863806834547
S4,5,GA,354,0.5833863806834547
S4,5,GA,359,0.5780428434527926
S4,5,GA,364,0.5780428434527926
S4,5,GA,369,0.5780428434527926
S4,5,GA,374,0.5780428434527926
S4,5,PSO,14,1.378383466394097
S4,5,PSO,19,1.2039021494430306
S4,5,PSO,24,1.2039021494430306
S4,5,PSO,29,1.14850096476364
S4,5,PSO,34,1.14850096476364
S4,5,PSO,39,1.14850096476364
S4,5,PSO,44,1.14850096476364
S4,5,PSO,49,1.14850096476364
S4,5,PSO,54,1.14850096476364
S4,5,PSO,59,0.9460663484240688
S4,5,PSO,64,0.9460663484240688
S4,5,PSO,69,0.898574121328631
S4,5,PSO,74,0.898574121328631
S4,5,PSO,79,0.898574121328631
S4,5,PSO,84,0.898574121328631
S4,5,PSO,89,0.898574121328631
S4,5,PSO,94,0.898574121328631
S4,5,PSO,99,0.898574121328631
S4,5,PSO,104,0.898574121328631
S4,5,PSO,109,0.898574121328631
S4,5,PSO,114,0.898574121328631
S4,5,PSO,119,0.898574121328631
S4,5,PSO,124,0.898574121328631
S4,5,PSO,129,0.898574121328631
S4,5,PSO,134,0.898574121328631
S4,5,PSO,139,0.898574121328631
S4,5,PSO,144,0.898574121328631
S4,5,PSO,149,0.898574121328631
S4,5,PSO,154,0.898574121328631
S4,5,PSO,159,0.898574121328631
S4,5,PSO,164,0.8606919526950547
S4,5,PSO,169,0.8606919526950547
S4,5,PSO,174,0.8606919526950547
S4,5,PSO,179,0.8606919526950547
S4,5,PSO,184,0.8606919526950547
S4,5,PSO,189,0.8606919526950547
S4,5,PSO,194,0.8606919526950547
S4,5,PSO,199,0.8606919526950547
S4,5,PSO,204,0.8606919526950547
S4,5,PSO,209,0.8606919526950547
S4,5,PSO,214,0.8606919526950547
S4,5,PSO,219,0.8606919526950547
S4,5,PSO,224,0.8606919526950547
S4,5,PSO,229,0.8606919526950547
S4,5,PSO,234,0.8606919526950547
S4,5,PSO,239,0.8606919526950547
S4,5,PSO,244,0.8606919526950547
S4,5,PSO,249,0.8606919526950547
S4,5,PSO,254,0.771237506544452
S4,5,PSO,259,0.7678170584481259
S4,5,PSO,264,0.7678170584481259
S4,5,PSO,269,0.7678170584481259
S4,5,PSO,274,0.7678170584481259
S4,5,PSO,279,0.7678170584481259
S4,5,PSO,284,0.7628446856007971
S4,5,PSO,289,0.7628446856007971
S4,5,PSO,294,0.7628446856007971
S4,5,PSO,299,0.7628446856007971
S4,5,PSO,304,0.7628446856007971
S4,5,PSO,309,0.7628446856007971
S4,5,PSO,314,0.7628446856007971
S4,5,PSO,319,0.7628446856007971
S4,5,PSO,324,0.7628446856007971
S4,5,PSO,329,0.7628446856007971
S4,5,PSO,334,0.7628446856007971
S4,5,PSO,339,0.7628446856007971
S4,5,PSO,344,0.7628446856007971
S4,5,PSO,349,0.7628446856007971
S4,5,PSO,354,0.7628446856007971
S4,5,PSO,359,0.7628446856007971
S4,5,PSO,364,0.7628446856007971
S4,5,PSO,369,0.7628446856007971
S4,5,PSO,374,0.7628446856007971
S4,5,DE,14,1.378383466394097
S4,5,DE,19,1.2323039551063097
S4,5,DE,24,1.2323039551063097
S4,5,DE,29,1.2323039551063097
S4,5,DE,34,1.2323039551063097
S4,5,DE,39,1.1029786111317867
S4,5,DE,44,1.1029786111317867
S4,5,DE,49,1.1029786111317867
S4,5,DE,54,1.1029786111317867
S4,5,DE,59,1.1029786111317867
S4,5,DE,64,1.1029786111317867
S4,5,DE,69,1.1029786111317867
S4,5,DE,74,1.1029786111317867
S4,5,DE,79,1.1029786111317867
S4,5,DE,84,1.1029786111317867
S4,5,DE,89,1.1029786111317867
S4,5,DE,94,1.1029786111317867
S4,5,DE,99,1.1029786111317867
S4,5,DE,104,1.1029786111317867
S4,5,DE,109,1.1029786111317867
S4,5,DE,114,1.0924865284479246
S4,5,DE,119,1.0924865284479246
S4,5,DE,124,1.0924865284479246
S4,5,DE,129,1.0924865284479246
S4,5,DE,134,1.0924865284479246
S4,5,DE,139,1.055377979788499
S4,5,DE,144,1.055377979788499
S4,5,DE,149,1.055377979788499
S4,5,DE,154,1.055377979788499
S4,5,DE,159,1.055377979788499
S4,5,DE,164,1.055377979788499
S4,5,DE,169,1.055377979788499
S4,5,DE,174,1.055377979788499
S4,5,DE,179,1.055377979788499
S4,5,DE,184,1.055377979788499
S4,5,DE,189,1.055377979788499
S4,5,DE,194,1.055377979788499
S4,5,DE,199,1.055377979788499
S4,5,DE,204,1.055377979788499
S4,5,DE,209,1.055377979788499
S4,5,DE,214,1.055377979788499
S4,5,DE,219,1.055377979788499
S4,5,DE,224,1.055377979788499
S4,5,DE,229,1.055377979788499
S4,5,DE,234,1.055377979788499
S4,5,DE,239,1.055377979788499
S4,5,DE,244,1.055377979788499
S4,5,DE,249,1.0092252892192553
S4,5,DE,254,1.0092252892192553
S4,5,DE,259,0.9942222005141469
S4,5,DE,264,0.9942222005141469
S4,5,DE,269,0.9942222005141469
S4,5,DE,274,0.9942222005141469
S4,5,DE,279,0.9942222005141469
S4,5,DE,284,0.9942222005141469
S4,5,DE,289,0.9942222005141469
S4,5,DE,294,0.9942222005141469
S4,5,DE,299,0.9942222005141469
S4,5,DE,304,0.9942222005141469
S4,5,DE,309,0.9942222005141469
S4,5,DE,314,0.9598594881600315
S4,5,DE,319,0.9598594881600315
S4,5,DE,324,0.9598594881600315
S4,5,DE,329,0.9598594881600315
S4,5,DE,334,0.9598594881600315
S4,5,DE,339,0.9598594881600315
S4,5,DE,344,0.9598594881600315
S4,5,DE,349,0.9598594881600315
S4,5,DE,354,0.9598594881600315
S4,5,DE,359,0.9598594881600315
S4,5,DE,364,0.9001688447268252
S4,5,DE,369,0.9001688447268252
S4,5,DE,374,0.9001688447268252
S4,6,RFOTO-ABC,14,0.22861898220575713
S4,6,RFOTO-ABC,19,0.22861898220575713
S4,6,RFOTO-ABC,24,0.22861898220575713
S4,6,RFOTO-ABC,29,0.22686544333796188
S4,6,RFOTO-ABC,34,0.22686544333796188
S4,6,RFOTO-ABC,39,0.22686544333796188
S4,6,RFOTO-ABC,44,0.22686544333796188
S4,6,RFOTO-ABC,49,0.22686544333796188
S4,6,RFOTO-ABC,54,0.22686544333796188
S4,6,RFOTO-ABC,59,0.22686544333796188
S4,6,RFOTO-ABC,64,0.22686544333796188
S4,6,RFOTO-ABC,69,0.22686544333796188
S4,6,RFOTO-ABC,74,0.22686544333796188
S4,6,RFOTO-ABC,79,0.22686544333796188
S4,6,RFOTO-ABC,84,0.22686544333796188
S4,6,RFOTO-ABC,89,0.22680128742500114
S4,6,RFOTO-ABC,94,0.22680128742500114
S4,6,RFOTO-ABC,99,0.22680128742500114
S4,6,RFOTO-ABC,104,0.22680128742500114
S4,6,RFOTO-ABC,109,0.22680128742500114
S4,6,RFOTO-ABC,114,0.22675481275831963
S4,6,RFOTO-ABC,119,0.22675481275831963
S4,6,RFOTO-ABC,124,0.22675481275831963
S4,6,RFOTO-ABC,129,0.22641736442298915
S4,6,RFOTO-ABC,134,0.22641736442298915
S4,6,RFOTO-ABC,139,0.22641736442298915
S4,6,RFOTO-ABC,144,0.2264153923724417
S4,6,RFOTO-ABC,149,0.2264153923724417
S4,6,RFOTO-ABC,154,0.2264153923724417
S4,6,RFOTO-ABC,159,0.2264153923724417
S4,6,RFOTO-ABC,164,0.2264153923724417
S4,6,RFOTO-ABC,169,0.22624183484189156
S4,6,RFOTO-ABC,174,0.22624183484189156
S4,6,RFOTO-ABC,179,0.22624183484189156
S4,6,RFOTO-ABC,184,0.22624183484189156
S4,6,RFOTO-ABC,189,0.22624183484189156
S4,6,RFOTO-ABC,194,0.2252484732254676
S4,6,RFOTO-ABC,199,0.2252484732254676
S4,6,RFOTO-ABC,204,0.2252484732254676
S4,6,RFOTO-ABC,209,0.2252484732254676
S4,6,RFOTO-ABC,214,0.2252484732254676
S4,6,RFOTO-ABC,219,0.2252484732254676
S4,6,RFOTO-ABC,224,0.2252484732254676
S4,6,RFOTO-ABC,229,0.2252484732254676
S4,6,RFOTO-ABC,234,0.22445099884879555
S4,6,RFOTO-ABC,239,0.22445099884879555
S4,6,RFOTO-ABC,244,0.22445099884879555
S4,6,RFOTO-ABC,249,0.22445099884879555
S4,6,RFOTO-ABC,254,0.22445099884879555
S4,6,RFOTO-ABC,259,0.22445099884879555
S4,6,RFOTO-ABC,264,0.22445099884879555
S4,6,RFOTO-ABC,269,0.22445099884879555
S4,6,RFOTO-ABC,274,0.22445099884879555
S4,6,RFOTO-ABC,279,0.22445099884879555
S4,6,RFOTO-ABC,284,0.22426798876739032
S4,6,RFOTO-ABC,289,0.22426798876739032
S4,6,RFOTO-ABC,294,0.22426798876739032
S4,6,RFOTO-ABC,299,0.22426798876739032
S4,6,RFOTO-ABC,304,0.22426798876739032
S4,6,RFOTO-ABC,309,0.22426798876739032
S4,6,RFOTO-ABC,314,0.22426798876739032
S4,6,RFOTO-ABC,319,0.22426798876739032
S4,6,RFOTO-ABC,324,0.22426798876739032
S4,6,RFOTO-ABC,329,0.22426798876739032
S4,6,RFOTO-ABC,334,0.22426798876739032
S4,6,RFOTO-ABC,339,0.22426798876739032
S4,6,RFOTO-ABC,344,0.22426798876739032
S4,6,RFOTO-ABC,349,0.22426798876739032
S4,6,RFOTO-ABC,354,0.22426798876739032
S4,6,RFOTO-ABC,359,0.22426798876739032
S4,6,RFOTO-ABC,364,0.22426798876739032
S4,6,RFOTO-ABC,369,0.22426798876739032
S4,6,RFOTO-ABC,374,0.22426798876739032
S4,6,Standard-ABC,14,0.7249903219474993
S4,6,Standard-ABC,19,0.7249903219474993
S4,6,Standard-ABC,24,0.7249903219474993
S4,6,Standard-ABC,29,0.7249903219474993
S4,6,Standard-ABC,34,0.7249903219474993
S4,6,Standard-ABC,39,0.7249903219474993
S4,6,Standard-ABC,44,0.7249903219474993
S4,6,Standard-ABC,49,0.7249903219474993
S4,6,Standard-ABC,54,0.7249903219474993
S4,6,Standard-ABC,59,0.7249903219474993
S4,6,Standard-ABC,64,0.7249903219474993
S4,6,Standard-ABC,69,0.7249903219474993
S4,6,Standard-ABC,74,0.7249903219474993
S4,6,Standard-ABC,79,0.7249903219474993
S4,6,Standard-ABC,84,0.7249903219474993
S4,6,Standard-ABC,89,0.7249903219474993
S4,6,Standard-ABC,94,0.7249903219474993
S4,6,Standard-ABC,99,0.7249903219474993
S4,6,Standard-ABC,104,0.7249903219474993
S4,6,Standard-ABC,109,0.7249903219474993
S4,6,Standard-ABC,114,0.7249903219474993
S4,6,Standard-ABC,119,0.7249903219474993
S4,6,Standard-ABC,124,0.7249903219474993
S4,6,Standard-ABC,129,0.7249903219474993
S4,6,Standard-ABC,134,0.7249903219474993
S4,6,Standard-ABC,139,0.7249903219474993
S4,6,Standard-ABC,144,0.7249903219474993
S4,6,Standard-ABC,149,0.7249903219474993
S4,6,Standard-ABC,154,0.7206068534398744
S4,6,Standard-ABC,159,0.7206068534398744
S4,6,Standard-ABC,164,0.7206068534398744
S4,6,Standard-ABC,169,0.7206068534398744
S4,6,Standard-ABC,174,0.7206068534398744
S4,6,Standard-ABC,179,0.7206068534398744
S4,6,Standard-ABC,184,0.7206068534398744
S4,6,Standard-ABC,189,0.7206068534398744
S4,6,Standard-ABC,194,0.7206068534398744
S4,6,Standard-ABC,199,0.7206068534398744
S4,6,Standard-ABC,204,0.7206068534398744
S4,6,Standard-ABC,209,0.7206068534398744
S4,6,Standard-ABC,214,0.7206068534398744
S4,6,Standard-ABC,219,0.7206068534398744
S4,6,Standard-ABC,224,0.7206068534398744
S4,6,Standard-ABC,229,0.7206068534398744
S4,6,Standard-ABC,234,0.7206068534398744
S4,6,Standard-ABC,239,0.7206068534398744
S4,6,Standard-ABC,244,0.7204610785365024
S4,6,Standard-ABC,249,0.7204610785365024
S4,6,Standard-ABC,254,0.7204610785365024
S4,6,Standard-ABC,259,0.7204610785365024
S4,6,Standard-ABC,264,0.7204610785365024
S4,6,Standard-ABC,269,0.7204610785365024
S4,6,Standard-ABC,274,0.7204610785365024
S4,6,Standard-ABC,279,0.7204610785365024
S4,6,Standard-ABC,284,0.7204610785365024
S4,6,Standard-ABC,289,0.7204610785365024
S4,6,Standard-ABC,294,0.7204610785365024
S4,6,Standard-ABC,299,0.7204610785365024
S4,6,Standard-ABC,304,0.7204610785365024
S4,6,Standard-ABC,309,0.7204610785365024
S4,6,Standard-ABC,314,0.7204610785365024
S4,6,Standard-ABC,319,0.7204610785365024
S4,6,Standard-ABC,324,0.7204610785365024
S4,6,Standard-ABC,329,0.7204610785365024
S4,6,Standard-ABC,334,0.7204610785365024
S4,6,Standard-ABC,339,0.7204610785365024
S4,6,Standard-ABC,344,0.7204610785365024
S4,6,Standard-ABC,349,0.7204610785365024
S4,6,Standard-ABC,354,0.7204610785365024
S4,6,Standard-ABC,359,0.7204610785365024
S4,6,Standard-ABC,364,0.7204610785365024
S4,6,Standard-ABC,369,0.7204610785365024
S4,6,Standard-ABC,374,0.7204610785365024
S4,6,GA,14,0.7249903219474993
S4,6,GA,19,0.7249903219474993
S4,6,GA,24,0.7249903219474993
S4,6,GA,29,0.7249903219474993
S4,6,GA,34,0.7249903219474993
S4,6,GA,39,0.7249903219474993
S4,6,GA,44,0.6865985823920279
S4,6,GA,49,0.6865985823920279
S4,6,GA,54,0.6865985823920279
S4,6,GA,59,0.6865985823920279
S4,6,GA,64,0.6806111905288634
S4,6,GA,69,0.6533515823275001
S4,6,GA,74,0.6533515823275001
S4,6,GA,79,0.6533515823275001
S4,6,GA,84,0.6516852914771102
S4,6,GA,89,0.6516852914771102
S4,6,GA,94,0.6516852914771102
S4,6,GA,99,0.6516852914771102
S4,6,GA,104,0.6506000491139173
S4,6,GA,109,0.6506000491139173
S4,6,GA,114,0.6278013880782819
S4,6,GA,119,0.6278013880782819
S4,6,GA,124,0.6256015159060303
S4,6,GA,129,0.6256015159060303
S4,6,GA,134,0.6256015159060303
S4,6,GA,139,0.6256015159060303
S4,6,GA,144,0.6256015159060303
S4,6,GA,149,0.6256015159060303
S4,6,GA,154,0.6153689344205977
S4,6,GA,159,0.6116455849255373
S4,6,GA,164,0.6116455849255373
S4,6,GA,169,0.6116455849255373
S4,6,GA,174,0.6070730103368789
S4,6,GA,179,0.6043599044813641
S4,6,GA,184,0.6043599044813641
S4,6,GA,189,0.6043599044813641
S4,6,GA,194,0.6031033846770775
S4,6,GA,199,0.5937796773145503
S4,6,GA,204,0.5937796773145503
S4,6,GA,209,0.5937796773145503
S4,6,GA,214,0.5937796773145503
S4,6,GA,219,0.5937796773145503
S4,6,GA,224,0.5821881179467123
S4,6,GA,229,0.5821881179467123
S4,6,GA,234,0.5786815186790246
S4,6,GA,239,0.5786815186790246
S4,6,GA,244,0.577469400940082
S4,6,GA,249,0.577469400940082
S4,6,GA,254,0.5733698554628468
S4,6,GA,259,0.5677502281752967
S4,6,GA,264,0.5677502281752967
S4,6,GA,269,0.5677502281752967
S4,6,GA,274,0.5677502281752967
S4,6,GA,279,0.5677502281752967
S4,6,GA,284,0.5677502281752967
S4,6,GA,289,0.5677502281752967
S4,6,GA,294,0.5596238328464184
S4,6,GA,299,0.5596238328464184
S4,6,GA,304,0.5596238328464184
S4,6,GA,309,0.5596238328464184
S4,6,GA,314,0.5596238328464184
S4,6,GA,319,0.5596238328464184
S4,6,GA,324,0.5596238328464184
S4,6,GA,329,0.5596238328464184
S4,6,GA,334,0.548511570844275
S4,6,GA,339,0.548511570844275
S4,6,GA,344,0.548511570844275
S4,6,GA,349,0.548511570844275
S4,6,GA,354,0.548511570844275
S4,6,GA,359,0.548511570844275
S4,6,GA,364,0.534894759982159
S4,6,GA,369,0.534894759982159
S4,6,GA,374,0.534894759982159
S4,6,PSO,14,1.3978661106065113
S4,6,PSO,19,1.3978661106065113
S4,6,PSO,24,1.3978661106065113
S4,6,PSO,29,1.3778859932270606
S4,6,PSO,34,1.3778859932270606
S4,6,PSO,39,1.3688680063161927
S4,6,PSO,44,1.3271414607047178
S4,6,PSO,49,1.3271414607047178
S4,6,PSO,54,1.3271414607047178
S4,6,PSO,59,1.3271414607047178
S4,6,PSO,64,1.253209161022748
S4,6,PSO,69,1.2528203989568005
S4,6,PSO,74,1.2528203989568005
S4,6,PSO,79,1.171650864872215
S4,6,PSO,84,1.132323243897211
S4,6,PSO,89,1.132323243897211
S4,6,PSO,94,1.132323243897211
S4,6,PSO,99,1.132323243897211
S4,6,PSO,104,1.0166327868000178
S4,6,PSO,109,1.0166327868000178
S4,6,PSO,114,1.0166327868000178
S4,6,PSO,119,1.0166327868000178
S4,6,PSO,124,1.0166327868000178
S4,6,PSO,129,1.0166327868000178
S4,6,PSO,134,1.0166327868000178
S4,6,PSO,139,1.0166327868000178
S4,6,PSO,144,1.0166327868000178
S4,6,PSO,149,1.0166327868000178
S4,6,PSO,154,1.0166327868000178
S4,6,PSO,159,1.0166327868000178
S4,6,PSO,164,1.0166327868000178
S4,6,PSO,169,1.0166327868000178
S4,6,PSO,174,1.0166327868000178
S4,6,PSO,179,1.0166327868000178
S4,6,PSO,184,1.0166327868000178
S4,6,PSO,189,1.0166327868000178
S4,6,PSO,194,1.0166327868000178
S4,6,PSO,199,1.0166327868000178
S4,6,PSO,204,1.0165737368149246
S4,6,PSO,209,1.0165737368149246
S4,6,PSO,214,0.9882207639011688
S4,6,PSO,219,0.9673936956066028
S4,6,PSO,224,0.9673936956066028
S4,6,PSO,229,0.9673936956066028
S4,6,PSO,234,0.9673936956066028
S4,6,PSO,239,0.9673936956066028
S4,6,PSO,244,0.960993480991063
S4,6,PSO,249,0.92962726779965
S4,6,PSO,254,0.92962726779965
S4,6,PSO,259,0.92962726779965
S4,6,PSO,264,0.8956646020161966
S4,6,PSO,269,0.8956646020161966
S4,6,PSO,274,0.8956646020161966
S4,6,PSO,279,0.8956646020161966
S4,6,PSO,284,0.8956646020161966
S4,6,PSO,289,0.8178378820263548
S4,6,PSO,294,0.8178378820263548
S4,6,PSO,299,0.8178378820263548
S4,6,PSO,304,0.8178378820263548
S4,6,PSO,309,0.8178378820263548
S4,6,PSO,314,0.8167075278498285
S4,6,PSO,319,0.8167075278498285
S4,6,PSO,324,0.8167075278498285
S4,6,PSO,329,0.8167075278498285
S4,6,PSO,334,0.8167075278498285
S4,6,PSO,339,0.8167075278498285
S4,6,PSO,344,0.8167075278498285
S4,6,PSO,349,0.8167075278498285
S4,6,PSO,354,0.8167075278498285
S4,6,PSO,359,0.8167075278498285
S4,6,PSO,364,0.8167075278498285
S4,6,PSO,369,0.8118296961504712
S4,6,PSO,374,0.8118296961504712
S4,6,DE,14,1.3978661106065113
S4,6,DE,19,1.3978661106065113
S4,6,DE,24,1.3978661106065113
S4,6,DE,29,1.3978661106065113
S4,6,DE,34,1.3978661106065113
S4,6,DE,39,1.3978661106065113
S4,6,DE,44,1.3978661106065113
S4,6,DE,49,1.3978661106065113
S4,6,DE,54,1.373085768265504
S4,6,DE,59,1.373085768265504
S4,6,DE,64,1.373085768265504
S4,6,DE,69,1.373085768265504
S4,6,DE,74,1.373085768265504
S4,6,DE,79,1.373085768265504
S4,6,DE,84,1.373085768265504
S4,6,DE,89,1.373085768265504
S4,6,DE,94,1.373085768265504
S4,6,DE,99,1.373085768265504
S4,6,DE,104,1.373085768265504
S4,6,DE,109,1.373085768265504
S4,6,DE,114,1.373085768265504
S4,6,DE,119,1.373085768265504
S4,6,DE,124,1.373085768265504
S4,6,DE,129,1.373085768265504
S4,6,DE,134,1.373085768265504
S4,6,DE,139,1.373085768265504
S4,6,DE,144,1.373085768265504
S4,6,DE,149,1.373085768265504
S4,6,DE,154,1.373085768265504
S4,6,DE,159,1.373085768265504
S4,6,DE,164,1.373085768265504
S4,6,DE,169,1.373085768265504
S4,6,DE,174,1.373085768265504
S4,6,DE,179,1.373085768265504
S4,6,DE,184,1.373085768265504
S4,6,DE,189,1.373085768265504
S4,6,DE,194,1.373085768265504
S4,6,DE,199,1.373085768265504
S4,6,DE,204,1.373085768265504
S4,6,DE,209,1.373085768265504
S4,6,DE,214,1.373085768265504
S4,6,DE,219,1.373085768265504
S4,6,DE,224,1.373085768265504
S4,6,DE,229,1.373085768265504
S4,6,DE,234,1.373085768265504
S4,6,DE,239,1.373085768265504
S4,6,DE,244,1.373085768265504
S4,6,DE,249,1.373085768265504
S4,6,DE,254,1.373085768265504
S4,6,DE,259,1.2929402328273163
S4,6,DE,264,1.2929402328273163
S4,6,DE,269,1.2929402328273163
S4,6,DE,274,1.1243755432701978
S4,6,DE,279,1.1243755432701978
S4,6,DE,284,1.1243755432701978
S4,6,DE,289,1.0857334035885478
S4,6,DE,294,1.0857334035885478
S4,6,DE,299,1.0857334035885478
S4,6,DE,304,1.0857334035885478
S4,6,DE,309,1.0857334035885478
S4,6,DE,314,1.0857334035885478
S4,6,DE,319,1.0857334035885478
S4,6,DE,324,1.0857334035885478
S4,6,DE,329,1.0857334035885478
S4,6,DE,334,1.0857334035885478
S4,6,DE,339,1.0857334035885478
S4,6,DE,344,1.0857334035885478
S4,6,DE,349,1.0857334035885478
S4,6,DE,354,1.0857334035885478
S4,6,DE,359,1.0857334035885478
S4,6,DE,364,1.0857334035885478
S4,6,DE,369,1.0857334035885478
S4,6,DE,374,1.0857334035885478
S4,7,RFOTO-ABC,14,0.2617743651656726
S4,7,RFOTO-ABC,19,0.2617743651656726
S4,7,RFOTO-ABC,24,0.2617743651656726
S4,7,RFOTO-ABC,29,0.2617743651656726
S4,7,RFOTO-ABC,34,0.2617743651656726
S4,7,RFOTO-ABC,39,0.2615286069456235
S4,7,RFOTO-ABC,44,0.2615286069456235
S4,7,RFOTO-ABC,49,0.2615286069456235
S4,7,RFOTO-ABC,54,0.2615286069456235
S4,7,RFOTO-ABC,59,0.2615286069456235
S4,7,RFOTO-ABC,64,0.2615286069456235
S4,7,RFOTO-ABC,69,0.2615286069456235
S4,7,RFOTO-ABC,74,0.2615286069456235
S4,7,RFOTO-ABC,79,0.2615286069456235
S4,7,RFOTO-ABC,84,0.2615286069456235
S4,7,RFOTO-ABC,89,0.2615286069456235
S4,7,RFOTO-ABC,94,0.2615286069456235
S4,7,RFOTO-ABC,99,0.2615286069456235
S4,7,RFOTO-ABC,104,0.2615286069456235
S4,7,RFOTO-ABC,109,0.2615286069456235
S4,7,RFOTO-ABC,114,0.2615286069456235
S4,7,RFOTO-ABC,119,0.2615286069456235
S4,7,RFOTO-ABC,124,0.2615286069456235
S4,7,RFOTO-ABC,129,0.2615286069456235
S4,7,RFOTO-ABC,134,0.2615286069456235
S4,7,RFOTO-ABC,139,0.2615286069456235
S4,7,RFOTO-ABC,144,0.2615286069456235
S4,7,RFOTO-ABC,149,0.2615286069456235
S4,7,RFOTO-ABC,154,0.2615286069456235
S4,7,RFOTO-ABC,159,0.2615286069456235
S4,7,RFOTO-ABC,164,0.2615286069456235
S4,7,RFOTO-ABC,169,0.2615286069456235
S4,7,RFOTO-ABC,174,0.2615286069456235
S4,7,RFOTO-ABC,179,0.2615286069456235
S4,7,RFOTO-ABC,184,0.2615286069456235
S4,7,RFOTO-ABC,189,0.2615286069456235
S4,7,RFOTO-ABC,194,0.2615286069456235
S4,7,RFOTO-ABC,199,0.2615286069456235
S4,7,RFOTO-ABC,204,0.2615286069456235
S4,7,RFOTO-ABC,209,0.2615286069456235
S4,7,RFOTO-ABC,214,0.2615286069456235
S4,7,RFOTO-ABC,219,0.2615286069456235
S4,7,RFOTO-ABC,224,0.2615286069456235
S4,7,RFOTO-ABC,229,0.2615286069456235
S4,7,RFOTO-ABC,234,0.2615286069456235
S4,7,RFOTO-ABC,239,0.2615286069456235
S4,7,RFOTO-ABC,244,0.2615286069456235
S4,7,RFOTO-ABC,249,0.2615286069456235
S4,7,RFOTO-ABC,254,0.2615286069456235
S4,7,RFOTO-ABC,259,0.2615286069456235
S4,7,RFOTO-ABC,264,0.2615286069456235
S4,7,RFOTO-ABC,269,0.2615286069456235
S4,7,RFOTO-ABC,274,0.2615286069456235
S4,7,RFOTO-ABC,279,0.2615286069456235
S4,7,RFOTO-ABC,284,0.2615286069456235
S4,7,RFOTO-ABC,289,0.2615286069456235
S4,7,RFOTO-ABC,294,0.2615286069456235
S4,7,RFOTO-ABC,299,0.2615286069456235
S4,7,RFOTO-ABC,304,0.2615286069456235
S4,7,RFOTO-ABC,309,0.26091858312640887
S4,7,RFOTO-ABC,314,0.26091858312640887
S4,7,RFOTO-ABC,319,0.26091858312640887
S4,7,RFOTO-ABC,324,0.26091858312640887
S4,7,RFOTO-ABC,329,0.26091858312640887
S4,7,RFOTO-ABC,334,0.26091858312640887
S4,7,RFOTO-ABC,339,0.26091858312640887
S4,7,RFOTO-ABC,344,0.26091858312640887
S4,7,RFOTO-ABC,349,0.26091858312640887
S4,7,RFOTO-ABC,354,0.26091858312640887
S4,7,RFOTO-ABC,359,0.26091858312640887
S4,7,RFOTO-ABC,364,0.26091858312640887
S4,7,RFOTO-ABC,369,0.26091858312640887
S4,7,RFOTO-ABC,374,0.26091858312640887
S4,7,Standard-ABC,14,0.6516592120944218
S4,7,Standard-ABC,19,0.6516592120944218
S4,7,Standard-ABC,24,0.6516592120944218
S4,7,Standard-ABC,29,0.6516592120944218
S4,7,Standard-ABC,34,0.6516592120944218
S4,7,Standard-ABC,39,0.6516592120944218
S4,7,Standard-ABC,44,0.6516592120944218
S4,7,Standard-ABC,49,0.6516592120944218
S4,7,Standard-ABC,54,0.6516592120944218
S4,7,Standard-ABC,59,0.6516592120944218
S4,7,Standard-ABC,64,0.6516592120944218
S4,7,Standard-ABC,69,0.6516592120944218
S4,7,Standard-ABC,74,0.6516592120944218
S4,7,Standard-ABC,79,0.6516592120944218
S4,7,Standard-ABC,84,0.6516592120944218
S4,7,Standard-ABC,89,0.6474097406044752
S4,7,Standard-ABC,94,0.6474097406044752
S4,7,Standard-ABC,99,0.6474097406044752
S4,7,Standard-ABC,104,0.6474097406044752
S4,7,Standard-ABC,109,0.6474097406044752
S4,7,Standard-ABC,114,0.6474097406044752
S4,7,Standard-ABC,119,0.6474097406044752
S4,7,Standard-ABC,124,0.6474097406044752
S4,7,Standard-ABC,129,0.6474097406044752
S4,7,Standard-ABC,134,0.6474097406044752
S4,7,Standard-ABC,139,0.6474097406044752
S4,7,Standard-ABC,144,0.6474097406044752
S4,7,Standard-ABC,149,0.6474097406044752
S4,7,Standard-ABC,154,0.6474097406044752
S4,7,Standard-ABC,159,0.6474097406044752
S4,7,Standard-ABC,164,0.6474097406044752
S4,7,Standard-ABC,169,0.6474097406044752
S4,7,Standard-ABC,174,0.6474097406044752
S4,7,Standard-ABC,179,0.6474097406044752
S4,7,Standard-ABC,184,0.6474097406044752
S4,7,Standard-ABC,189,0.6474097406044752
S4,7,Standard-ABC,194,0.6474097406044752
S4,7,Standard-ABC,199,0.6474097406044752
S4,7,Standard-ABC,204,0.6474097406044752
S4,7,Standard-ABC,209,0.6474097406044752
S4,7,Standard-ABC,214,0.6474097406044752
S4,7,Standard-ABC,219,0.6474097406044752
S4,7,Standard-ABC,224,0.6474097406044752
S4,7,Standard-ABC,229,0.6474097406044752
S4,7,Standard-ABC,234,0.6425769444687484
S4,7,Standard-ABC,239,0.6425769444687484
S4,7,Standard-ABC,244,0.6425769444687484
S4,7,Standard-ABC,249,0.6425769444687484
S4,7,Standard-ABC,254,0.6425769444687484
S4,7,Standard-ABC,259,0.6425769444687484
S4,7,Standard-ABC,264,0.6425769444687484
S4,7,Standard-ABC,269,0.6425769444687484
S4,7,Standard-ABC,274,0.6425769444687484
S4,7,Standard-ABC,279,0.6425021742098306
S4,7,Standard-ABC,284,0.6425021742098306
S4,7,Standard-ABC,289,0.6425021742098306
S4,7,Standard-ABC,294,0.6425021742098306
S4,7,Standard-ABC,299,0.6425021742098306
S4,7,Standard-ABC,304,0.6425021742098306
S4,7,Standard-ABC,309,0.6425021742098306
S4,7,Standard-ABC,314,0.6425021742098306
S4,7,Standard-ABC,319,0.6425021742098306
S4,7,Standard-ABC,324,0.6409948777245513
S4,7,Standard-ABC,329,0.6409948777245513
S4,7,Standard-ABC,334,0.6409948777245513
S4,7,Standard-ABC,339,0.6409948777245513
S4,7,Standard-ABC,344,0.6409948777245513
S4,7,Standard-ABC,349,0.6409948777245513
S4,7,Standard-ABC,354,0.6409948777245513
S4,7,Standard-ABC,359,0.6409948777245513
S4,7,Standard-ABC,364,0.6409948777245513
S4,7,Standard-ABC,369,0.6409948777245513
S4,7,Standard-ABC,374,0.6409948777245513
S4,7,GA,14,0.6516592120944218
S4,7,GA,19,0.6516592120944218
S4,7,GA,24,0.6516592120944218
S4,7,GA,29,0.6516592120944218
S4,7,GA,34,0.6460973800315629
S4,7,GA,39,0.6229055459491382
S4,7,GA,44,0.6229055459491382
S4,7,GA,49,0.6229055459491382
S4,7,GA,54,0.6229055459491382
S4,7,GA,59,0.6229055459491382
S4,7,GA,64,0.6163545181705129
S4,7,GA,69,0.6126562040468002
S4,7,GA,74,0.6126562040468002
S4,7,GA,79,0.6126562040468002
S4,7,GA,84,0.6126562040468002
S4,7,GA,89,0.6121464991853272
S4,7,GA,94,0.6093363281519885
S4,7,GA,99,0.6093363281519885
S4,7,GA,104,0.6031757268041106
S4,7,GA,109,0.6031757268041106
S4,7,GA,114,0.5978398068646327
S4,7,GA,119,0.5937490722683795
S4,7,GA,124,0.5937490722683795
S4,7,GA,129,0.5832288344819662
S4,7,GA,134,0.5832288344819662
S4,7,GA,139,0.5832288344819662
S4,7,GA,144,0.5832288344819662
S4,7,GA,149,0.5703945728779444
S4,7,GA,154,0.5703945728779444
S4,7,GA,159,0.5703945728779444
S4,7,GA,164,0.5703945728779444
S4,7,GA,169,0.5703945728779444
S4,7,GA,174,0.5703945728779444
S4,7,GA,179,0.5703945728779444
S4,7,GA,184,0.5703945728779444
S4,7,GA,189,0.5703945728779444
S4,7,GA,194,0.5703945728779444
S4,7,GA,199,0.5703945728779444
S4,7,GA,204,0.56573761159853
S4,7,GA,209,0.56573761159853
S4,7,GA,214,0.56573761159853
S4,7,GA,219,0.56573761159853
S4,7,GA,224,0.5650545529508553
S4,7,GA,229,0.5650545529508553
S4,7,GA,234,0.5650545529508553
S4,7,GA,239,0.5650545529508553
S4,7,GA,244,0.5650545529508553
S4,7,GA,249,0.5481515776980569
S4,7,GA,254,0.5481515776980569
S4,7,GA,259,0.5481515776980569
S4,7,GA,264,0.5481515776980569
S4,7,GA,269,0.5481515776980569
S4,7,GA,274,0.5481515776980569
S4,7,GA,279,0.5481515776980569
S4,7,GA,284,0.5481515776980569
S4,7,GA,289,0.53655982295362
S4,7,GA,294,0.53655982295362
S4,7,GA,299,0.53655982295362
S4,7,GA,304,0.53655982295362
S4,7,GA,309,0.53655982295362
S4,7,GA,314,0.53655982295362
S4,7,GA,319,0.5286438853656563
S4,7,GA,324,0.5286438853656563
S4,7,GA,329,0.5286438853656563
S4,7,GA,334,0.5286438853656563
S4,7,GA,339,0.5286438853656563
S4,7,GA,344,0.5286438853656563
S4,7,GA,349,0.5286438853656563
S4,7,GA,354,0.5286438853656563
S4,7,GA,359,0.5286438853656563
S4,7,GA,364,0.5246816257461313
S4,7,GA,369,0.5085411593861738
S4,7,GA,374,0.5085411593861738
S4,7,PSO,14,1.6162611982276989
S4,7,PSO,19,1.4464344408860237
S4,7,PSO,24,1.3855168357978196
S4,7,PSO,29,1.0016645209018313
S4,7,PSO,34,1.0016645209018313
S4,7,PSO,39,1.0016645209018313
S4,7,PSO,44,1.0016645209018313
S4,7,PSO,49,1.0016645209018313
S4,7,PSO,54,1.0016645209018313
S4,7,PSO,59,0.9585154057789875
S4,7,PSO,64,0.9585154057789875
S4,7,PSO,69,0.9585154057789875
S4,7,PSO,74,0.9585154057789875
S4,7,PSO,79,0.9484756382987699
S4,7,PSO,84,0.9004456092111642
S4,7,PSO,89,0.9004456092111642
S4,7,PSO,94,0.9004456092111642
S4,7,PSO,99,0.9004456092111642
S4,7,PSO,104,0.9004456092111642
S4,7,PSO,109,0.9004456092111642
S4,7,PSO,114,0.9004456092111642
S4,7,PSO,119,0.9004456092111642
S4,7,PSO,124,0.9004456092111642
S4,7,PSO,129,0.9004456092111642
S4,7,PSO,134,0.8846946224990171
S4,7,PSO,139,0.8846946224990171
S4,7,PSO,144,0.8846946224990171
S4,7,PSO,149,0.8846946224990171
S4,7,PSO,154,0.8846946224990171
S4,7,PSO,159,0.8846946224990171
S4,7,PSO,164,0.8846946224990171
S4,7,PSO,169,0.8846946224990171
S4,7,PSO,174,0.8846946224990171
S4,7,PSO,179,0.8846946224990171
S4,7,PSO,184,0.8846946224990171
S4,7,PSO,189,0.8846946224990171
S4,7,PSO,194,0.879895504302964
S4,7,PSO,199,0.879895504302964
S4,7,PSO,204,0.879895504302964
S4,7,PSO,209,0.8442296837777568
S4,7,PSO,214,0.8442296837777568
S4,7,PSO,219,0.8442296837777568
S4,7,PSO,224,0.8442296837777568
S4,7,PSO,229,0.8442296837777568
S4,7,PSO,234,0.8442296837777568
S4,7,PSO,239,0.8442296837777568
S4,7,PSO,244,0.8442296837777568
S4,7,PSO,249,0.8442296837777568
S4,7,PSO,254,0.8304522815179559
S4,7,PSO,259,0.7908795101862575
S4,7,PSO,264,0.7908795101862575
S4,7,PSO,269,0.7908795101862575
S4,7,PSO,274,0.7908795101862575
S4,7,PSO,279,0.7908795101862575
S4,7,PSO,284,0.7908795101862575
S4,7,PSO,289,0.7884931918873914
S4,7,PSO,294,0.7716946252170899
S4,7,PSO,299,0.7716946252170899
S4,7,PSO,304,0.7716946252170899
S4,7,PSO,309,0.7716946252170899
S4,7,PSO,314,0.7716946252170899
S4,7,PSO,319,0.7706037238990734
S4,7,PSO,324,0.766089808549277
S4,7,PSO,329,0.766089808549277
S4,7,PSO,334,0.766089808549277
S4,7,PSO,339,0.766089808549277
S4,7,PSO,344,0.766089808549277
S4,7,PSO,349,0.766089808549277
S4,7,PSO,354,0.766089808549277
S4,7,PSO,359,0.7632091530174677
S4,7,PSO,364,0.7632091530174677
S4,7,PSO,369,0.7632091530174677
S4,7,PSO,374,0.7555009478239181
S4,7,DE,14,1.6162611982276989
S4,7,DE,19,1.3637979440137449
S4,7,DE,24,1.3637979440137449
S4,7,DE,29,1.089893524335767
S4,7,DE,34,1.089893524335767
S4,7,DE,39,1.089893524335767
S4,7,DE,44,1.089893524335767
S4,7,DE,49,1.089893524335767
S4,7,DE,54,1.089893524335767
S4,7,DE,59,1.089893524335767
S4,7,DE,64,1.089893524335767
S4,7,DE,69,1.089893524335767
S4,7,DE,74,1.089893524335767
S4,7,DE,79,1.089893524335767
S4,7,DE,84,1.089893524335767
S4,7,DE,89,1.089893524335767
S4,7,DE,94,1.089893524335767
S4,7,DE,99,1.089893524335767
S4,7,DE,104,1.089893524335767
S4,7,DE,109,1.089893524335767
S4,7,DE,114,1.089893524335767
S4,7,DE,119,1.0090379372598575
S4,7,DE,124,1.0090379372598575
S4,7,DE,129,1.0090379372598575
S4,7,DE,134,1.0090379372598575
S4,7,DE,139,1.0090379372598575
S4,7,DE,144,1.0090379372598575
S4,7,DE,149,1.0090379372598575
S4,7,DE,154,1.0090379372598575
S4,7,DE,159,1.0090379372598575
S4,7,DE,164,1.0090379372598575
S4,7,DE,169,1.0090379372598575
S4,7,DE,174,1.0090379372598575
S4,7,DE,179,1.0090379372598575
S4,7,DE,184,1.0090379372598575
S4,7,DE,189,1.0090379372598575
S4,7,DE,194,1.0090379372598575
S4,7,DE,199,1.0090379372598575
S4,7,DE,204,1.0090379372598575
S4,7,DE,209,1.0090379372598575
S4,7,DE,214,1.0090379372598575
S4,7,DE,219,1.0090379372598575
S4,7,DE,224,1.0090379372598575
S4,7,DE,229,1.0090379372598575
S4,7,DE,234,1.0090379372598575
S4,7,DE,239,1.0090379372598575
S4,7,DE,244,1.0090379372598575
S4,7,DE,249,1.0090379372598575
S4,7,DE,254,0.9963505540353408
S4,7,DE,259,0.9963505540353408
S4,7,DE,264,0.9963505540353408
S4,7,DE,269,0.9963505540353408
S4,7,DE,274,0.9963505540353408
S4,7,DE,279,0.9963505540353408
S4,7,DE,284,0.9963505540353408
S4,7,DE,289,0.9963505540353408
S4,7,DE,294,0.9963505540353408
S4,7,DE,299,0.9963505540353408
S4,7,DE,304,0.9963505540353408
S4,7,DE,309,0.9963505540353408
S4,7,DE,314,0.9963505540353408
S4,7,DE,319,0.9963505540353408
S4,7,DE,324,0.9963505540353408
S4,7,DE,329,0.965552550104365
S4,7,DE,334,0.965552550104365
S4,7,DE,339,0.965552550104365
S4,7,DE,344,0.965552550104365
S4,7,DE,349,0.965552550104365
S4,7,DE,354,0.9169442280564334
S4,7,DE,359,0.9169442280564334
S4,7,DE,364,0.9169442280564334
S4,7,DE,369,0.9169442280564334
S4,7,DE,374,0.9169442280564334
S4,8,RFOTO-ABC,14,0.2567913792930471
S4,8,RFOTO-ABC,19,0.2567913792930471
S4,8,RFOTO-ABC,24,0.2567913792930471
S4,8,RFOTO-ABC,29,0.2567913792930471
S4,8,RFOTO-ABC,34,0.2567913792930471
S4,8,RFOTO-ABC,39,0.2567913792930471
S4,8,RFOTO-ABC,44,0.2567913792930471
S4,8,RFOTO-ABC,49,0.2567913792930471
S4,8,RFOTO-ABC,54,0.2567913792930471
S4,8,RFOTO-ABC,59,0.2567913792930471
S4,8,RFOTO-ABC,64,0.2567913792930471
S4,8,RFOTO-ABC,69,0.2567913792930471
S4,8,RFOTO-ABC,74,0.2567913792930471
S4,8,RFOTO-ABC,79,0.2567913792930471
S4,8,RFOTO-ABC,84,0.2567913792930471
S4,8,RFOTO-ABC,89,0.2567913792930471
S4,8,RFOTO-ABC,94,0.2567913792930471
S4,8,RFOTO-ABC,99,0.2567913792930471
S4,8,RFOTO-ABC,104,0.2567913792930471
S4,8,RFOTO-ABC,109,0.2567913792930471
S4,8,RFOTO-ABC,114,0.2567913792930471
S4,8,RFOTO-ABC,119,0.2567913792930471
S4,8,RFOTO-ABC,124,0.2567913792930471
S4,8,RFOTO-ABC,129,0.2567913792930471
S4,8,RFOTO-ABC,134,0.2567913792930471
S4,8,RFOTO-ABC,139,0.2567913792930471
S4,8,RFOTO-ABC,144,0.2567913792930471
S4,8,RFOTO-ABC,149,0.2567913792930471
S4,8,RFOTO-ABC,154,0.25619888956770215
S4,8,RFOTO-ABC,159,0.25619888956770215
S4,8,RFOTO-ABC,164,0.25619888956770215
S4,8,RFOTO-ABC,169,0.25619888956770215
S4,8,RFOTO-ABC,174,0.25619888956770215
S4,8,RFOTO-ABC,179,0.25619888956770215
S4,8,RFOTO-ABC,184,0.25619888956770215
S4,8,RFOTO-ABC,189,0.25619888956770215
S4,8,RFOTO-ABC,194,0.25619888956770215
S4,8,RFOTO-ABC,199,0.25619888956770215
S4,8,RFOTO-ABC,204,0.25619888956770215
S4,8,RFOTO-ABC,209,0.25619888956770215
S4,8,RFOTO-ABC,214,0.25619888956770215
S4,8,RFOTO-ABC,219,0.25619888956770215
S4,8,RFOTO-ABC,224,0.25619888956770215
S4,8,RFOTO-ABC,229,0.25619888956770215
S4,8,RFOTO-ABC,234,0.25619888956770215
S4,8,RFOTO-ABC,239,0.25619888956770215
S4,8,RFOTO-ABC,244,0.25619888956770215
S4,8,RFOTO-ABC,249,0.25619888956770215
S4,8,RFOTO-ABC,254,0.25619888956770215
S4,8,RFOTO-ABC,259,0.25619888956770215
S4,8,RFOTO-ABC,264,0.25619888956770215
S4,8,RFOTO-ABC,269,0.25619888956770215
S4,8,RFOTO-ABC,274,0.25619888956770215
S4,8,RFOTO-ABC,279,0.25619888956770215
S4,8,RFOTO-ABC,284,0.25619888956770215
S4,8,RFOTO-ABC,289,0.25619888956770215
S4,8,RFOTO-ABC,294,0.25619888956770215
S4,8,RFOTO-ABC,299,0.25619888956770215
S4,8,RFOTO-ABC,304,0.25619888956770215
S4,8,RFOTO-ABC,309,0.25619888956770215
S4,8,RFOTO-ABC,314,0.25619888956770215
S4,8,RFOTO-ABC,319,0.25619888956770215
S4,8,RFOTO-ABC,324,0.25619888956770215
S4,8,RFOTO-ABC,329,0.25619888956770215
S4,8,RFOTO-ABC,334,0.25619888956770215
S4,8,RFOTO-ABC,339,0.25619888956770215
S4,8,RFOTO-ABC,344,0.25619888956770215
S4,8,RFOTO-ABC,349,0.25619888956770215
S4,8,RFOTO-ABC,354,0.25619888956770215
S4,8,RFOTO-ABC,359,0.25619888956770215
S4,8,RFOTO-ABC,364,0.25619888956770215
S4,8,RFOTO-ABC,369,0.25619888956770215
S4,8,RFOTO-ABC,374,0.25619888956770215
S4,8,Standard-ABC,14,0.6389299504520215
S4,8,Standard-ABC,19,0.618987623276319
S4,8,Standard-ABC,24,0.618987623276319
S4,8,Standard-ABC,29,0.618987623276319
S4,8,Standard-ABC,34,0.618987623276319
S4,8,Standard-ABC,39,0.618987623276319
S4,8,Standard-ABC,44,0.6174182970363893
S4,8,Standard-ABC,49,0.6174182970363893
S4,8,Standard-ABC,54,0.6174182970363893
S4,8,Standard-ABC,59,0.6174182970363893
S4,8,Standard-ABC,64,0.6174182970363893
S4,8,Standard-ABC,69,0.6174182970363893
S4,8,Standard-ABC,74,0.6174182970363893
S4,8,Standard-ABC,79,0.6174182970363893
S4,8,Standard-ABC,84,0.6174182970363893
S4,8,Standard-ABC,89,0.6174182970363893
S4,8,Standard-ABC,94,0.6174182970363893
S4,8,Standard-ABC,99,0.6174182970363893
S4,8,Standard-ABC,104,0.6174182970363893
S4,8,Standard-ABC,109,0.6174182970363893
S4,8,Standard-ABC,114,0.6174182970363893
S4,8,Standard-ABC,119,0.6174182970363893
S4,8,Standard-ABC,124,0.6174182970363893
S4,8,Standard-ABC,129,0.6174182970363893
S4,8,Standard-ABC,134,0.6174182970363893
S4,8,Standard-ABC,139,0.6174182970363893
S4,8,Standard-ABC,144,0.6174182970363893
S4,8,Standard-ABC,149,0.6174182970363893
S4,8,Standard-ABC,154,0.6174182970363893
S4,8,Standard-ABC,159,0.6174182970363893
S4,8,Standard-ABC,164,0.6174182970363893
S4,8,Standard-ABC,169,0.6174182970363893
S4,8,Standard-ABC,174,0.6174182970363893
S4,8,Standard-ABC,179,0.6174182970363893
S4,8,Standard-ABC,184,0.6174182970363893
S4,8,Standard-ABC,189,0.6174182970363893
S4,8,Standard-ABC,194,0.6174182970363893
S4,8,Standard-ABC,199,0.6174182970363893
S4,8,Standard-ABC,204,0.6174182970363893
S4,8,Standard-ABC,209,0.6174182970363893
S4,8,Standard-ABC,214,0.6174182970363893
S4,8,Standard-ABC,219,0.6174182970363893
S4,8,Standard-ABC,224,0.6174182970363893
S4,8,Standard-ABC,229,0.6174182970363893
S4,8,Standard-ABC,234,0.6174182970363893
S4,8,Standard-ABC,239,0.6174182970363893
S4,8,Standard-ABC,244,0.6174182970363893
S4,8,Standard-ABC,249,0.6174182970363893
S4,8,Standard-ABC,254,0.6174182970363893
S4,8,Standard-ABC,259,0.6174182970363893
S4,8,Standard-ABC,264,0.6174182970363893
S4,8,Standard-ABC,269,0.6167884719235412
S4,8,Standard-ABC,274,0.6167884719235412
S4,8,Standard-ABC,279,0.6167884719235412
S4,8,Standard-ABC,284,0.6126257976151573
S4,8,Standard-ABC,289,0.6126257976151573
S4,8,Standard-ABC,294,0.6126257976151573
S4,8,Standard-ABC,299,0.6126257976151573
S4,8,Standard-ABC,304,0.6126257976151573
S4,8,Standard-ABC,309,0.6105730073321279
S4,8,Standard-ABC,314,0.6105730073321279
S4,8,Standard-ABC,319,0.6105730073321279
S4,8,Standard-ABC,324,0.6105730073321279
S4,8,Standard-ABC,329,0.6105730073321279
S4,8,Standard-ABC,334,0.6105730073321279
S4,8,Standard-ABC,339,0.6105730073321279
S4,8,Standard-ABC,344,0.6105730073321279
S4,8,Standard-ABC,349,0.6105730073321279
S4,8,Standard-ABC,354,0.6105730073321279
S4,8,Standard-ABC,359,0.6105730073321279
S4,8,Standard-ABC,364,0.6105730073321279
S4,8,Standard-ABC,369,0.6105730073321279
S4,8,Standard-ABC,374,0.6105730073321279
S4,8,GA,14,0.6389299504520215
S4,8,GA,19,0.6389299504520215
S4,8,GA,24,0.6389299504520215
S4,8,GA,29,0.61567589932222
S4,8,GA,34,0.61567589932222
S4,8,GA,39,0.5905854671659536
S4,8,GA,44,0.5905854671659536
S4,8,GA,49,0.5905854671659536
S4,8,GA,54,0.5905854671659536
S4,8,GA,59,0.5905854671659536
S4,8,GA,64,0.5732420959432073
S4,8,GA,69,0.5732420959432073
S4,8,GA,74,0.5415468641097906
S4,8,GA,79,0.5415468641097906
S4,8,GA,84,0.5415468641097906
S4,8,GA,89,0.5415468641097906
S4,8,GA,94,0.5415468641097906
S4,8,GA,99,0.5415468641097906
S4,8,GA,104,0.537026532310138
S4,8,GA,109,0.5259956639744929
S4,8,GA,114,0.5259956639744929
S4,8,GA,119,0.5259956639744929
S4,8,GA,124,0.5259956639744929
S4,8,GA,129,0.5259956639744929
S4,8,GA,134,0.5115912181208576
S4,8,GA,139,0.5115912181208576
S4,8,GA,144,0.5115912181208576
S4,8,GA,149,0.5089162264833779
S4,8,GA,154,0.5039825226880176
S4,8,GA,159,0.5029712199381223
S4,8,GA,164,0.5023072467750288
S4,8,GA,169,0.5023072467750288
S4,8,GA,174,0.5023072467750288
S4,8,GA,179,0.5023072467750288
S4,8,GA,184,0.5023072467750288
S4,8,GA,189,0.5023072467750288
S4,8,GA,194,0.5023072467750288
S4,8,GA,199,0.4948058409884994
S4,8,GA,204,0.4948058409884994
S4,8,GA,209,0.4948058409884994
S4,8,GA,214,0.4948058409884994
S4,8,GA,219,0.4948058409884994
S4,8,GA,224,0.4948058409884994
S4,8,GA,229,0.49417482001031443
S4,8,GA,234,0.49417482001031443
S4,8,GA,239,0.49403886281637654
S4,8,GA,244,0.4713771540300745
S4,8,GA,249,0.4713771540300745
S4,8,GA,254,0.4702763829144718
S4,8,GA,259,0.4702763829144718
S4,8,GA,264,0.4702763829144718
S4,8,GA,269,0.4702763829144718
S4,8,GA,274,0.4702763829144718
S4,8,GA,279,0.46544264545427827
S4,8,GA,284,0.46544264545427827
S4,8,GA,289,0.46544264545427827
S4,8,GA,294,0.46544264545427827
S4,8,GA,299,0.46544264545427827
S4,8,GA,304,0.46544264545427827
S4,8,GA,309,0.4633045414818614
S4,8,GA,314,0.4633045414818614
S4,8,GA,319,0.4633045414818614
S4,8,GA,324,0.4633045414818614
S4,8,GA,329,0.4633045414818614
S4,8,GA,334,0.4633045414818614
S4,8,GA,339,0.4619685557988859
S4,8,GA,344,0.4619685557988859
S4,8,GA,349,0.4619685557988859
S4,8,GA,354,0.4619685557988859
S4,8,GA,359,0.4588519753898877
S4,8,GA,364,0.4588519753898877
S4,8,GA,369,0.4588519753898877
S4,8,GA,374,0.4588519753898877
S4,8,PSO,14,1.3650659049273175
S4,8,PSO,19,1.1968235377837433
S4,8,PSO,24,1.1774393949219886
S4,8,PSO,29,1.1774393949219886
S4,8,PSO,34,1.0603153057535546
S4,8,PSO,39,1.0603153057535546
S4,8,PSO,44,1.0603153057535546
S4,8,PSO,49,1.0603153057535546
S4,8,PSO,54,1.0603153057535546
S4,8,PSO,59,1.0603153057535546
S4,8,PSO,64,1.0603153057535546
S4,8,PSO,69,1.0603153057535546
S4,8,PSO,74,1.0528692650699354
S4,8,PSO,79,1.0528692650699354
S4,8,PSO,84,1.0528692650699354
S4,8,PSO,89,0.9115146580232186
S4,8,PSO,94,0.9115146580232186
S4,8,PSO,99,0.9115146580232186
S4,8,PSO,104,0.9115146580232186
S4,8,PSO,109,0.9115146580232186
S4,8,PSO,114,0.8673707149605658
S4,8,PSO,119,0.8673707149605658
S4,8,PSO,124,0.8673707149605658
S4,8,PSO,129,0.8673707149605658
S4,8,PSO,134,0.8673707149605658
S4,8,PSO,139,0.7048695060289486
S4,8,PSO,144,0.7048695060289486
S4,8,PSO,149,0.7048695060289486
S4,8,PSO,154,0.7048695060289486
S4,8,PSO,159,0.7048695060289486
S4,8,PSO,164,0.7048695060289486
S4,8,PSO,169,0.7048695060289486
S4,8,PSO,174,0.7048695060289486
S4,8,PSO,179,0.7048695060289486
S4,8,PSO,184,0.7003406067324682
S4,8,PSO,189,0.6976113443951418
S4,8,PSO,194,0.6976113443951418
S4,8,PSO,199,0.6976113443951418
S4,8,PSO,204,0.6894913467094759
S4,8,PSO,209,0.6894913467094759
S4,8,PSO,214,0.6894913467094759
S4,8,PSO,219,0.6894913467094759
S4,8,PSO,224,0.6894913467094759
S4,8,PSO,229,0.6894913467094759
S4,8,PSO,234,0.6832191978198048
S4,8,PSO,239,0.6731213394408382
S4,8,PSO,244,0.6731213394408382
S4,8,PSO,249,0.6731213394408382
S4,8,PSO,254,0.6731213394408382
S4,8,PSO,259,0.6461217839518736
S4,8,PSO,264,0.6461217839518736
S4,8,PSO,269,0.6461217839518736
S4,8,PSO,274,0.6461217839518736
S4,8,PSO,279,0.6461217839518736
S4,8,PSO,284,0.6461217839518736
S4,8,PSO,289,0.6446606791280112
S4,8,PSO,294,0.6446606791280112
S4,8,PSO,299,0.6446606791280112
S4,8,PSO,304,0.6446606791280112
S4,8,PSO,309,0.6406057188372267
S4,8,PSO,314,0.638369032818368
S4,8,PSO,319,0.638369032818368
S4,8,PSO,324,0.636620150598732
S4,8,PSO,329,0.6361431592120657
S4,8,PSO,334,0.6361431592120657
S4,8,PSO,339,0.6361431592120657
S4,8,PSO,344,0.6361431592120657
S4,8,PSO,349,0.6361431592120657
S4,8,PSO,354,0.6361431592120657
S4,8,PSO,359,0.6361431592120657
S4,8,PSO,364,0.6343729686897007
S4,8,PSO,369,0.6343729686897007
S4,8,PSO,374,0.6342352536949428
S4,8,DE,14,1.3650659049273175
S4,8,DE,19,1.280373989115619
S4,8,DE,24,1.280373989115619
S4,8,DE,29,1.2750425850884222
S4,8,DE,34,1.2750425850884222
S4,8,DE,39,1.2750425850884222
S4,8,DE,44,1.2750425850884222
S4,8,DE,49,1.1819596495478457
S4,8,DE,54,1.1819596495478457
S4,8,DE,59,1.1819596495478457
S4,8,DE,64,1.0491875956859644
S4,8,DE,69,1.0491875956859644
S4,8,DE,74,1.0491875956859644
S4,8,DE,79,1.0491875956859644
S4,8,DE,84,1.0491875956859644
S4,8,DE,89,1.0491875956859644
S4,8,DE,94,1.0491875956859644
S4,8,DE,99,1.0491875956859644
S4,8,DE,104,1.0491875956859644
S4,8,DE,109,1.0491875956859644
S4,8,DE,114,1.0491875956859644
S4,8,DE,119,1.0491875956859644
S4,8,DE,124,1.0491875956859644
S4,8,DE,129,1.0491875956859644
S4,8,DE,134,1.0491875956859644
S4,8,DE,139,1.0491875956859644
S4,8,DE,144,1.0491875956859644
S4,8,DE,149,1.0491875956859644
S4,8,DE,154,1.0491875956859644
S4,8,DE,159,1.0491875956859644
S4,8,DE,164,1.0491875956859644
S4,8,DE,169,1.0491875956859644
S4,8,DE,174,0.955817706631058
S4,8,DE,179,0.955817706631058
S4,8,DE,184,0.955817706631058
S4,8,DE,189,0.955817706631058
S4,8,DE,194,0.955817706631058
S4,8,DE,199,0.955817706631058
S4,8,DE,204,0.955817706631058
S4,8,DE,209,0.955817706631058
S4,8,DE,214,0.955817706631058
S4,8,DE,219,0.955817706631058
S4,8,DE,224,0.955817706631058
S4,8,DE,229,0.955817706631058
S4,8,DE,234,0.955817706631058
S4,8,DE,239,0.955817706631058
S4,8,DE,244,0.955817706631058
S4,8,DE,249,0.955817706631058
S4,8,DE,254,0.955817706631058
S4,8,DE,259,0.955817706631058
S4,8,DE,264,0.955817706631058
S4,8,DE,269,0.955817706631058
S4,8,DE,274,0.955817706631058
S4,8,DE,279,0.955817706631058
S4,8,DE,284,0.955817706631058
S4,8,DE,289,0.955817706631058
S4,8,DE,294,0.955817706631058
S4,8,DE,299,0.8953076698698295
S4,8,DE,304,0.8953076698698295
S4,8,DE,309,0.8953076698698295
S4,8,DE,314,0.8953076698698295
S4,8,DE,319,0.8953076698698295
S4,8,DE,324,0.8953076698698295
S4,8,DE,329,0.8953076698698295
S4,8,DE,334,0.8953076698698295
S4,8,DE,339,0.8605573307501146
S4,8,DE,344,0.8605573307501146
S4,8,DE,349,0.8605573307501146
S4,8,DE,354,0.8605573307501146
S4,8,DE,359,0.8605573307501146
S4,8,DE,364,0.8605573307501146
S4,8,DE,369,0.8605573307501146
S4,8,DE,374,0.8605573307501146
S4,9,RFOTO-ABC,14,0.2593837142002138
S4,9,RFOTO-ABC,19,0.2593837142002138
S4,9,RFOTO-ABC,24,0.2593837142002138
S4,9,RFOTO-ABC,29,0.2593837142002138
S4,9,RFOTO-ABC,34,0.2593837142002138
S4,9,RFOTO-ABC,39,0.2593837142002138
S4,9,RFOTO-ABC,44,0.2593837142002138
S4,9,RFOTO-ABC,49,0.2593837142002138
S4,9,RFOTO-ABC,54,0.2593837142002138
S4,9,RFOTO-ABC,59,0.2593837142002138
S4,9,RFOTO-ABC,64,0.2593837142002138
S4,9,RFOTO-ABC,69,0.2593837142002138
S4,9,RFOTO-ABC,74,0.2593837142002138
S4,9,RFOTO-ABC,79,0.2593837142002138
S4,9,RFOTO-ABC,84,0.2593837142002138
S4,9,RFOTO-ABC,89,0.2593837142002138
S4,9,RFOTO-ABC,94,0.2593837142002138
S4,9,RFOTO-ABC,99,0.2593837142002138
S4,9,RFOTO-ABC,104,0.2593837142002138
S4,9,RFOTO-ABC,109,0.2593837142002138
S4,9,RFOTO-ABC,114,0.2593837142002138
S4,9,RFOTO-ABC,119,0.2593837142002138
S4,9,RFOTO-ABC,124,0.2593837142002138
S4,9,RFOTO-ABC,129,0.2593837142002138
S4,9,RFOTO-ABC,134,0.2586379968307349
S4,9,RFOTO-ABC,139,0.2586379968307349
S4,9,RFOTO-ABC,144,0.2586379968307349
S4,9,RFOTO-ABC,149,0.2586379968307349
S4,9,RFOTO-ABC,154,0.2586379968307349
S4,9,RFOTO-ABC,159,0.2586379968307349
S4,9,RFOTO-ABC,164,0.2586379968307349
S4,9,RFOTO-ABC,169,0.2586379968307349
S4,9,RFOTO-ABC,174,0.2586379968307349
S4,9,RFOTO-ABC,179,0.2586379968307349
S4,9,RFOTO-ABC,184,0.2586379968307349
S4,9,RFOTO-ABC,189,0.2586379968307349
S4,9,RFOTO-ABC,194,0.2586379968307349
S4,9,RFOTO-ABC,199,0.2586379968307349
S4,9,RFOTO-ABC,204,0.2586379968307349
S4,9,RFOTO-ABC,209,0.2586379968307349
S4,9,RFOTO-ABC,214,0.2586379968307349
S4,9,RFOTO-ABC,219,0.2586379968307349
S4,9,RFOTO-ABC,224,0.2586379968307349
S4,9,RFOTO-ABC,229,0.2586379968307349
S4,9,RFOTO-ABC,234,0.2586379968307349
S4,9,RFOTO-ABC,239,0.2586379968307349
S4,9,RFOTO-ABC,244,0.2586379968307349
S4,9,RFOTO-ABC,249,0.2586379968307349
S4,9,RFOTO-ABC,254,0.25825171831989074
S4,9,RFOTO-ABC,259,0.25825171831989074
S4,9,RFOTO-ABC,264,0.25825171831989074
S4,9,RFOTO-ABC,269,0.25825171831989074
S4,9,RFOTO-ABC,274,0.25825171831989074
S4,9,RFOTO-ABC,279,0.25825171831989074
S4,9,RFOTO-ABC,284,0.25825171831989074
S4,9,RFOTO-ABC,289,0.25825171831989074
S4,9,RFOTO-ABC,294,0.25825171831989074
S4,9,RFOTO-ABC,299,0.25825171831989074
S4,9,RFOTO-ABC,304,0.25825171831989074
S4,9,RFOTO-ABC,309,0.25825171831989074
S4,9,RFOTO-ABC,314,0.25825171831989074
S4,9,RFOTO-ABC,319,0.25825171831989074
S4,9,RFOTO-ABC,324,0.25825171831989074
S4,9,RFOTO-ABC,329,0.25825171831989074
S4,9,RFOTO-ABC,334,0.25825171831989074
S4,9,RFOTO-ABC,339,0.25825171831989074
S4,9,RFOTO-ABC,344,0.25825171831989074
S4,9,RFOTO-ABC,349,0.25825171831989074
S4,9,RFOTO-ABC,354,0.25786612946615844
S4,9,RFOTO-ABC,359,0.25786612946615844
S4,9,RFOTO-ABC,364,0.25786612946615844
S4,9,RFOTO-ABC,369,0.25786612946615844
S4,9,RFOTO-ABC,374,0.25786612946615844
S4,9,Standard-ABC,14,0.6519220287446954
S4,9,Standard-ABC,19,0.6519220287446954
S4,9,Standard-ABC,24,0.6519220287446954
S4,9,Standard-ABC,29,0.6478561462806822
S4,9,Standard-ABC,34,0.6478561462806822
S4,9,Standard-ABC,39,0.6478561462806822
S4,9,Standard-ABC,44,0.6446165839409074
S4,9,Standard-ABC,49,0.6446165839409074
S4,9,Standard-ABC,54,0.6446165839409074
S4,9,Standard-ABC,59,0.6446165839409074
S4,9,Standard-ABC,64,0.6446165839409074
S4,9,Standard-ABC,69,0.6446165839409074
S4,9,Standard-ABC,74,0.6446165839409074
S4,9,Standard-ABC,79,0.6446165839409074
S4,9,Standard-ABC,84,0.6446165839409074
S4,9,Standard-ABC,89,0.6446165839409074
S4,9,Standard-ABC,94,0.6446165839409074
S4,9,Standard-ABC,99,0.6446165839409074
S4,9,Standard-ABC,104,0.6446165839409074
S4,9,Standard-ABC,109,0.6446165839409074
S4,9,Standard-ABC,114,0.6446165839409074
S4,9,Standard-ABC,119,0.6385068294287528
S4,9,Standard-ABC,124,0.6385068294287528
S4,9,Standard-ABC,129,0.6355373383776973
S4,9,Standard-ABC,134,0.6355373383776973
S4,9,Standard-ABC,139,0.6355373383776973
S4,9,Standard-ABC,144,0.6355373383776973
S4,9,Standard-ABC,149,0.6355373383776973
S4,9,Standard-ABC,154,0.6355373383776973
S4,9,Standard-ABC,159,0.6355373383776973
S4,9,Standard-ABC,164,0.6355373383776973
S4,9,Standard-ABC,169,0.6355373383776973
S4,9,Standard-ABC,174,0.6355373383776973
S4,9,Standard-ABC,179,0.6355373383776973
S4,9,Standard-ABC,184,0.6355373383776973
S4,9,Standard-ABC,189,0.6355373383776973
S4,9,Standard-ABC,194,0.6355373383776973
S4,9,Standard-ABC,199,0.6355373383776973
S4,9,Standard-ABC,204,0.6355373383776973
S4,9,Standard-ABC,209,0.6355373383776973
S4,9,Standard-ABC,214,0.6355373383776973
S4,9,Standard-ABC,219,0.6355373383776973
S4,9,Standard-ABC,224,0.6355373383776973
S4,9,Standard-ABC,229,0.6347116354863058
S4,9,Standard-ABC,234,0.6347116354863058
S4,9,Standard-ABC,239,0.6275947734211564
S4,9,Standard-ABC,244,0.6275947734211564
S4,9,Standard-ABC,249,0.6275947734211564
S4,9,Standard-ABC,254,0.6275947734211564
S4,9,Standard-ABC,259,0.6275947734211564
S4,9,Standard-ABC,264,0.6275947734211564
S4,9,Standard-ABC,269,0.6275947734211564
S4,9,Standard-ABC,274,0.6275947734211564
S4,9,Standard-ABC,279,0.6256152600722341
S4,9,Standard-ABC,284,0.6256152600722341
S4,9,Standard-ABC,289,0.6256152600722341
S4,9,Standard-ABC,294,0.6256152600722341
S4,9,Standard-ABC,299,0.6256152600722341
S4,9,Standard-ABC,304,0.6256152600722341
S4,9,Standard-ABC,309,0.6256152600722341
S4,9,Standard-ABC,314,0.6256152600722341
S4,9,Standard-ABC,319,0.6256152600722341
S4,9,Standard-ABC,324,0.6256152600722341
S4,9,Standard-ABC,329,0.6256152600722341
S4,9,Standard-ABC,334,0.6256152600722341
S4,9,Standard-ABC,339,0.6256152600722341
S4,9,Standard-ABC,344,0.6256152600722341
S4,9,Standard-ABC,349,0.6256152600722341
S4,9,Standard-ABC,354,0.6256152600722341
S4,9,Standard-ABC,359,0.6256152600722341
S4,9,Standard-ABC,364,0.6256152600722341
S4,9,Standard-ABC,369,0.6256152600722341
S4,9,Standard-ABC,374,0.6256152600722341
S4,9,GA,14,0.6519220287446954
S4,9,GA,19,0.6519220287446954
S4,9,GA,24,0.6519220287446954
S4,9,GA,29,0.6519220287446954
S4,9,GA,34,0.6519220287446954
S4,9,GA,39,0.6514456796595169
S4,9,GA,44,0.6514456796595169
S4,9,GA,49,0.6461786864736158
S4,9,GA,54,0.6324088134305648
S4,9,GA,59,0.6324088134305648
S4,9,GA,64,0.6224681150592876
S4,9,GA,69,0.6142346686063049
S4,9,GA,74,0.6067644784150572
S4,9,GA,79,0.6067644784150572
S4,9,GA,84,0.6067644784150572
S4,9,GA,89,0.5926250358518769
S4,9,GA,94,0.5926250358518769
S4,9,GA,99,0.5926250358518769
S4,9,GA,104,0.5926250358518769
S4,9,GA,109,0.5926250358518769
S4,9,GA,114,0.5906042217050499
S4,9,GA,119,0.5810859687271118
S4,9,GA,124,0.5810859687271118
S4,9,GA,129,0.5810859687271118
S4,9,GA,134,0.5810859687271118
S4,9,GA,139,0.5810859687271118
S4,9,GA,144,0.5810859687271118
S4,9,GA,149,0.5810859687271118
S4,9,GA,154,0.5799150582116673
S4,9,GA,159,0.5799150582116673
S4,9,GA,164,0.5799150582116673
S4,9,GA,169,0.5737447947922641
S4,9,GA,174,0.5731198045687647
S4,9,GA,179,0.5731198045687647
S4,9,GA,184,0.5573261958966241
S4,9,GA,189,0.5573261958966241
S4,9,GA,194,0.5573261958966241
S4,9,GA,199,0.5573261958966241
S4,9,GA,204,0.5573261958966241
S4,9,GA,209,0.5573261958966241
S4,9,GA,214,0.5573261958966241
S4,9,GA,219,0.5573261958966241
S4,9,GA,224,0.5573261958966241
S4,9,GA,229,0.5435004479934181
S4,9,GA,234,0.5435004479934181
S4,9,GA,239,0.5435004479934181
S4,9,GA,244,0.5435004479934181
S4,9,GA,249,0.5435004479934181
S4,9,GA,254,0.5435004479934181
S4,9,GA,259,0.5435004479934181
S4,9,GA,264,0.5433559635265603
S4,9,GA,269,0.5416005751029805
S4,9,GA,274,0.5361885524399005
S4,9,GA,279,0.5361885524399005
S4,9,GA,284,0.5361885524399005
S4,9,GA,289,0.5361885524399005
S4,9,GA,294,0.5361885524399005
S4,9,GA,299,0.5361885524399005
S4,9,GA,304,0.5327038783707163
S4,9,GA,309,0.5327038783707163
S4,9,GA,314,0.5327038783707163
S4,9,GA,319,0.5294096071609743
S4,9,GA,324,0.5294096071609743
S4,9,GA,329,0.5294096071609743
S4,9,GA,334,0.5211068282856197
S4,9,GA,339,0.5211068282856197
S4,9,GA,344,0.5211068282856197
S4,9,GA,349,0.5211068282856197
S4,9,GA,354,0.5211068282856197
S4,9,GA,359,0.5211068282856197
S4,9,GA,364,0.5211068282856197
S4,9,GA,369,0.5211068282856197
S4,9,GA,374,0.5211068282856197
S4,9,PSO,14,1.435917788186559
S4,9,PSO,19,1.0377140345653437
S4,9,PSO,24,1.0377140345653437
S4,9,PSO,29,1.0377140345653437
S4,9,PSO,34,1.0377140345653437
S4,9,PSO,39,1.016620986363857
S4,9,PSO,44,1.016620986363857
S4,9,PSO,49,1.016620986363857
S4,9,PSO,54,1.016620986363857
S4,9,PSO,59,1.016620986363857
S4,9,PSO,64,1.016620986363857
S4,9,PSO,69,1.016620986363857
S4,9,PSO,74,1.016620986363857
S4,9,PSO,79,1.016620986363857
S4,9,PSO,84,0.9371948528195584
S4,9,PSO,89,0.9371948528195584
S4,9,PSO,94,0.9371948528195584
S4,9,PSO,99,0.9371948528195584
S4,9,PSO,104,0.8719317117183591
S4,9,PSO,109,0.8719317117183591
S4,9,PSO,114,0.8719317117183591
S4,9,PSO,119,0.8719317117183591
S4,9,PSO,124,0.8719317117183591
S4,9,PSO,129,0.8719317117183591
S4,9,PSO,134,0.8719317117183591
S4,9,PSO,139,0.8719317117183591
S4,9,PSO,144,0.8719317117183591
S4,9,PSO,149,0.8719317117183591
S4,9,PSO,154,0.8719317117183591
S4,9,PSO,159,0.8719317117183591
S4,9,PSO,164,0.862973575033227
S4,9,PSO,169,0.862973575033227
S4,9,PSO,174,0.862973575033227
S4,9,PSO,179,0.862973575033227
S4,9,PSO,184,0.862973575033227
S4,9,PSO,189,0.862973575033227
S4,9,PSO,194,0.862973575033227
S4,9,PSO,199,0.862973575033227
S4,9,PSO,204,0.862973575033227
S4,9,PSO,209,0.8619828734079672
S4,9,PSO,214,0.8619828734079672
S4,9,PSO,219,0.8619828734079672
S4,9,PSO,224,0.8619828734079672
S4,9,PSO,229,0.8302201664010164
S4,9,PSO,234,0.8302201664010164
S4,9,PSO,239,0.8302201664010164
S4,9,PSO,244,0.8302201664010164
S4,9,PSO,249,0.8302201664010164
S4,9,PSO,254,0.8302201664010164
S4,9,PSO,259,0.8123532999542515
S4,9,PSO,264,0.8123532999542515
S4,9,PSO,269,0.8123532999542515
S4,9,PSO,274,0.8123532999542515
S4,9,PSO,279,0.8121383558532199
S4,9,PSO,284,0.7757594991949714
S4,9,PSO,289,0.7757594991949714
S4,9,PSO,294,0.7757594991949714
S4,9,PSO,299,0.772294884281479
S4,9,PSO,304,0.772294884281479
S4,9,PSO,309,0.772294884281479
S4,9,PSO,314,0.7550714174596495
S4,9,PSO,319,0.7550714174596495
S4,9,PSO,324,0.7550714174596495
S4,9,PSO,329,0.7550714174596495
S4,9,PSO,334,0.7550714174596495
S4,9,PSO,339,0.7550714174596495
S4,9,PSO,344,0.7550156703229544
S4,9,PSO,349,0.7524570343371656
S4,9,PSO,354,0.7524185497648728
S4,9,PSO,359,0.7524185497648728
S4,9,PSO,364,0.7524185497648728
S4,9,PSO,369,0.7502662131288228
S4,9,PSO,374,0.7502662131288228
S4,9,DE,14,1.435917788186559
S4,9,DE,19,1.435917788186559
S4,9,DE,24,1.385113974702667
S4,9,DE,29,1.385113974702667
S4,9,DE,34,1.385113974702667
S4,9,DE,39,1.2733458086341598
S4,9,DE,44,1.1382876500920664
S4,9,DE,49,1.0404683590526922
S4,9,DE,54,1.0404683590526922
S4,9,DE,59,1.0404683590526922
S4,9,DE,64,1.0404683590526922
S4,9,DE,69,1.0404683590526922
S4,9,DE,74,1.0404683590526922
S4,9,DE,79,1.0404683590526922
S4,9,DE,84,1.0404683590526922
S4,9,DE,89,1.0404683590526922
S4,9,DE,94,1.0404683590526922
S4,9,DE,99,1.0404683590526922
S4,9,DE,104,1.0404683590526922
S4,9,DE,109,1.0404683590526922
S4,9,DE,114,1.0234591025758748
S4,9,DE,119,1.0234591025758748
S4,9,DE,124,1.0234591025758748
S4,9,DE,129,1.0234591025758748
S4,9,DE,134,1.0234591025758748
S4,9,DE,139,0.9893550936955087
S4,9,DE,144,0.9893550936955087
S4,9,DE,149,0.9893550936955087
S4,9,DE,154,0.9893550936955087
S4,9,DE,159,0.9893550936955087
S4,9,DE,164,0.9893550936955087
S4,9,DE,169,0.9893550936955087
S4,9,DE,174,0.9893550936955087
S4,9,DE,179,0.9893550936955087
S4,9,DE,184,0.9893550936955087
S4,9,DE,189,0.9893550936955087
S4,9,DE,194,0.9893550936955087
S4,9,DE,199,0.9893550936955087
S4,9,DE,204,0.9893550936955087
S4,9,DE,209,0.9893550936955087
S4,9,DE,214,0.9893550936955087
S4,9,DE,219,0.9893550936955087
S4,9,DE,224,0.9893550936955087
S4,9,DE,229,0.9259807473645664
S4,9,DE,234,0.9259807473645664
S4,9,DE,239,0.9259807473645664
S4,9,DE,244,0.9259807473645664
S4,9,DE,249,0.9259807473645664
S4,9,DE,254,0.9259807473645664
S4,9,DE,259,0.9259807473645664
S4,9,DE,264,0.8949563586484448
S4,9,DE,269,0.8949563586484448
S4,9,DE,274,0.8949563586484448
S4,9,DE,279,0.8949563586484448
S4,9,DE,284,0.8949563586484448
S4,9,DE,289,0.8949563586484448
S4,9,DE,294,0.8949563586484448
S4,9,DE,299,0.8949563586484448
S4,9,DE,304,0.8949563586484448
S4,9,DE,309,0.8949563586484448
S4,9,DE,314,0.8949563586484448
S4,9,DE,319,0.8949563586484448
S4,9,DE,324,0.8949563586484448
S4,9,DE,329,0.8949563586484448
S4,9,DE,334,0.8949563586484448
S4,9,DE,339,0.8949563586484448
S4,9,DE,344,0.8949563586484448
S4,9,DE,349,0.8949563586484448
S4,9,DE,354,0.8844236469196498
S4,9,DE,359,0.8844236469196498
S4,9,DE,364,0.8844236469196498
S4,9,DE,369,0.8844236469196498
S4,9,DE,374,0.8844236469196498
S6,0,RFOTO-ABC,14,0.3615289533687734
S6,0,RFOTO-ABC,19,0.3615289533687734
S6,0,RFOTO-ABC,24,0.3615289533687734
S6,0,RFOTO-ABC,29,0.3615289533687734
S6,0,RFOTO-ABC,34,0.3615289533687734
S6,0,RFOTO-ABC,39,0.3615289533687734
S6,0,RFOTO-ABC,44,0.3615289533687734
S6,0,RFOTO-ABC,49,0.3615289533687734
S6,0,RFOTO-ABC,54,0.3615289533687734
S6,0,RFOTO-ABC,59,0.3615289533687734
S6,0,RFOTO-ABC,64,0.3615289533687734
S6,0,RFOTO-ABC,69,0.3615289533687734
S6,0,RFOTO-ABC,74,0.3615289533687734
S6,0,RFOTO-ABC,79,0.3615289533687734
S6,0,RFOTO-ABC,84,0.3615289533687734
S6,0,RFOTO-ABC,89,0.3615289533687734
S6,0,RFOTO-ABC,94,0.3558281897166875
S6,0,RFOTO-ABC,99,0.3558281897166875
S6,0,RFOTO-ABC,104,0.3558281897166875
S6,0,RFOTO-ABC,109,0.3558281897166875
S6,0,RFOTO-ABC,114,0.3558281897166875
S6,0,RFOTO-ABC,119,0.3558281897166875
S6,0,RFOTO-ABC,124,0.3558281897166875
S6,0,RFOTO-ABC,129,0.3558281897166875
S6,0,RFOTO-ABC,134,0.3558281897166875
S6,0,RFOTO-ABC,139,0.3558281897166875
S6,0,RFOTO-ABC,144,0.3558281897166875
S6,0,RFOTO-ABC,149,0.3558281897166875
S6,0,RFOTO-ABC,154,0.3558281897166875
S6,0,RFOTO-ABC,159,0.3558281897166875
S6,0,RFOTO-ABC,164,0.3558281897166875
S6,0,RFOTO-ABC,169,0.3558281897166875
S6,0,RFOTO-ABC,174,0.3558281897166875
S6,0,RFOTO-ABC,179,0.3558281897166875
S6,0,RFOTO-ABC,184,0.3558281897166875
S6,0,RFOTO-ABC,189,0.3558281897166875
S6,0,RFOTO-ABC,194,0.3558281897166875
S6,0,RFOTO-ABC,199,0.3558281897166875
S6,0,RFOTO-ABC,204,0.3558281897166875
S6,0,RFOTO-ABC,209,0.3558281897166875
S6,0,RFOTO-ABC,214,0.3558281897166875
S6,0,RFOTO-ABC,219,0.3558281897166875
S6,0,RFOTO-ABC,224,0.3558281897166875
S6,0,RFOTO-ABC,229,0.3558281897166875
S6,0,RFOTO-ABC,234,0.3558281897166875
S6,0,RFOTO-ABC,239,0.3558281897166875
S6,0,RFOTO-ABC,244,0.3558281897166875
S6,0,RFOTO-ABC,249,0.3480405696132717
S6,0,RFOTO-ABC,254,0.34791606087184795
S6,0,RFOTO-ABC,259,0.34791606087184795
S6,0,RFOTO-ABC,264,0.34791606087184795
S6,0,RFOTO-ABC,269,0.34744858545872437
S6,0,RFOTO-ABC,274,0.34744858545872437
S6,0,RFOTO-ABC,279,0.34744858545872437
S6,0,RFOTO-ABC,284,0.34744858545872437
S6,0,RFOTO-ABC,289,0.34744858545872437
S6,0,RFOTO-ABC,294,0.34744858545872437
S6,0,RFOTO-ABC,299,0.3463883903995117
S6,0,RFOTO-ABC,304,0.3463883903995117
S6,0,RFOTO-ABC,309,0.3463883903995117
S6,0,RFOTO-ABC,314,0.3463883903995117
S6,0,RFOTO-ABC,319,0.3463883903995117
S6,0,RFOTO-ABC,324,0.3463883903995117
S6,0,RFOTO-ABC,329,0.3463883903995117
S6,0,RFOTO-ABC,334,0.3463883903995117
S6,0,RFOTO-ABC,339,0.3463883903995117
S6,0,RFOTO-ABC,344,0.3463883903995117
S6,0,RFOTO-ABC,349,0.3463883903995117
S6,0,RFOTO-ABC,354,0.3463883903995117
S6,0,RFOTO-ABC,359,0.3463883903995117
S6,0,RFOTO-ABC,364,0.3463883903995117
S6,0,RFOTO-ABC,369,0.3463883903995117
S6,0,RFOTO-ABC,374,0.3463883903995117
S6,0,Standard-ABC,14,0.7698926130450241
S6,0,Standard-ABC,19,0.7698926130450241
S6,0,Standard-ABC,24,0.7698926130450241
S6,0,Standard-ABC,29,0.7698926130450241
S6,0,Standard-ABC,34,0.7698926130450241
S6,0,Standard-ABC,39,0.7698926130450241
S6,0,Standard-ABC,44,0.7698926130450241
S6,0,Standard-ABC,49,0.7698926130450241
S6,0,Standard-ABC,54,0.7698926130450241
S6,0,Standard-ABC,59,0.7697396042795631
S6,0,Standard-ABC,64,0.7697396042795631
S6,0,Standard-ABC,69,0.7697396042795631
S6,0,Standard-ABC,74,0.7697396042795631
S6,0,Standard-ABC,79,0.7697396042795631
S6,0,Standard-ABC,84,0.7697222655531609
S6,0,Standard-ABC,89,0.7697222655531609
S6,0,Standard-ABC,94,0.7697222655531609
S6,0,Standard-ABC,99,0.7697222655531609
S6,0,Standard-ABC,104,0.7697222655531609
S6,0,Standard-ABC,109,0.7697222655531609
S6,0,Standard-ABC,114,0.7697222655531609
S6,0,Standard-ABC,119,0.7697222655531609
S6,0,Standard-ABC,124,0.7697222655531609
S6,0,Standard-ABC,129,0.762501792819699
S6,0,Standard-ABC,134,0.762501792819699
S6,0,Standard-ABC,139,0.762501792819699
S6,0,Standard-ABC,144,0.762501792819699
S6,0,Standard-ABC,149,0.762501792819699
S6,0,Standard-ABC,154,0.762501792819699
S6,0,Standard-ABC,159,0.762501792819699
S6,0,Standard-ABC,164,0.762501792819699
S6,0,Standard-ABC,169,0.762501792819699
S6,0,Standard-ABC,174,0.7620187313589257
S6,0,Standard-ABC,179,0.7620187313589257
S6,0,Standard-ABC,184,0.7620187313589257
S6,0,Standard-ABC,189,0.7620187313589257
S6,0,Standard-ABC,194,0.7620187313589257
S6,0,Standard-ABC,199,0.7620187313589257
S6,0,Standard-ABC,204,0.7620187313589257
S6,0,Standard-ABC,209,0.7620187313589257
S6,0,Standard-ABC,214,0.7620187313589257
S6,0,Standard-ABC,219,0.7620187313589257
S6,0,Standard-ABC,224,0.7620187313589257
S6,0,Standard-ABC,229,0.7620187313589257
S6,0,Standard-ABC,234,0.7620187313589257
S6,0,Standard-ABC,239,0.7620187313589257
S6,0,Standard-ABC,244,0.7620187313589257
S6,0,Standard-ABC,249,0.7620187313589257
S6,0,Standard-ABC,254,0.7620187313589257
S6,0,Standard-ABC,259,0.7620187313589257
S6,0,Standard-ABC,264,0.7620187313589257
S6,0,Standard-ABC,269,0.7620187313589257
S6,0,Standard-ABC,274,0.7620187313589257
S6,0,Standard-ABC,279,0.7620187313589257
S6,0,Standard-ABC,284,0.7620187313589257
S6,0,Standard-ABC,289,0.7620187313589257
S6,0,Standard-ABC,294,0.7620187313589257
S6,0,Standard-ABC,299,0.7620187313589257
S6,0,Standard-ABC,304,0.7620187313589257
S6,0,Standard-ABC,309,0.7620187313589257
S6,0,Standard-ABC,314,0.7620187313589257
S6,0,Standard-ABC,319,0.7620187313589257
S6,0,Standard-ABC,324,0.7620187313589257
S6,0,Standard-ABC,329,0.7620187313589257
S6,0,Standard-ABC,334,0.7620187313589257
S6,0,Standard-ABC,339,0.7620187313589257
S6,0,Standard-ABC,344,0.7620187313589257
S6,0,Standard-ABC,349,0.7620187313589257
S6,0,Standard-ABC,354,0.7620187313589257
S6,0,Standard-ABC,359,0.7620187313589257
S6,0,Standard-ABC,364,0.7620187313589257
S6,0,Standard-ABC,369,0.7620187313589257
S6,0,Standard-ABC,374,0.7620187313589257
S6,0,GA,14,0.7698926130450241
S6,0,GA,19,0.7551508551760093
S6,0,GA,24,0.748574343140655
S6,0,GA,29,0.7297746521282612
S6,0,GA,34,0.7297746521282612
S6,0,GA,39,0.7172630681056358
S6,0,GA,44,0.710359033036382
S6,0,GA,49,0.710359033036382
S6,0,GA,54,0.710359033036382
S6,0,GA,59,0.710359033036382
S6,0,GA,64,0.710359033036382
S6,0,GA,69,0.710359033036382
S6,0,GA,74,0.7042575150637296
S6,0,GA,79,0.7042575150637296
S6,0,GA,84,0.6969326158586596
S6,0,GA,89,0.6933397201480539
S6,0,GA,94,0.6933397201480539
S6,0,GA,99,0.6933397201480539
S6,0,GA,104,0.6899700564904299
S6,0,GA,109,0.6899700564904299
S6,0,GA,114,0.6897773395563962
S6,0,GA,119,0.6882646164862893
S6,0,GA,124,0.6882646164862893
S6,0,GA,129,0.6882646164862893
S6,0,GA,134,0.6882646164862893
S6,0,GA,139,0.6882646164862893
S6,0,GA,144,0.6882646164862893
S6,0,GA,149,0.6882646164862893
S6,0,GA,154,0.6870786769310532
S6,0,GA,159,0.6801210134099505
S6,0,GA,164,0.6801210134099505
S6,0,GA,169,0.6801210134099505
S6,0,GA,174,0.6780920693573738
S6,0,GA,179,0.6780920693573738
S6,0,GA,184,0.6780920693573738
S6,0,GA,189,0.6780920693573738
S6,0,GA,194,0.6780920693573738
S6,0,GA,199,0.6780920693573738
S6,0,GA,204,0.6780920693573738
S6,0,GA,209,0.6776385082779806
S6,0,GA,214,0.6776385082779806
S6,0,GA,219,0.6776385082779806
S6,0,GA,224,0.6705486872913515
S6,0,GA,229,0.6705486872913515
S6,0,GA,234,0.6705486872913515
S6,0,GA,239,0.6705486872913515
S6,0,GA,244,0.6705486872913515
S6,0,GA,249,0.6705486872913515
S6,0,GA,254,0.6705486872913515
S6,0,GA,259,0.6705486872913515
S6,0,GA,264,0.6665988049713185
S6,0,GA,269,0.6665988049713185
S6,0,GA,274,0.6665988049713185
S6,0,GA,279,0.6596448776896345
S6,0,GA,284,0.6596448776896345
S6,0,GA,289,0.6596448776896345
S6,0,GA,294,0.6596448776896345
S6,0,GA,299,0.6596448776896345
S6,0,GA,304,0.6596448776896345
S6,0,GA,309,0.6596448776896345
S6,0,GA,314,0.6596448776896345
S6,0,GA,319,0.6596448776896345
S6,0,GA,324,0.6596448776896345
S6,0,GA,329,0.6596448776896345
S6,0,GA,334,0.6596448776896345
S6,0,GA,339,0.6596448776896345
S6,0,GA,344,0.6596448776896345
S6,0,GA,349,0.6596448776896345
S6,0,GA,354,0.6596448776896345
S6,0,GA,359,0.6596448776896345
S6,0,GA,364,0.6596448776896345
S6,0,GA,369,0.6596448776896345
S6,0,GA,374,0.6596448776896345
S6,0,PSO,14,1.0662864534703136
S6,0,PSO,19,1.0662864534703136
S6,0,PSO,24,1.0662864534703136
S6,0,PSO,29,1.0662864534703136
S6,0,PSO,34,1.0662864534703136
S6,0,PSO,39,1.0662864534703136
S6,0,PSO,44,1.0662864534703136
S6,0,PSO,49,1.0662864534703136
S6,0,PSO,54,1.0662864534703136
S6,0,PSO,59,1.0662864534703136
S6,0,PSO,64,1.0662864534703136
S6,0,PSO,69,1.0662864534703136
S6,0,PSO,74,1.0662864534703136
S6,0,PSO,79,1.0662864534703136
S6,0,PSO,84,1.0662864534703136
S6,0,PSO,89,1.0662864534703136
S6,0,PSO,94,1.054236255787937
S6,0,PSO,99,1.054236255787937
S6,0,PSO,104,1.054236255787937
S6,0,PSO,109,1.054236255787937
S6,0,PSO,114,1.054236255787937
S6,0,PSO,119,1.054236255787937
S6,0,PSO,124,1.043032200406286
S6,0,PSO,129,1.043032200406286
S6,0,PSO,134,1.043032200406286
S6,0,PSO,139,1.0242815772076805
S6,0,PSO,144,1.0242815772076805
S6,0,PSO,149,1.0242815772076805
S6,0,PSO,154,1.0242815772076805
S6,0,PSO,159,1.0242815772076805
S6,0,PSO,164,1.0242815772076805
S6,0,PSO,169,1.0242815772076805
S6,0,PSO,174,1.0242815772076805
S6,0,PSO,179,0.9997906407796411
S6,0,PSO,184,0.9997906407796411
S6,0,PSO,189,0.9997906407796411
S6,0,PSO,194,0.9997906407796411
S6,0,PSO,199,0.9997906407796411
S6,0,PSO,204,0.9921316899216152
S6,0,PSO,209,0.9921316899216152
S6,0,PSO,214,0.9921316899216152
S6,0,PSO,219,0.9921316899216152
S6,0,PSO,224,0.9921316899216152
S6,0,PSO,229,0.9921316899216152
S6,0,PSO,234,0.9304592385996089
S6,0,PSO,239,0.9304592385996089
S6,0,PSO,244,0.9304592385996089
S6,0,PSO,249,0.9304592385996089
S6,0,PSO,254,0.9304592385996089
S6,0,PSO,259,0.9304592385996089
S6,0,PSO,264,0.9304592385996089
S6,0,PSO,269,0.9304592385996089
S6,0,PSO,274,0.9304592385996089
S6,0,PSO,279,0.9304592385996089
S6,0,PSO,284,0.9304592385996089
S6,0,PSO,289,0.9304592385996089
S6,0,PSO,294,0.9304592385996089
S6,0,PSO,299,0.9304592385996089
S6,0,PSO,304,0.927825524694876
S6,0,PSO,309,0.927825524694876
S6,0,PSO,314,0.927825524694876
S6,0,PSO,319,0.927825524694876
S6,0,PSO,324,0.927825524694876
S6,0,PSO,329,0.927825524694876
S6,0,PSO,334,0.927825524694876
S6,0,PSO,339,0.927825524694876
S6,0,PSO,344,0.927825524694876
S6,0,PSO,349,0.927825524694876
S6,0,PSO,354,0.927825524694876
S6,0,PSO,359,0.927825524694876
S6,0,PSO,364,0.927825524694876
S6,0,PSO,369,0.927825524694876
S6,0,PSO,374,0.927825524694876
S6,0,DE,14,1.0662864534703136
S6,0,DE,19,1.0662864534703136
S6,0,DE,24,1.0662864534703136
S6,0,DE,29,1.0662864534703136
S6,0,DE,34,1.0662864534703136
S6,0,DE,39,1.0662864534703136
S6,0,DE,44,1.0662864534703136
S6,0,DE,49,1.0573114812871403
S6,0,DE,54,1.0573114812871403
S6,0,DE,59,0.8967494580369807
S6,0,DE,64,0.8967494580369807
S6,0,DE,69,0.8967494580369807
S6,0,DE,74,0.8967494580369807
S6,0,DE,79,0.8967494580369807
S6,0,DE,84,0.8967494580369807
S6,0,DE,89,0.8967494580369807
S6,0,DE,94,0.8967494580369807
S6,0,DE,99,0.8967494580369807
S6,0,DE,104,0.8967494580369807
S6,0,DE,109,0.8967494580369807
S6,0,DE,114,0.8967494580369807
S6,0,DE,119,0.8967494580369807
S6,0,DE,124,0.8967494580369807
S6,0,DE,129,0.8967494580369807
S6,0,DE,134,0.8967494580369807
S6,0,DE,139,0.8967494580369807
S6,0,DE,144,0.8967494580369807
S6,0,DE,149,0.8967494580369807
S6,0,DE,154,0.8967494580369807
S6,0,DE,159,0.8967494580369807
S6,0,DE,164,0.8967494580369807
S6,0,DE,169,0.8967494580369807
S6,0,DE,174,0.8967494580369807
S6,0,DE,179,0.8967494580369807
S6,0,DE,184,0.8967494580369807
S6,0,DE,189,0.8967494580369807
S6,0,DE,194,0.8967494580369807
S6,0,DE,199,0.8967494580369807
S6,0,DE,204,0.8967494580369807
S6,0,DE,209,0.8967494580369807
S6,0,DE,214,0.8967494580369807
S6,0,DE,219,0.8967494580369807
S6,0,DE,224,0.8967494580369807
S6,0,DE,229,0.8967494580369807
S6,0,DE,234,0.8967494580369807
S6,0,DE,239,0.8967494580369807
S6,0,DE,244,0.8967494580369807
S6,0,DE,249,0.8967494580369807
S6,0,DE,254,0.8967494580369807
S6,0,DE,259,0.8967494580369807
S6,0,DE,264,0.8967494580369807
S6,0,DE,269,0.8967494580369807
S6,0,DE,274,0.8967494580369807
S6,0,DE,279,0.8967494580369807
S6,0,DE,284,0.8967494580369807
S6,0,DE,289,0.8967494580369807
S6,0,DE,294,0.8967494580369807
S6,0,DE,299,0.8967494580369807
S6,0,DE,304,0.8967494580369807
S6,0,DE,309,0.8967494580369807
S6,0,DE,314,0.8967494580369807
S6,0,DE,319,0.8967494580369807
S6,0,DE,324,0.8967494580369807
S6,0,DE,329,0.8967494580369807
S6,0,DE,334,0.8967494580369807
S6,0,DE,339,0.8967494580369807
S6,0,DE,344,0.8967494580369807
S6,0,DE,349,0.8967494580369807
S6,0,DE,354,0.8967494580369807
S6,0,DE,359,0.8967494580369807
S6,0,DE,364,0.8967494580369807
S6,0,DE,369,0.8967494580369807
S6,0,DE,374,0.8967494580369807
S6,1,RFOTO-ABC,14,0.37565867814437526
S6,1,RFOTO-ABC,19,0.37565867814437526
S6,1,RFOTO-ABC,24,0.37565867814437526
S6,1,RFOTO-ABC,29,0.37565867814437526
S6,1,RFOTO-ABC,34,0.37565867814437526
S6,1,RFOTO-ABC,39,0.37565867814437526
S6,1,RFOTO-ABC,44,0.37565867814437526
S6,1,RFOTO-ABC,49,0.37565867814437526
S6,1,RFOTO-ABC,54,0.37565867814437526
S6,1,RFOTO-ABC,59,0.37565867814437526
S6,1,RFOTO-ABC,64,0.37565867814437526
S6,1,RFOTO-ABC,69,0.37565867814437526
S6,1,RFOTO-ABC,74,0.37565867814437526
S6,1,RFOTO-ABC,79,0.37520156431129603
S6,1,RFOTO-ABC,84,0.37520156431129603
S6,1,RFOTO-ABC,89,0.37520156431129603
S6,1,RFOTO-ABC,94,0.37520156431129603
S6,1,RFOTO-ABC,99,0.37520156431129603
S6,1,RFOTO-ABC,104,0.37520156431129603
S6,1,RFOTO-ABC,109,0.37520156431129603
S6,1,RFOTO-ABC,114,0.37520156431129603
S6,1,RFOTO-ABC,119,0.37520156431129603
S6,1,RFOTO-ABC,124,0.37520156431129603
S6,1,RFOTO-ABC,129,0.37520156431129603
S6,1,RFOTO-ABC,134,0.37520156431129603
S6,1,RFOTO-ABC,139,0.37520156431129603
S6,1,RFOTO-ABC,144,0.37520156431129603
S6,1,RFOTO-ABC,149,0.37520156431129603
S6,1,RFOTO-ABC,154,0.37520156431129603
S6,1,RFOTO-ABC,159,0.37520156431129603
S6,1,RFOTO-ABC,164,0.374989945590824
S6,1,RFOTO-ABC,169,0.374989945590824
S6,1,RFOTO-ABC,174,0.374989945590824
S6,1,RFOTO-ABC,179,0.374989945590824
S6,1,RFOTO-ABC,184,0.374989945590824
S6,1,RFOTO-ABC,189,0.374989945590824
S6,1,RFOTO-ABC,194,0.374989945590824
S6,1,RFOTO-ABC,199,0.374989945590824
S6,1,RFOTO-ABC,204,0.374989945590824
S6,1,RFOTO-ABC,209,0.374989945590824
S6,1,RFOTO-ABC,214,0.374989945590824
S6,1,RFOTO-ABC,219,0.374989945590824
S6,1,RFOTO-ABC,224,0.374989945590824
S6,1,RFOTO-ABC,229,0.374989945590824
S6,1,RFOTO-ABC,234,0.374989945590824
S6,1,RFOTO-ABC,239,0.374989945590824
S6,1,RFOTO-ABC,244,0.374989945590824
S6,1,RFOTO-ABC,249,0.374989945590824
S6,1,RFOTO-ABC,254,0.3749486596122237
S6,1,RFOTO-ABC,259,0.3749486596122237
S6,1,RFOTO-ABC,264,0.3749486596122237
S6,1,RFOTO-ABC,269,0.3749486596122237
S6,1,RFOTO-ABC,274,0.3749486596122237
S6,1,RFOTO-ABC,279,0.3749486596122237
S6,1,RFOTO-ABC,284,0.3749486596122237
S6,1,RFOTO-ABC,289,0.3749486596122237
S6,1,RFOTO-ABC,294,0.3749486596122237
S6,1,RFOTO-ABC,299,0.3749486596122237
S6,1,RFOTO-ABC,304,0.3749486596122237
S6,1,RFOTO-ABC,309,0.3749486596122237
S6,1,RFOTO-ABC,314,0.3749486596122237
S6,1,RFOTO-ABC,319,0.3749486596122237
S6,1,RFOTO-ABC,324,0.3749486596122237
S6,1,RFOTO-ABC,329,0.3749486596122237
S6,1,RFOTO-ABC,334,0.3749486596122237
S6,1,RFOTO-ABC,339,0.3749486596122237
S6,1,RFOTO-ABC,344,0.3749486596122237
S6,1,RFOTO-ABC,349,0.3749486596122237
S6,1,RFOTO-ABC,354,0.3749486596122237
S6,1,RFOTO-ABC,359,0.3749486596122237
S6,1,RFOTO-ABC,364,0.3749486596122237
S6,1,RFOTO-ABC,369,0.3749486596122237
S6,1,RFOTO-ABC,374,0.3749486596122237
S6,1,Standard-ABC,14,0.7984575919414113
S6,1,Standard-ABC,19,0.7984575919414113
S6,1,Standard-ABC,24,0.7899943153156919
S6,1,Standard-ABC,29,0.7899943153156919
S6,1,Standard-ABC,34,0.7899943153156919
S6,1,Standard-ABC,39,0.7899943153156919
S6,1,Standard-ABC,44,0.7899943153156919
S6,1,Standard-ABC,49,0.7899943153156919
S6,1,Standard-ABC,54,0.7899943153156919
S6,1,Standard-ABC,59,0.7899943153156919
S6,1,Standard-ABC,64,0.7899943153156919
S6,1,Standard-ABC,69,0.7899943153156919
S6,1,Standard-ABC,74,0.7899943153156919
S6,1,Standard-ABC,79,0.7899943153156919
S6,1,Standard-ABC,84,0.7899943153156919
S6,1,Standard-ABC,89,0.7899943153156919
S6,1,Standard-ABC,94,0.7899943153156919
S6,1,Standard-ABC,99,0.7899943153156919
S6,1,Standard-ABC,104,0.7899943153156919
S6,1,Standard-ABC,109,0.7899943153156919
S6,1,Standard-ABC,114,0.7899943153156919
S6,1,Standard-ABC,119,0.7899943153156919
S6,1,Standard-ABC,124,0.7899943153156919
S6,1,Standard-ABC,129,0.7899943153156919
S6,1,Standard-ABC,134,0.7899943153156919
S6,1,Standard-ABC,139,0.7899943153156919
S6,1,Standard-ABC,144,0.7899943153156919
S6,1,Standard-ABC,149,0.7899943153156919
S6,1,Standard-ABC,154,0.7899943153156919
S6,1,Standard-ABC,159,0.7899943153156919
S6,1,Standard-ABC,164,0.7899943153156919
S6,1,Standard-ABC,169,0.7899943153156919
S6,1,Standard-ABC,174,0.7899943153156919
S6,1,Standard-ABC,179,0.7899943153156919
S6,1,Standard-ABC,184,0.7899943153156919
S6,1,Standard-ABC,189,0.7899943153156919
S6,1,Standard-ABC,194,0.7899943153156919
S6,1,Standard-ABC,199,0.7899943153156919
S6,1,Standard-ABC,204,0.7899943153156919
S6,1,Standard-ABC,209,0.7899943153156919
S6,1,Standard-ABC,214,0.7899943153156919
S6,1,Standard-ABC,219,0.7899795643359623
S6,1,Standard-ABC,224,0.7899795643359623
S6,1,Standard-ABC,229,0.7899795643359623
S6,1,Standard-ABC,234,0.7899795643359623
S6,1,Standard-ABC,239,0.7890181742238642
S6,1,Standard-ABC,244,0.7890181742238642
S6,1,Standard-ABC,249,0.7890181742238642
S6,1,Standard-ABC,254,0.7890181742238642
S6,1,Standard-ABC,259,0.7890181742238642
S6,1,Standard-ABC,264,0.7890181742238642
S6,1,Standard-ABC,269,0.7890181742238642
S6,1,Standard-ABC,274,0.7890181742238642
S6,1,Standard-ABC,279,0.7890181742238642
S6,1,Standard-ABC,284,0.7890181742238642
S6,1,Standard-ABC,289,0.7890181742238642
S6,1,Standard-ABC,294,0.7867299113659395
S6,1,Standard-ABC,299,0.7867299113659395
S6,1,Standard-ABC,304,0.7867299113659395
S6,1,Standard-ABC,309,0.7809127468604609
S6,1,Standard-ABC,314,0.7809127468604609
S6,1,Standard-ABC,319,0.7809127468604609
S6,1,Standard-ABC,324,0.7809127468604609
S6,1,Standard-ABC,329,0.7809127468604609
S6,1,Standard-ABC,334,0.7809127468604609
S6,1,Standard-ABC,339,0.7809127468604609
S6,1,Standard-ABC,344,0.7809127468604609
S6,1,Standard-ABC,349,0.7809127468604609
S6,1,Standard-ABC,354,0.7809127468604609
S6,1,Standard-ABC,359,0.7809127468604609
S6,1,Standard-ABC,364,0.7809127468604609
S6,1,Standard-ABC,369,0.7809127468604609
S6,1,Standard-ABC,374,0.7809127468604609
S6,1,GA,14,0.7984575919414113
S6,1,GA,19,0.7984575919414113
S6,1,GA,24,0.7984575919414113
S6,1,GA,29,0.7984575919414113
S6,1,GA,34,0.7872840882418888
S6,1,GA,39,0.7872840882418888
S6,1,GA,44,0.7686603316242412
S6,1,GA,49,0.7686603316242412
S6,1,GA,54,0.7686603316242412
S6,1,GA,59,0.7686603316242412
S6,1,GA,64,0.7686603316242412
S6,1,GA,69,0.7686603316242412
S6,1,GA,74,0.7686603316242412
S6,1,GA,79,0.7659764821667052
S6,1,GA,84,0.7467778894100237
S6,1,GA,89,0.7467778894100237
S6,1,GA,94,0.7467778894100237
S6,1,GA,99,0.7467778894100237
S6,1,GA,104,0.7467778894100237
S6,1,GA,109,0.7467778894100237
S6,1,GA,114,0.7467778894100237
S6,1,GA,119,0.7467778894100237
S6,1,GA,124,0.7467778894100237
S6,1,GA,129,0.7467778894100237
S6,1,GA,134,0.7467778894100237
S6,1,GA,139,0.7467778894100237
S6,1,GA,144,0.741689069994943
S6,1,GA,149,0.7387256174760868
S6,1,GA,154,0.7387256174760868
S6,1,GA,159,0.7364448822599868
S6,1,GA,164,0.729740880495574
S6,1,GA,169,0.729740880495574
S6,1,GA,174,0.729740880495574
S6,1,GA,179,0.729740880495574
S6,1,GA,184,0.729740880495574
S6,1,GA,189,0.7245242435446164
S6,1,GA,194,0.7245242435446164
S6,1,GA,199,0.7245242435446164
S6,1,GA,204,0.7245242435446164
S6,1,GA,209,0.7245242435446164
S6,1,GA,214,0.7245242435446164
S6,1,GA,219,0.7168549388475218
S6,1,GA,224,0.7168549388475218
S6,1,GA,229,0.7168549388475218
S6,1,GA,234,0.7152193704197098
S6,1,GA,239,0.7152193704197098
S6,1,GA,244,0.7152193704197098
S6,1,GA,249,0.6995780999432102
S6,1,GA,254,0.6995780999432102
S6,1,GA,259,0.6995780999432102
S6,1,GA,264,0.6995780999432102
S6,1,GA,269,0.6995780999432102
S6,1,GA,274,0.6995780999432102
S6,1,GA,279,0.6995780999432102
S6,1,GA,284,0.6995780999432102
S6,1,GA,289,0.6995780999432102
S6,1,GA,294,0.6995780999432102
S6,1,GA,299,0.6995780999432102
S6,1,GA,304,0.6995780999432102
S6,1,GA,309,0.6995780999432102
S6,1,GA,314,0.6995780999432102
S6,1,GA,319,0.6988994186353958
S6,1,GA,324,0.6988994186353958
S6,1,GA,329,0.6972429439246616
S6,1,GA,334,0.6972429439246616
S6,1,GA,339,0.6972429439246616
S6,1,GA,344,0.6972429439246616
S6,1,GA,349,0.6972429439246616
S6,1,GA,354,0.696308489055487
S6,1,GA,359,0.696308489055487
S6,1,GA,364,0.696308489055487
S6,1,GA,369,0.696308489055487
S6,1,GA,374,0.696308489055487
S6,1,PSO,14,1.4827690260661155
S6,1,PSO,19,1.2558006105089337
S6,1,PSO,24,1.2558006105089337
S6,1,PSO,29,1.2558006105089337
S6,1,PSO,34,1.2558006105089337
S6,1,PSO,39,1.2558006105089337
S6,1,PSO,44,1.2558006105089337
S6,1,PSO,49,1.2307721779636602
S6,1,PSO,54,1.1934070123521106
S6,1,PSO,59,1.1934070123521106
S6,1,PSO,64,1.1934070123521106
S6,1,PSO,69,1.1934070123521106
S6,1,PSO,74,1.1934070123521106
S6,1,PSO,79,1.1934070123521106
S6,1,PSO,84,1.1934070123521106
S6,1,PSO,89,1.1934070123521106
S6,1,PSO,94,1.1934070123521106
S6,1,PSO,99,1.1934070123521106
S6,1,PSO,104,1.1541923472568905
S6,1,PSO,109,1.1541923472568905
S6,1,PSO,114,1.1541923472568905
S6,1,PSO,119,1.152543931473684
S6,1,PSO,124,1.152543931473684
S6,1,PSO,129,1.1111052184941856
S6,1,PSO,134,1.1111052184941856
S6,1,PSO,139,1.1111052184941856
S6,1,PSO,144,1.1111052184941856
S6,1,PSO,149,1.0872952650934822
S6,1,PSO,154,1.0872952650934822
S6,1,PSO,159,1.0872952650934822
S6,1,PSO,164,1.0872952650934822
S6,1,PSO,169,1.0872952650934822
S6,1,PSO,174,1.0872952650934822
S6,1,PSO,179,1.0872952650934822
S6,1,PSO,184,1.0872952650934822
S6,1,PSO,189,1.0872952650934822
S6,1,PSO,194,1.0872952650934822
S6,1,PSO,199,1.0872952650934822
S6,1,PSO,204,1.058406809946515
S6,1,PSO,209,1.058406809946515
S6,1,PSO,214,1.058406809946515
S6,1,PSO,219,1.058406809946515
S6,1,PSO,224,1.058406809946515
S6,1,PSO,229,1.058406809946515
S6,1,PSO,234,1.058406809946515
S6,1,PSO,239,1.058406809946515
S6,1,PSO,244,1.0469464149957917
S6,1,PSO,249,1.0469464149957917
S6,1,PSO,254,1.0342089925028728
S6,1,PSO,259,0.9699716086422581
S6,1,PSO,264,0.9699716086422581
S6,1,PSO,269,0.9699716086422581
S6,1,PSO,274,0.9437647744149399
S6,1,PSO,279,0.9437647744149399
S6,1,PSO,284,0.9437647744149399
S6,1,PSO,289,0.9437647744149399
S6,1,PSO,294,0.9437647744149399
S6,1,PSO,299,0.9437647744149399
S6,1,PSO,304,0.9437647744149399
S6,1,PSO,309,0.9437647744149399
S6,1,PSO,314,0.9437647744149399
S6,1,PSO,319,0.9437647744149399
S6,1,PSO,324,0.9437647744149399
S6,1,PSO,329,0.9437647744149399
S6,1,PSO,334,0.9437647744149399
S6,1,PSO,339,0.9437647744149399
S6,1,PSO,344,0.8798681666637733
S6,1,PSO,349,0.8798681666637733
S6,1,PSO,354,0.8798681666637733
S6,1,PSO,359,0.8798681666637733
S6,1,PSO,364,0.8798681666637733
S6,1,PSO,369,0.8798681666637733
S6,1,PSO,374,0.8743318218270488
S6,1,DE,14,1.4827690260661155
S6,1,DE,19,1.4827690260661155
S6,1,DE,24,1.4827690260661155
S6,1,DE,29,1.4827690260661155
S6,1,DE,34,1.4827690260661155
S6,1,DE,39,1.4827690260661155
S6,1,DE,44,1.4827690260661155
S6,1,DE,49,1.4827690260661155
S6,1,DE,54,1.4827690260661155
S6,1,DE,59,1.4827690260661155
S6,1,DE,64,1.4827690260661155
S6,1,DE,69,1.4827690260661155
S6,1,DE,74,1.4827690260661155
S6,1,DE,79,1.4827690260661155
S6,1,DE,84,1.4827690260661155
S6,1,DE,89,1.4827690260661155
S6,1,DE,94,1.4827690260661155
S6,1,DE,99,1.3855062551926862
S6,1,DE,104,1.3855062551926862
S6,1,DE,109,1.3855062551926862
S6,1,DE,114,1.3855062551926862
S6,1,DE,119,1.3855062551926862
S6,1,DE,124,1.3855062551926862
S6,1,DE,129,1.3855062551926862
S6,1,DE,134,1.3855062551926862
S6,1,DE,139,1.3855062551926862
S6,1,DE,144,1.3855062551926862
S6,1,DE,149,1.3855062551926862
S6,1,DE,154,1.3855062551926862
S6,1,DE,159,1.3855062551926862
S6,1,DE,164,1.3855062551926862
S6,1,DE,169,1.3002898352244594
S6,1,DE,174,1.3002898352244594
S6,1,DE,179,1.3002898352244594
S6,1,DE,184,1.3002898352244594
S6,1,DE,189,1.3002898352244594
S6,1,DE,194,1.3002898352244594
S6,1,DE,199,1.3002898352244594
S6,1,DE,204,1.3002898352244594
S6,1,DE,209,1.3002898352244594
S6,1,DE,214,1.3002898352244594
S6,1,DE,219,1.3002898352244594
S6,1,DE,224,1.3002898352244594
S6,1,DE,229,1.3002898352244594
S6,1,DE,234,1.3002898352244594
S6,1,DE,239,1.1306873804896551
S6,1,DE,244,1.1306873804896551
S6,1,DE,249,1.1306873804896551
S6,1,DE,254,1.1306873804896551
S6,1,DE,259,1.1306873804896551
S6,1,DE,264,1.1306873804896551
S6,1,DE,269,1.1306873804896551
S6,1,DE,274,1.1306873804896551
S6,1,DE,279,1.1306873804896551
S6,1,DE,284,1.1306873804896551
S6,1,DE,289,1.1306873804896551
S6,1,DE,294,1.1306873804896551
S6,1,DE,299,1.1306873804896551
S6,1,DE,304,1.1306873804896551
S6,1,DE,309,1.1306873804896551
S6,1,DE,314,1.1306873804896551
S6,1,DE,319,1.1306873804896551
S6,1,DE,324,1.1306873804896551
S6,1,DE,329,1.1306873804896551
S6,1,DE,334,1.1306873804896551
S6,1,DE,339,1.1306873804896551
S6,1,DE,344,1.1306873804896551
S6,1,DE,349,1.1306873804896551
S6,1,DE,354,1.1306873804896551
S6,1,DE,359,1.1306873804896551
S6,1,DE,364,1.1306873804896551
S6,1,DE,369,1.1306873804896551
S6,1,DE,374,1.1306873804896551
S6,2,RFOTO-ABC,14,0.3695805296768863
S6,2,RFOTO-ABC,19,0.3695805296768863
S6,2,RFOTO-ABC,24,0.3695805296768863
S6,2,RFOTO-ABC,29,0.3695805296768863
S6,2,RFOTO-ABC,34,0.3695805296768863
S6,2,RFOTO-ABC,39,0.3695805296768863
S6,2,RFOTO-ABC,44,0.3695805296768863
S6,2,RFOTO-ABC,49,0.3695805296768863
S6,2,RFOTO-ABC,54,0.3695805296768863
S6,2,RFOTO-ABC,59,0.3695805296768863
S6,2,RFOTO-ABC,64,0.3695805296768863
S6,2,RFOTO-ABC,69,0.3695805296768863
S6,2,RFOTO-ABC,74,0.3695805296768863
S6,2,RFOTO-ABC,79,0.3695805296768863
S6,2,RFOTO-ABC,84,0.3695805296768863
S6,2,RFOTO-ABC,89,0.3695805296768863
S6,2,RFOTO-ABC,94,0.3695805296768863
S6,2,RFOTO-ABC,99,0.3695805296768863
S6,2,RFOTO-ABC,104,0.3695805296768863
S6,2,RFOTO-ABC,109,0.3695805296768863
S6,2,RFOTO-ABC,114,0.3695805296768863
S6,2,RFOTO-ABC,119,0.3695805296768863
S6,2,RFOTO-ABC,124,0.3695805296768863
S6,2,RFOTO-ABC,129,0.3695805296768863
S6,2,RFOTO-ABC,134,0.3695805296768863
S6,2,RFOTO-ABC,139,0.3695805296768863
S6,2,RFOTO-ABC,144,0.3695805296768863
S6,2,RFOTO-ABC,149,0.3695805296768863
S6,2,RFOTO-ABC,154,0.3695805296768863
S6,2,RFOTO-ABC,159,0.3695805296768863
S6,2,RFOTO-ABC,164,0.3695805296768863
S6,2,RFOTO-ABC,169,0.3695805296768863
S6,2,RFOTO-ABC,174,0.3695805296768863
S6,2,RFOTO-ABC,179,0.3695805296768863
S6,2,RFOTO-ABC,184,0.3695805296768863
S6,2,RFOTO-ABC,189,0.3695805296768863
S6,2,RFOTO-ABC,194,0.3695805296768863
S6,2,RFOTO-ABC,199,0.3695805296768863
S6,2,RFOTO-ABC,204,0.3695805296768863
S6,2,RFOTO-ABC,209,0.3695805296768863
S6,2,RFOTO-ABC,214,0.3695805296768863
S6,2,RFOTO-ABC,219,0.3695805296768863
S6,2,RFOTO-ABC,224,0.3695805296768863
S6,2,RFOTO-ABC,229,0.3695805296768863
S6,2,RFOTO-ABC,234,0.3695805296768863
S6,2,RFOTO-ABC,239,0.3695805296768863
S6,2,RFOTO-ABC,244,0.3695805296768863
S6,2,RFOTO-ABC,249,0.3695805296768863
S6,2,RFOTO-ABC,254,0.3695805296768863
S6,2,RFOTO-ABC,259,0.3695805296768863
S6,2,RFOTO-ABC,264,0.3695805296768863
S6,2,RFOTO-ABC,269,0.3695805296768863
S6,2,RFOTO-ABC,274,0.3695805296768863
S6,2,RFOTO-ABC,279,0.3695805296768863
S6,2,RFOTO-ABC,284,0.3695805296768863
S6,2,RFOTO-ABC,289,0.3695805296768863
S6,2,RFOTO-ABC,294,0.3695805296768863
S6,2,RFOTO-ABC,299,0.3695805296768863
S6,2,RFOTO-ABC,304,0.3695805296768863
S6,2,RFOTO-ABC,309,0.3695805296768863
S6,2,RFOTO-ABC,314,0.3695805296768863
S6,2,RFOTO-ABC,319,0.3695805296768863
S6,2,RFOTO-ABC,324,0.3695805296768863
S6,2,RFOTO-ABC,329,0.3695805296768863
S6,2,RFOTO-ABC,334,0.3695805296768863
S6,2,RFOTO-ABC,339,0.3695805296768863
S6,2,RFOTO-ABC,344,0.3695805296768863
S6,2,RFOTO-ABC,349,0.3695805296768863
S6,2,RFOTO-ABC,354,0.3695805296768863
S6,2,RFOTO-ABC,359,0.3695805296768863
S6,2,RFOTO-ABC,364,0.3695805296768863
S6,2,RFOTO-ABC,369,0.3695805296768863
S6,2,RFOTO-ABC,374,0.3695805296768863
S6,2,Standard-ABC,14,0.7435247956001093
S6,2,Standard-ABC,19,0.7435247956001093
S6,2,Standard-ABC,24,0.7435247956001093
S6,2,Standard-ABC,29,0.7435247956001093
S6,2,Standard-ABC,34,0.7435247956001093
S6,2,Standard-ABC,39,0.7392575732627328
S6,2,Standard-ABC,44,0.7392575732627328
S6,2,Standard-ABC,49,0.7392575732627328
S6,2,Standard-ABC,54,0.7392575732627328
S6,2,Standard-ABC,59,0.7392575732627328
S6,2,Standard-ABC,64,0.7392575732627328
S6,2,Standard-ABC,69,0.7381040183109895
S6,2,Standard-ABC,74,0.7381040183109895
S6,2,Standard-ABC,79,0.7381040183109895
S6,2,Standard-ABC,84,0.7381040183109895
S6,2,Standard-ABC,89,0.7381040183109895
S6,2,Standard-ABC,94,0.7381040183109895
S6,2,Standard-ABC,99,0.7381040183109895
S6,2,Standard-ABC,104,0.7381040183109895
S6,2,Standard-ABC,109,0.7381040183109895
S6,2,Standard-ABC,114,0.7381040183109895
S6,2,Standard-ABC,119,0.7381040183109895
S6,2,Standard-ABC,124,0.7381040183109895
S6,2,Standard-ABC,129,0.7381040183109895
S6,2,Standard-ABC,134,0.7381040183109895
S6,2,Standard-ABC,139,0.7381040183109895
S6,2,Standard-ABC,144,0.7381040183109895
S6,2,Standard-ABC,149,0.7381040183109895
S6,2,Standard-ABC,154,0.7381040183109895
S6,2,Standard-ABC,159,0.7381040183109895
S6,2,Standard-ABC,164,0.7381040183109895
S6,2,Standard-ABC,169,0.7381040183109895
S6,2,Standard-ABC,174,0.7381040183109895
S6,2,Standard-ABC,179,0.7381040183109895
S6,2,Standard-ABC,184,0.7381040183109895
S6,2,Standard-ABC,189,0.7247553153372613
S6,2,Standard-ABC,194,0.7247553153372613
S6,2,Standard-ABC,199,0.7247553153372613
S6,2,Standard-ABC,204,0.7247553153372613
S6,2,Standard-ABC,209,0.7245644947191543
S6,2,Standard-ABC,214,0.7245644947191543
S6,2,Standard-ABC,219,0.7245644947191543
S6,2,Standard-ABC,224,0.7245644947191543
S6,2,Standard-ABC,229,0.7245644947191543
S6,2,Standard-ABC,234,0.7245644947191543
S6,2,Standard-ABC,239,0.7201239934408092
S6,2,Standard-ABC,244,0.719574385015805
S6,2,Standard-ABC,249,0.719574385015805
S6,2,Standard-ABC,254,0.719574385015805
S6,2,Standard-ABC,259,0.719574385015805
S6,2,Standard-ABC,264,0.719574385015805
S6,2,Standard-ABC,269,0.719574385015805
S6,2,Standard-ABC,274,0.719574385015805
S6,2,Standard-ABC,279,0.719574385015805
S6,2,Standard-ABC,284,0.719574385015805
S6,2,Standard-ABC,289,0.719574385015805
S6,2,Standard-ABC,294,0.719574385015805
S6,2,Standard-ABC,299,0.719574385015805
S6,2,Standard-ABC,304,0.719574385015805
S6,2,Standard-ABC,309,0.719574385015805
S6,2,Standard-ABC,314,0.719574385015805
S6,2,Standard-ABC,319,0.7185995036373539
S6,2,Standard-ABC,324,0.7185995036373539
S6,2,Standard-ABC,329,0.7185995036373539
S6,2,Standard-ABC,334,0.7185995036373539
S6,2,Standard-ABC,339,0.7185995036373539
S6,2,Standard-ABC,344,0.7184587215174068
S6,2,Standard-ABC,349,0.7184587215174068
S6,2,Standard-ABC,354,0.7184587215174068
S6,2,Standard-ABC,359,0.7184587215174068
S6,2,Standard-ABC,364,0.7184587215174068
S6,2,Standard-ABC,369,0.7184587215174068
S6,2,Standard-ABC,374,0.7184587215174068
S6,2,GA,14,0.7435247956001093
S6,2,GA,19,0.731624350178065
S6,2,GA,24,0.731624350178065
S6,2,GA,29,0.731624350178065
S6,2,GA,34,0.731624350178065
S6,2,GA,39,0.731624350178065
S6,2,GA,44,0.731624350178065
S6,2,GA,49,0.7242039686270672
S6,2,GA,54,0.7242039686270672
S6,2,GA,59,0.7194222427875231
S6,2,GA,64,0.7164006474513811
S6,2,GA,69,0.7164006474513811
S6,2,GA,74,0.7108336188618686
S6,2,GA,79,0.7108336188618686
S6,2,GA,84,0.706694954961913
S6,2,GA,89,0.6824936971872654
S6,2,GA,94,0.6813949474078794
S6,2,GA,99,0.6813949474078794
S6,2,GA,104,0.6750370373700589
S6,2,GA,109,0.6717427801027759
S6,2,GA,114,0.6695308889131639
S6,2,GA,119,0.6695308889131639
S6,2,GA,124,0.668966056497007
S6,2,GA,129,0.6625678560872009
S6,2,GA,134,0.6597732250316684
S6,2,GA,139,0.6597732250316684
S6,2,GA,144,0.6597732250316684
S6,2,GA,149,0.6597732250316684
S6,2,GA,154,0.6597732250316684
S6,2,GA,159,0.6597732250316684
S6,2,GA,164,0.6580864118912646
S6,2,GA,169,0.6580864118912646
S6,2,GA,174,0.6580864118912646
S6,2,GA,179,0.6577008651855955
S6,2,GA,184,0.6577008651855955
S6,2,GA,189,0.6577008651855955
S6,2,GA,194,0.6577008651855955
S6,2,GA,199,0.6577008651855955
S6,2,GA,204,0.655625288911382
S6,2,GA,209,0.6529014008377606
S6,2,GA,214,0.6529014008377606
S6,2,GA,219,0.6529014008377606
S6,2,GA,224,0.6504915540582589
S6,2,GA,229,0.6504915540582589
S6,2,GA,234,0.6504915540582589
S6,2,GA,239,0.6504915540582589
S6,2,GA,244,0.6504915540582589
S6,2,GA,249,0.6465936151924832
S6,2,GA,254,0.6465936151924832
S6,2,GA,259,0.6450811556822109
S6,2,GA,264,0.6450811556822109
S6,2,GA,269,0.6450811556822109
S6,2,GA,274,0.6450811556822109
S6,2,GA,279,0.6423800634485555
S6,2,GA,284,0.6423800634485555
S6,2,GA,289,0.6423800634485555
S6,2,GA,294,0.6394838937798589
S6,2,GA,299,0.6394838937798589
S6,2,GA,304,0.6394838937798589
S6,2,GA,309,0.6392881180046398
S6,2,GA,314,0.6392881180046398
S6,2,GA,319,0.6392881180046398
S6,2,GA,324,0.6392881180046398
S6,2,GA,329,0.6392881180046398
S6,2,GA,334,0.6392881180046398
S6,2,GA,339,0.6392881180046398
S6,2,GA,344,0.6392881180046398
S6,2,GA,349,0.6358262589835364
S6,2,GA,354,0.6358262589835364
S6,2,GA,359,0.6358262589835364
S6,2,GA,364,0.6338381314993756
S6,2,GA,369,0.6338381314993756
S6,2,GA,374,0.6321672632378126
S6,2,PSO,14,1.3779618200443333
S6,2,PSO,19,1.2419969537994395
S6,2,PSO,24,1.2419969537994395
S6,2,PSO,29,1.2402266172449907
S6,2,PSO,34,1.2402266172449907
S6,2,PSO,39,1.2402266172449907
S6,2,PSO,44,1.165214303844856
S6,2,PSO,49,1.165214303844856
S6,2,PSO,54,1.165214303844856
S6,2,PSO,59,1.165214303844856
S6,2,PSO,64,1.165214303844856
S6,2,PSO,69,1.165214303844856
S6,2,PSO,74,1.165214303844856
S6,2,PSO,79,1.165214303844856
S6,2,PSO,84,1.165214303844856
S6,2,PSO,89,1.165214303844856
S6,2,PSO,94,1.165214303844856
S6,2,PSO,99,1.165214303844856
S6,2,PSO,104,1.165214303844856
S6,2,PSO,109,1.165214303844856
S6,2,PSO,114,1.165214303844856
S6,2,PSO,119,1.165214303844856
S6,2,PSO,124,1.165214303844856
S6,2,PSO,129,1.165214303844856
S6,2,PSO,134,1.165214303844856
S6,2,PSO,139,1.165214303844856
S6,2,PSO,144,1.165214303844856
S6,2,PSO,149,1.127513330774717
S6,2,PSO,154,1.127513330774717
S6,2,PSO,159,1.0702158923411105
S6,2,PSO,164,1.0205607207999652
S6,2,PSO,169,1.0205607207999652
S6,2,PSO,174,1.0205607207999652
S6,2,PSO,179,1.0205607207999652
S6,2,PSO,184,1.0104253750787837
S6,2,PSO,189,0.9542415422286357
S6,2,PSO,194,0.9542415422286357
S6,2,PSO,199,0.9542415422286357
S6,2,PSO,204,0.9542415422286357
S6,2,PSO,209,0.9542415422286357
S6,2,PSO,214,0.9542415422286357
S6,2,PSO,219,0.9542415422286357
S6,2,PSO,224,0.9542415422286357
S6,2,PSO,229,0.9470996003071895
S6,2,PSO,234,0.9470996003071895
S6,2,PSO,239,0.8890142441708097
S6,2,PSO,244,0.8890142441708097
S6,2,PSO,249,0.8890142441708097
S6,2,PSO,254,0.8596703143368243
S6,2,PSO,259,0.8596703143368243
S6,2,PSO,264,0.8596703143368243
S6,2,PSO,269,0.8596703143368243
S6,2,PSO,274,0.8596703143368243
S6,2,PSO,279,0.8596703143368243
S6,2,PSO,284,0.8569389025878983
S6,2,PSO,289,0.8569389025878983
S6,2,PSO,294,0.8569389025878983
S6,2,PSO,299,0.8569389025878983
S6,2,PSO,304,0.8147546825610215
S6,2,PSO,309,0.8147546825610215
S6,2,PSO,314,0.8147546825610215
S6,2,PSO,319,0.8147546825610215
S6,2,PSO,324,0.8078654923715248
S6,2,PSO,329,0.7819051665696545
S6,2,PSO,334,0.7819051665696545
S6,2,PSO,339,0.7819051665696545
S6,2,PSO,344,0.7819051665696545
S6,2,PSO,349,0.7819051665696545
S6,2,PSO,354,0.7819051665696545
S6,2,PSO,359,0.7819051665696545
S6,2,PSO,364,0.7738767914796151
S6,2,PSO,369,0.7738767914796151
S6,2,PSO,374,0.7738767914796151
S6,2,DE,14,1.3779618200443333
S6,2,DE,19,1.3779618200443333
S6,2,DE,24,1.3779618200443333
S6,2,DE,29,1.3779618200443333
S6,2,DE,34,1.3779618200443333
S6,2,DE,39,1.3779618200443333
S6,2,DE,44,1.3779618200443333
S6,2,DE,49,1.3111059564096255
S6,2,DE,54,1.2474262043701985
S6,2,DE,59,1.2474262043701985
S6,2,DE,64,1.2474262043701985
S6,2,DE,69,1.2474262043701985
S6,2,DE,74,1.2474262043701985
S6,2,DE,79,1.2474262043701985
S6,2,DE,84,1.2474262043701985
S6,2,DE,89,1.217774671881933
S6,2,DE,94,1.217774671881933
S6,2,DE,99,1.217774671881933
S6,2,DE,104,1.217774671881933
S6,2,DE,109,1.217774671881933
S6,2,DE,114,1.217774671881933
S6,2,DE,119,1.217774671881933
S6,2,DE,124,1.217774671881933
S6,2,DE,129,1.217774671881933
S6,2,DE,134,1.217774671881933
S6,2,DE,139,1.217774671881933
S6,2,DE,144,1.217774671881933
S6,2,DE,149,1.217774671881933
S6,2,DE,154,1.217774671881933
S6,2,DE,159,1.217774671881933
S6,2,DE,164,1.217774671881933
S6,2,DE,169,1.217774671881933
S6,2,DE,174,1.1873792715474483
S6,2,DE,179,1.1873792715474483
S6,2,DE,184,1.1873792715474483
S6,2,DE,189,1.1873792715474483
S6,2,DE,194,1.1873792715474483
S6,2,DE,199,1.1873792715474483
S6,2,DE,204,1.1873792715474483
S6,2,DE,209,1.1873792715474483
S6,2,DE,214,1.1873792715474483
S6,2,DE,219,1.1873792715474483
S6,2,DE,224,1.1873792715474483
S6,2,DE,229,1.1873792715474483
S6,2,DE,234,1.1873792715474483
S6,2,DE,239,0.9920998156523936
S6,2,DE,244,0.9920998156523936
S6,2,DE,249,0.9920998156523936
S6,2,DE,254,0.9920998156523936
S6,2,DE,259,0.9920998156523936
S6,2,DE,264,0.9920998156523936
S6,2,DE,269,0.9920998156523936
S6,2,DE,274,0.9920998156523936
S6,2,DE,279,0.9920998156523936
S6,2,DE,284,0.9920998156523936
S6,2,DE,289,0.9920998156523936
S6,2,DE,294,0.9920998156523936
S6,2,DE,299,0.9920998156523936
S6,2,DE,304,0.9920998156523936
S6,2,DE,309,0.9920998156523936
S6,2,DE,314,0.9920998156523936
S6,2,DE,319,0.9920998156523936
S6,2,DE,324,0.9920998156523936
S6,2,DE,329,0.9920998156523936
S6,2,DE,334,0.9920998156523936
S6,2,DE,339,0.9920998156523936
S6,2,DE,344,0.9920998156523936
S6,2,DE,349,0.9920998156523936
S6,2,DE,354,0.9920998156523936
S6,2,DE,359,0.9920998156523936
S6,2,DE,364,0.9920998156523936
S6,2,DE,369,0.9920998156523936
S6,2,DE,374,0.9920998156523936
S6,3,RFOTO-ABC,14,0.3501638364269871
S6,3,RFOTO-ABC,19,0.3501638364269871
S6,3,RFOTO-ABC,24,0.3501638364269871
S6,3,RFOTO-ABC,29,0.3501638364269871
S6,3,RFOTO-ABC,34,0.3501638364269871
S6,3,RFOTO-ABC,39,0.3501638364269871
S6,3,RFOTO-ABC,44,0.3501638364269871
S6,3,RFOTO-ABC,49,0.3501638364269871
S6,3,RFOTO-ABC,54,0.3501638364269871
S6,3,RFOTO-ABC,59,0.3501638364269871
S6,3,RFOTO-ABC,64,0.3501638364269871
S6,3,RFOTO-ABC,69,0.3501638364269871
S6,3,RFOTO-ABC,74,0.3501638364269871
S6,3,RFOTO-ABC,79,0.3501638364269871
S6,3,RFOTO-ABC,84,0.3501638364269871
S6,3,RFOTO-ABC,89,0.3501638364269871
S6,3,RFOTO-ABC,94,0.3501638364269871
S6,3,RFOTO-ABC,99,0.3501638364269871
S6,3,RFOTO-ABC,104,0.3501638364269871
S6,3,RFOTO-ABC,109,0.3501638364269871
S6,3,RFOTO-ABC,114,0.3501638364269871
S6,3,RFOTO-ABC,119,0.3501638364269871
S6,3,RFOTO-ABC,124,0.3501638364269871
S6,3,RFOTO-ABC,129,0.3501638364269871
S6,3,RFOTO-ABC,134,0.3501638364269871
S6,3,RFOTO-ABC,139,0.3501638364269871
S6,3,RFOTO-ABC,144,0.3501638364269871
S6,3,RFOTO-ABC,149,0.3501638364269871
S6,3,RFOTO-ABC,154,0.34278028042003766
S6,3,RFOTO-ABC,159,0.34278028042003766
S6,3,RFOTO-ABC,164,0.34278028042003766
S6,3,RFOTO-ABC,169,0.34278028042003766
S6,3,RFOTO-ABC,174,0.34278028042003766
S6,3,RFOTO-ABC,179,0.34278028042003766
S6,3,RFOTO-ABC,184,0.34278028042003766
S6,3,RFOTO-ABC,189,0.34278028042003766
S6,3,RFOTO-ABC,194,0.34278028042003766
S6,3,RFOTO-ABC,199,0.34278028042003766
S6,3,RFOTO-ABC,204,0.34278028042003766
S6,3,RFOTO-ABC,209,0.34278028042003766
S6,3,RFOTO-ABC,214,0.34278028042003766
S6,3,RFOTO-ABC,219,0.34278028042003766
S6,3,RFOTO-ABC,224,0.34278028042003766
S6,3,RFOTO-ABC,229,0.34278028042003766
S6,3,RFOTO-ABC,234,0.34278028042003766
S6,3,RFOTO-ABC,239,0.34278028042003766
S6,3,RFOTO-ABC,244,0.34278028042003766
S6,3,RFOTO-ABC,249,0.34278028042003766
S6,3,RFOTO-ABC,254,0.34278028042003766
S6,3,RFOTO-ABC,259,0.34278028042003766
S6,3,RFOTO-ABC,264,0.34278028042003766
S6,3,RFOTO-ABC,269,0.34278028042003766
S6,3,RFOTO-ABC,274,0.34278028042003766
S6,3,RFOTO-ABC,279,0.34278028042003766
S6,3,RFOTO-ABC,284,0.34278028042003766
S6,3,RFOTO-ABC,289,0.34278028042003766
S6,3,RFOTO-ABC,294,0.34278028042003766
S6,3,RFOTO-ABC,299,0.34278028042003766
S6,3,RFOTO-ABC,304,0.34278028042003766
S6,3,RFOTO-ABC,309,0.34278028042003766
S6,3,RFOTO-ABC,314,0.34278028042003766
S6,3,RFOTO-ABC,319,0.34192723030091965
S6,3,RFOTO-ABC,324,0.34192723030091965
S6,3,RFOTO-ABC,329,0.34192723030091965
S6,3,RFOTO-ABC,334,0.34192723030091965
S6,3,RFOTO-ABC,339,0.34192723030091965
S6,3,RFOTO-ABC,344,0.34192723030091965
S6,3,RFOTO-ABC,349,0.34192723030091965
S6,3,RFOTO-ABC,354,0.34192723030091965
S6,3,RFOTO-ABC,359,0.34192723030091965
S6,3,RFOTO-ABC,364,0.34192723030091965
S6,3,RFOTO-ABC,369,0.34192723030091965
S6,3,RFOTO-ABC,374,0.34192723030091965
S6,3,Standard-ABC,14,0.7421602823879966
S6,3,Standard-ABC,19,0.7421602823879966
S6,3,Standard-ABC,24,0.7421602823879966
S6,3,Standard-ABC,29,0.7421602823879966
S6,3,Standard-ABC,34,0.7421602823879966
S6,3,Standard-ABC,39,0.7421602823879966
S6,3,Standard-ABC,44,0.7421602823879966
S6,3,Standard-ABC,49,0.7421602823879966
S6,3,Standard-ABC,54,0.7421602823879966
S6,3,Standard-ABC,59,0.7421602823879966
S6,3,Standard-ABC,64,0.7421602823879966
S6,3,Standard-ABC,69,0.7421602823879966
S6,3,Standard-ABC,74,0.7421602823879966
S6,3,Standard-ABC,79,0.7421602823879966
S6,3,Standard-ABC,84,0.7421602823879966
S6,3,Standard-ABC,89,0.7421602823879966
S6,3,Standard-ABC,94,0.7298692041315846
S6,3,Standard-ABC,99,0.7298692041315846
S6,3,Standard-ABC,104,0.7298692041315846
S6,3,Standard-ABC,109,0.7298692041315846
S6,3,Standard-ABC,114,0.7297437516629443
S6,3,Standard-ABC,119,0.7287328762355855
S6,3,Standard-ABC,124,0.7287328762355855
S6,3,Standard-ABC,129,0.7287328762355855
S6,3,Standard-ABC,134,0.7283925909753153
S6,3,Standard-ABC,139,0.7283925909753153
S6,3,Standard-ABC,144,0.7283925909753153
S6,3,Standard-ABC,149,0.7174293571275427
S6,3,Standard-ABC,154,0.7174293571275427
S6,3,Standard-ABC,159,0.7174293571275427
S6,3,Standard-ABC,164,0.7174293571275427
S6,3,Standard-ABC,169,0.7174293571275427
S6,3,Standard-ABC,174,0.715816095231929
S6,3,Standard-ABC,179,0.715816095231929
S6,3,Standard-ABC,184,0.715816095231929
S6,3,Standard-ABC,189,0.715816095231929
S6,3,Standard-ABC,194,0.715816095231929
S6,3,Standard-ABC,199,0.715816095231929
S6,3,Standard-ABC,204,0.715816095231929
S6,3,Standard-ABC,209,0.715816095231929
S6,3,Standard-ABC,214,0.715816095231929
S6,3,Standard-ABC,219,0.715816095231929
S6,3,Standard-ABC,224,0.715816095231929
S6,3,Standard-ABC,229,0.715816095231929
S6,3,Standard-ABC,234,0.715816095231929
S6,3,Standard-ABC,239,0.715816095231929
S6,3,Standard-ABC,244,0.715816095231929
S6,3,Standard-ABC,249,0.7147465059990382
S6,3,Standard-ABC,254,0.7147465059990382
S6,3,Standard-ABC,259,0.7147465059990382
S6,3,Standard-ABC,264,0.7147465059990382
S6,3,Standard-ABC,269,0.7147465059990382
S6,3,Standard-ABC,274,0.7147465059990382
S6,3,Standard-ABC,279,0.7147465059990382
S6,3,Standard-ABC,284,0.7147465059990382
S6,3,Standard-ABC,289,0.7147465059990382
S6,3,Standard-ABC,294,0.7147465059990382
S6,3,Standard-ABC,299,0.7147465059990382
S6,3,Standard-ABC,304,0.7147465059990382
S6,3,Standard-ABC,309,0.7147465059990382
S6,3,Standard-ABC,314,0.7147465059990382
S6,3,Standard-ABC,319,0.6941018662669157
S6,3,Standard-ABC,324,0.6941018662669157
S6,3,Standard-ABC,329,0.6941018662669157
S6,3,Standard-ABC,334,0.6941018662669157
S6,3,Standard-ABC,339,0.6941018662669157
S6,3,Standard-ABC,344,0.6933677016194102
S6,3,Standard-ABC,349,0.6933677016194102
S6,3,Standard-ABC,354,0.6933677016194102
S6,3,Standard-ABC,359,0.6933677016194102
S6,3,Standard-ABC,364,0.6933677016194102
S6,3,Standard-ABC,369,0.6933677016194102
S6,3,Standard-ABC,374,0.6933677016194102
S6,3,GA,14,0.7421602823879966
S6,3,GA,19,0.7165945136807839
S6,3,GA,24,0.7165945136807839
S6,3,GA,29,0.7148881671751274
S6,3,GA,34,0.6927248456362927
S6,3,GA,39,0.6927248456362927
S6,3,GA,44,0.6926131931844183
S6,3,GA,49,0.6926131931844183
S6,3,GA,54,0.6854698479848907
S6,3,GA,59,0.6854698479848907
S6,3,GA,64,0.6826884933525281
S6,3,GA,69,0.6794209329353417
S6,3,GA,74,0.6542351159515059
S6,3,GA,79,0.6478852030671137
S6,3,GA,84,0.6478852030671137
S6,3,GA,89,0.6451626093167843
S6,3,GA,94,0.6451626093167843
S6,3,GA,99,0.6451626093167843
S6,3,GA,104,0.6443696492136743
S6,3,GA,109,0.6443696492136743
S6,3,GA,114,0.6443696492136743
S6,3,GA,119,0.6399193676269116
S6,3,GA,124,0.635213244039697
S6,3,GA,129,0.635213244039697
S6,3,GA,134,0.6268398562939043
S6,3,GA,139,0.6236802998844679
S6,3,GA,144,0.6236802998844679
S6,3,GA,149,0.6236802998844679
S6,3,GA,154,0.6236802998844679
S6,3,GA,159,0.6227167711468466
S6,3,GA,164,0.6227167711468466
S6,3,GA,169,0.6227167711468466
S6,3,GA,174,0.6227167711468466
S6,3,GA,179,0.6209536085981636
S6,3,GA,184,0.6184927915970593
S6,3,GA,189,0.6184927915970593
S6,3,GA,194,0.6164663850927475
S6,3,GA,199,0.6164663850927475
S6,3,GA,204,0.6123495686044302
S6,3,GA,209,0.6123495686044302
S6,3,GA,214,0.6123495686044302
S6,3,GA,219,0.6123495686044302
S6,3,GA,224,0.6116291412353095
S6,3,GA,229,0.604219941545232
S6,3,GA,234,0.604219941545232
S6,3,GA,239,0.604219941545232
S6,3,GA,244,0.604219941545232
S6,3,GA,249,0.604219941545232
S6,3,GA,254,0.601924391194559
S6,3,GA,259,0.601924391194559
S6,3,GA,264,0.6008978181302497
S6,3,GA,269,0.6008978181302497
S6,3,GA,274,0.6008978181302497
S6,3,GA,279,0.6008978181302497
S6,3,GA,284,0.5991543919006389
S6,3,GA,289,0.5966704596996212
S6,3,GA,294,0.5929271826837813
S6,3,GA,299,0.5929271826837813
S6,3,GA,304,0.58801077081689
S6,3,GA,309,0.58801077081689
S6,3,GA,314,0.58801077081689
S6,3,GA,319,0.58801077081689
S6,3,GA,324,0.5866056285846671
S6,3,GA,329,0.5854342084490587
S6,3,GA,334,0.5852692261986726
S6,3,GA,339,0.5848837674629529
S6,3,GA,344,0.5848837674629529
S6,3,GA,349,0.5790232100084288
S6,3,GA,354,0.5790232100084288
S6,3,GA,359,0.5790232100084288
S6,3,GA,364,0.5776906748540693
S6,3,GA,369,0.5776906748540693
S6,3,GA,374,0.5776906748540693
S6,3,PSO,14,1.1388616654186392
S6,3,PSO,19,1.1388616654186392
S6,3,PSO,24,1.1388616654186392
S6,3,PSO,29,1.1388616654186392
S6,3,PSO,34,1.1388616654186392
S6,3,PSO,39,1.1388616654186392
S6,3,PSO,44,1.1388616654186392
S6,3,PSO,49,1.1207140936765538
S6,3,PSO,54,0.9640485341164446
S6,3,PSO,59,0.9640485341164446
S6,3,PSO,64,0.9640485341164446
S6,3,PSO,69,0.9640485341164446
S6,3,PSO,74,0.9640485341164446
S6,3,PSO,79,0.9640485341164446
S6,3,PSO,84,0.8734675402827584
S6,3,PSO,89,0.8734675402827584
S6,3,PSO,94,0.8734675402827584
S6,3,PSO,99,0.8734675402827584
S6,3,PSO,104,0.8734675402827584
S6,3,PSO,109,0.8734675402827584
S6,3,PSO,114,0.8734675402827584
S6,3,PSO,119,0.8734675402827584
S6,3,PSO,124,0.8567148277520313
S6,3,PSO,129,0.8567148277520313
S6,3,PSO,134,0.8567148277520313
S6,3,PSO,139,0.8567148277520313
S6,3,PSO,144,0.8567148277520313
S6,3,PSO,149,0.8567148277520313
S6,3,PSO,154,0.830193508050995
S6,3,PSO,159,0.830193508050995
S6,3,PSO,164,0.8014188589810347
S6,3,PSO,169,0.8014188589810347
S6,3,PSO,174,0.8014188589810347
S6,3,PSO,179,0.8014188589810347
S6,3,PSO,184,0.8014188589810347
S6,3,PSO,189,0.8014188589810347
S6,3,PSO,194,0.8014188589810347
S6,3,PSO,199,0.8014188589810347
S6,3,PSO,204,0.8014188589810347
S6,3,PSO,209,0.8014188589810347
S6,3,PSO,214,0.8014188589810347
S6,3,PSO,219,0.8014188589810347
S6,3,PSO,224,0.8014188589810347
S6,3,PSO,229,0.8014188589810347
S6,3,PSO,234,0.8014188589810347
S6,3,PSO,239,0.8014188589810347
S6,3,PSO,244,0.8014188589810347
S6,3,PSO,249,0.8014188589810347
S6,3,PSO,254,0.8014188589810347
S6,3,PSO,259,0.8014188589810347
S6,3,PSO,264,0.8002779693871355
S6,3,PSO,269,0.7930167629587327
S6,3,PSO,274,0.7754456885056543
S6,3,PSO,279,0.7754456885056543
S6,3,PSO,284,0.7754456885056543
S6,3,PSO,289,0.765682733361877
S6,3,PSO,294,0.765682733361877
S6,3,PSO,299,0.765682733361877
S6,3,PSO,304,0.765682733361877
S6,3,PSO,309,0.765682733361877
S6,3,PSO,314,0.765682733361877
S6,3,PSO,319,0.765682733361877
S6,3,PSO,324,0.765682733361877
S6,3,PSO,329,0.765682733361877
S6,3,PSO,334,0.765682733361877
S6,3,PSO,339,0.765682733361877
S6,3,PSO,344,0.765682733361877
S6,3,PSO,349,0.7645611441255254
S6,3,PSO,354,0.7645611441255254
S6,3,PSO,359,0.7639482562222425
S6,3,PSO,364,0.7639482562222425
S6,3,PSO,369,0.7639482562222425
S6,3,PSO,374,0.7639482562222425
S6,3,DE,14,1.1388616654186392
S6,3,DE,19,1.1388616654186392
S6,3,DE,24,1.1388616654186392
S6,3,DE,29,1.1388616654186392
S6,3,DE,34,1.1388616654186392
S6,3,DE,39,1.1388616654186392
S6,3,DE,44,1.1388616654186392
S6,3,DE,49,1.1388616654186392
S6,3,DE,54,1.1388616654186392
S6,3,DE,59,1.0733980794140505
S6,3,DE,64,1.0733980794140505
S6,3,DE,69,1.0733980794140505
S6,3,DE,74,1.0733980794140505
S6,3,DE,79,1.0733980794140505
S6,3,DE,84,1.0318175647627152
S6,3,DE,89,1.0318175647627152
S6,3,DE,94,1.0318175647627152
S6,3,DE,99,1.0318175647627152
S6,3,DE,104,1.0318175647627152
S6,3,DE,109,1.0318175647627152
S6,3,DE,114,1.0318175647627152
S6,3,DE,119,1.0318175647627152
S6,3,DE,124,1.0318175647627152
S6,3,DE,129,1.0318175647627152
S6,3,DE,134,1.0318175647627152
S6,3,DE,139,1.0318175647627152
S6,3,DE,144,1.0318175647627152
S6,3,DE,149,1.0318175647627152
S6,3,DE,154,1.0318175647627152
S6,3,DE,159,1.0318175647627152
S6,3,DE,164,1.0318175647627152
S6,3,DE,169,1.0318175647627152
S6,3,DE,174,1.0318175647627152
S6,3,DE,179,1.0318175647627152
S6,3,DE,184,1.0318175647627152
S6,3,DE,189,1.0318175647627152
S6,3,DE,194,1.0318175647627152
S6,3,DE,199,1.0318175647627152
S6,3,DE,204,1.0318175647627152
S6,3,DE,209,1.0318175647627152
S6,3,DE,214,1.0318175647627152
S6,3,DE,219,1.0318175647627152
S6,3,DE,224,1.0318175647627152
S6,3,DE,229,1.0318175647627152
S6,3,DE,234,1.0318175647627152
S6,3,DE,239,1.0318175647627152
S6,3,DE,244,1.0318175647627152
S6,3,DE,249,1.0318175647627152
S6,3,DE,254,1.0318175647627152
S6,3,DE,259,1.0318175647627152
S6,3,DE,264,1.0318175647627152
S6,3,DE,269,1.0318175647627152
S6,3,DE,274,1.0318175647627152
S6,3,DE,279,1.0198118312236915
S6,3,DE,284,1.0198118312236915
S6,3,DE,289,1.0198118312236915
S6,3,DE,294,1.0198118312236915
S6,3,DE,299,1.0198118312236915
S6,3,DE,304,1.0198118312236915
S6,3,DE,309,1.0198118312236915
S6,3,DE,314,1.0198118312236915
S6,3,DE,319,1.0198118312236915
S6,3,DE,324,1.0198118312236915
S6,3,DE,329,1.0198118312236915
S6,3,DE,334,1.0198118312236915
S6,3,DE,339,1.0198118312236915
S6,3,DE,344,1.0198118312236915
S6,3,DE,349,1.0198118312236915
S6,3,DE,354,1.0198118312236915
S6,3,DE,359,1.0198118312236915
S6,3,DE,364,1.0198118312236915
S6,3,DE,369,1.0198118312236915
S6,3,DE,374,1.0198118312236915
S6,4,RFOTO-ABC,14,0.3790038312339241
S6,4,RFOTO-ABC,19,0.3790038312339241
S6,4,RFOTO-ABC,24,0.3790038312339241
S6,4,RFOTO-ABC,29,0.3790038312339241
S6,4,RFOTO-ABC,34,0.3790038312339241
S6,4,RFOTO-ABC,39,0.3790038312339241
S6,4,RFOTO-ABC,44,0.3790038312339241
S6,4,RFOTO-ABC,49,0.3790038312339241
S6,4,RFOTO-ABC,54,0.3790038312339241
S6,4,RFOTO-ABC,59,0.3790038312339241
S6,4,RFOTO-ABC,64,0.3790038312339241
S6,4,RFOTO-ABC,69,0.3790038312339241
S6,4,RFOTO-ABC,74,0.3786968491156731
S6,4,RFOTO-ABC,79,0.3786968491156731
S6,4,RFOTO-ABC,84,0.3786968491156731
S6,4,RFOTO-ABC,89,0.3786968491156731
S6,4,RFOTO-ABC,94,0.3786968491156731
S6,4,RFOTO-ABC,99,0.3786968491156731
S6,4,RFOTO-ABC,104,0.3786968491156731
S6,4,RFOTO-ABC,109,0.3786968491156731
S6,4,RFOTO-ABC,114,0.3786968491156731
S6,4,RFOTO-ABC,119,0.37349837852762036
S6,4,RFOTO-ABC,124,0.37349837852762036
S6,4,RFOTO-ABC,129,0.37349837852762036
S6,4,RFOTO-ABC,134,0.37349837852762036
S6,4,RFOTO-ABC,139,0.37349837852762036
S6,4,RFOTO-ABC,144,0.37349837852762036
S6,4,RFOTO-ABC,149,0.37349837852762036
S6,4,RFOTO-ABC,154,0.37349837852762036
S6,4,RFOTO-ABC,159,0.37349837852762036
S6,4,RFOTO-ABC,164,0.3723720142628353
S6,4,RFOTO-ABC,169,0.3723720142628353
S6,4,RFOTO-ABC,174,0.3723720142628353
S6,4,RFOTO-ABC,179,0.3723720142628353
S6,4,RFOTO-ABC,184,0.3723720142628353
S6,4,RFOTO-ABC,189,0.3723720142628353
S6,4,RFOTO-ABC,194,0.36750554190148615
S6,4,RFOTO-ABC,199,0.36750554190148615
S6,4,RFOTO-ABC,204,0.36750554190148615
S6,4,RFOTO-ABC,209,0.36750554190148615
S6,4,RFOTO-ABC,214,0.36750554190148615
S6,4,RFOTO-ABC,219,0.36750554190148615
S6,4,RFOTO-ABC,224,0.36750554190148615
S6,4,RFOTO-ABC,229,0.36750554190148615
S6,4,RFOTO-ABC,234,0.36750554190148615
S6,4,RFOTO-ABC,239,0.36750554190148615
S6,4,RFOTO-ABC,244,0.36750554190148615
S6,4,RFOTO-ABC,249,0.36750554190148615
S6,4,RFOTO-ABC,254,0.36750554190148615
S6,4,RFOTO-ABC,259,0.36750554190148615
S6,4,RFOTO-ABC,264,0.36750554190148615
S6,4,RFOTO-ABC,269,0.36750554190148615
S6,4,RFOTO-ABC,274,0.36750554190148615
S6,4,RFOTO-ABC,279,0.36750554190148615
S6,4,RFOTO-ABC,284,0.36750554190148615
S6,4,RFOTO-ABC,289,0.36750554190148615
S6,4,RFOTO-ABC,294,0.36750554190148615
S6,4,RFOTO-ABC,299,0.36750554190148615
S6,4,RFOTO-ABC,304,0.36750554190148615
S6,4,RFOTO-ABC,309,0.36750554190148615
S6,4,RFOTO-ABC,314,0.36750554190148615
S6,4,RFOTO-ABC,319,0.36750554190148615
S6,4,RFOTO-ABC,324,0.36750554190148615
S6,4,RFOTO-ABC,329,0.36750554190148615
S6,4,RFOTO-ABC,334,0.36750554190148615
S6,4,RFOTO-ABC,339,0.36750554190148615
S6,4,RFOTO-ABC,344,0.36750554190148615
S6,4,RFOTO-ABC,349,0.36750554190148615
S6,4,RFOTO-ABC,354,0.36750554190148615
S6,4,RFOTO-ABC,359,0.36750554190148615
S6,4,RFOTO-ABC,364,0.36750554190148615
S6,4,RFOTO-ABC,369,0.36750554190148615
S6,4,RFOTO-ABC,374,0.36750554190148615
S6,4,Standard-ABC,14,0.8196523442935272
S6,4,Standard-ABC,19,0.8196523442935272
S6,4,Standard-ABC,24,0.8196523442935272
S6,4,Standard-ABC,29,0.8196523442935272
S6,4,Standard-ABC,34,0.8196523442935272
S6,4,Standard-ABC,39,0.8196523442935272
S6,4,Standard-ABC,44,0.8196523442935272
S6,4,Standard-ABC,49,0.8196523442935272
S6,4,Standard-ABC,54,0.8196523442935272
S6,4,Standard-ABC,59,0.8196523442935272
S6,4,Standard-ABC,64,0.8196523442935272
S6,4,Standard-ABC,69,0.8196523442935272
S6,4,Standard-ABC,74,0.8196523442935272
S6,4,Standard-ABC,79,0.8196523442935272
S6,4,Standard-ABC,84,0.8196523442935272
S6,4,Standard-ABC,89,0.8196523442935272
S6,4,Standard-ABC,94,0.8175280607050661
S6,4,Standard-ABC,99,0.8175280607050661
S6,4,Standard-ABC,104,0.813412805312651
S6,4,Standard-ABC,109,0.813412805312651
S6,4,Standard-ABC,114,0.813412805312651
S6,4,Standard-ABC,119,0.813412805312651
S6,4,Standard-ABC,124,0.813412805312651
S6,4,Standard-ABC,129,0.8105346755405135
S6,4,Standard-ABC,134,0.8105346755405135
S6,4,Standard-ABC,139,0.8105346755405135
S6,4,Standard-ABC,144,0.8105346755405135
S6,4,Standard-ABC,149,0.8105346755405135
S6,4,Standard-ABC,154,0.8105346755405135
S6,4,Standard-ABC,159,0.8105346755405135
S6,4,Standard-ABC,164,0.8105346755405135
S6,4,Standard-ABC,169,0.8105346755405135
S6,4,Standard-ABC,174,0.8105346755405135
S6,4,Standard-ABC,179,0.8070792574453728
S6,4,Standard-ABC,184,0.8070792574453728
S6,4,Standard-ABC,189,0.8070792574453728
S6,4,Standard-ABC,194,0.8070792574453728
S6,4,Standard-ABC,199,0.8070792574453728
S6,4,Standard-ABC,204,0.8070792574453728
S6,4,Standard-ABC,209,0.8070792574453728
S6,4,Standard-ABC,214,0.8070792574453728
S6,4,Standard-ABC,219,0.8070792574453728
S6,4,Standard-ABC,224,0.8070792574453728
S6,4,Standard-ABC,229,0.8070792574453728
S6,4,Standard-ABC,234,0.8070792574453728
S6,4,Standard-ABC,239,0.8070792574453728
S6,4,Standard-ABC,244,0.8070792574453728
S6,4,Standard-ABC,249,0.8070792574453728
S6,4,Standard-ABC,254,0.8070792574453728
S6,4,Standard-ABC,259,0.8070792574453728
S6,4,Standard-ABC,264,0.8070792574453728
S6,4,Standard-ABC,269,0.7798256192914321
S6,4,Standard-ABC,274,0.7755391655495099
S6,4,Standard-ABC,279,0.7755391655495099
S6,4,Standard-ABC,284,0.7755391655495099
S6,4,Standard-ABC,289,0.7755391655495099
S6,4,Standard-ABC,294,0.7755391655495099
S6,4,Standard-ABC,299,0.7755391655495099
S6,4,Standard-ABC,304,0.7755391655495099
S6,4,Standard-ABC,309,0.7755391655495099
S6,4,Standard-ABC,314,0.7702307956693013
S6,4,Standard-ABC,319,0.7702307956693013
S6,4,Standard-ABC,324,0.7702307956693013
S6,4,Standard-ABC,329,0.7702307956693013
S6,4,Standard-ABC,334,0.7702307956693013
S6,4,Standard-ABC,339,0.7702307956693013
S6,4,Standard-ABC,344,0.7702307956693013
S6,4,Standard-ABC,349,0.7702307956693013
S6,4,Standard-ABC,354,0.7702307956693013
S6,4,Standard-ABC,359,0.7702307956693013
S6,4,Standard-ABC,364,0.7702307956693013
S6,4,Standard-ABC,369,0.7702307956693013
S6,4,Standard-ABC,374,0.7702307956693013
S6,4,GA,14,0.8196523442935272
S6,4,GA,19,0.8196523442935272
S6,4,GA,24,0.8196523442935272
S6,4,GA,29,0.7970234586367573
S6,4,GA,34,0.7847695268110234
S6,4,GA,39,0.7746837556735434
S6,4,GA,44,0.7247272339749408
S6,4,GA,49,0.7247272339749408
S6,4,GA,54,0.7247272339749408
S6,4,GA,59,0.7247272339749408
S6,4,GA,64,0.7247272339749408
S6,4,GA,69,0.7247272339749408
S6,4,GA,74,0.7247272339749408
S6,4,GA,79,0.7247272339749408
S6,4,GA,84,0.7189683067758988
S6,4,GA,89,0.7115877256500976
S6,4,GA,94,0.7115877256500976
S6,4,GA,99,0.7115877256500976
S6,4,GA,104,0.7089234739562269
S6,4,GA,109,0.7089234739562269
S6,4,GA,114,0.7089234739562269
S6,4,GA,119,0.7089234739562269
S6,4,GA,124,0.7089234739562269
S6,4,GA,129,0.7079995862667885
S6,4,GA,134,0.6866672736418369
S6,4,GA,139,0.6866672736418369
S6,4,GA,144,0.6866672736418369
S6,4,GA,149,0.6866672736418369
S6,4,GA,154,0.6866672736418369
S6,4,GA,159,0.6866672736418369
S6,4,GA,164,0.6866672736418369
S6,4,GA,169,0.6803881417609883
S6,4,GA,174,0.6740549965742486
S6,4,GA,179,0.6683040975098595
S6,4,GA,184,0.6683040975098595
S6,4,GA,189,0.6683040975098595
S6,4,GA,194,0.6683040975098595
S6,4,GA,199,0.6683040975098595
S6,4,GA,204,0.6599405418986432
S6,4,GA,209,0.6599405418986432
S6,4,GA,214,0.6542833651604936
S6,4,GA,219,0.6542833651604936
S6,4,GA,224,0.6542833651604936
S6,4,GA,229,0.6536231883805347
S6,4,GA,234,0.6536231883805347
S6,4,GA,239,0.6463558566540188
S6,4,GA,244,0.6463558566540188
S6,4,GA,249,0.6463558566540188
S6,4,GA,254,0.6463558566540188
S6,4,GA,259,0.6463558566540188
S6,4,GA,264,0.6463558566540188
S6,4,GA,269,0.6463558566540188
S6,4,GA,274,0.643183777305957
S6,4,GA,279,0.643183777305957
S6,4,GA,284,0.643183777305957
S6,4,GA,289,0.6429237261643584
S6,4,GA,294,0.6405353115424115
S6,4,GA,299,0.6405353115424115
S6,4,GA,304,0.6371169181370282
S6,4,GA,309,0.6371169181370282
S6,4,GA,314,0.6351686682879719
S6,4,GA,319,0.6345185388053199
S6,4,GA,324,0.6180570944248818
S6,4,GA,329,0.6180570944248818
S6,4,GA,334,0.6180570944248818
S6,4,GA,339,0.6180570944248818
S6,4,GA,344,0.6180570944248818
S6,4,GA,349,0.6180570944248818
S6,4,GA,354,0.6180570944248818
S6,4,GA,359,0.6148923684098871
S6,4,GA,364,0.6148923684098871
S6,4,GA,369,0.6148923684098871
S6,4,GA,374,0.6148923684098871
S6,4,PSO,14,1.9827131327430403
S6,4,PSO,19,1.4388051043475705
S6,4,PSO,24,1.4388051043475705
S6,4,PSO,29,1.3831732863145212
S6,4,PSO,34,1.3831732863145212
S6,4,PSO,39,1.3831732863145212
S6,4,PSO,44,1.3831732863145212
S6,4,PSO,49,1.3831732863145212
S6,4,PSO,54,1.3831732863145212
S6,4,PSO,59,1.3831732863145212
S6,4,PSO,64,1.3831732863145212
S6,4,PSO,69,1.3831732863145212
S6,4,PSO,74,1.3831732863145212
S6,4,PSO,79,1.3290513264161683
S6,4,PSO,84,1.1313851185786945
S6,4,PSO,89,1.1313851185786945
S6,4,PSO,94,1.1313851185786945
S6,4,PSO,99,1.1313851185786945
S6,4,PSO,104,1.1313851185786945
S6,4,PSO,109,1.1313851185786945
S6,4,PSO,114,1.1313851185786945
S6,4,PSO,119,1.1313851185786945
S6,4,PSO,124,1.1313851185786945
S6,4,PSO,129,1.1313851185786945
S6,4,PSO,134,1.1313851185786945
S6,4,PSO,139,1.1192316438552163
S6,4,PSO,144,1.1192316438552163
S6,4,PSO,149,1.1192316438552163
S6,4,PSO,154,1.0573318488784276
S6,4,PSO,159,1.0573318488784276
S6,4,PSO,164,1.0573318488784276
S6,4,PSO,169,1.0573318488784276
S6,4,PSO,174,1.0573318488784276
S6,4,PSO,179,1.0573318488784276
S6,4,PSO,184,1.0573318488784276
S6,4,PSO,189,1.0573318488784276
S6,4,PSO,194,1.0573318488784276
S6,4,PSO,199,1.0573318488784276
S6,4,PSO,204,1.0573318488784276
S6,4,PSO,209,1.0573318488784276
S6,4,PSO,214,0.9923600878014635
S6,4,PSO,219,0.9923600878014635
S6,4,PSO,224,0.9923600878014635
S6,4,PSO,229,0.9923600878014635
S6,4,PSO,234,0.9923600878014635
S6,4,PSO,239,0.9923600878014635
S6,4,PSO,244,0.9820412085316583
S6,4,PSO,249,0.9820412085316583
S6,4,PSO,254,0.963091906037934
S6,4,PSO,259,0.9187486531067289
S6,4,PSO,264,0.9023324898448435
S6,4,PSO,269,0.9023324898448435
S6,4,PSO,274,0.8940603640037537
S6,4,PSO,279,0.8940603640037537
S6,4,PSO,284,0.8905894534252295
S6,4,PSO,289,0.889455116262885
S6,4,PSO,294,0.889455116262885
S6,4,PSO,299,0.889455116262885
S6,4,PSO,304,0.8727094045744108
S6,4,PSO,309,0.8727094045744108
S6,4,PSO,314,0.8727094045744108
S6,4,PSO,319,0.8727094045744108
S6,4,PSO,324,0.8715297170194638
S6,4,PSO,329,0.8642577464297848
S6,4,PSO,334,0.8642577464297848
S6,4,PSO,339,0.8642577464297848
S6,4,PSO,344,0.8614199474696704
S6,4,PSO,349,0.8614199474696704
S6,4,PSO,354,0.8614199474696704
S6,4,PSO,359,0.8614199474696704
S6,4,PSO,364,0.8614199474696704
S6,4,PSO,369,0.8614199474696704
S6,4,PSO,374,0.8614199474696704
S6,4,DE,14,1.9827131327430403
S6,4,DE,19,1.8117085734617346
S6,4,DE,24,1.8117085734617346
S6,4,DE,29,1.6447451383281748
S6,4,DE,34,1.6447451383281748
S6,4,DE,39,1.6447451383281748
S6,4,DE,44,1.6447451383281748
S6,4,DE,49,1.6447451383281748
S6,4,DE,54,1.6447451383281748
S6,4,DE,59,1.6447451383281748
S6,4,DE,64,1.6447451383281748
S6,4,DE,69,1.6447451383281748
S6,4,DE,74,1.6447451383281748
S6,4,DE,79,1.6447451383281748
S6,4,DE,84,1.612139838107605
S6,4,DE,89,1.5320977565399312
S6,4,DE,94,1.5320977565399312
S6,4,DE,99,1.5320977565399312
S6,4,DE,104,1.5320977565399312
S6,4,DE,109,1.5320977565399312
S6,4,DE,114,1.5320977565399312
S6,4,DE,119,1.5320977565399312
S6,4,DE,124,1.5320977565399312
S6,4,DE,129,1.5320977565399312
S6,4,DE,134,1.5320977565399312
S6,4,DE,139,1.5320977565399312
S6,4,DE,144,1.5320977565399312
S6,4,DE,149,1.5320977565399312
S6,4,DE,154,1.5320977565399312
S6,4,DE,159,1.5320977565399312
S6,4,DE,164,1.4599190092092464
S6,4,DE,169,1.4599190092092464
S6,4,DE,174,1.4599190092092464
S6,4,DE,179,1.4599190092092464
S6,4,DE,184,1.4599190092092464
S6,4,DE,189,1.4599190092092464
S6,4,DE,194,1.4301170544053246
S6,4,DE,199,1.4301170544053246
S6,4,DE,204,1.4301170544053246
S6,4,DE,209,1.4301170544053246
S6,4,DE,214,1.4301170544053246
S6,4,DE,219,1.0829423206714222
S6,4,DE,224,1.0829423206714222
S6,4,DE,229,1.0829423206714222
S6,4,DE,234,1.0829423206714222
S6,4,DE,239,1.0829423206714222
S6,4,DE,244,1.0829423206714222
S6,4,DE,249,1.0829423206714222
S6,4,DE,254,1.0829423206714222
S6,4,DE,259,1.0829423206714222
S6,4,DE,264,1.0829423206714222
S6,4,DE,269,1.0829423206714222
S6,4,DE,274,1.0829423206714222
S6,4,DE,279,1.0829423206714222
S6,4,DE,284,1.0829423206714222
S6,4,DE,289,1.0829423206714222
S6,4,DE,294,1.0829423206714222
S6,4,DE,299,1.0829423206714222
S6,4,DE,304,1.0829423206714222
S6,4,DE,309,1.0829423206714222
S6,4,DE,314,1.0829423206714222
S6,4,DE,319,1.0829423206714222
S6,4,DE,324,1.0829423206714222
S6,4,DE,329,1.0829423206714222
S6,4,DE,334,1.0829423206714222
S6,4,DE,339,1.0829423206714222
S6,4,DE,344,1.0829423206714222
S6,4,DE,349,1.0829423206714222
S6,4,DE,354,1.0829423206714222
S6,4,DE,359,1.0829423206714222
S6,4,DE,364,1.0829423206714222
S6,4,DE,369,1.0829423206714222
S6,4,DE,374,1.0829423206714222
S6,5,RFOTO-ABC,14,0.35949091674548095
S6,5,RFOTO-ABC,19,0.35949091674548095
S6,5,RFOTO-ABC,24,0.35949091674548095
S6,5,RFOTO-ABC,29,0.35949091674548095
S6,5,RFOTO-ABC,34,0.35949091674548095
S6,5,RFOTO-ABC,39,0.35949091674548095
S6,5,RFOTO-ABC,44,0.35949091674548095
S6,5,RFOTO-ABC,49,0.35949091674548095
S6,5,RFOTO-ABC,54,0.35949091674548095
S6,5,RFOTO-ABC,59,0.35949091674548095
S6,5,RFOTO-ABC,64,0.35949091674548095
S6,5,RFOTO-ABC,69,0.35949091674548095
S6,5,RFOTO-ABC,74,0.35949091674548095
S6,5,RFOTO-ABC,79,0.35949091674548095
S6,5,RFOTO-ABC,84,0.35949091674548095
S6,5,RFOTO-ABC,89,0.35949091674548095
S6,5,RFOTO-ABC,94,0.35949091674548095
S6,5,RFOTO-ABC,99,0.35949091674548095
S6,5,RFOTO-ABC,104,0.35949091674548095
S6,5,RFOTO-ABC,109,0.35949091674548095
S6,5,RFOTO-ABC,114,0.35949091674548095
S6,5,RFOTO-ABC,119,0.35949091674548095
S6,5,RFOTO-ABC,124,0.35949091674548095
S6,5,RFOTO-ABC,129,0.35949091674548095
S6,5,RFOTO-ABC,134,0.35949091674548095
S6,5,RFOTO-ABC,139,0.35949091674548095
S6,5,RFOTO-ABC,144,0.35949091674548095
S6,5,RFOTO-ABC,149,0.35949091674548095
S6,5,RFOTO-ABC,154,0.35949091674548095
S6,5,RFOTO-ABC,159,0.35949091674548095
S6,5,RFOTO-ABC,164,0.35949091674548095
S6,5,RFOTO-ABC,169,0.35949091674548095
S6,5,RFOTO-ABC,174,0.35949091674548095
S6,5,RFOTO-ABC,179,0.35949091674548095
S6,5,RFOTO-ABC,184,0.35949091674548095
S6,5,RFOTO-ABC,189,0.35949091674548095
S6,5,RFOTO-ABC,194,0.35949091674548095
S6,5,RFOTO-ABC,199,0.35949091674548095
S6,5,RFOTO-ABC,204,0.35949091674548095
S6,5,RFOTO-ABC,209,0.35949091674548095
S6,5,RFOTO-ABC,214,0.35949091674548095
S6,5,RFOTO-ABC,219,0.35949091674548095
S6,5,RFOTO-ABC,224,0.35949091674548095
S6,5,RFOTO-ABC,229,0.35949091674548095
S6,5,RFOTO-ABC,234,0.35949091674548095
S6,5,RFOTO-ABC,239,0.35949091674548095
S6,5,RFOTO-ABC,244,0.35949091674548095
S6,5,RFOTO-ABC,249,0.35949091674548095
S6,5,RFOTO-ABC,254,0.35949091674548095
S6,5,RFOTO-ABC,259,0.35949091674548095
S6,5,RFOTO-ABC,264,0.3593721685725561
S6,5,RFOTO-ABC,269,0.3593721685725561
S6,5,RFOTO-ABC,274,0.3593721685725561
S6,5,RFOTO-ABC,279,0.357404059550188
S6,5,RFOTO-ABC,284,0.35645536426972235
S6,5,RFOTO-ABC,289,0.35645536426972235
S6,5,RFOTO-ABC,294,0.35645536426972235
S6,5,RFOTO-ABC,299,0.35605065882344966
S6,5,RFOTO-ABC,304,0.35605065882344966
S6,5,RFOTO-ABC,309,0.35605065882344966
S6,5,RFOTO-ABC,314,0.35605065882344966
S6,5,RFOTO-ABC,319,0.35605065882344966
S6,5,RFOTO-ABC,324,0.35605065882344966
S6,5,RFOTO-ABC,329,0.35605065882344966
S6,5,RFOTO-ABC,334,0.35605065882344966
S6,5,RFOTO-ABC,339,0.35605065882344966
S6,5,RFOTO-ABC,344,0.35605065882344966
S6,5,RFOTO-ABC,349,0.35605065882344966
S6,5,RFOTO-ABC,354,0.35605065882344966
S6,5,RFOTO-ABC,359,0.35605065882344966
S6,5,RFOTO-ABC,364,0.35605065882344966
S6,5,RFOTO-ABC,369,0.35605065882344966
S6,5,RFOTO-ABC,374,0.35605065882344966
S6,5,Standard-ABC,14,0.7197152618651445
S6,5,Standard-ABC,19,0.7197152618651445
S6,5,Standard-ABC,24,0.7197152618651445
S6,5,Standard-ABC,29,0.7197152618651445
S6,5,Standard-ABC,34,0.7197152618651445
S6,5,Standard-ABC,39,0.7197152618651445
S6,5,Standard-ABC,44,0.7197152618651445
S6,5,Standard-ABC,49,0.7196971364576076
S6,5,Standard-ABC,54,0.7196971364576076
S6,5,Standard-ABC,59,0.7196971364576076
S6,5,Standard-ABC,64,0.7196971364576076
S6,5,Standard-ABC,69,0.7196971364576076
S6,5,Standard-ABC,74,0.7196971364576076
S6,5,Standard-ABC,79,0.7196971364576076
S6,5,Standard-ABC,84,0.7196971364576076
S6,5,Standard-ABC,89,0.7196971364576076
S6,5,Standard-ABC,94,0.7180209475605359
S6,5,Standard-ABC,99,0.7180209475605359
S6,5,Standard-ABC,104,0.7180209475605359
S6,5,Standard-ABC,109,0.7175824421174609
S6,5,Standard-ABC,114,0.7175824421174609
S6,5,Standard-ABC,119,0.7175824421174609
S6,5,Standard-ABC,124,0.7175824421174609
S6,5,Standard-ABC,129,0.7175824421174609
S6,5,Standard-ABC,134,0.7175824421174609
S6,5,Standard-ABC,139,0.7175824421174609
S6,5,Standard-ABC,144,0.7175824421174609
S6,5,Standard-ABC,149,0.7116640842929032
S6,5,Standard-ABC,154,0.7116640842929032
S6,5,Standard-ABC,159,0.7116640842929032
S6,5,Standard-ABC,164,0.7116640842929032
S6,5,Standard-ABC,169,0.7116640842929032
S6,5,Standard-ABC,174,0.7116640842929032
S6,5,Standard-ABC,179,0.7116640842929032
S6,5,Standard-ABC,184,0.7116640842929032
S6,5,Standard-ABC,189,0.7116640842929032
S6,5,Standard-ABC,194,0.7116640842929032
S6,5,Standard-ABC,199,0.7116640842929032
S6,5,Standard-ABC,204,0.7116640842929032
S6,5,Standard-ABC,209,0.7116640842929032
S6,5,Standard-ABC,214,0.7116640842929032
S6,5,Standard-ABC,219,0.7116640842929032
S6,5,Standard-ABC,224,0.7116640842929032
S6,5,Standard-ABC,229,0.7116640842929032
S6,5,Standard-ABC,234,0.7116640842929032
S6,5,Standard-ABC,239,0.7116640842929032
S6,5,Standard-ABC,244,0.7116640842929032
S6,5,Standard-ABC,249,0.7116640842929032
S6,5,Standard-ABC,254,0.7116640842929032
S6,5,Standard-ABC,259,0.7116640842929032
S6,5,Standard-ABC,264,0.7116640842929032
S6,5,Standard-ABC,269,0.7116640842929032
S6,5,Standard-ABC,274,0.7097097448168224
S6,5,Standard-ABC,279,0.7097097448168224
S6,5,Standard-ABC,284,0.7097097448168224
S6,5,Standard-ABC,289,0.7097097448168224
S6,5,Standard-ABC,294,0.7097097448168224
S6,5,Standard-ABC,299,0.7097097448168224
S6,5,Standard-ABC,304,0.6929831692941789
S6,5,Standard-ABC,309,0.6929831692941789
S6,5,Standard-ABC,314,0.6929831692941789
S6,5,Standard-ABC,319,0.6929831692941789
S6,5,Standard-ABC,324,0.6929831692941789
S6,5,Standard-ABC,329,0.6929831692941789
S6,5,Standard-ABC,334,0.6929831692941789
S6,5,Standard-ABC,339,0.6929831692941789
S6,5,Standard-ABC,344,0.6929831692941789
S6,5,Standard-ABC,349,0.6929831692941789
S6,5,Standard-ABC,354,0.6929831692941789
S6,5,Standard-ABC,359,0.6929831692941789
S6,5,Standard-ABC,364,0.6914271064146906
S6,5,Standard-ABC,369,0.6914271064146906
S6,5,Standard-ABC,374,0.6914271064146906
S6,5,GA,14,0.7197152618651445
S6,5,GA,19,0.7197152618651445
S6,5,GA,24,0.7197152618651445
S6,5,GA,29,0.7197152618651445
S6,5,GA,34,0.7166757762780158
S6,5,GA,39,0.7041668258896344
S6,5,GA,44,0.6751718230461025
S6,5,GA,49,0.6751718230461025
S6,5,GA,54,0.6751718230461025
S6,5,GA,59,0.6703724220565949
S6,5,GA,64,0.6703724220565949
S6,5,GA,69,0.6703724220565949
S6,5,GA,74,0.6703724220565949
S6,5,GA,79,0.6703724220565949
S6,5,GA,84,0.6703724220565949
S6,5,GA,89,0.6703724220565949
S6,5,GA,94,0.6703724220565949
S6,5,GA,99,0.6703724220565949
S6,5,GA,104,0.6640406431484676
S6,5,GA,109,0.6475820619826679
S6,5,GA,114,0.6475820619826679
S6,5,GA,119,0.6475820619826679
S6,5,GA,124,0.6475820619826679
S6,5,GA,129,0.6475820619826679
S6,5,GA,134,0.6475820619826679
S6,5,GA,139,0.6475820619826679
S6,5,GA,144,0.6475820619826679
S6,5,GA,149,0.6475820619826679
S6,5,GA,154,0.6475820619826679
S6,5,GA,159,0.644932139717714
S6,5,GA,164,0.644932139717714
S6,5,GA,169,0.644932139717714
S6,5,GA,174,0.644932139717714
S6,5,GA,179,0.644932139717714
S6,5,GA,184,0.644932139717714
S6,5,GA,189,0.644932139717714
S6,5,GA,194,0.6376049183391713
S6,5,GA,199,0.6376049183391713
S6,5,GA,204,0.6376049183391713
S6,5,GA,209,0.6376049183391713
S6,5,GA,214,0.6376049183391713
S6,5,GA,219,0.6376049183391713
S6,5,GA,224,0.6376049183391713
S6,5,GA,229,0.6376049183391713
S6,5,GA,234,0.6368764872161655
S6,5,GA,239,0.6368764872161655
S6,5,GA,244,0.6368764872161655
S6,5,GA,249,0.6328597065313949
S6,5,GA,254,0.6328597065313949
S6,5,GA,259,0.6328597065313949
S6,5,GA,264,0.6328597065313949
S6,5,GA,269,0.6328597065313949
S6,5,GA,274,0.6328597065313949
S6,5,GA,279,0.6328597065313949
S6,5,GA,284,0.6328597065313949
S6,5,GA,289,0.6323578484255747
S6,5,GA,294,0.6323578484255747
S6,5,GA,299,0.6323578484255747
S6,5,GA,304,0.6323578484255747
S6,5,GA,309,0.6323578484255747
S6,5,GA,314,0.6323578484255747
S6,5,GA,319,0.6323578484255747
S6,5,GA,324,0.6323578484255747
S6,5,GA,329,0.6323578484255747
S6,5,GA,334,0.6323578484255747
S6,5,GA,339,0.6319883879325993
S6,5,GA,344,0.6198196359730345
S6,5,GA,349,0.6198196359730345
S6,5,GA,354,0.6198196359730345
S6,5,GA,359,0.6198196359730345
S6,5,GA,364,0.6198196359730345
S6,5,GA,369,0.6198196359730345
S6,5,GA,374,0.6198196359730345
S6,5,PSO,14,1.8072211992267888
S6,5,PSO,19,1.7454228980461344
S6,5,PSO,24,1.3892651726992316
S6,5,PSO,29,1.3892651726992316
S6,5,PSO,34,1.3892651726992316
S6,5,PSO,39,1.3892651726992316
S6,5,PSO,44,1.3892651726992316
S6,5,PSO,49,1.107460112209202
S6,5,PSO,54,1.107460112209202
S6,5,PSO,59,1.107460112209202
S6,5,PSO,64,1.107460112209202
S6,5,PSO,69,1.107460112209202
S6,5,PSO,74,1.107460112209202
S6,5,PSO,79,1.1069384077821407
S6,5,PSO,84,1.1069384077821407
S6,5,PSO,89,1.1069384077821407
S6,5,PSO,94,1.1069384077821407
S6,5,PSO,99,1.1069384077821407
S6,5,PSO,104,1.1069384077821407
S6,5,PSO,109,1.1069384077821407
S6,5,PSO,114,1.1069384077821407
S6,5,PSO,119,1.1069384077821407
S6,5,PSO,124,1.1069384077821407
S6,5,PSO,129,1.1069384077821407
S6,5,PSO,134,1.0895859333889633
S6,5,PSO,139,1.0895859333889633
S6,5,PSO,144,1.0863205067945991
S6,5,PSO,149,1.0213769206665442
S6,5,PSO,154,1.0213769206665442
S6,5,PSO,159,1.0213769206665442
S6,5,PSO,164,1.0213769206665442
S6,5,PSO,169,1.0213769206665442
S6,5,PSO,174,1.0213769206665442
S6,5,PSO,179,1.0213769206665442
S6,5,PSO,184,1.0213769206665442
S6,5,PSO,189,1.0213769206665442
S6,5,PSO,194,0.8833091960167717
S6,5,PSO,199,0.8833091960167717
S6,5,PSO,204,0.8833091960167717
S6,5,PSO,209,0.8833091960167717
S6,5,PSO,214,0.8833091960167717
S6,5,PSO,219,0.8833091960167717
S6,5,PSO,224,0.8833091960167717
S6,5,PSO,229,0.8833091960167717
S6,5,PSO,234,0.8833091960167717
S6,5,PSO,239,0.8685229967967298
S6,5,PSO,244,0.8685229967967298
S6,5,PSO,249,0.8685229967967298
S6,5,PSO,254,0.8581181724115062
S6,5,PSO,259,0.8581181724115062
S6,5,PSO,264,0.8581181724115062
S6,5,PSO,269,0.8581181724115062
S6,5,PSO,274,0.8581181724115062
S6,5,PSO,279,0.8581181724115062
S6,5,PSO,284,0.8581181724115062
S6,5,PSO,289,0.8581181724115062
S6,5,PSO,294,0.8581181724115062
S6,5,PSO,299,0.8581181724115062
S6,5,PSO,304,0.8581181724115062
S6,5,PSO,309,0.8581181724115062
S6,5,PSO,314,0.8264466164810229
S6,5,PSO,319,0.8264466164810229
S6,5,PSO,324,0.8264466164810229
S6,5,PSO,329,0.8264466164810229
S6,5,PSO,334,0.8264466164810229
S6,5,PSO,339,0.8264466164810229
S6,5,PSO,344,0.8264466164810229
S6,5,PSO,349,0.8264466164810229
S6,5,PSO,354,0.8264466164810229
S6,5,PSO,359,0.8264466164810229
S6,5,PSO,364,0.8264466164810229
S6,5,PSO,369,0.8204009517944488
S6,5,PSO,374,0.8129457029772788
S6,5,DE,14,1.8072211992267888
S6,5,DE,19,1.5332777491475587
S6,5,DE,24,1.5332777491475587
S6,5,DE,29,1.5332777491475587
S6,5,DE,34,1.5332777491475587
S6,5,DE,39,1.5332777491475587
S6,5,DE,44,1.5332777491475587
S6,5,DE,49,1.5332777491475587
S6,5,DE,54,1.5332777491475587
S6,5,DE,59,1.510692209409947
S6,5,DE,64,1.3987320667419094
S6,5,DE,69,1.3987320667419094
S6,5,DE,74,1.3987320667419094
S6,5,DE,79,1.3987320667419094
S6,5,DE,84,1.3987320667419094
S6,5,DE,89,1.3987320667419094
S6,5,DE,94,1.3987320667419094
S6,5,DE,99,1.3987320667419094
S6,5,DE,104,1.3987320667419094
S6,5,DE,109,1.3987320667419094
S6,5,DE,114,1.3987320667419094
S6,5,DE,119,1.3987320667419094
S6,5,DE,124,1.3987320667419094
S6,5,DE,129,1.3987320667419094
S6,5,DE,134,1.3987320667419094
S6,5,DE,139,1.3987320667419094
S6,5,DE,144,1.3987320667419094
S6,5,DE,149,1.3109843808684036
S6,5,DE,154,1.3109843808684036
S6,5,DE,159,1.2453262154951856
S6,5,DE,164,1.2453262154951856
S6,5,DE,169,1.2453262154951856
S6,5,DE,174,1.2453262154951856
S6,5,DE,179,1.2453262154951856
S6,5,DE,184,1.2453262154951856
S6,5,DE,189,1.2453262154951856
S6,5,DE,194,1.2453262154951856
S6,5,DE,199,1.2453262154951856
S6,5,DE,204,1.2453262154951856
S6,5,DE,209,1.2453262154951856
S6,5,DE,214,1.1748939748075153
S6,5,DE,219,1.1748939748075153
S6,5,DE,224,1.1748939748075153
S6,5,DE,229,1.1748939748075153
S6,5,DE,234,1.1748939748075153
S6,5,DE,239,1.1748939748075153
S6,5,DE,244,1.1748939748075153
S6,5,DE,249,1.1748939748075153
S6,5,DE,254,1.1748939748075153
S6,5,DE,259,1.1748939748075153
S6,5,DE,264,1.1748939748075153
S6,5,DE,269,1.1748939748075153
S6,5,DE,274,1.1748939748075153
S6,5,DE,279,1.1748939748075153
S6,5,DE,284,1.1748939748075153
S6,5,DE,289,1.1748939748075153
S6,5,DE,294,1.1748939748075153
S6,5,DE,299,1.1748939748075153
S6,5,DE,304,1.1748939748075153
S6,5,DE,309,1.1748939748075153
S6,5,DE,314,1.1748939748075153
S6,5,DE,319,1.1748939748075153
S6,5,DE,324,1.1748939748075153
S6,5,DE,329,1.1748939748075153
S6,5,DE,334,1.1748939748075153
S6,5,DE,339,1.1748939748075153
S6,5,DE,344,1.1748939748075153
S6,5,DE,349,1.1748939748075153
S6,5,DE,354,1.1748939748075153
S6,5,DE,359,1.1748939748075153
S6,5,DE,364,1.1748939748075153
S6,5,DE,369,1.1748939748075153
S6,5,DE,374,1.1748939748075153
S6,6,RFOTO-ABC,14,0.42107752231525175
S6,6,RFOTO-ABC,19,0.42107752231525175
S6,6,RFOTO-ABC,24,0.42107752231525175
S6,6,RFOTO-ABC,29,0.42107752231525175
S6,6,RFOTO-ABC,34,0.42107752231525175
S6,6,RFOTO-ABC,39,0.42107752231525175
S6,6,RFOTO-ABC,44,0.42107752231525175
S6,6,RFOTO-ABC,49,0.42107752231525175
S6,6,RFOTO-ABC,54,0.42107752231525175
S6,6,RFOTO-ABC,59,0.42107752231525175
S6,6,RFOTO-ABC,64,0.42107752231525175
S6,6,RFOTO-ABC,69,0.42107752231525175
S6,6,RFOTO-ABC,74,0.42107752231525175
S6,6,RFOTO-ABC,79,0.42107752231525175
S6,6,RFOTO-ABC,84,0.42107752231525175
S6,6,RFOTO-ABC,89,0.42107752231525175
S6,6,RFOTO-ABC,94,0.42107752231525175
S6,6,RFOTO-ABC,99,0.42107752231525175
S6,6,RFOTO-ABC,104,0.42107752231525175
S6,6,RFOTO-ABC,109,0.42107752231525175
S6,6,RFOTO-ABC,114,0.42107752231525175
S6,6,RFOTO-ABC,119,0.42107752231525175
S6,6,RFOTO-ABC,124,0.4195748158910233
S6,6,RFOTO-ABC,129,0.4195748158910233
S6,6,RFOTO-ABC,134,0.4195748158910233
S6,6,RFOTO-ABC,139,0.4195748158910233
S6,6,RFOTO-ABC,144,0.41338744393376575
S6,6,RFOTO-ABC,149,0.41338744393376575
S6,6,RFOTO-ABC,154,0.41338744393376575
S6,6,RFOTO-ABC,159,0.41338744393376575
S6,6,RFOTO-ABC,164,0.41338744393376575
S6,6,RFOTO-ABC,169,0.41338744393376575
S6,6,RFOTO-ABC,174,0.41338744393376575
S6,6,RFOTO-ABC,179,0.41338744393376575
S6,6,RFOTO-ABC,184,0.41338744393376575
S6,6,RFOTO-ABC,189,0.41338744393376575
S6,6,RFOTO-ABC,194,0.41338744393376575
S6,6,RFOTO-ABC,199,0.41338744393376575
S6,6,RFOTO-ABC,204,0.41338744393376575
S6,6,RFOTO-ABC,209,0.41338744393376575
S6,6,RFOTO-ABC,214,0.41338744393376575
S6,6,RFOTO-ABC,219,0.41338744393376575
S6,6,RFOTO-ABC,224,0.41338744393376575
S6,6,RFOTO-ABC,229,0.41338744393376575
S6,6,RFOTO-ABC,234,0.41338744393376575
S6,6,RFOTO-ABC,239,0.41338744393376575
S6,6,RFOTO-ABC,244,0.41338744393376575
S6,6,RFOTO-ABC,249,0.41338744393376575
S6,6,RFOTO-ABC,254,0.41338744393376575
S6,6,RFOTO-ABC,259,0.41338744393376575
S6,6,RFOTO-ABC,264,0.41338744393376575
S6,6,RFOTO-ABC,269,0.41338744393376575
S6,6,RFOTO-ABC,274,0.41338744393376575
S6,6,RFOTO-ABC,279,0.41338744393376575
S6,6,RFOTO-ABC,284,0.41338744393376575
S6,6,RFOTO-ABC,289,0.41338744393376575
S6,6,RFOTO-ABC,294,0.41338744393376575
S6,6,RFOTO-ABC,299,0.41338744393376575
S6,6,RFOTO-ABC,304,0.41338744393376575
S6,6,RFOTO-ABC,309,0.41338744393376575
S6,6,RFOTO-ABC,314,0.41338744393376575
S6,6,RFOTO-ABC,319,0.41338744393376575
S6,6,RFOTO-ABC,324,0.41338744393376575
S6,6,RFOTO-ABC,329,0.41338744393376575
S6,6,RFOTO-ABC,334,0.41338744393376575
S6,6,RFOTO-ABC,339,0.41338744393376575
S6,6,RFOTO-ABC,344,0.41338744393376575
S6,6,RFOTO-ABC,349,0.41338744393376575
S6,6,RFOTO-ABC,354,0.41338744393376575
S6,6,RFOTO-ABC,359,0.41338744393376575
S6,6,RFOTO-ABC,364,0.41338744393376575
S6,6,RFOTO-ABC,369,0.41338744393376575
S6,6,RFOTO-ABC,374,0.41338744393376575
S6,6,Standard-ABC,14,0.8328504767743843
S6,6,Standard-ABC,19,0.8328504767743843
S6,6,Standard-ABC,24,0.8328504767743843
S6,6,Standard-ABC,29,0.8328504767743843
S6,6,Standard-ABC,34,0.8240061264585828
S6,6,Standard-ABC,39,0.8240061264585828
S6,6,Standard-ABC,44,0.8240061264585828
S6,6,Standard-ABC,49,0.8240061264585828
S6,6,Standard-ABC,54,0.8240061264585828
S6,6,Standard-ABC,59,0.8240061264585828
S6,6,Standard-ABC,64,0.8240061264585828
S6,6,Standard-ABC,69,0.8240061264585828
S6,6,Standard-ABC,74,0.8240061264585828
S6,6,Standard-ABC,79,0.8240061264585828
S6,6,Standard-ABC,84,0.8240061264585828
S6,6,Standard-ABC,89,0.8205732220719036
S6,6,Standard-ABC,94,0.8205732220719036
S6,6,Standard-ABC,99,0.8205732220719036
S6,6,Standard-ABC,104,0.8205732220719036
S6,6,Standard-ABC,109,0.8205732220719036
S6,6,Standard-ABC,114,0.8205732220719036
S6,6,Standard-ABC,119,0.8205732220719036
S6,6,Standard-ABC,124,0.8205732220719036
S6,6,Standard-ABC,129,0.8205732220719036
S6,6,Standard-ABC,134,0.8205732220719036
S6,6,Standard-ABC,139,0.8205732220719036
S6,6,Standard-ABC,144,0.8205732220719036
S6,6,Standard-ABC,149,0.8205732220719036
S6,6,Standard-ABC,154,0.8205732220719036
S6,6,Standard-ABC,159,0.8205732220719036
S6,6,Standard-ABC,164,0.8205732220719036
S6,6,Standard-ABC,169,0.8205732220719036
S6,6,Standard-ABC,174,0.819582613457095
S6,6,Standard-ABC,179,0.819582613457095
S6,6,Standard-ABC,184,0.819582613457095
S6,6,Standard-ABC,189,0.819582613457095
S6,6,Standard-ABC,194,0.8139457079037711
S6,6,Standard-ABC,199,0.8139457079037711
S6,6,Standard-ABC,204,0.8139457079037711
S6,6,Standard-ABC,209,0.8139089146304991
S6,6,Standard-ABC,214,0.8139089146304991
S6,6,Standard-ABC,219,0.8139089146304991
S6,6,Standard-ABC,224,0.8139089146304991
S6,6,Standard-ABC,229,0.8139089146304991
S6,6,Standard-ABC,234,0.8139089146304991
S6,6,Standard-ABC,239,0.8139089146304991
S6,6,Standard-ABC,244,0.8139089146304991
S6,6,Standard-ABC,249,0.8139089146304991
S6,6,Standard-ABC,254,0.8139089146304991
S6,6,Standard-ABC,259,0.8139089146304991
S6,6,Standard-ABC,264,0.8139089146304991
S6,6,Standard-ABC,269,0.8139089146304991
S6,6,Standard-ABC,274,0.8139089146304991
S6,6,Standard-ABC,279,0.8139089146304991
S6,6,Standard-ABC,284,0.8139089146304991
S6,6,Standard-ABC,289,0.8139089146304991
S6,6,Standard-ABC,294,0.8139089146304991
S6,6,Standard-ABC,299,0.8139089146304991
S6,6,Standard-ABC,304,0.8139089146304991
S6,6,Standard-ABC,309,0.8139089146304991
S6,6,Standard-ABC,314,0.8139089146304991
S6,6,Standard-ABC,319,0.8130089802587428
S6,6,Standard-ABC,324,0.8130089802587428
S6,6,Standard-ABC,329,0.8130089802587428
S6,6,Standard-ABC,334,0.8130089802587428
S6,6,Standard-ABC,339,0.8130089802587428
S6,6,Standard-ABC,344,0.8130089802587428
S6,6,Standard-ABC,349,0.8130089802587428
S6,6,Standard-ABC,354,0.8130089802587428
S6,6,Standard-ABC,359,0.8130089802587428
S6,6,Standard-ABC,364,0.8130089802587428
S6,6,Standard-ABC,369,0.8046764570809691
S6,6,Standard-ABC,374,0.8046764570809691
S6,6,GA,14,0.8328504767743843
S6,6,GA,19,0.8328504767743843
S6,6,GA,24,0.7829399351332839
S6,6,GA,29,0.7829399351332839
S6,6,GA,34,0.7727294033242238
S6,6,GA,39,0.7727294033242238
S6,6,GA,44,0.7727294033242238
S6,6,GA,49,0.752649019311306
S6,6,GA,54,0.752649019311306
S6,6,GA,59,0.752649019311306
S6,6,GA,64,0.752649019311306
S6,6,GA,69,0.739569382781637
S6,6,GA,74,0.739569382781637
S6,6,GA,79,0.739569382781637
S6,6,GA,84,0.739569382781637
S6,6,GA,89,0.739569382781637
S6,6,GA,94,0.739569382781637
S6,6,GA,99,0.739569382781637
S6,6,GA,104,0.739569382781637
S6,6,GA,109,0.739569382781637
S6,6,GA,114,0.7340723482830614
S6,6,GA,119,0.7340723482830614
S6,6,GA,124,0.7340723482830614
S6,6,GA,129,0.7340723482830614
S6,6,GA,134,0.7340723482830614
S6,6,GA,139,0.7340723482830614
S6,6,GA,144,0.7340723482830614
S6,6,GA,149,0.7334622291180926
S6,6,GA,154,0.7196493857517823
S6,6,GA,159,0.7196493857517823
S6,6,GA,164,0.7196493857517823
S6,6,GA,169,0.7196493857517823
S6,6,GA,174,0.71688177543813
S6,6,GA,179,0.71688177543813
S6,6,GA,184,0.7161948968699542
S6,6,GA,189,0.7161948968699542
S6,6,GA,194,0.7090013113822994
S6,6,GA,199,0.7055171524000561
S6,6,GA,204,0.7055171524000561
S6,6,GA,209,0.7007218265162177
S6,6,GA,214,0.7007218265162177
S6,6,GA,219,0.7007218265162177
S6,6,GA,224,0.7007218265162177
S6,6,GA,229,0.7007218265162177
S6,6,GA,234,0.7007218265162177
S6,6,GA,239,0.7007218265162177
S6,6,GA,244,0.7007218265162177
S6,6,GA,249,0.7007218265162177
S6,6,GA,254,0.7005849385395746
S6,6,GA,259,0.7005849385395746
S6,6,GA,264,0.7005849385395746
S6,6,GA,269,0.7005849385395746
S6,6,GA,274,0.7005849385395746
S6,6,GA,279,0.7005849385395746
S6,6,GA,284,0.6999595839496527
S6,6,GA,289,0.6999595839496527
S6,6,GA,294,0.6999595839496527
S6,6,GA,299,0.6910960143492768
S6,6,GA,304,0.6910960143492768
S6,6,GA,309,0.6910960143492768
S6,6,GA,314,0.6910960143492768
S6,6,GA,319,0.6910960143492768
S6,6,GA,324,0.6910960143492768
S6,6,GA,329,0.6910960143492768
S6,6,GA,334,0.6817726546589891
S6,6,GA,339,0.6817726546589891
S6,6,GA,344,0.6817726546589891
S6,6,GA,349,0.6779054451466989
S6,6,GA,354,0.6752984296451517
S6,6,GA,359,0.6752984296451517
S6,6,GA,364,0.6752984296451517
S6,6,GA,369,0.6752984296451517
S6,6,GA,374,0.6752984296451517
S6,6,PSO,14,1.8113747891920595
S6,6,PSO,19,1.1093041357602054
S6,6,PSO,24,1.1093041357602054
S6,6,PSO,29,1.1093041357602054
S6,6,PSO,34,1.1093041357602054
S6,6,PSO,39,1.1093041357602054
S6,6,PSO,44,1.1093041357602054
S6,6,PSO,49,1.1093041357602054
S6,6,PSO,54,1.1093041357602054
S6,6,PSO,59,1.1093041357602054
S6,6,PSO,64,1.1093041357602054
S6,6,PSO,69,1.1093041357602054
S6,6,PSO,74,1.1093041357602054
S6,6,PSO,79,1.1093041357602054
S6,6,PSO,84,1.1093041357602054
S6,6,PSO,89,1.1093041357602054
S6,6,PSO,94,1.1093041357602054
S6,6,PSO,99,1.1093041357602054
S6,6,PSO,104,1.1093041357602054
S6,6,PSO,109,1.1093041357602054
S6,6,PSO,114,1.1093041357602054
S6,6,PSO,119,1.1093041357602054
S6,6,PSO,124,1.1093041357602054
S6,6,PSO,129,1.069980556120265
S6,6,PSO,134,1.069980556120265
S6,6,PSO,139,1.069980556120265
S6,6,PSO,144,1.069980556120265
S6,6,PSO,149,1.066774009132848
S6,6,PSO,154,1.066774009132848
S6,6,PSO,159,1.066774009132848
S6,6,PSO,164,1.066774009132848
S6,6,PSO,169,1.066774009132848
S6,6,PSO,174,1.066774009132848
S6,6,PSO,179,1.066774009132848
S6,6,PSO,184,1.066774009132848
S6,6,PSO,189,1.066774009132848
S6,6,PSO,194,1.066774009132848
S6,6,PSO,199,1.066774009132848
S6,6,PSO,204,1.066774009132848
S6,6,PSO,209,1.066774009132848
S6,6,PSO,214,1.066774009132848
S6,6,PSO,219,1.066774009132848
S6,6,PSO,224,1.066774009132848
S6,6,PSO,229,1.066774009132848
S6,6,PSO,234,1.066774009132848
S6,6,PSO,239,1.066774009132848
S6,6,PSO,244,1.066774009132848
S6,6,PSO,249,1.0109422987284722
S6,6,PSO,254,1.0109422987284722
S6,6,PSO,259,1.0109422987284722
S6,6,PSO,264,1.0096968320611053
S6,6,PSO,269,1.0096968320611053
S6,6,PSO,274,0.9612512728942075
S6,6,PSO,279,0.9612512728942075
S6,6,PSO,284,0.9612512728942075
S6,6,PSO,289,0.9612512728942075
S6,6,PSO,294,0.9612512728942075
S6,6,PSO,299,0.9612512728942075
S6,6,PSO,304,0.9612512728942075
S6,6,PSO,309,0.9612512728942075
S6,6,PSO,314,0.9612512728942075
S6,6,PSO,319,0.9612512728942075
S6,6,PSO,324,0.9603559825349056
S6,6,PSO,329,0.9603559825349056
S6,6,PSO,334,0.9603559825349056
S6,6,PSO,339,0.9603559825349056
S6,6,PSO,344,0.9467656751229377
S6,6,PSO,349,0.9467656751229377
S6,6,PSO,354,0.9304536576617983
S6,6,PSO,359,0.9161049976944761
S6,6,PSO,364,0.9003597998849684
S6,6,PSO,369,0.9003597998849684
S6,6,PSO,374,0.9003597998849684
S6,6,DE,14,1.8113747891920595
S6,6,DE,19,1.7036879117928043
S6,6,DE,24,1.7036879117928043
S6,6,DE,29,1.4520966855476565
S6,6,DE,34,1.4520966855476565
S6,6,DE,39,1.4520966855476565
S6,6,DE,44,1.4387195834175779
S6,6,DE,49,1.4387195834175779
S6,6,DE,54,1.4387195834175779
S6,6,DE,59,1.4387195834175779
S6,6,DE,64,1.4387195834175779
S6,6,DE,69,1.4387195834175779
S6,6,DE,74,1.4387195834175779
S6,6,DE,79,1.4387195834175779
S6,6,DE,84,1.4387195834175779
S6,6,DE,89,1.4387195834175779
S6,6,DE,94,1.4387195834175779
S6,6,DE,99,1.4387195834175779
S6,6,DE,104,1.4387195834175779
S6,6,DE,109,1.1299216063279132
S6,6,DE,114,1.1299216063279132
S6,6,DE,119,1.1299216063279132
S6,6,DE,124,1.1299216063279132
S6,6,DE,129,1.1299216063279132
S6,6,DE,134,1.1299216063279132
S6,6,DE,139,1.1299216063279132
S6,6,DE,144,1.1299216063279132
S6,6,DE,149,1.1299216063279132
S6,6,DE,154,1.1299216063279132
S6,6,DE,159,1.1299216063279132
S6,6,DE,164,1.1299216063279132
S6,6,DE,169,1.1299216063279132
S6,6,DE,174,1.1299216063279132
S6,6,DE,179,1.1299216063279132
S6,6,DE,184,1.1299216063279132
S6,6,DE,189,1.1299216063279132
S6,6,DE,194,1.1299216063279132
S6,6,DE,199,1.1299216063279132
S6,6,DE,204,1.1299216063279132
S6,6,DE,209,1.1299216063279132
S6,6,DE,214,1.1299216063279132
S6,6,DE,219,1.1299216063279132
S6,6,DE,224,1.1299216063279132
S6,6,DE,229,1.1299216063279132
S6,6,DE,234,1.1299216063279132
S6,6,DE,239,1.1299216063279132
S6,6,DE,244,1.1299216063279132
S6,6,DE,249,1.1299216063279132
S6,6,DE,254,1.1299216063279132
S6,6,DE,259,1.1299216063279132
S6,6,DE,264,1.1299216063279132
S6,6,DE,269,1.1299216063279132
S6,6,DE,274,1.1299216063279132
S6,6,DE,279,1.1299216063279132
S6,6,DE,284,1.1299216063279132
S6,6,DE,289,1.1299216063279132
S6,6,DE,294,1.1299216063279132
S6,6,DE,299,1.1299216063279132
S6,6,DE,304,1.1299216063279132
S6,6,DE,309,1.1299216063279132
S6,6,DE,314,1.1299216063279132
S6,6,DE,319,1.1299216063279132
S6,6,DE,324,1.1299216063279132
S6,6,DE,329,1.1299216063279132
S6,6,DE,334,1.0707271017903501
S6,6,DE,339,1.0707271017903501
S6,6,DE,344,1.0707271017903501
S6,6,DE,349,1.0707271017903501
S6,6,DE,354,1.0707271017903501
S6,6,DE,359,1.0707271017903501
S6,6,DE,364,1.0707271017903501
S6,6,DE,369,1.0707271017903501
S6,6,DE,374,1.0707271017903501
S6,7,RFOTO-ABC,14,0.35305462495966133
S6,7,RFOTO-ABC,19,0.35305462495966133
S6,7,RFOTO-ABC,24,0.35305462495966133
S6,7,RFOTO-ABC,29,0.35305462495966133
S6,7,RFOTO-ABC,34,0.35305462495966133
S6,7,RFOTO-ABC,39,0.35305462495966133
S6,7,RFOTO-ABC,44,0.35305462495966133
S6,7,RFOTO-ABC,49,0.35305462495966133
S6,7,RFOTO-ABC,54,0.35305462495966133
S6,7,RFOTO-ABC,59,0.35305462495966133
S6,7,RFOTO-ABC,64,0.35305462495966133
S6,7,RFOTO-ABC,69,0.35305462495966133
S6,7,RFOTO-ABC,74,0.35305462495966133
S6,7,RFOTO-ABC,79,0.35305462495966133
S6,7,RFOTO-ABC,84,0.35305462495966133
S6,7,RFOTO-ABC,89,0.35207394809491704
S6,7,RFOTO-ABC,94,0.35207394809491704
S6,7,RFOTO-ABC,99,0.35207394809491704
S6,7,RFOTO-ABC,104,0.35207394809491704
S6,7,RFOTO-ABC,109,0.35207394809491704
S6,7,RFOTO-ABC,114,0.35207394809491704
S6,7,RFOTO-ABC,119,0.35207394809491704
S6,7,RFOTO-ABC,124,0.35207394809491704
S6,7,RFOTO-ABC,129,0.35207394809491704
S6,7,RFOTO-ABC,134,0.34364778694117026
S6,7,RFOTO-ABC,139,0.34364778694117026
S6,7,RFOTO-ABC,144,0.340598803392796
S6,7,RFOTO-ABC,149,0.340598803392796
S6,7,RFOTO-ABC,154,0.340598803392796
S6,7,RFOTO-ABC,159,0.340598803392796
S6,7,RFOTO-ABC,164,0.340598803392796
S6,7,RFOTO-ABC,169,0.340598803392796
S6,7,RFOTO-ABC,174,0.340598803392796
S6,7,RFOTO-ABC,179,0.340598803392796
S6,7,RFOTO-ABC,184,0.340598803392796
S6,7,RFOTO-ABC,189,0.340598803392796
S6,7,RFOTO-ABC,194,0.340598803392796
S6,7,RFOTO-ABC,199,0.340598803392796
S6,7,RFOTO-ABC,204,0.340598803392796
S6,7,RFOTO-ABC,209,0.340598803392796
S6,7,RFOTO-ABC,214,0.340598803392796
S6,7,RFOTO-ABC,219,0.340598803392796
S6,7,RFOTO-ABC,224,0.340598803392796
S6,7,RFOTO-ABC,229,0.340598803392796
S6,7,RFOTO-ABC,234,0.340598803392796
S6,7,RFOTO-ABC,239,0.340598803392796
S6,7,RFOTO-ABC,244,0.340598803392796
S6,7,RFOTO-ABC,249,0.340598803392796
S6,7,RFOTO-ABC,254,0.340598803392796
S6,7,RFOTO-ABC,259,0.340598803392796
S6,7,RFOTO-ABC,264,0.340598803392796
S6,7,RFOTO-ABC,269,0.340598803392796
S6,7,RFOTO-ABC,274,0.340598803392796
S6,7,RFOTO-ABC,279,0.340598803392796
S6,7,RFOTO-ABC,284,0.340598803392796
S6,7,RFOTO-ABC,289,0.340598803392796
S6,7,RFOTO-ABC,294,0.340598803392796
S6,7,RFOTO-ABC,299,0.340598803392796
S6,7,RFOTO-ABC,304,0.340598803392796
S6,7,RFOTO-ABC,309,0.340598803392796
S6,7,RFOTO-ABC,314,0.3401803293182362
S6,7,RFOTO-ABC,319,0.3401803293182362
S6,7,RFOTO-ABC,324,0.3401803293182362
S6,7,RFOTO-ABC,329,0.3401057665157207
S6,7,RFOTO-ABC,334,0.3401057665157207
S6,7,RFOTO-ABC,339,0.3401057665157207
S6,7,RFOTO-ABC,344,0.3401057665157207
S6,7,RFOTO-ABC,349,0.3401057665157207
S6,7,RFOTO-ABC,354,0.3401057665157207
S6,7,RFOTO-ABC,359,0.3401057665157207
S6,7,RFOTO-ABC,364,0.3399062809974629
S6,7,RFOTO-ABC,369,0.3399062809974629
S6,7,RFOTO-ABC,374,0.3399062809974629
S6,7,Standard-ABC,14,0.7416441462291244
S6,7,Standard-ABC,19,0.7416441462291244
S6,7,Standard-ABC,24,0.7416441462291244
S6,7,Standard-ABC,29,0.7416441462291244
S6,7,Standard-ABC,34,0.7416441462291244
S6,7,Standard-ABC,39,0.7416441462291244
S6,7,Standard-ABC,44,0.7416441462291244
S6,7,Standard-ABC,49,0.7416441462291244
S6,7,Standard-ABC,54,0.7416441462291244
S6,7,Standard-ABC,59,0.7416441462291244
S6,7,Standard-ABC,64,0.7416441462291244
S6,7,Standard-ABC,69,0.7416441462291244
S6,7,Standard-ABC,74,0.7416441462291244
S6,7,Standard-ABC,79,0.7416441462291244
S6,7,Standard-ABC,84,0.7416441462291244
S6,7,Standard-ABC,89,0.7416441462291244
S6,7,Standard-ABC,94,0.7378830020310577
S6,7,Standard-ABC,99,0.7348411049168242
S6,7,Standard-ABC,104,0.7348411049168242
S6,7,Standard-ABC,109,0.7348411049168242
S6,7,Standard-ABC,114,0.7348411049168242
S6,7,Standard-ABC,119,0.7348411049168242
S6,7,Standard-ABC,124,0.7348411049168242
S6,7,Standard-ABC,129,0.7348411049168242
S6,7,Standard-ABC,134,0.7348411049168242
S6,7,Standard-ABC,139,0.7348411049168242
S6,7,Standard-ABC,144,0.7348411049168242
S6,7,Standard-ABC,149,0.7348411049168242
S6,7,Standard-ABC,154,0.7348411049168242
S6,7,Standard-ABC,159,0.7348411049168242
S6,7,Standard-ABC,164,0.7348411049168242
S6,7,Standard-ABC,169,0.7348411049168242
S6,7,Standard-ABC,174,0.7348411049168242
S6,7,Standard-ABC,179,0.7348411049168242
S6,7,Standard-ABC,184,0.7348411049168242
S6,7,Standard-ABC,189,0.7348411049168242
S6,7,Standard-ABC,194,0.7348411049168242
S6,7,Standard-ABC,199,0.7348411049168242
S6,7,Standard-ABC,204,0.7348411049168242
S6,7,Standard-ABC,209,0.7348411049168242
S6,7,Standard-ABC,214,0.7348411049168242
S6,7,Standard-ABC,219,0.7348411049168242
S6,7,Standard-ABC,224,0.7348411049168242
S6,7,Standard-ABC,229,0.7348411049168242
S6,7,Standard-ABC,234,0.7348411049168242
S6,7,Standard-ABC,239,0.7348411049168242
S6,7,Standard-ABC,244,0.7348411049168242
S6,7,Standard-ABC,249,0.7348411049168242
S6,7,Standard-ABC,254,0.7348411049168242
S6,7,Standard-ABC,259,0.7348411049168242
S6,7,Standard-ABC,264,0.7347045723053712
S6,7,Standard-ABC,269,0.7347045723053712
S6,7,Standard-ABC,274,0.7347045723053712
S6,7,Standard-ABC,279,0.7347045723053712
S6,7,Standard-ABC,284,0.7347045723053712
S6,7,Standard-ABC,289,0.7347045723053712
S6,7,Standard-ABC,294,0.7347045723053712
S6,7,Standard-ABC,299,0.7347045723053712
S6,7,Standard-ABC,304,0.7347045723053712
S6,7,Standard-ABC,309,0.7347045723053712
S6,7,Standard-ABC,314,0.7347045723053712
S6,7,Standard-ABC,319,0.7347045723053712
S6,7,Standard-ABC,324,0.7347045723053712
S6,7,Standard-ABC,329,0.7347045723053712
S6,7,Standard-ABC,334,0.7347045723053712
S6,7,Standard-ABC,339,0.7347045723053712
S6,7,Standard-ABC,344,0.7347045723053712
S6,7,Standard-ABC,349,0.7347045723053712
S6,7,Standard-ABC,354,0.7347045723053712
S6,7,Standard-ABC,359,0.7347045723053712
S6,7,Standard-ABC,364,0.7347045723053712
S6,7,Standard-ABC,369,0.7347045723053712
S6,7,Standard-ABC,374,0.7347045723053712
S6,7,GA,14,0.7416441462291244
S6,7,GA,19,0.7416441462291244
S6,7,GA,24,0.7416441462291244
S6,7,GA,29,0.7416441462291244
S6,7,GA,34,0.7384640170594887
S6,7,GA,39,0.7259166070259561
S6,7,GA,44,0.7056378459208854
S6,7,GA,49,0.7056378459208854
S6,7,GA,54,0.7056378459208854
S6,7,GA,59,0.7056378459208854
S6,7,GA,64,0.7056378459208854
S6,7,GA,69,0.7056378459208854
S6,7,GA,74,0.7056378459208854
S6,7,GA,79,0.7024754688151937
S6,7,GA,84,0.7024754688151937
S6,7,GA,89,0.7012254448201997
S6,7,GA,94,0.6917730548052106
S6,7,GA,99,0.6917730548052106
S6,7,GA,104,0.6858834098907332
S6,7,GA,109,0.6858834098907332
S6,7,GA,114,0.6830493537106933
S6,7,GA,119,0.6830493537106933
S6,7,GA,124,0.6830493537106933
S6,7,GA,129,0.6722071782383452
S6,7,GA,134,0.6722071782383452
S6,7,GA,139,0.6692735117078482
S6,7,GA,144,0.6692735117078482
S6,7,GA,149,0.6690198526407781
S6,7,GA,154,0.6641137665255297
S6,7,GA,159,0.6641137665255297
S6,7,GA,164,0.6634289968904531
S6,7,GA,169,0.6634289968904531
S6,7,GA,174,0.6634289968904531
S6,7,GA,179,0.6634289968904531
S6,7,GA,184,0.6634289968904531
S6,7,GA,189,0.6634289968904531
S6,7,GA,194,0.6634289968904531
S6,7,GA,199,0.6605363905652493
S6,7,GA,204,0.6605363905652493
S6,7,GA,209,0.6605363905652493
S6,7,GA,214,0.6605363905652493
S6,7,GA,219,0.6573615929911707
S6,7,GA,224,0.6548527056665786
S6,7,GA,229,0.6548527056665786
S6,7,GA,234,0.6548527056665786
S6,7,GA,239,0.6529667851357671
S6,7,GA,244,0.6508927500631154
S6,7,GA,249,0.6502358512159353
S6,7,GA,254,0.6502358512159353
S6,7,GA,259,0.6423015600109615
S6,7,GA,264,0.6423015600109615
S6,7,GA,269,0.6423015600109615
S6,7,GA,274,0.6423015600109615
S6,7,GA,279,0.6423015600109615
S6,7,GA,284,0.6423015600109615
S6,7,GA,289,0.6423015600109615
S6,7,GA,294,0.6423015600109615
S6,7,GA,299,0.6398878841063818
S6,7,GA,304,0.6381505243558001
S6,7,GA,309,0.6242836352047189
S6,7,GA,314,0.6242836352047189
S6,7,GA,319,0.6242836352047189
S6,7,GA,324,0.6242836352047189
S6,7,GA,329,0.6242836352047189
S6,7,GA,334,0.6242836352047189
S6,7,GA,339,0.6242836352047189
S6,7,GA,344,0.6242836352047189
S6,7,GA,349,0.6242836352047189
S6,7,GA,354,0.6242836352047189
S6,7,GA,359,0.6213011957482564
S6,7,GA,364,0.6193963284662308
S6,7,GA,369,0.6193963284662308
S6,7,GA,374,0.6193963284662308
S6,7,PSO,14,1.6172155015710885
S6,7,PSO,19,1.6172155015710885
S6,7,PSO,24,1.6172155015710885
S6,7,PSO,29,1.6172155015710885
S6,7,PSO,34,1.6172155015710885
S6,7,PSO,39,1.6172155015710885
S6,7,PSO,44,1.6172155015710885
S6,7,PSO,49,1.6172155015710885
S6,7,PSO,54,1.6172155015710885
S6,7,PSO,59,1.6172155015710885
S6,7,PSO,64,1.6172155015710885
S6,7,PSO,69,1.6172155015710885
S6,7,PSO,74,1.6172155015710885
S6,7,PSO,79,1.6172155015710885
S6,7,PSO,84,1.6172155015710885
S6,7,PSO,89,1.6172155015710885
S6,7,PSO,94,1.3927438026133163
S6,7,PSO,99,1.3925346096728386
S6,7,PSO,104,1.3925346096728386
S6,7,PSO,109,1.3925346096728386
S6,7,PSO,114,1.3925346096728386
S6,7,PSO,119,1.3925346096728386
S6,7,PSO,124,1.332280522811263
S6,7,PSO,129,1.2694481902738723
S6,7,PSO,134,1.2694481902738723
S6,7,PSO,139,1.2694481902738723
S6,7,PSO,144,1.2694481902738723
S6,7,PSO,149,1.2694481902738723
S6,7,PSO,154,1.0984697475695895
S6,7,PSO,159,1.0984697475695895
S6,7,PSO,164,1.0984697475695895
S6,7,PSO,169,1.0984697475695895
S6,7,PSO,174,1.0984697475695895
S6,7,PSO,179,1.0984697475695895
S6,7,PSO,184,1.0208158862232874
S6,7,PSO,189,1.0208158862232874
S6,7,PSO,194,1.0208158862232874
S6,7,PSO,199,1.0208158862232874
S6,7,PSO,204,1.0084312000190645
S6,7,PSO,209,1.0084312000190645
S6,7,PSO,214,1.0084312000190645
S6,7,PSO,219,1.0084312000190645
S6,7,PSO,224,1.0084312000190645
S6,7,PSO,229,1.0084312000190645
S6,7,PSO,234,1.0084312000190645
S6,7,PSO,239,1.0084312000190645
S6,7,PSO,244,1.0084312000190645
S6,7,PSO,249,1.0084312000190645
S6,7,PSO,254,1.0084312000190645
S6,7,PSO,259,1.002780142197698
S6,7,PSO,264,1.002780142197698
S6,7,PSO,269,1.002780142197698
S6,7,PSO,274,1.002780142197698
S6,7,PSO,279,1.002780142197698
S6,7,PSO,284,1.002780142197698
S6,7,PSO,289,1.002780142197698
S6,7,PSO,294,0.9848135830676422
S6,7,PSO,299,0.9848135830676422
S6,7,PSO,304,0.9848135830676422
S6,7,PSO,309,0.9848135830676422
S6,7,PSO,314,0.9652632000623855
S6,7,PSO,319,0.9652632000623855
S6,7,PSO,324,0.9652632000623855
S6,7,PSO,329,0.9546854180107078
S6,7,PSO,334,0.9477745605951972
S6,7,PSO,339,0.9477745605951972
S6,7,PSO,344,0.9477745605951972
S6,7,PSO,349,0.9477745605951972
S6,7,PSO,354,0.9468880496487885
S6,7,PSO,359,0.9244952781768552
S6,7,PSO,364,0.9184057437034165
S6,7,PSO,369,0.9184057437034165
S6,7,PSO,374,0.9184057437034165
S6,7,DE,14,1.6172155015710885
S6,7,DE,19,1.2977494920945134
S6,7,DE,24,1.2977494920945134
S6,7,DE,29,1.2977494920945134
S6,7,DE,34,1.2977494920945134
S6,7,DE,39,1.2977494920945134
S6,7,DE,44,1.2977494920945134
S6,7,DE,49,1.2977494920945134
S6,7,DE,54,1.2977494920945134
S6,7,DE,59,1.2977494920945134
S6,7,DE,64,1.2977494920945134
S6,7,DE,69,1.2977494920945134
S6,7,DE,74,1.2977494920945134
S6,7,DE,79,1.2977494920945134
S6,7,DE,84,1.2977494920945134
S6,7,DE,89,1.2977494920945134
S6,7,DE,94,1.2977494920945134
S6,7,DE,99,1.2977494920945134
S6,7,DE,104,1.2977494920945134
S6,7,DE,109,1.1736859997101734
S6,7,DE,114,1.1736859997101734
S6,7,DE,119,1.1736859997101734
S6,7,DE,124,1.1736859997101734
S6,7,DE,129,1.1736859997101734
S6,7,DE,134,1.1736859997101734
S6,7,DE,139,1.1736859997101734
S6,7,DE,144,1.1736859997101734
S6,7,DE,149,1.1736859997101734
S6,7,DE,154,1.1736859997101734
S6,7,DE,159,1.1736859997101734
S6,7,DE,164,1.1736859997101734
S6,7,DE,169,1.1736859997101734
S6,7,DE,174,1.1736859997101734
S6,7,DE,179,1.1736859997101734
S6,7,DE,184,1.1736859997101734
S6,7,DE,189,1.1736859997101734
S6,7,DE,194,1.1736859997101734
S6,7,DE,199,1.1736859997101734
S6,7,DE,204,1.1736859997101734
S6,7,DE,209,1.1736859997101734
S6,7,DE,214,1.1736859997101734
S6,7,DE,219,1.1736859997101734
S6,7,DE,224,1.080899246501022
S6,7,DE,229,1.080899246501022
S6,7,DE,234,1.080899246501022
S6,7,DE,239,1.080899246501022
S6,7,DE,244,1.080899246501022
S6,7,DE,249,1.080899246501022
S6,7,DE,254,1.080899246501022
S6,7,DE,259,1.080899246501022
S6,7,DE,264,1.080899246501022
S6,7,DE,269,1.080899246501022
S6,7,DE,274,1.080899246501022
S6,7,DE,279,1.080899246501022
S6,7,DE,284,1.080899246501022
S6,7,DE,289,1.080899246501022
S6,7,DE,294,1.080899246501022
S6,7,DE,299,1.080899246501022
S6,7,DE,304,1.080899246501022
S6,7,DE,309,1.080899246501022
S6,7,DE,314,1.080899246501022
S6,7,DE,319,1.080899246501022
S6,7,DE,324,1.080899246501022
S6,7,DE,329,1.080899246501022
S6,7,DE,334,1.080899246501022
S6,7,DE,339,1.080899246501022
S6,7,DE,344,1.080899246501022
S6,7,DE,349,1.080899246501022
S6,7,DE,354,1.080899246501022
S6,7,DE,359,1.080899246501022
S6,7,DE,364,1.080899246501022
S6,7,DE,369,1.080899246501022
S6,7,DE,374,1.080899246501022
S6,8,RFOTO-ABC,14,0.3346929224193862
S6,8,RFOTO-ABC,19,0.3346929224193862
S6,8,RFOTO-ABC,24,0.3346929224193862
S6,8,RFOTO-ABC,29,0.3346929224193862
S6,8,RFOTO-ABC,34,0.3346929224193862
S6,8,RFOTO-ABC,39,0.3346929224193862
S6,8,RFOTO-ABC,44,0.3346929224193862
S6,8,RFOTO-ABC,49,0.3346929224193862
S6,8,RFOTO-ABC,54,0.3346929224193862
S6,8,RFOTO-ABC,59,0.3342638340364235
S6,8,RFOTO-ABC,64,0.3342638340364235
S6,8,RFOTO-ABC,69,0.3342638340364235
S6,8,RFOTO-ABC,74,0.3342638340364235
S6,8,RFOTO-ABC,79,0.3342638340364235
S6,8,RFOTO-ABC,84,0.3342638340364235
S6,8,RFOTO-ABC,89,0.3342638340364235
S6,8,RFOTO-ABC,94,0.3342638340364235
S6,8,RFOTO-ABC,99,0.3342638340364235
S6,8,RFOTO-ABC,104,0.3342638340364235
S6,8,RFOTO-ABC,109,0.3342638340364235
S6,8,RFOTO-ABC,114,0.3341203994495431
S6,8,RFOTO-ABC,119,0.3341203994495431
S6,8,RFOTO-ABC,124,0.3341203994495431
S6,8,RFOTO-ABC,129,0.3341203994495431
S6,8,RFOTO-ABC,134,0.3341203994495431
S6,8,RFOTO-ABC,139,0.3341203994495431
S6,8,RFOTO-ABC,144,0.3341203994495431
S6,8,RFOTO-ABC,149,0.3341203994495431
S6,8,RFOTO-ABC,154,0.3341203994495431
S6,8,RFOTO-ABC,159,0.3341203994495431
S6,8,RFOTO-ABC,164,0.3341203994495431
S6,8,RFOTO-ABC,169,0.3341203994495431
S6,8,RFOTO-ABC,174,0.3341203994495431
S6,8,RFOTO-ABC,179,0.3341203994495431
S6,8,RFOTO-ABC,184,0.3341203994495431
S6,8,RFOTO-ABC,189,0.3341203994495431
S6,8,RFOTO-ABC,194,0.3341203994495431
S6,8,RFOTO-ABC,199,0.3341203994495431
S6,8,RFOTO-ABC,204,0.3341203994495431
S6,8,RFOTO-ABC,209,0.3341203994495431
S6,8,RFOTO-ABC,214,0.3341203994495431
S6,8,RFOTO-ABC,219,0.3341203994495431
S6,8,RFOTO-ABC,224,0.3341203994495431
S6,8,RFOTO-ABC,229,0.3341203994495431
S6,8,RFOTO-ABC,234,0.3341203994495431
S6,8,RFOTO-ABC,239,0.3341203994495431
S6,8,RFOTO-ABC,244,0.33395553041095694
S6,8,RFOTO-ABC,249,0.33395553041095694
S6,8,RFOTO-ABC,254,0.33395553041095694
S6,8,RFOTO-ABC,259,0.33395553041095694
S6,8,RFOTO-ABC,264,0.33395553041095694
S6,8,RFOTO-ABC,269,0.33395553041095694
S6,8,RFOTO-ABC,274,0.33395553041095694
S6,8,RFOTO-ABC,279,0.33395553041095694
S6,8,RFOTO-ABC,284,0.33395553041095694
S6,8,RFOTO-ABC,289,0.33395553041095694
S6,8,RFOTO-ABC,294,0.33395553041095694
S6,8,RFOTO-ABC,299,0.33395553041095694
S6,8,RFOTO-ABC,304,0.33395553041095694
S6,8,RFOTO-ABC,309,0.33395553041095694
S6,8,RFOTO-ABC,314,0.33395553041095694
S6,8,RFOTO-ABC,319,0.33395553041095694
S6,8,RFOTO-ABC,324,0.33395553041095694
S6,8,RFOTO-ABC,329,0.33395553041095694
S6,8,RFOTO-ABC,334,0.33395553041095694
S6,8,RFOTO-ABC,339,0.33395553041095694
S6,8,RFOTO-ABC,344,0.33395553041095694
S6,8,RFOTO-ABC,349,0.33395553041095694
S6,8,RFOTO-ABC,354,0.33395553041095694
S6,8,RFOTO-ABC,359,0.33395553041095694
S6,8,RFOTO-ABC,364,0.33395553041095694
S6,8,RFOTO-ABC,369,0.33395553041095694
S6,8,RFOTO-ABC,374,0.33395553041095694
S6,8,Standard-ABC,14,0.7289590749284037
S6,8,Standard-ABC,19,0.7289590749284037
S6,8,Standard-ABC,24,0.7289590749284037
S6,8,Standard-ABC,29,0.7289590749284037
S6,8,Standard-ABC,34,0.7289590749284037
S6,8,Standard-ABC,39,0.7289590749284037
S6,8,Standard-ABC,44,0.7289590749284037
S6,8,Standard-ABC,49,0.7289590749284037
S6,8,Standard-ABC,54,0.7289590749284037
S6,8,Standard-ABC,59,0.7289590749284037
S6,8,Standard-ABC,64,0.7289590749284037
S6,8,Standard-ABC,69,0.7289590749284037
S6,8,Standard-ABC,74,0.7289590749284037
S6,8,Standard-ABC,79,0.7289590749284037
S6,8,Standard-ABC,84,0.7289590749284037
S6,8,Standard-ABC,89,0.7289590749284037
S6,8,Standard-ABC,94,0.7289590749284037
S6,8,Standard-ABC,99,0.7289590749284037
S6,8,Standard-ABC,104,0.7289590749284037
S6,8,Standard-ABC,109,0.7289590749284037
S6,8,Standard-ABC,114,0.7289590749284037
S6,8,Standard-ABC,119,0.7289590749284037
S6,8,Standard-ABC,124,0.7237671279566148
S6,8,Standard-ABC,129,0.7237671279566148
S6,8,Standard-ABC,134,0.7237671279566148
S6,8,Standard-ABC,139,0.7237671279566148
S6,8,Standard-ABC,144,0.7237671279566148
S6,8,Standard-ABC,149,0.7237671279566148
S6,8,Standard-ABC,154,0.7237671279566148
S6,8,Standard-ABC,159,0.7237671279566148
S6,8,Standard-ABC,164,0.7237671279566148
S6,8,Standard-ABC,169,0.7237671279566148
S6,8,Standard-ABC,174,0.7126518803703477
S6,8,Standard-ABC,179,0.7126518803703477
S6,8,Standard-ABC,184,0.7126518803703477
S6,8,Standard-ABC,189,0.7126518803703477
S6,8,Standard-ABC,194,0.7126518803703477
S6,8,Standard-ABC,199,0.7126518803703477
S6,8,Standard-ABC,204,0.7126518803703477
S6,8,Standard-ABC,209,0.7126518803703477
S6,8,Standard-ABC,214,0.7126518803703477
S6,8,Standard-ABC,219,0.7126518803703477
S6,8,Standard-ABC,224,0.7126518803703477
S6,8,Standard-ABC,229,0.7126518803703477
S6,8,Standard-ABC,234,0.7126518803703477
S6,8,Standard-ABC,239,0.7126518803703477
S6,8,Standard-ABC,244,0.7126518803703477
S6,8,Standard-ABC,249,0.7126518803703477
S6,8,Standard-ABC,254,0.7126518803703477
S6,8,Standard-ABC,259,0.7126518803703477
S6,8,Standard-ABC,264,0.7126518803703477
S6,8,Standard-ABC,269,0.7126518803703477
S6,8,Standard-ABC,274,0.7126518803703477
S6,8,Standard-ABC,279,0.7126518803703477
S6,8,Standard-ABC,284,0.7126518803703477
S6,8,Standard-ABC,289,0.7126518803703477
S6,8,Standard-ABC,294,0.7126518803703477
S6,8,Standard-ABC,299,0.712238256914094
S6,8,Standard-ABC,304,0.712238256914094
S6,8,Standard-ABC,309,0.712238256914094
S6,8,Standard-ABC,314,0.712238256914094
S6,8,Standard-ABC,319,0.712238256914094
S6,8,Standard-ABC,324,0.712238256914094
S6,8,Standard-ABC,329,0.712238256914094
S6,8,Standard-ABC,334,0.712238256914094
S6,8,Standard-ABC,339,0.712238256914094
S6,8,Standard-ABC,344,0.712238256914094
S6,8,Standard-ABC,349,0.712238256914094
S6,8,Standard-ABC,354,0.712238256914094
S6,8,Standard-ABC,359,0.712238256914094
S6,8,Standard-ABC,364,0.712238256914094
S6,8,Standard-ABC,369,0.712238256914094
S6,8,Standard-ABC,374,0.712238256914094
S6,8,GA,14,0.7289590749284037
S6,8,GA,19,0.7289590749284037
S6,8,GA,24,0.7266621072389783
S6,8,GA,29,0.7266621072389783
S6,8,GA,34,0.7266621072389783
S6,8,GA,39,0.7149259890291562
S6,8,GA,44,0.7014327489895831
S6,8,GA,49,0.7014327489895831
S6,8,GA,54,0.7014327489895831
S6,8,GA,59,0.6836468856544111
S6,8,GA,64,0.6836468856544111
S6,8,GA,69,0.6836468856544111
S6,8,GA,74,0.6703201463594886
S6,8,GA,79,0.6700344975035608
S6,8,GA,84,0.6700344975035608
S6,8,GA,89,0.6700344975035608
S6,8,GA,94,0.6673719631200737
S6,8,GA,99,0.6641853024008655
S6,8,GA,104,0.6641853024008655
S6,8,GA,109,0.6641853024008655
S6,8,GA,114,0.6616476124945286
S6,8,GA,119,0.659895911998782
S6,8,GA,124,0.6560628773030918
S6,8,GA,129,0.6522263324608546
S6,8,GA,134,0.6497304183829483
S6,8,GA,139,0.6497304183829483
S6,8,GA,144,0.6497304183829483
S6,8,GA,149,0.6497304183829483
S6,8,GA,154,0.6474412484721381
S6,8,GA,159,0.6474412484721381
S6,8,GA,164,0.6474412484721381
S6,8,GA,169,0.6474412484721381
S6,8,GA,174,0.6471455652983292
S6,8,GA,179,0.6471455652983292
S6,8,GA,184,0.6471455652983292
S6,8,GA,189,0.6458625685091501
S6,8,GA,194,0.643991769868952
S6,8,GA,199,0.643991769868952
S6,8,GA,204,0.643991769868952
S6,8,GA,209,0.639827196488059
S6,8,GA,214,0.639827196488059
S6,8,GA,219,0.638482321700794
S6,8,GA,224,0.638482321700794
S6,8,GA,229,0.6339359690450037
S6,8,GA,234,0.6339359690450037
S6,8,GA,239,0.6339359690450037
S6,8,GA,244,0.6332615051621754
S6,8,GA,249,0.6332615051621754
S6,8,GA,254,0.6332615051621754
S6,8,GA,259,0.6332615051621754
S6,8,GA,264,0.6332615051621754
S6,8,GA,269,0.6276804774402948
S6,8,GA,274,0.6276804774402948
S6,8,GA,279,0.6276804774402948
S6,8,GA,284,0.6269431282946167
S6,8,GA,289,0.6269431282946167
S6,8,GA,294,0.6269431282946167
S6,8,GA,299,0.6269431282946167
S6,8,GA,304,0.6269431282946167
S6,8,GA,309,0.6269431282946167
S6,8,GA,314,0.6269431282946167
S6,8,GA,319,0.6269431282946167
S6,8,GA,324,0.6269431282946167
S6,8,GA,329,0.6256083737474151
S6,8,GA,334,0.6256083737474151
S6,8,GA,339,0.6256083737474151
S6,8,GA,344,0.6256083737474151
S6,8,GA,349,0.6256083737474151
S6,8,GA,354,0.6229188173451525
S6,8,GA,359,0.6229188173451525
S6,8,GA,364,0.6229188173451525
S6,8,GA,369,0.6229188173451525
S6,8,GA,374,0.6229188173451525
S6,8,PSO,14,1.5049784397212962
S6,8,PSO,19,1.468656245797449
S6,8,PSO,24,1.2209911103702014
S6,8,PSO,29,1.2209911103702014
S6,8,PSO,34,1.2209911103702014
S6,8,PSO,39,1.2209911103702014
S6,8,PSO,44,1.2209911103702014
S6,8,PSO,49,1.2209911103702014
S6,8,PSO,54,1.2209911103702014
S6,8,PSO,59,1.1896161074214422
S6,8,PSO,64,1.1896161074214422
S6,8,PSO,69,1.1896161074214422
S6,8,PSO,74,1.103066049854139
S6,8,PSO,79,1.103066049854139
S6,8,PSO,84,1.103066049854139
S6,8,PSO,89,1.103066049854139
S6,8,PSO,94,1.103066049854139
S6,8,PSO,99,1.103066049854139
S6,8,PSO,104,1.103066049854139
S6,8,PSO,109,1.103066049854139
S6,8,PSO,114,1.103066049854139
S6,8,PSO,119,1.0810087597057936
S6,8,PSO,124,1.0810087597057936
S6,8,PSO,129,1.014967861869847
S6,8,PSO,134,1.014967861869847
S6,8,PSO,139,1.014967861869847
S6,8,PSO,144,1.014967861869847
S6,8,PSO,149,1.014967861869847
S6,8,PSO,154,1.014160881787791
S6,8,PSO,159,1.014160881787791
S6,8,PSO,164,1.014160881787791
S6,8,PSO,169,1.014160881787791
S6,8,PSO,174,1.014160881787791
S6,8,PSO,179,1.014160881787791
S6,8,PSO,184,1.014160881787791
S6,8,PSO,189,1.0080500654470446
S6,8,PSO,194,1.0080500654470446
S6,8,PSO,199,1.0080500654470446
S6,8,PSO,204,1.0080500654470446
S6,8,PSO,209,1.0080500654470446
S6,8,PSO,214,1.0080500654470446
S6,8,PSO,219,1.0080500654470446
S6,8,PSO,224,0.9954341655012156
S6,8,PSO,229,0.9954341655012156
S6,8,PSO,234,0.9954341655012156
S6,8,PSO,239,0.9660822967861158
S6,8,PSO,244,0.9660822967861158
S6,8,PSO,249,0.9660822967861158
S6,8,PSO,254,0.9660822967861158
S6,8,PSO,259,0.9660822967861158
S6,8,PSO,264,0.9660822967861158
S6,8,PSO,269,0.9660822967861158
S6,8,PSO,274,0.9660822967861158
S6,8,PSO,279,0.9660822967861158
S6,8,PSO,284,0.9660822967861158
S6,8,PSO,289,0.9660822967861158
S6,8,PSO,294,0.9660822967861158
S6,8,PSO,299,0.9610290028767023
S6,8,PSO,304,0.9610290028767023
S6,8,PSO,309,0.9580475724741069
S6,8,PSO,314,0.9304444563920815
S6,8,PSO,319,0.9304444563920815
S6,8,PSO,324,0.9130924784457883
S6,8,PSO,329,0.9130924784457883
S6,8,PSO,334,0.9130924784457883
S6,8,PSO,339,0.9130924784457883
S6,8,PSO,344,0.9130924784457883
S6,8,PSO,349,0.9130924784457883
S6,8,PSO,354,0.9128919542690472
S6,8,PSO,359,0.8943233387790649
S6,8,PSO,364,0.8943233387790649
S6,8,PSO,369,0.8943233387790649
S6,8,PSO,374,0.8943233387790649
S6,8,DE,14,1.5049784397212962
S6,8,DE,19,1.5049784397212962
S6,8,DE,24,1.5049784397212962
S6,8,DE,29,1.5049784397212962
S6,8,DE,34,1.5049784397212962
S6,8,DE,39,1.5049784397212962
S6,8,DE,44,1.2763136537491142
S6,8,DE,49,1.2763136537491142
S6,8,DE,54,1.2763136537491142
S6,8,DE,59,1.2763136537491142
S6,8,DE,64,1.2238700719277262
S6,8,DE,69,1.2238700719277262
S6,8,DE,74,1.2238700719277262
S6,8,DE,79,1.2238700719277262
S6,8,DE,84,1.2238700719277262
S6,8,DE,89,1.2238700719277262
S6,8,DE,94,1.2238700719277262
S6,8,DE,99,1.2238700719277262
S6,8,DE,104,1.2238700719277262
S6,8,DE,109,1.2238700719277262
S6,8,DE,114,1.2238700719277262
S6,8,DE,119,1.2238700719277262
S6,8,DE,124,1.2238700719277262
S6,8,DE,129,1.2238700719277262
S6,8,DE,134,1.2238700719277262
S6,8,DE,139,1.2238700719277262
S6,8,DE,144,1.2238700719277262
S6,8,DE,149,1.2238700719277262
S6,8,DE,154,1.2238700719277262
S6,8,DE,159,1.2238700719277262
S6,8,DE,164,1.1775238289006438
S6,8,DE,169,1.1775238289006438
S6,8,DE,174,1.1448226631400629
S6,8,DE,179,1.1448226631400629
S6,8,DE,184,1.1448226631400629
S6,8,DE,189,1.1448226631400629
S6,8,DE,194,1.1448226631400629
S6,8,DE,199,1.1448226631400629
S6,8,DE,204,1.1448226631400629
S6,8,DE,209,1.1448226631400629
S6,8,DE,214,1.0942690936511728
S6,8,DE,219,1.0942690936511728
S6,8,DE,224,1.0839140323406138
S6,8,DE,229,1.0839140323406138
S6,8,DE,234,1.0392446508999662
S6,8,DE,239,1.0392446508999662
S6,8,DE,244,1.0392446508999662
S6,8,DE,249,1.0392446508999662
S6,8,DE,254,1.0392446508999662
S6,8,DE,259,1.0392446508999662
S6,8,DE,264,1.0392446508999662
S6,8,DE,269,1.0392446508999662
S6,8,DE,274,1.0392446508999662
S6,8,DE,279,1.0392446508999662
S6,8,DE,284,1.0392446508999662
S6,8,DE,289,1.0392446508999662
S6,8,DE,294,1.0392446508999662
S6,8,DE,299,1.0392446508999662
S6,8,DE,304,1.0392446508999662
S6,8,DE,309,1.0392446508999662
S6,8,DE,314,1.0392446508999662
S6,8,DE,319,1.0392446508999662
S6,8,DE,324,1.0392446508999662
S6,8,DE,329,1.0392446508999662
S6,8,DE,334,1.0392446508999662
S6,8,DE,339,1.0392446508999662
S6,8,DE,344,1.0392446508999662
S6,8,DE,349,1.0392446508999662
S6,8,DE,354,1.0392446508999662
S6,8,DE,359,1.0392446508999662
S6,8,DE,364,1.0392446508999662
S6,8,DE,369,1.0392446508999662
S6,8,DE,374,1.0392446508999662
S6,9,RFOTO-ABC,14,0.3376993509696868
S6,9,RFOTO-ABC,19,0.3376993509696868
S6,9,RFOTO-ABC,24,0.3376993509696868
S6,9,RFOTO-ABC,29,0.3376993509696868
S6,9,RFOTO-ABC,34,0.3376993509696868
S6,9,RFOTO-ABC,39,0.3376993509696868
S6,9,RFOTO-ABC,44,0.3376993509696868
S6,9,RFOTO-ABC,49,0.3376993509696868
S6,9,RFOTO-ABC,54,0.337369082377846
S6,9,RFOTO-ABC,59,0.337369082377846
S6,9,RFOTO-ABC,64,0.337369082377846
S6,9,RFOTO-ABC,69,0.337369082377846
S6,9,RFOTO-ABC,74,0.337369082377846
S6,9,RFOTO-ABC,79,0.337369082377846
S6,9,RFOTO-ABC,84,0.337369082377846
S6,9,RFOTO-ABC,89,0.337369082377846
S6,9,RFOTO-ABC,94,0.337369082377846
S6,9,RFOTO-ABC,99,0.33730021546507616
S6,9,RFOTO-ABC,104,0.33730021546507616
S6,9,RFOTO-ABC,109,0.33730021546507616
S6,9,RFOTO-ABC,114,0.33730021546507616
S6,9,RFOTO-ABC,119,0.33730021546507616
S6,9,RFOTO-ABC,124,0.33730021546507616
S6,9,RFOTO-ABC,129,0.33730021546507616
S6,9,RFOTO-ABC,134,0.33730021546507616
S6,9,RFOTO-ABC,139,0.33730021546507616
S6,9,RFOTO-ABC,144,0.33730021546507616
S6,9,RFOTO-ABC,149,0.33730021546507616
S6,9,RFOTO-ABC,154,0.33730021546507616
S6,9,RFOTO-ABC,159,0.33730021546507616
S6,9,RFOTO-ABC,164,0.33730021546507616
S6,9,RFOTO-ABC,169,0.33730021546507616
S6,9,RFOTO-ABC,174,0.33730021546507616
S6,9,RFOTO-ABC,179,0.33730021546507616
S6,9,RFOTO-ABC,184,0.33730021546507616
S6,9,RFOTO-ABC,189,0.33730021546507616
S6,9,RFOTO-ABC,194,0.33730021546507616
S6,9,RFOTO-ABC,199,0.33730021546507616
S6,9,RFOTO-ABC,204,0.33583842007849113
S6,9,RFOTO-ABC,209,0.33583842007849113
S6,9,RFOTO-ABC,214,0.33583842007849113
S6,9,RFOTO-ABC,219,0.33583842007849113
S6,9,RFOTO-ABC,224,0.33583842007849113
S6,9,RFOTO-ABC,229,0.33583842007849113
S6,9,RFOTO-ABC,234,0.33583842007849113
S6,9,RFOTO-ABC,239,0.33583842007849113
S6,9,RFOTO-ABC,244,0.33583842007849113
S6,9,RFOTO-ABC,249,0.33583842007849113
S6,9,RFOTO-ABC,254,0.33583842007849113
S6,9,RFOTO-ABC,259,0.33583842007849113
S6,9,RFOTO-ABC,264,0.33583842007849113
S6,9,RFOTO-ABC,269,0.33583842007849113
S6,9,RFOTO-ABC,274,0.33583842007849113
S6,9,RFOTO-ABC,279,0.33583842007849113
S6,9,RFOTO-ABC,284,0.33583842007849113
S6,9,RFOTO-ABC,289,0.33583842007849113
S6,9,RFOTO-ABC,294,0.33583842007849113
S6,9,RFOTO-ABC,299,0.33583842007849113
S6,9,RFOTO-ABC,304,0.33583842007849113
S6,9,RFOTO-ABC,309,0.33583842007849113
S6,9,RFOTO-ABC,314,0.33583842007849113
S6,9,RFOTO-ABC,319,0.33583842007849113
S6,9,RFOTO-ABC,324,0.33583842007849113
S6,9,RFOTO-ABC,329,0.33583842007849113
S6,9,RFOTO-ABC,334,0.33583842007849113
S6,9,RFOTO-ABC,339,0.33583842007849113
S6,9,RFOTO-ABC,344,0.33583842007849113
S6,9,RFOTO-ABC,349,0.33583842007849113
S6,9,RFOTO-ABC,354,0.33583842007849113
S6,9,RFOTO-ABC,359,0.33583842007849113
S6,9,RFOTO-ABC,364,0.33583842007849113
S6,9,RFOTO-ABC,369,0.33583842007849113
S6,9,RFOTO-ABC,374,0.33583842007849113
S6,9,Standard-ABC,14,0.8209457182413401
S6,9,Standard-ABC,19,0.8209457182413401
S6,9,Standard-ABC,24,0.8209457182413401
S6,9,Standard-ABC,29,0.8209457182413401
S6,9,Standard-ABC,34,0.8209457182413401
S6,9,Standard-ABC,39,0.8209457182413401
S6,9,Standard-ABC,44,0.8209457182413401
S6,9,Standard-ABC,49,0.8209457182413401
S6,9,Standard-ABC,54,0.8209457182413401
S6,9,Standard-ABC,59,0.8209457182413401
S6,9,Standard-ABC,64,0.8209457182413401
S6,9,Standard-ABC,69,0.8209457182413401
S6,9,Standard-ABC,74,0.8209457182413401
S6,9,Standard-ABC,79,0.8134079272615385
S6,9,Standard-ABC,84,0.8131842367197987
S6,9,Standard-ABC,89,0.8131842367197987
S6,9,Standard-ABC,94,0.8131842367197987
S6,9,Standard-ABC,99,0.8131842367197987
S6,9,Standard-ABC,104,0.8131842367197987
S6,9,Standard-ABC,109,0.8131842367197987
S6,9,Standard-ABC,114,0.8087615986772165
S6,9,Standard-ABC,119,0.8087615986772165
S6,9,Standard-ABC,124,0.8087615986772165
S6,9,Standard-ABC,129,0.8087615986772165
S6,9,Standard-ABC,134,0.8087615986772165
S6,9,Standard-ABC,139,0.8087615986772165
S6,9,Standard-ABC,144,0.8087615986772165
S6,9,Standard-ABC,149,0.8087615986772165
S6,9,Standard-ABC,154,0.8087615986772165
S6,9,Standard-ABC,159,0.8087615986772165
S6,9,Standard-ABC,164,0.8087615986772165
S6,9,Standard-ABC,169,0.8087615986772165
S6,9,Standard-ABC,174,0.8014366413617446
S6,9,Standard-ABC,179,0.8014366413617446
S6,9,Standard-ABC,184,0.8014366413617446
S6,9,Standard-ABC,189,0.8014366413617446
S6,9,Standard-ABC,194,0.8014366413617446
S6,9,Standard-ABC,199,0.8014366413617446
S6,9,Standard-ABC,204,0.8014366413617446
S6,9,Standard-ABC,209,0.8014366413617446
S6,9,Standard-ABC,214,0.8014366413617446
S6,9,Standard-ABC,219,0.8014366413617446
S6,9,Standard-ABC,224,0.8014366413617446
S6,9,Standard-ABC,229,0.8014366413617446
S6,9,Standard-ABC,234,0.8014366413617446
S6,9,Standard-ABC,239,0.8014366413617446
S6,9,Standard-ABC,244,0.8014366413617446
S6,9,Standard-ABC,249,0.8014366413617446
S6,9,Standard-ABC,254,0.8014366413617446
S6,9,Standard-ABC,259,0.7979615926342211
S6,9,Standard-ABC,264,0.7970713965696111
S6,9,Standard-ABC,269,0.7970713965696111
S6,9,Standard-ABC,274,0.7970713965696111
S6,9,Standard-ABC,279,0.7970713965696111
S6,9,Standard-ABC,284,0.7970713965696111
S6,9,Standard-ABC,289,0.7970713965696111
S6,9,Standard-ABC,294,0.7970713965696111
S6,9,Standard-ABC,299,0.7970713965696111
S6,9,Standard-ABC,304,0.7970713965696111
S6,9,Standard-ABC,309,0.7970713965696111
S6,9,Standard-ABC,314,0.7970713965696111
S6,9,Standard-ABC,319,0.7970713965696111
S6,9,Standard-ABC,324,0.7970713965696111
S6,9,Standard-ABC,329,0.7970713965696111
S6,9,Standard-ABC,334,0.7970713965696111
S6,9,Standard-ABC,339,0.7970713965696111
S6,9,Standard-ABC,344,0.7970713965696111
S6,9,Standard-ABC,349,0.7970713965696111
S6,9,Standard-ABC,354,0.7970713965696111
S6,9,Standard-ABC,359,0.7970713965696111
S6,9,Standard-ABC,364,0.7970713965696111
S6,9,Standard-ABC,369,0.7970713965696111
S6,9,Standard-ABC,374,0.7970713965696111
S6,9,GA,14,0.8209457182413401
S6,9,GA,19,0.7455133523576951
S6,9,GA,24,0.7455133523576951
S6,9,GA,29,0.7455133523576951
S6,9,GA,34,0.733307317372186
S6,9,GA,39,0.733307317372186
S6,9,GA,44,0.7318455946002406
S6,9,GA,49,0.7318455946002406
S6,9,GA,54,0.7268930492484
S6,9,GA,59,0.7268930492484
S6,9,GA,64,0.7268930492484
S6,9,GA,69,0.7265637094057441
S6,9,GA,74,0.7265637094057441
S6,9,GA,79,0.7265637094057441
S6,9,GA,84,0.7265637094057441
S6,9,GA,89,0.7244981518343757
S6,9,GA,94,0.7244981518343757
S6,9,GA,99,0.7244981518343757
S6,9,GA,104,0.7244981518343757
S6,9,GA,109,0.7152085009175335
S6,9,GA,114,0.7152085009175335
S6,9,GA,119,0.7152085009175335
S6,9,GA,124,0.7137257143020076
S6,9,GA,129,0.7137257143020076
S6,9,GA,134,0.7077646817606743
S6,9,GA,139,0.7077646817606743
S6,9,GA,144,0.7077646817606743
S6,9,GA,149,0.7077646817606743
S6,9,GA,154,0.7077646817606743
S6,9,GA,159,0.7019690282336943
S6,9,GA,164,0.7019690282336943
S6,9,GA,169,0.7019690282336943
S6,9,GA,174,0.7019690282336943
S6,9,GA,179,0.7019690282336943
S6,9,GA,184,0.7019690282336943
S6,9,GA,189,0.6991478083904036
S6,9,GA,194,0.6746305861449757
S6,9,GA,199,0.6746305861449757
S6,9,GA,204,0.6746305861449757
S6,9,GA,209,0.6746305861449757
S6,9,GA,214,0.6746305861449757
S6,9,GA,219,0.6746305861449757
S6,9,GA,224,0.6746305861449757
S6,9,GA,229,0.6746305861449757
S6,9,GA,234,0.6746305861449757
S6,9,GA,239,0.6746305861449757
S6,9,GA,244,0.6746305861449757
S6,9,GA,249,0.6660348206928484
S6,9,GA,254,0.6660348206928484
S6,9,GA,259,0.6660348206928484
S6,9,GA,264,0.6660348206928484
S6,9,GA,269,0.6660348206928484
S6,9,GA,274,0.6660348206928484
S6,9,GA,279,0.6660348206928484
S6,9,GA,284,0.6660348206928484
S6,9,GA,289,0.6657741570011534
S6,9,GA,294,0.6657741570011534
S6,9,GA,299,0.6657741570011534
S6,9,GA,304,0.6657741570011534
S6,9,GA,309,0.6657741570011534
S6,9,GA,314,0.6657741570011534
S6,9,GA,319,0.6657741570011534
S6,9,GA,324,0.6569437500525862
S6,9,GA,329,0.6569437500525862
S6,9,GA,334,0.6569437500525862
S6,9,GA,339,0.6569437500525862
S6,9,GA,344,0.6569437500525862
S6,9,GA,349,0.6569437500525862
S6,9,GA,354,0.6569437500525862
S6,9,GA,359,0.6569437500525862
S6,9,GA,364,0.6569437500525862
S6,9,GA,369,0.6569437500525862
S6,9,GA,374,0.6569437500525862
S6,9,PSO,14,1.6350327833263039
S6,9,PSO,19,1.2373562671762715
S6,9,PSO,24,1.2373562671762715
S6,9,PSO,29,1.2373562671762715
S6,9,PSO,34,1.0480598147924607
S6,9,PSO,39,1.0480598147924607
S6,9,PSO,44,1.0480598147924607
S6,9,PSO,49,1.0480598147924607
S6,9,PSO,54,1.0480598147924607
S6,9,PSO,59,1.0480598147924607
S6,9,PSO,64,1.0480598147924607
S6,9,PSO,69,1.0480598147924607
S6,9,PSO,74,1.0480598147924607
S6,9,PSO,79,1.0480598147924607
S6,9,PSO,84,1.0480598147924607
S6,9,PSO,89,1.0480598147924607
S6,9,PSO,94,1.0480598147924607
S6,9,PSO,99,1.0480598147924607
S6,9,PSO,104,1.0480598147924607
S6,9,PSO,109,1.0480598147924607
S6,9,PSO,114,1.0480598147924607
S6,9,PSO,119,1.0480598147924607
S6,9,PSO,124,1.0480598147924607
S6,9,PSO,129,1.0480598147924607
S6,9,PSO,134,1.0480598147924607
S6,9,PSO,139,1.0480598147924607
S6,9,PSO,144,1.0480598147924607
S6,9,PSO,149,1.0480598147924607
S6,9,PSO,154,1.0480598147924607
S6,9,PSO,159,1.0480598147924607
S6,9,PSO,164,1.0480598147924607
S6,9,PSO,169,1.0480598147924607
S6,9,PSO,174,1.0480598147924607
S6,9,PSO,179,1.0480598147924607
S6,9,PSO,184,1.0480598147924607
S6,9,PSO,189,1.0480598147924607
S6,9,PSO,194,1.0480598147924607
S6,9,PSO,199,1.0480598147924607
S6,9,PSO,204,1.047154719610968
S6,9,PSO,209,1.047154719610968
S6,9,PSO,214,1.047154719610968
S6,9,PSO,219,1.047154719610968
S6,9,PSO,224,1.047154719610968
S6,9,PSO,229,1.047154719610968
S6,9,PSO,234,1.047154719610968
S6,9,PSO,239,1.0415910691043564
S6,9,PSO,244,0.9777377136889194
S6,9,PSO,249,0.9777377136889194
S6,9,PSO,254,0.9777377136889194
S6,9,PSO,259,0.9777377136889194
S6,9,PSO,264,0.9707903195792165
S6,9,PSO,269,0.9707903195792165
S6,9,PSO,274,0.9707903195792165
S6,9,PSO,279,0.9707903195792165
S6,9,PSO,284,0.9707903195792165
S6,9,PSO,289,0.9707903195792165
S6,9,PSO,294,0.9707903195792165
S6,9,PSO,299,0.9474511188871647
S6,9,PSO,304,0.9423554070406043
S6,9,PSO,309,0.9423554070406043
S6,9,PSO,314,0.9423554070406043
S6,9,PSO,319,0.9357822041658521
S6,9,PSO,324,0.9166131690923836
S6,9,PSO,329,0.9094600959958056
S6,9,PSO,334,0.9094600959958056
S6,9,PSO,339,0.9094600959958056
S6,9,PSO,344,0.9094600959958056
S6,9,PSO,349,0.9094600959958056
S6,9,PSO,354,0.9087139381451519
S6,9,PSO,359,0.9087139381451519
S6,9,PSO,364,0.9087139381451519
S6,9,PSO,369,0.9087139381451519
S6,9,PSO,374,0.9087139381451519
S6,9,DE,14,1.6350327833263039
S6,9,DE,19,1.6350327833263039
S6,9,DE,24,1.6350327833263039
S6,9,DE,29,1.4740007077696384
S6,9,DE,34,1.4740007077696384
S6,9,DE,39,1.2445654187529982
S6,9,DE,44,1.2445654187529982
S6,9,DE,49,1.2445654187529982
S6,9,DE,54,1.2445654187529982
S6,9,DE,59,1.2445654187529982
S6,9,DE,64,1.2445654187529982
S6,9,DE,69,1.2445654187529982
S6,9,DE,74,1.2445654187529982
S6,9,DE,79,1.2445654187529982
S6,9,DE,84,1.0473664289534819
S6,9,DE,89,1.0473664289534819
S6,9,DE,94,1.0473664289534819
S6,9,DE,99,1.0473664289534819
S6,9,DE,104,1.0473664289534819
S6,9,DE,109,1.0473664289534819
S6,9,DE,114,1.0473664289534819
S6,9,DE,119,1.0473664289534819
S6,9,DE,124,1.0473664289534819
S6,9,DE,129,1.0473664289534819
S6,9,DE,134,1.0473664289534819
S6,9,DE,139,0.9737612195464956
S6,9,DE,144,0.9737612195464956
S6,9,DE,149,0.9737612195464956
S6,9,DE,154,0.9737612195464956
S6,9,DE,159,0.9737612195464956
S6,9,DE,164,0.9737612195464956
S6,9,DE,169,0.9737612195464956
S6,9,DE,174,0.9737612195464956
S6,9,DE,179,0.9737612195464956
S6,9,DE,184,0.9737612195464956
S6,9,DE,189,0.9737612195464956
S6,9,DE,194,0.9737612195464956
S6,9,DE,199,0.9737612195464956
S6,9,DE,204,0.9737612195464956
S6,9,DE,209,0.9737612195464956
S6,9,DE,214,0.9737612195464956
S6,9,DE,219,0.9737612195464956
S6,9,DE,224,0.9737612195464956
S6,9,DE,229,0.9737612195464956
S6,9,DE,234,0.9737612195464956
S6,9,DE,239,0.9737612195464956
S6,9,DE,244,0.9737612195464956
S6,9,DE,249,0.9737612195464956
S6,9,DE,254,0.9737612195464956
S6,9,DE,259,0.9737612195464956
S6,9,DE,264,0.9737612195464956
S6,9,DE,269,0.9737612195464956
S6,9,DE,274,0.9737612195464956
S6,9,DE,279,0.9737612195464956
S6,9,DE,284,0.9737612195464956
S6,9,DE,289,0.9737612195464956
S6,9,DE,294,0.9737612195464956
S6,9,DE,299,0.9737612195464956
S6,9,DE,304,0.9737612195464956
S6,9,DE,309,0.9737612195464956
S6,9,DE,314,0.9737612195464956
S6,9,DE,319,0.9737612195464956
S6,9,DE,324,0.9737612195464956
S6,9,DE,329,0.9737612195464956
S6,9,DE,334,0.9737612195464956
S6,9,DE,339,0.9737612195464956
S6,9,DE,344,0.9737612195464956
S6,9,DE,349,0.9737612195464956
S6,9,DE,354,0.9737612195464956
S6,9,DE,359,0.9737612195464956
S6,9,DE,364,0.9737612195464956
S6,9,DE,369,0.9737612195464956
S6,9,DE,374,0.9737612195464956
