scenario,run,algorithm,fe,objective
S2,0,RFOTO-ABC,14,0.2141887986603751
S2,0,RFOTO-ABC,19,0.2141887986603751
S2,0,RFOTO-ABC,24,0.2141887986603751
S2,0,RFOTO-ABC,29,0.210918931353917
S2,0,RFOTO-ABC,34,0.210918931353917
S2,0,RFOTO-ABC,39,0.210918931353917
S2,0,RFOTO-ABC,44,0.210918931353917
S2,0,RFOTO-ABC,49,0.210918931353917
S2,0,RFOTO-ABC,54,0.210918931353917
S2,0,RFOTO-ABC,59,0.210918931353917
S2,0,RFOTO-ABC,64,0.210918931353917
S2,0,RFOTO-ABC,69,0.210918931353917
S2,0,RFOTO-ABC,74,0.210918931353917
S2,0,RFOTO-ABC,79,0.210918931353917
S2,0,RFOTO-ABC,84,0.210918931353917
S2,0,RFOTO-ABC,89,0.210918931353917
S2,0,RFOTO-ABC,94,0.210918931353917
S2,0,RFOTO-ABC,99,0.210918931353917
S2,0,RFOTO-ABC,104,0.210918931353917
S2,0,RFOTO-ABC,109,0.210918931353917
S2,0,RFOTO-ABC,114,0.210918931353917
S2,0,RFOTO-ABC,119,0.210918931353917
S2,0,RFOTO-ABC,124,0.210918931353917
S2,0,RFOTO-ABC,129,0.210918931353917
S2,0,RFOTO-ABC,134,0.210918931353917
S2,0,RFOTO-ABC,139,0.210918931353917
S2,0,RFOTO-ABC,144,0.21085878308642705
S2,0,RFOTO-ABC,149,0.21085878308642705
S2,0,RFOTO-ABC,154,0.21085878308642705
S2,0,RFOTO-ABC,159,0.21085878308642705
S2,0,RFOTO-ABC,164,0.21085878308642705
S2,0,RFOTO-ABC,169,0.21085878308642705
S2,0,RFOTO-ABC,174,0.21085878308642705
S2,0,RFOTO-ABC,179,0.21085878308642705
S2,0,RFOTO-ABC,184,0.21085878308642705
S2,0,RFOTO-ABC,189,0.21085878308642705
S2,0,RFOTO-ABC,194,0.21085878308642705
S2,0,RFOTO-ABC,199,0.21085878308642705
S2,0,RFOTO-ABC,204,0.21085878308642705
S2,0,RFOTO-ABC,209,0.21085878308642705
S2,0,RFOTO-ABC,214,0.21085878308642705
S2,0,RFOTO-ABC,219,0.21085878308642705
S2,0,RFOTO-ABC,224,0.21085878308642705
S2,0,RFOTO-ABC,229,0.21085878308642705
S2,0,RFOTO-ABC,234,0.21085878308642705
S2,0,RFOTO-ABC,239,0.21085878308642705
S2,0,RFOTO-ABC,244,0.21085878308642705
S2,0,RFOTO-ABC,249,0.21085878308642705
S2,0,RFOTO-ABC,254,0.21085878308642705
S2,0,RFOTO-ABC,259,0.21085878308642705
S2,0,RFOTO-ABC,264,0.21085878308642705
S2,0,RFOTO-ABC,269,0.21085878308642705
S2,0,RFOTO-ABC,274,0.21085878308642705
S2,0,RFOTO-ABC,279,0.21085878308642705
S2,0,RFOTO-ABC,284,0.21085878308642705
S2,0,RFOTO-ABC,289,0.21085878308642705
S2,0,RFOTO-ABC,294,0.21085878308642705
S2,0,RFOTO-ABC,299,0.21085878308642705
S2,0,RFOTO-ABC,304,0.21085878308642705
S2,0,RFOTO-ABC,309,0.21085878308642705
S2,0,RFOTO-ABC,314,0.21085878308642705
S2,0,RFOTO-ABC,319,0.21085878308642705
S2,0,Standard-ABC,14,0.6324799634260583
S2,0,Standard-ABC,19,0.6324799634260583
S2,0,Standard-ABC,24,0.6288775551201127
S2,0,Standard-ABC,29,0.6288775551201127
S2,0,Standard-ABC,34,0.6288775551201127
S2,0,Standard-ABC,39,0.6288775551201127
S2,0,Standard-ABC,44,0.6288775551201127
S2,0,Standard-ABC,49,0.6288775551201127
S2,0,Standard-ABC,54,0.6288775551201127
S2,0,Standard-ABC,59,0.6288775551201127
S2,0,Standard-ABC,64,0.6288775551201127
S2,0,Standard-ABC,69,0.6288775551201127
S2,0,Standard-ABC,74,0.6288775551201127
S2,0,Standard-ABC,79,0.6288775551201127
S2,0,Standard-ABC,84,0.6288775551201127
S2,0,Standard-ABC,89,0.6288775551201127
S2,0,Standard-ABC,94,0.5975660194209222
S2,0,Standard-ABC,99,0.5975660194209222
S2,0,Standard-ABC,104,0.5975660194209222
S2,0,Standard-ABC,109,0.5975660194209222
S2,0,Standard-ABC,114,0.5975660194209222
S2,0,Standard-ABC,119,0.5975660194209222
S2,0,Standard-ABC,124,0.5975660194209222
S2,0,Standard-ABC,129,0.5975660194209222
S2,0,Standard-ABC,134,0.5975660194209222
S2,0,Standard-ABC,139,0.5975660194209222
S2,0,Standard-ABC,144,0.5975660194209222
S2,0,Standard-ABC,149,0.5975660194209222
S2,0,Standard-ABC,154,0.5975660194209222
S2,0,Standard-ABC,159,0.5975660194209222
S2,0,Standard-ABC,164,0.5903710664834037
S2,0,Standard-ABC,169,0.5903710664834037
S2,0,Standard-ABC,174,0.5903710664834037
S2,0,Standard-ABC,179,0.5903710664834037
S2,0,Standard-ABC,184,0.5903710664834037
S2,0,Standard-ABC,189,0.5658222024105377
S2,0,Standard-ABC,194,0.5658222024105377
S2,0,Standard-ABC,199,0.5658222024105377
S2,0,Standard-ABC,204,0.5658222024105377
S2,0,Standard-ABC,209,0.5658222024105377
S2,0,Standard-ABC,214,0.5658222024105377
S2,0,Standard-ABC,219,0.5658222024105377
S2,0,Standard-ABC,224,0.5658222024105377
S2,0,Standard-ABC,229,0.5658222024105377
S2,0,Standard-ABC,234,0.5658222024105377
S2,0,Standard-ABC,239,0.5658222024105377
S2,0,Standard-ABC,244,0.5658222024105377
S2,0,Standard-ABC,249,0.5658222024105377
S2,0,Standard-ABC,254,0.5658222024105377
S2,0,Standard-ABC,259,0.5658222024105377
S2,0,Standard-ABC,264,0.5658222024105377
S2,0,Standard-ABC,269,0.5658222024105377
S2,0,Standard-ABC,274,0.5658222024105377
S2,0,Standard-ABC,279,0.5658222024105377
S2,0,Standard-ABC,284,0.5658222024105377
S2,0,Standard-ABC,289,0.5658222024105377
S2,0,Standard-ABC,294,0.5655778121257092
S2,0,Standard-ABC,299,0.5655778121257092
S2,0,Standard-ABC,304,0.5655778121257092
S2,0,Standard-ABC,309,0.5482276218043395
S2,0,Standard-ABC,314,0.5482276218043395
S2,0,Standard-ABC,319,0.5200254504303006
S2,0,GA,14,0.5765755729279138
S2,0,GA,19,0.5765755729279138
S2,0,GA,24,0.5765755729279138
S2,0,GA,29,0.5765755729279138
S2,0,GA,34,0.5606113411260397
S2,0,GA,39,0.5606113411260397
S2,0,GA,44,0.5061315360300299
S2,0,GA,49,0.5061315360300299
S2,0,GA,54,0.5061315360300299
S2,0,GA,59,0.5061315360300299
S2,0,GA,64,0.5061315360300299
S2,0,GA,69,0.5061315360300299
S2,0,GA,74,0.5029389842778543
S2,0,GA,79,0.5029389842778543
S2,0,GA,84,0.5008688242361237
S2,0,GA,89,0.4947746911261649
S2,0,GA,94,0.4947746911261649
S2,0,GA,99,0.4947746911261649
S2,0,GA,104,0.4947746911261649
S2,0,GA,109,0.4947746911261649
S2,0,GA,114,0.4947746911261649
S2,0,GA,119,0.4732945809461961
S2,0,GA,124,0.4732945809461961
S2,0,GA,129,0.4732945809461961
S2,0,GA,134,0.4682056395679658
S2,0,GA,139,0.4682056395679658
S2,0,GA,144,0.4682056395679658
S2,0,GA,149,0.4682056395679658
S2,0,GA,154,0.43087279319980676
S2,0,GA,159,0.43087279319980676
S2,0,GA,164,0.43087279319980676
S2,0,GA,169,0.43087279319980676
S2,0,GA,174,0.43087279319980676
S2,0,GA,179,0.43087279319980676
S2,0,GA,184,0.43087279319980676
S2,0,GA,189,0.43087279319980676
S2,0,GA,194,0.43087279319980676
S2,0,GA,199,0.42825148528450513
S2,0,GA,204,0.42825148528450513
S2,0,GA,209,0.42485901097852397
S2,0,GA,214,0.42453291676604465
S2,0,GA,219,0.42453291676604465
S2,0,GA,224,0.41361785215522373
S2,0,GA,229,0.40535003785447005
S2,0,GA,234,0.40535003785447005
S2,0,GA,239,0.40535003785447005
S2,0,GA,244,0.40535003785447005
S2,0,GA,249,0.40535003785447005
S2,0,GA,254,0.40535003785447005
S2,0,GA,259,0.3928083162762349
S2,0,GA,264,0.3928083162762349
S2,0,GA,269,0.3928083162762349
S2,0,GA,274,0.3880304711071944
S2,0,GA,279,0.3880304711071944
S2,0,GA,284,0.3880304711071944
S2,0,GA,289,0.3793005523907802
S2,0,GA,294,0.3793005523907802
S2,0,GA,299,0.3793005523907802
S2,0,GA,304,0.3793005523907802
S2,0,GA,309,0.3793005523907802
S2,0,GA,314,0.3793005523907802
S2,0,GA,319,0.3793005523907802
S2,0,PSO,14,1.8347616679493066
S2,0,PSO,19,1.8347616679493066
S2,0,PSO,24,1.8347616679493066
S2,0,PSO,29,1.8347616679493066
S2,0,PSO,34,1.797071091091171
S2,0,PSO,39,1.7586130403700662
S2,0,PSO,44,1.7586130403700662
S2,0,PSO,49,1.7586130403700662
S2,0,PSO,54,1.7586130403700662
S2,0,PSO,59,1.7586130403700662
S2,0,PSO,64,1.7586130403700662
S2,0,PSO,69,1.3291832020705499
S2,0,PSO,74,1.3291832020705499
S2,0,PSO,79,1.3291832020705499
S2,0,PSO,84,1.3291832020705499
S2,0,PSO,89,1.3291832020705499
S2,0,PSO,94,1.3291832020705499
S2,0,PSO,99,0.9839165383072567
S2,0,PSO,104,0.9839165383072567
S2,0,PSO,109,0.9839165383072567
S2,0,PSO,114,0.9839165383072567
S2,0,PSO,119,0.9839165383072567
S2,0,PSO,124,0.9839165383072567
S2,0,PSO,129,0.9839165383072567
S2,0,PSO,134,0.9839165383072567
S2,0,PSO,139,0.9839165383072567
S2,0,PSO,144,0.8980605320808565
S2,0,PSO,149,0.8980605320808565
S2,0,PSO,154,0.8980605320808565
S2,0,PSO,159,0.8980605320808565
S2,0,PSO,164,0.8980605320808565
S2,0,PSO,169,0.8980605320808565
S2,0,PSO,174,0.8980605320808565
S2,0,PSO,179,0.8980605320808565
S2,0,PSO,184,0.8980605320808565
S2,0,PSO,189,0.8980605320808565
S2,0,PSO,194,0.8980605320808565
S2,0,PSO,199,0.8980605320808565
S2,0,PSO,204,0.8980605320808565
S2,0,PSO,209,0.8980605320808565
S2,0,PSO,214,0.8980605320808565
S2,0,PSO,219,0.8745808053055187
S2,0,PSO,224,0.8745808053055187
S2,0,PSO,229,0.8577406018062057
S2,0,PSO,234,0.8577406018062057
S2,0,PSO,239,0.8577406018062057
S2,0,PSO,244,0.8289643001984692
S2,0,PSO,249,0.8258781968571262
S2,0,PSO,254,0.7034308583333466
S2,0,PSO,259,0.7034308583333466
S2,0,PSO,264,0.7034308583333466
S2,0,PSO,269,0.7034308583333466
S2,0,PSO,274,0.7034308583333466
S2,0,PSO,279,0.7034308583333466
S2,0,PSO,284,0.7034308583333466
S2,0,PSO,289,0.7034308583333466
S2,0,PSO,294,0.7034308583333466
S2,0,PSO,299,0.7034308583333466
S2,0,PSO,304,0.674112941321862
S2,0,PSO,309,0.674112941321862
S2,0,PSO,314,0.674112941321862
S2,0,PSO,319,0.674112941321862
S2,0,DE,14,1.5259420249691777
S2,0,DE,19,1.5259420249691777
S2,0,DE,24,1.5259420249691777
S2,0,DE,29,1.5259420249691777
S2,0,DE,34,1.5259420249691777
S2,0,DE,39,1.5259420249691777
S2,0,DE,44,1.5259420249691777
S2,0,DE,49,1.5259420249691777
S2,0,DE,54,1.3513761103361812
S2,0,DE,59,1.3513761103361812
S2,0,DE,64,1.3513761103361812
S2,0,DE,69,1.3513761103361812
S2,0,DE,74,1.3513761103361812
S2,0,DE,79,1.3513761103361812
S2,0,DE,84,1.3513761103361812
S2,0,DE,89,1.3513761103361812
S2,0,DE,94,1.3513761103361812
S2,0,DE,99,1.3513761103361812
S2,0,DE,104,1.3513761103361812
S2,0,DE,109,1.3513761103361812
S2,0,DE,114,1.3513761103361812
S2,0,DE,119,1.3513761103361812
S2,0,DE,124,1.3513761103361812
S2,0,DE,129,1.3513761103361812
S2,0,DE,134,1.3513761103361812
S2,0,DE,139,1.3513761103361812
S2,0,DE,144,1.3513761103361812
S2,0,DE,149,1.3513761103361812
S2,0,DE,154,1.3513761103361812
S2,0,DE,159,1.3513761103361812
S2,0,DE,164,1.3513761103361812
S2,0,DE,169,1.3513761103361812
S2,0,DE,174,1.3513761103361812
S2,0,DE,179,1.3513761103361812
S2,0,DE,184,1.3513761103361812
S2,0,DE,189,0.9673988914387597
S2,0,DE,194,0.9673988914387597
S2,0,DE,199,0.9673988914387597
S2,0,DE,204,0.9673988914387597
S2,0,DE,209,0.9673988914387597
S2,0,DE,214,0.9673988914387597
S2,0,DE,219,0.9673988914387597
S2,0,DE,224,0.9673988914387597
S2,0,DE,229,0.9673988914387597
S2,0,DE,234,0.9673988914387597
S2,0,DE,239,0.9673988914387597
S2,0,DE,244,0.9673988914387597
S2,0,DE,249,0.9673988914387597
S2,0,DE,254,0.9673988914387597
S2,0,DE,259,0.9673988914387597
S2,0,DE,264,0.9673988914387597
S2,0,DE,269,0.8581541522213998
S2,0,DE,274,0.8581541522213998
S2,0,DE,279,0.8581541522213998
S2,0,DE,284,0.8581541522213998
S2,0,DE,289,0.8581541522213998
S2,0,DE,294,0.8581541522213998
S2,0,DE,299,0.8581541522213998
S2,0,DE,304,0.8581541522213998
S2,0,DE,309,0.8581541522213998
S2,0,DE,314,0.8581541522213998
S2,0,DE,319,0.8581541522213998
S2,0,Gbest-ABC,16,0.2141887986603751
S2,0,Gbest-ABC,21,0.2141887986603751
S2,0,Gbest-ABC,26,0.2141887986603751
S2,0,Gbest-ABC,31,0.2141887986603751
S2,0,Gbest-ABC,36,0.2141887986603751
S2,0,Gbest-ABC,41,0.2141887986603751
S2,0,Gbest-ABC,46,0.2141887986603751
S2,0,Gbest-ABC,51,0.2141887986603751
S2,0,Gbest-ABC,56,0.2141887986603751
S2,0,Gbest-ABC,61,0.2141887986603751
S2,0,Gbest-ABC,66,0.2141887986603751
S2,0,Gbest-ABC,71,0.2141887986603751
S2,0,Gbest-ABC,76,0.2141887986603751
S2,0,Gbest-ABC,81,0.2141887986603751
S2,0,Gbest-ABC,86,0.2141887986603751
S2,0,Gbest-ABC,91,0.2141887986603751
S2,0,Gbest-ABC,96,0.2141887986603751
S2,0,Gbest-ABC,101,0.2141887986603751
S2,0,Gbest-ABC,106,0.2141887986603751
S2,0,Gbest-ABC,111,0.2141887986603751
S2,0,Gbest-ABC,116,0.2141887986603751
S2,0,Gbest-ABC,121,0.2141887986603751
S2,0,Gbest-ABC,126,0.2141887986603751
S2,0,Gbest-ABC,131,0.2141887986603751
S2,0,Gbest-ABC,136,0.2141887986603751
S2,0,Gbest-ABC,141,0.2141887986603751
S2,0,Gbest-ABC,146,0.2141887986603751
S2,0,Gbest-ABC,151,0.2141887986603751
S2,0,Gbest-ABC,156,0.2141887986603751
S2,0,Gbest-ABC,161,0.2141887986603751
S2,0,Gbest-ABC,166,0.2141887986603751
S2,0,Gbest-ABC,171,0.2141887986603751
S2,0,Gbest-ABC,176,0.2141887986603751
S2,0,Gbest-ABC,181,0.2141887986603751
S2,0,Gbest-ABC,186,0.2141887986603751
S2,0,Gbest-ABC,191,0.2141887986603751
S2,0,Gbest-ABC,196,0.2141887986603751
S2,0,Gbest-ABC,201,0.2141887986603751
S2,0,Gbest-ABC,206,0.2141887986603751
S2,0,Gbest-ABC,211,0.2141887986603751
S2,0,Gbest-ABC,216,0.2141887986603751
S2,0,Gbest-ABC,221,0.2141887986603751
S2,0,Gbest-ABC,226,0.2141887986603751
S2,0,Gbest-ABC,231,0.2141887986603751
S2,0,Gbest-ABC,236,0.2141887986603751
S2,0,Gbest-ABC,241,0.2141887986603751
S2,0,Gbest-ABC,246,0.2141887986603751
S2,0,Gbest-ABC,251,0.2141887986603751
S2,0,Gbest-ABC,256,0.2141887986603751
S2,0,Gbest-ABC,261,0.2141887986603751
S2,0,Gbest-ABC,266,0.2141887986603751
S2,0,Gbest-ABC,271,0.2141887986603751
S2,0,Gbest-ABC,276,0.2141887986603751
S2,0,Gbest-ABC,281,0.2141887986603751
S2,0,Gbest-ABC,286,0.2141887986603751
S2,0,Gbest-ABC,291,0.2141887986603751
S2,0,Gbest-ABC,296,0.2141887986603751
S2,0,Gbest-ABC,301,0.2141887986603751
S2,0,Gbest-ABC,306,0.2141887986603751
S2,0,Gbest-ABC,311,0.2141887986603751
S2,0,Gbest-ABC,316,0.2141887986603751
S2,0,MeABC,16,0.2141887986603751
S2,0,MeABC,21,0.2141887986603751
S2,0,MeABC,26,0.2141887986603751
S2,0,MeABC,31,0.2141887986603751
S2,0,MeABC,36,0.2141887986603751
S2,0,MeABC,41,0.2141887986603751
S2,0,MeABC,46,0.2141887986603751
S2,0,MeABC,51,0.2141887986603751
S2,0,MeABC,57,0.2141887986603751
S2,0,MeABC,62,0.2141887986603751
S2,0,MeABC,67,0.2141887986603751
S2,0,MeABC,73,0.2141887986603751
S2,0,MeABC,78,0.2141887986603751
S2,0,MeABC,83,0.2141887986603751
S2,0,MeABC,89,0.2141887986603751
S2,0,MeABC,94,0.2141887986603751
S2,0,MeABC,99,0.2141887986603751
S2,0,MeABC,105,0.2141887986603751
S2,0,MeABC,110,0.2141887986603751
S2,0,MeABC,115,0.2141887986603751
S2,0,MeABC,121,0.2141887986603751
S2,0,MeABC,126,0.2141887986603751
S2,0,MeABC,131,0.2141887986603751
S2,0,MeABC,137,0.2141887986603751
S2,0,MeABC,142,0.2141887986603751
S2,0,MeABC,147,0.2141887986603751
S2,0,MeABC,153,0.2141887986603751
S2,0,MeABC,158,0.2141887986603751
S2,0,MeABC,163,0.2141887986603751
S2,0,MeABC,169,0.2141887986603751
S2,0,MeABC,174,0.2141887986603751
S2,0,MeABC,179,0.2141887986603751
S2,0,MeABC,185,0.2141887986603751
S2,0,MeABC,190,0.2141887986603751
S2,0,MeABC,195,0.2141887986603751
S2,0,MeABC,201,0.2141887986603751
S2,0,MeABC,206,0.2141887986603751
S2,0,MeABC,211,0.2141887986603751
S2,0,MeABC,217,0.2141887986603751
S2,0,MeABC,222,0.2141887986603751
S2,0,MeABC,227,0.2141887986603751
S2,0,MeABC,233,0.2141887986603751
S2,0,MeABC,238,0.2141887986603751
S2,0,MeABC,243,0.2141887986603751
S2,0,MeABC,249,0.2141887986603751
S2,0,MeABC,254,0.2141887986603751
S2,0,MeABC,259,0.2141887986603751
S2,0,MeABC,265,0.2141887986603751
S2,0,MeABC,270,0.2141887986603751
S2,0,MeABC,275,0.2141887986603751
S2,0,MeABC,281,0.2141887986603751
S2,0,MeABC,286,0.2141887986603751
S2,0,MeABC,291,0.2141887986603751
S2,0,MeABC,297,0.2141887986603751
S2,0,MeABC,302,0.2141887986603751
S2,0,MeABC,307,0.2141887986603751
S2,0,MeABC,313,0.2141887986603751
S2,0,MeABC,318,0.2141887986603751
S2,0,JADE,20,0.2141887986603751
S2,0,JADE,25,0.2141887986603751
S2,0,JADE,30,0.2141887986603751
S2,0,JADE,35,0.2141887986603751
S2,0,JADE,40,0.2141887986603751
S2,0,JADE,45,0.2141887986603751
S2,0,JADE,50,0.2141887986603751
S2,0,JADE,55,0.2141887986603751
S2,0,JADE,60,0.2141887986603751
S2,0,JADE,65,0.2141887986603751
S2,0,JADE,70,0.2141887986603751
S2,0,JADE,75,0.2141887986603751
S2,0,JADE,80,0.2141887986603751
S2,0,JADE,85,0.2141887986603751
S2,0,JADE,90,0.2141887986603751
S2,0,JADE,95,0.2141887986603751
S2,0,JADE,100,0.2141887986603751
S2,0,JADE,105,0.2141887986603751
S2,0,JADE,110,0.2141887986603751
S2,0,JADE,115,0.2141887986603751
S2,0,JADE,120,0.2141887986603751
S2,0,JADE,125,0.2141887986603751
S2,0,JADE,130,0.2141887986603751
S2,0,JADE,135,0.2141887986603751
S2,0,JADE,140,0.2141887986603751
S2,0,JADE,145,0.2141887986603751
S2,0,JADE,150,0.2141887986603751
S2,0,JADE,155,0.2141887986603751
S2,0,JADE,160,0.2141887986603751
S2,0,JADE,165,0.2141887986603751
S2,0,JADE,170,0.2141887986603751
S2,0,JADE,175,0.2141887986603751
S2,0,JADE,180,0.2141887986603751
S2,0,JADE,185,0.2141887986603751
S2,0,JADE,190,0.2141887986603751
S2,0,JADE,195,0.2141887986603751
S2,0,JADE,200,0.2141887986603751
S2,0,JADE,205,0.2141887986603751
S2,0,JADE,210,0.2141887986603751
S2,0,JADE,215,0.2141887986603751
S2,0,JADE,220,0.2141887986603751
S2,0,JADE,225,0.2141887986603751
S2,0,JADE,230,0.2141887986603751
S2,0,JADE,235,0.2141887986603751
S2,0,JADE,240,0.2141887986603751
S2,0,JADE,245,0.2141887986603751
S2,0,JADE,250,0.2141887986603751
S2,0,JADE,255,0.2141887986603751
S2,0,JADE,260,0.2141887986603751
S2,0,JADE,265,0.2141887986603751
S2,0,JADE,270,0.2141887986603751
S2,0,JADE,275,0.2141887986603751
S2,0,JADE,280,0.2141887986603751
S2,0,JADE,285,0.2141887986603751
S2,0,JADE,290,0.2141887986603751
S2,0,JADE,295,0.2141887986603751
S2,0,JADE,300,0.2141887986603751
S2,0,JADE,305,0.2141887986603751
S2,0,JADE,310,0.2141887986603751
S2,0,JADE,315,0.2141887986603751
S2,0,JADE,320,0.2141887986603751
S2,0,LSHADE-lite,24,0.2141887986603751
S2,0,LSHADE-lite,29,0.2141887986603751
S2,0,LSHADE-lite,34,0.2141887986603751
S2,0,LSHADE-lite,39,0.2141887986603751
S2,0,LSHADE-lite,44,0.2141887986603751
S2,0,LSHADE-lite,49,0.2141887986603751
S2,0,LSHADE-lite,54,0.2141887986603751
S2,0,LSHADE-lite,59,0.2141887986603751
S2,0,LSHADE-lite,64,0.2141887986603751
S2,0,LSHADE-lite,69,0.2141887986603751
S2,0,LSHADE-lite,74,0.2141887986603751
S2,0,LSHADE-lite,79,0.2141887986603751
S2,0,LSHADE-lite,84,0.2141887986603751
S2,0,LSHADE-lite,89,0.2141887986603751
S2,0,LSHADE-lite,94,0.2141887986603751
S2,0,LSHADE-lite,99,0.2141887986603751
S2,0,LSHADE-lite,104,0.2141887986603751
S2,0,LSHADE-lite,109,0.2141887986603751
S2,0,LSHADE-lite,114,0.2141887986603751
S2,0,LSHADE-lite,119,0.2141887986603751
S2,0,LSHADE-lite,124,0.2141887986603751
S2,0,LSHADE-lite,129,0.2141887986603751
S2,0,LSHADE-lite,134,0.2141887986603751
S2,0,LSHADE-lite,139,0.2141887986603751
S2,0,LSHADE-lite,144,0.2141887986603751
S2,0,LSHADE-lite,149,0.2141887986603751
S2,0,LSHADE-lite,154,0.2141887986603751
S2,0,LSHADE-lite,159,0.2141887986603751
S2,0,LSHADE-lite,164,0.2141887986603751
S2,0,LSHADE-lite,169,0.2141887986603751
S2,0,LSHADE-lite,174,0.2141887986603751
S2,0,LSHADE-lite,179,0.2141887986603751
S2,0,LSHADE-lite,184,0.2141887986603751
S2,0,LSHADE-lite,189,0.2141887986603751
S2,0,LSHADE-lite,194,0.2141887986603751
S2,0,LSHADE-lite,199,0.2141887986603751
S2,0,LSHADE-lite,204,0.2141887986603751
S2,0,LSHADE-lite,209,0.2141887986603751
S2,0,LSHADE-lite,214,0.2141887986603751
S2,0,LSHADE-lite,219,0.2141887986603751
S2,0,LSHADE-lite,224,0.2141887986603751
S2,0,LSHADE-lite,229,0.2141887986603751
S2,0,LSHADE-lite,234,0.2141887986603751
S2,0,LSHADE-lite,239,0.2141887986603751
S2,0,LSHADE-lite,244,0.2141887986603751
S2,0,LSHADE-lite,249,0.2141887986603751
S2,0,LSHADE-lite,254,0.2141887986603751
S2,0,LSHADE-lite,259,0.2141887986603751
S2,0,LSHADE-lite,264,0.2141887986603751
S2,0,LSHADE-lite,269,0.2141887986603751
S2,0,LSHADE-lite,274,0.2141887986603751
S2,0,LSHADE-lite,279,0.2141887986603751
S2,0,LSHADE-lite,284,0.2141887986603751
S2,0,LSHADE-lite,289,0.2141887986603751
S2,0,LSHADE-lite,294,0.2141887986603751
S2,0,LSHADE-lite,299,0.2141887986603751
S2,0,LSHADE-lite,304,0.2141887986603751
S2,0,LSHADE-lite,309,0.2141887986603751
S2,0,LSHADE-lite,314,0.2141887986603751
S2,0,LSHADE-lite,319,0.2141887986603751
S2,0,CMAES-lite,1,0.2141887986603751
S2,0,CMAES-lite,6,0.2141887986603751
S2,0,CMAES-lite,11,0.2141887986603751
S2,0,CMAES-lite,16,0.2141887986603751
S2,0,CMAES-lite,21,0.2141887986603751
S2,0,CMAES-lite,26,0.2141887986603751
S2,0,CMAES-lite,31,0.2141887986603751
S2,0,CMAES-lite,36,0.2141887986603751
S2,0,CMAES-lite,41,0.2141887986603751
S2,0,CMAES-lite,46,0.2141887986603751
S2,0,CMAES-lite,51,0.2141887986603751
S2,0,CMAES-lite,56,0.2141887986603751
S2,0,CMAES-lite,61,0.2141887986603751
S2,0,CMAES-lite,66,0.2141887986603751
S2,0,CMAES-lite,71,0.2141887986603751
S2,0,CMAES-lite,76,0.2141887986603751
S2,0,CMAES-lite,81,0.2141887986603751
S2,0,CMAES-lite,86,0.2141887986603751
S2,0,CMAES-lite,91,0.2141887986603751
S2,0,CMAES-lite,96,0.2141887986603751
S2,0,CMAES-lite,101,0.2141887986603751
S2,0,CMAES-lite,106,0.2141887986603751
S2,0,CMAES-lite,111,0.2141887986603751
S2,0,CMAES-lite,116,0.2141887986603751
S2,0,CMAES-lite,121,0.2141887986603751
S2,0,CMAES-lite,126,0.2141887986603751
S2,0,CMAES-lite,131,0.2141887986603751
S2,0,CMAES-lite,136,0.2141887986603751
S2,0,CMAES-lite,141,0.2141887986603751
S2,0,CMAES-lite,146,0.2141887986603751
S2,0,CMAES-lite,151,0.2141887986603751
S2,0,CMAES-lite,156,0.2141887986603751
S2,0,CMAES-lite,161,0.2141887986603751
S2,0,CMAES-lite,166,0.2141887986603751
S2,0,CMAES-lite,171,0.2141887986603751
S2,0,CMAES-lite,176,0.2141887986603751
S2,0,CMAES-lite,181,0.2141887986603751
S2,0,CMAES-lite,186,0.2141887986603751
S2,0,CMAES-lite,191,0.2141887986603751
S2,0,CMAES-lite,196,0.2141887986603751
S2,0,CMAES-lite,201,0.2141887986603751
S2,0,CMAES-lite,206,0.2141887986603751
S2,0,CMAES-lite,211,0.2141887986603751
S2,0,CMAES-lite,216,0.2141887986603751
S2,0,CMAES-lite,221,0.2141887986603751
S2,0,CMAES-lite,226,0.2141887986603751
S2,0,CMAES-lite,231,0.2141887986603751
S2,0,CMAES-lite,236,0.2141887986603751
S2,0,CMAES-lite,241,0.2141887986603751
S2,0,CMAES-lite,246,0.2141887986603751
S2,0,CMAES-lite,251,0.2141887986603751
S2,0,CMAES-lite,256,0.2141887986603751
S2,0,CMAES-lite,261,0.2141887986603751
S2,0,CMAES-lite,266,0.2141887986603751
S2,0,CMAES-lite,271,0.2141887986603751
S2,0,CMAES-lite,276,0.2141887986603751
S2,0,CMAES-lite,281,0.2141887986603751
S2,0,CMAES-lite,286,0.2141887986603751
S2,0,CMAES-lite,291,0.2141887986603751
S2,0,CMAES-lite,296,0.2141887986603751
S2,0,CMAES-lite,301,0.2141887986603751
S2,0,CMAES-lite,306,0.2141887986603751
S2,0,CMAES-lite,311,0.2141887986603751
S2,0,CMAES-lite,316,0.2141887986603751
S2,0,GWO,18,0.2141887986603751
S2,0,GWO,23,0.2141887986603751
S2,0,GWO,28,0.2141887986603751
S2,0,GWO,33,0.2141887986603751
S2,0,GWO,38,0.2141887986603751
S2,0,GWO,43,0.2141887986603751
S2,0,GWO,48,0.2141887986603751
S2,0,GWO,53,0.2141887986603751
S2,0,GWO,58,0.2141887986603751
S2,0,GWO,63,0.2141887986603751
S2,0,GWO,68,0.2141887986603751
S2,0,GWO,73,0.2141887986603751
S2,0,GWO,78,0.2141887986603751
S2,0,GWO,83,0.2141887986603751
S2,0,GWO,88,0.2141887986603751
S2,0,GWO,93,0.2141887986603751
S2,0,GWO,98,0.2141887986603751
S2,0,GWO,103,0.2141887986603751
S2,0,GWO,108,0.2141887986603751
S2,0,GWO,113,0.2141887986603751
S2,0,GWO,118,0.2141887986603751
S2,0,GWO,123,0.2141887986603751
S2,0,GWO,128,0.2141887986603751
S2,0,GWO,133,0.2141887986603751
S2,0,GWO,138,0.2141887986603751
S2,0,GWO,143,0.2141887986603751
S2,0,GWO,148,0.2141887986603751
S2,0,GWO,153,0.2141887986603751
S2,0,GWO,158,0.2141887986603751
S2,0,GWO,163,0.2141887986603751
S2,0,GWO,168,0.2141887986603751
S2,0,GWO,173,0.2141887986603751
S2,0,GWO,178,0.2141887986603751
S2,0,GWO,183,0.2141887986603751
S2,0,GWO,188,0.2141887986603751
S2,0,GWO,193,0.2141887986603751
S2,0,GWO,198,0.2141887986603751
S2,0,GWO,203,0.2141887986603751
S2,0,GWO,208,0.2141887986603751
S2,0,GWO,213,0.2141887986603751
S2,0,GWO,218,0.2141887986603751
S2,0,GWO,223,0.2141887986603751
S2,0,GWO,228,0.2141887986603751
S2,0,GWO,233,0.2141887986603751
S2,0,GWO,238,0.2141887986603751
S2,0,GWO,243,0.2141887986603751
S2,0,GWO,248,0.2141887986603751
S2,0,GWO,253,0.2141887986603751
S2,0,GWO,258,0.2141887986603751
S2,0,GWO,263,0.2141887986603751
S2,0,GWO,268,0.2141887986603751
S2,0,GWO,273,0.2141887986603751
S2,0,GWO,278,0.2141887986603751
S2,0,GWO,283,0.2141887986603751
S2,0,GWO,288,0.2141887986603751
S2,0,GWO,293,0.2141887986603751
S2,0,GWO,298,0.2141887986603751
S2,0,GWO,303,0.2141887986603751
S2,0,GWO,308,0.2141887986603751
S2,0,GWO,313,0.2141887986603751
S2,0,GWO,318,0.2141887986603751
S2,1,RFOTO-ABC,14,0.15261683298512604
S2,1,RFOTO-ABC,19,0.15261683298512604
S2,1,RFOTO-ABC,24,0.15261683298512604
S2,1,RFOTO-ABC,29,0.15237034450057355
S2,1,RFOTO-ABC,34,0.15237034450057355
S2,1,RFOTO-ABC,39,0.15237034450057355
S2,1,RFOTO-ABC,44,0.15237034450057355
S2,1,RFOTO-ABC,49,0.15237034450057355
S2,1,RFOTO-ABC,54,0.15237034450057355
S2,1,RFOTO-ABC,59,0.15237034450057355
S2,1,RFOTO-ABC,64,0.15237034450057355
S2,1,RFOTO-ABC,69,0.15237034450057355
S2,1,RFOTO-ABC,74,0.15237034450057355
S2,1,RFOTO-ABC,79,0.15237034450057355
S2,1,RFOTO-ABC,84,0.15237034450057355
S2,1,RFOTO-ABC,89,0.15205781824941053
S2,1,RFOTO-ABC,94,0.15205781824941053
S2,1,RFOTO-ABC,99,0.15205781824941053
S2,1,RFOTO-ABC,104,0.15205781824941053
S2,1,RFOTO-ABC,109,0.15205781824941053
S2,1,RFOTO-ABC,114,0.15205781824941053
S2,1,RFOTO-ABC,119,0.15205781824941053
S2,1,RFOTO-ABC,124,0.15205781824941053
S2,1,RFOTO-ABC,129,0.15205781824941053
S2,1,RFOTO-ABC,134,0.15205781824941053
S2,1,RFOTO-ABC,139,0.15205781824941053
S2,1,RFOTO-ABC,144,0.15205781824941053
S2,1,RFOTO-ABC,149,0.15205781824941053
S2,1,RFOTO-ABC,154,0.15205781824941053
S2,1,RFOTO-ABC,159,0.15205781824941053
S2,1,RFOTO-ABC,164,0.15047041265774408
S2,1,RFOTO-ABC,169,0.15033665810880495
S2,1,RFOTO-ABC,174,0.15033665810880495
S2,1,RFOTO-ABC,179,0.15033665810880495
S2,1,RFOTO-ABC,184,0.1495519419242562
S2,1,RFOTO-ABC,189,0.1495519419242562
S2,1,RFOTO-ABC,194,0.1495519419242562
S2,1,RFOTO-ABC,199,0.14800592287548914
S2,1,RFOTO-ABC,204,0.14796627585951141
S2,1,RFOTO-ABC,209,0.14796627585951141
S2,1,RFOTO-ABC,214,0.14796627585951141
S2,1,RFOTO-ABC,219,0.14796627585951141
S2,1,RFOTO-ABC,224,0.14796627585951141
S2,1,RFOTO-ABC,229,0.14796627585951141
S2,1,RFOTO-ABC,234,0.14796627585951141
S2,1,RFOTO-ABC,239,0.14796627585951141
S2,1,RFOTO-ABC,244,0.14796627585951141
S2,1,RFOTO-ABC,249,0.14796627585951141
S2,1,RFOTO-ABC,254,0.14796627585951141
S2,1,RFOTO-ABC,259,0.14796627585951141
S2,1,RFOTO-ABC,264,0.1467230633879863
S2,1,RFOTO-ABC,269,0.1467230633879863
S2,1,RFOTO-ABC,274,0.1467230633879863
S2,1,RFOTO-ABC,279,0.1467230633879863
S2,1,RFOTO-ABC,284,0.14650951019744968
S2,1,RFOTO-ABC,289,0.146489202534763
S2,1,RFOTO-ABC,294,0.146489202534763
S2,1,RFOTO-ABC,299,0.146489202534763
S2,1,RFOTO-ABC,304,0.146489202534763
S2,1,RFOTO-ABC,309,0.146489202534763
S2,1,RFOTO-ABC,314,0.146489202534763
S2,1,RFOTO-ABC,319,0.146489202534763
S2,1,Standard-ABC,14,0.5901023321738502
S2,1,Standard-ABC,19,0.5901023321738502
S2,1,Standard-ABC,24,0.5901023321738502
S2,1,Standard-ABC,29,0.5901023321738502
S2,1,Standard-ABC,34,0.5901023321738502
S2,1,Standard-ABC,39,0.5901023321738502
S2,1,Standard-ABC,44,0.5901023321738502
S2,1,Standard-ABC,49,0.5689316843640484
S2,1,Standard-ABC,54,0.5689316843640484
S2,1,Standard-ABC,59,0.5689316843640484
S2,1,Standard-ABC,64,0.5689316843640484
S2,1,Standard-ABC,69,0.5689316843640484
S2,1,Standard-ABC,74,0.5689316843640484
S2,1,Standard-ABC,79,0.5689316843640484
S2,1,Standard-ABC,84,0.5689316843640484
S2,1,Standard-ABC,89,0.5631038650287318
S2,1,Standard-ABC,94,0.5631038650287318
S2,1,Standard-ABC,99,0.5631038650287318
S2,1,Standard-ABC,104,0.5631038650287318
S2,1,Standard-ABC,109,0.5626464286573188
S2,1,Standard-ABC,114,0.5626464286573188
S2,1,Standard-ABC,119,0.5626464286573188
S2,1,Standard-ABC,124,0.5626464286573188
S2,1,Standard-ABC,129,0.5626464286573188
S2,1,Standard-ABC,134,0.5626464286573188
S2,1,Standard-ABC,139,0.5626464286573188
S2,1,Standard-ABC,144,0.5626464286573188
S2,1,Standard-ABC,149,0.5626464286573188
S2,1,Standard-ABC,154,0.5626464286573188
S2,1,Standard-ABC,159,0.5626464286573188
S2,1,Standard-ABC,164,0.562581865941604
S2,1,Standard-ABC,169,0.562581865941604
S2,1,Standard-ABC,174,0.562581865941604
S2,1,Standard-ABC,179,0.562581865941604
S2,1,Standard-ABC,184,0.5603227507154682
S2,1,Standard-ABC,189,0.5540800772041585
S2,1,Standard-ABC,194,0.5540800772041585
S2,1,Standard-ABC,199,0.5540800772041585
S2,1,Standard-ABC,204,0.5540800772041585
S2,1,Standard-ABC,209,0.5540800772041585
S2,1,Standard-ABC,214,0.5540800772041585
S2,1,Standard-ABC,219,0.5504275830344918
S2,1,Standard-ABC,224,0.5504275830344918
S2,1,Standard-ABC,229,0.5504275830344918
S2,1,Standard-ABC,234,0.5504275830344918
S2,1,Standard-ABC,239,0.5504275830344918
S2,1,Standard-ABC,244,0.5447184674668486
S2,1,Standard-ABC,249,0.5396767918020066
S2,1,Standard-ABC,254,0.5396767918020066
S2,1,Standard-ABC,259,0.5349119062629766
S2,1,Standard-ABC,264,0.5349119062629766
S2,1,Standard-ABC,269,0.5349119062629766
S2,1,Standard-ABC,274,0.5349119062629766
S2,1,Standard-ABC,279,0.5331581765740339
S2,1,Standard-ABC,284,0.5331581765740339
S2,1,Standard-ABC,289,0.5331581765740339
S2,1,Standard-ABC,294,0.5331581765740339
S2,1,Standard-ABC,299,0.527719672078665
S2,1,Standard-ABC,304,0.527719672078665
S2,1,Standard-ABC,309,0.527719672078665
S2,1,Standard-ABC,314,0.527719672078665
S2,1,Standard-ABC,319,0.527719672078665
S2,1,GA,14,0.42478634055445086
S2,1,GA,19,0.42478634055445086
S2,1,GA,24,0.42478634055445086
S2,1,GA,29,0.42478634055445086
S2,1,GA,34,0.42478634055445086
S2,1,GA,39,0.42478634055445086
S2,1,GA,44,0.42478634055445086
S2,1,GA,49,0.42478634055445086
S2,1,GA,54,0.4219484443119206
S2,1,GA,59,0.4219484443119206
S2,1,GA,64,0.41827509634020715
S2,1,GA,69,0.3824923249293475
S2,1,GA,74,0.3769564736616408
S2,1,GA,79,0.3769564736616408
S2,1,GA,84,0.3769564736616408
S2,1,GA,89,0.37546069413991334
S2,1,GA,94,0.37546069413991334
S2,1,GA,99,0.3663960799973617
S2,1,GA,104,0.3663960799973617
S2,1,GA,109,0.3663960799973617
S2,1,GA,114,0.3663960799973617
S2,1,GA,119,0.3663960799973617
S2,1,GA,124,0.3663960799973617
S2,1,GA,129,0.36228589381541315
S2,1,GA,134,0.36228589381541315
S2,1,GA,139,0.35701539816499495
S2,1,GA,144,0.35701539816499495
S2,1,GA,149,0.35701539816499495
S2,1,GA,154,0.35701539816499495
S2,1,GA,159,0.35701539816499495
S2,1,GA,164,0.35701539816499495
S2,1,GA,169,0.3507312346362527
S2,1,GA,174,0.3507312346362527
S2,1,GA,179,0.3507312346362527
S2,1,GA,184,0.3507312346362527
S2,1,GA,189,0.3507312346362527
S2,1,GA,194,0.34815799292748967
S2,1,GA,199,0.34815799292748967
S2,1,GA,204,0.34815799292748967
S2,1,GA,209,0.34815799292748967
S2,1,GA,214,0.34815799292748967
S2,1,GA,219,0.34815799292748967
S2,1,GA,224,0.34815799292748967
S2,1,GA,229,0.3458348097778291
S2,1,GA,234,0.3458348097778291
S2,1,GA,239,0.3438719076317009
S2,1,GA,244,0.3432390458326838
S2,1,GA,249,0.3383728207092122
S2,1,GA,254,0.3383728207092122
S2,1,GA,259,0.3383728207092122
S2,1,GA,264,0.3383728207092122
S2,1,GA,269,0.3383728207092122
S2,1,GA,274,0.3383728207092122
S2,1,GA,279,0.33668728760923644
S2,1,GA,284,0.33576916856344996
S2,1,GA,289,0.33576916856344996
S2,1,GA,294,0.33576916856344996
S2,1,GA,299,0.33576916856344996
S2,1,GA,304,0.33576916856344996
S2,1,GA,309,0.33576916856344996
S2,1,GA,314,0.3306499048548779
S2,1,GA,319,0.3306499048548779
S2,1,PSO,14,1.7092642072116835
S2,1,PSO,19,1.638850818979398
S2,1,PSO,24,1.330722360224035
S2,1,PSO,29,1.330722360224035
S2,1,PSO,34,1.2933522866889406
S2,1,PSO,39,1.2933522866889406
S2,1,PSO,44,1.2933522866889406
S2,1,PSO,49,1.2933522866889406
S2,1,PSO,54,1.2091543240001825
S2,1,PSO,59,1.2091543240001825
S2,1,PSO,64,1.2091543240001825
S2,1,PSO,69,1.2091543240001825
S2,1,PSO,74,1.1962517951281366
S2,1,PSO,79,1.1962517951281366
S2,1,PSO,84,1.1207345976869383
S2,1,PSO,89,1.079271028955049
S2,1,PSO,94,1.079271028955049
S2,1,PSO,99,1.079271028955049
S2,1,PSO,104,1.079271028955049
S2,1,PSO,109,1.079271028955049
S2,1,PSO,114,1.0612330202900284
S2,1,PSO,119,1.0612330202900284
S2,1,PSO,124,1.0612330202900284
S2,1,PSO,129,0.9745061352007671
S2,1,PSO,134,0.8702262162456907
S2,1,PSO,139,0.8702262162456907
S2,1,PSO,144,0.8396308277623573
S2,1,PSO,149,0.817661815090313
S2,1,PSO,154,0.817661815090313
S2,1,PSO,159,0.7160878886687045
S2,1,PSO,164,0.7160878886687045
S2,1,PSO,169,0.7160878886687045
S2,1,PSO,174,0.7160878886687045
S2,1,PSO,179,0.7160878886687045
S2,1,PSO,184,0.7160878886687045
S2,1,PSO,189,0.7160878886687045
S2,1,PSO,194,0.7160878886687045
S2,1,PSO,199,0.7160878886687045
S2,1,PSO,204,0.7160878886687045
S2,1,PSO,209,0.7160878886687045
S2,1,PSO,214,0.7160878886687045
S2,1,PSO,219,0.7160878886687045
S2,1,PSO,224,0.7150191407328937
S2,1,PSO,229,0.7088788686540186
S2,1,PSO,234,0.6988415090546184
S2,1,PSO,239,0.6988415090546184
S2,1,PSO,244,0.6988415090546184
S2,1,PSO,249,0.6960883617335778
S2,1,PSO,254,0.6960883617335778
S2,1,PSO,259,0.6960883617335778
S2,1,PSO,264,0.6960883617335778
S2,1,PSO,269,0.6960883617335778
S2,1,PSO,274,0.6960883617335778
S2,1,PSO,279,0.6960883617335778
S2,1,PSO,284,0.6960883617335778
S2,1,PSO,289,0.6955601751392931
S2,1,PSO,294,0.6916024428574652
S2,1,PSO,299,0.6916024428574652
S2,1,PSO,304,0.6901580648683636
S2,1,PSO,309,0.6867335681340518
S2,1,PSO,314,0.6859038635699013
S2,1,PSO,319,0.6840429936034484
S2,1,DE,14,2.041871986932114
S2,1,DE,19,1.4870922401335873
S2,1,DE,24,1.4870922401335873
S2,1,DE,29,1.4870922401335873
S2,1,DE,34,1.4870922401335873
S2,1,DE,39,1.4870922401335873
S2,1,DE,44,1.4870922401335873
S2,1,DE,49,1.4870922401335873
S2,1,DE,54,1.4870922401335873
S2,1,DE,59,1.4870922401335873
S2,1,DE,64,1.4870922401335873
S2,1,DE,69,1.4870922401335873
S2,1,DE,74,1.4870922401335873
S2,1,DE,79,1.4870922401335873
S2,1,DE,84,1.3581126374001893
S2,1,DE,89,1.3581126374001893
S2,1,DE,94,1.3581126374001893
S2,1,DE,99,1.3581126374001893
S2,1,DE,104,1.3581126374001893
S2,1,DE,109,1.3581126374001893
S2,1,DE,114,1.3581126374001893
S2,1,DE,119,1.3581126374001893
S2,1,DE,124,1.3581126374001893
S2,1,DE,129,1.3581126374001893
S2,1,DE,134,1.3581126374001893
S2,1,DE,139,1.3581126374001893
S2,1,DE,144,1.3581126374001893
S2,1,DE,149,1.3581126374001893
S2,1,DE,154,1.3581126374001893
S2,1,DE,159,1.3581126374001893
S2,1,DE,164,1.3581126374001893
S2,1,DE,169,1.3581126374001893
S2,1,DE,174,1.3581126374001893
S2,1,DE,179,1.3581126374001893
S2,1,DE,184,1.3581126374001893
S2,1,DE,189,1.3581126374001893
S2,1,DE,194,1.3581126374001893
S2,1,DE,199,1.3581126374001893
S2,1,DE,204,1.3443442425870267
S2,1,DE,209,1.3443442425870267
S2,1,DE,214,1.3443442425870267
S2,1,DE,219,1.3443442425870267
S2,1,DE,224,1.3443442425870267
S2,1,DE,229,1.3443442425870267
S2,1,DE,234,1.3443442425870267
S2,1,DE,239,1.3443442425870267
S2,1,DE,244,1.3443442425870267
S2,1,DE,249,1.079877594451703
S2,1,DE,254,1.079877594451703
S2,1,DE,259,1.079877594451703
S2,1,DE,264,1.079877594451703
S2,1,DE,269,1.079877594451703
S2,1,DE,274,1.079877594451703
S2,1,DE,279,1.0625302352195556
S2,1,DE,284,1.0625302352195556
S2,1,DE,289,1.0625302352195556
S2,1,DE,294,1.0625302352195556
S2,1,DE,299,1.0625302352195556
S2,1,DE,304,1.0625302352195556
S2,1,DE,309,1.0625302352195556
S2,1,DE,314,1.0625302352195556
S2,1,DE,319,1.0625302352195556
S2,1,Gbest-ABC,16,0.15261683298512604
S2,1,Gbest-ABC,21,0.15261683298512604
S2,1,Gbest-ABC,26,0.15261683298512604
S2,1,Gbest-ABC,31,0.15261683298512604
S2,1,Gbest-ABC,36,0.15261683298512604
S2,1,Gbest-ABC,41,0.15261683298512604
S2,1,Gbest-ABC,46,0.15261683298512604
S2,1,Gbest-ABC,51,0.15261683298512604
S2,1,Gbest-ABC,56,0.15261683298512604
S2,1,Gbest-ABC,61,0.15261683298512604
S2,1,Gbest-ABC,66,0.15261683298512604
S2,1,Gbest-ABC,71,0.15261683298512604
S2,1,Gbest-ABC,76,0.15261683298512604
S2,1,Gbest-ABC,81,0.15261683298512604
S2,1,Gbest-ABC,86,0.15261683298512604
S2,1,Gbest-ABC,91,0.15261683298512604
S2,1,Gbest-ABC,96,0.15261683298512604
S2,1,Gbest-ABC,101,0.15261683298512604
S2,1,Gbest-ABC,106,0.15261683298512604
S2,1,Gbest-ABC,111,0.15261683298512604
S2,1,Gbest-ABC,116,0.15261683298512604
S2,1,Gbest-ABC,121,0.15261683298512604
S2,1,Gbest-ABC,126,0.15261683298512604
S2,1,Gbest-ABC,131,0.15261683298512604
S2,1,Gbest-ABC,136,0.15261683298512604
S2,1,Gbest-ABC,141,0.15261683298512604
S2,1,Gbest-ABC,146,0.15261683298512604
S2,1,Gbest-ABC,151,0.15261683298512604
S2,1,Gbest-ABC,156,0.15261683298512604
S2,1,Gbest-ABC,161,0.15261683298512604
S2,1,Gbest-ABC,166,0.15261683298512604
S2,1,Gbest-ABC,171,0.15261683298512604
S2,1,Gbest-ABC,176,0.15261683298512604
S2,1,Gbest-ABC,181,0.15261683298512604
S2,1,Gbest-ABC,186,0.15261683298512604
S2,1,Gbest-ABC,191,0.15261683298512604
S2,1,Gbest-ABC,196,0.15261683298512604
S2,1,Gbest-ABC,201,0.15261683298512604
S2,1,Gbest-ABC,206,0.15261683298512604
S2,1,Gbest-ABC,211,0.15261683298512604
S2,1,Gbest-ABC,216,0.15261683298512604
S2,1,Gbest-ABC,221,0.15261683298512604
S2,1,Gbest-ABC,226,0.15261683298512604
S2,1,Gbest-ABC,231,0.15261683298512604
S2,1,Gbest-ABC,236,0.15261683298512604
S2,1,Gbest-ABC,241,0.15261683298512604
S2,1,Gbest-ABC,246,0.15261683298512604
S2,1,Gbest-ABC,251,0.15261683298512604
S2,1,Gbest-ABC,256,0.15261683298512604
S2,1,Gbest-ABC,261,0.15261683298512604
S2,1,Gbest-ABC,266,0.15261683298512604
S2,1,Gbest-ABC,271,0.15261683298512604
S2,1,Gbest-ABC,276,0.15261683298512604
S2,1,Gbest-ABC,281,0.15261683298512604
S2,1,Gbest-ABC,286,0.15261683298512604
S2,1,Gbest-ABC,291,0.15261683298512604
S2,1,Gbest-ABC,296,0.15261683298512604
S2,1,Gbest-ABC,301,0.15261683298512604
S2,1,Gbest-ABC,306,0.15261683298512604
S2,1,Gbest-ABC,311,0.15261683298512604
S2,1,Gbest-ABC,316,0.15261683298512604
S2,1,MeABC,16,0.15261683298512604
S2,1,MeABC,21,0.15261683298512604
S2,1,MeABC,26,0.15261683298512604
S2,1,MeABC,31,0.15261683298512604
S2,1,MeABC,36,0.15261683298512604
S2,1,MeABC,41,0.15261683298512604
S2,1,MeABC,46,0.15261683298512604
S2,1,MeABC,51,0.15261683298512604
S2,1,MeABC,57,0.15261683298512604
S2,1,MeABC,62,0.15261683298512604
S2,1,MeABC,67,0.15261683298512604
S2,1,MeABC,73,0.15261683298512604
S2,1,MeABC,78,0.15261683298512604
S2,1,MeABC,83,0.15261683298512604
S2,1,MeABC,89,0.15261683298512604
S2,1,MeABC,94,0.15261683298512604
S2,1,MeABC,99,0.15261683298512604
S2,1,MeABC,105,0.15261683298512604
S2,1,MeABC,110,0.15261683298512604
S2,1,MeABC,115,0.15261683298512604
S2,1,MeABC,121,0.15261683298512604
S2,1,MeABC,126,0.15261683298512604
S2,1,MeABC,131,0.15261683298512604
S2,1,MeABC,137,0.15261683298512604
S2,1,MeABC,142,0.15261683298512604
S2,1,MeABC,147,0.15261683298512604
S2,1,MeABC,153,0.15261683298512604
S2,1,MeABC,158,0.15261683298512604
S2,1,MeABC,163,0.15261683298512604
S2,1,MeABC,169,0.15261683298512604
S2,1,MeABC,174,0.15261683298512604
S2,1,MeABC,179,0.15261683298512604
S2,1,MeABC,185,0.15261683298512604
S2,1,MeABC,190,0.15261683298512604
S2,1,MeABC,195,0.15261683298512604
S2,1,MeABC,201,0.15261683298512604
S2,1,MeABC,206,0.15261683298512604
S2,1,MeABC,211,0.15261683298512604
S2,1,MeABC,217,0.15261683298512604
S2,1,MeABC,222,0.15261683298512604
S2,1,MeABC,227,0.15261683298512604
S2,1,MeABC,233,0.15261683298512604
S2,1,MeABC,238,0.15261683298512604
S2,1,MeABC,243,0.15261683298512604
S2,1,MeABC,249,0.15261683298512604
S2,1,MeABC,254,0.15261683298512604
S2,1,MeABC,259,0.15261683298512604
S2,1,MeABC,265,0.15261683298512604
S2,1,MeABC,270,0.15261683298512604
S2,1,MeABC,275,0.15261683298512604
S2,1,MeABC,281,0.15261683298512604
S2,1,MeABC,286,0.15261683298512604
S2,1,MeABC,291,0.15261683298512604
S2,1,MeABC,297,0.15261683298512604
S2,1,MeABC,302,0.15261683298512604
S2,1,MeABC,307,0.15261683298512604
S2,1,MeABC,313,0.15261683298512604
S2,1,MeABC,318,0.15261683298512604
S2,1,JADE,20,0.15261683298512604
S2,1,JADE,25,0.15261683298512604
S2,1,JADE,30,0.15261683298512604
S2,1,JADE,35,0.15261683298512604
S2,1,JADE,40,0.15261683298512604
S2,1,JADE,45,0.15261683298512604
S2,1,JADE,50,0.15261683298512604
S2,1,JADE,55,0.15261683298512604
S2,1,JADE,60,0.15261683298512604
S2,1,JADE,65,0.15261683298512604
S2,1,JADE,70,0.15261683298512604
S2,1,JADE,75,0.15261683298512604
S2,1,JADE,80,0.15261683298512604
S2,1,JADE,85,0.15261683298512604
S2,1,JADE,90,0.15261683298512604
S2,1,JADE,95,0.15261683298512604
S2,1,JADE,100,0.15261683298512604
S2,1,JADE,105,0.15261683298512604
S2,1,JADE,110,0.15261683298512604
S2,1,JADE,115,0.15261683298512604
S2,1,JADE,120,0.15261683298512604
S2,1,JADE,125,0.15261683298512604
S2,1,JADE,130,0.15261683298512604
S2,1,JADE,135,0.15261683298512604
S2,1,JADE,140,0.15261683298512604
S2,1,JADE,145,0.15261683298512604
S2,1,JADE,150,0.15261683298512604
S2,1,JADE,155,0.15261683298512604
S2,1,JADE,160,0.15261683298512604
S2,1,JADE,165,0.15261683298512604
S2,1,JADE,170,0.15261683298512604
S2,1,JADE,175,0.15261683298512604
S2,1,JADE,180,0.15261683298512604
S2,1,JADE,185,0.15261683298512604
S2,1,JADE,190,0.15261683298512604
S2,1,JADE,195,0.15261683298512604
S2,1,JADE,200,0.15261683298512604
S2,1,JADE,205,0.15261683298512604
S2,1,JADE,210,0.15261683298512604
S2,1,JADE,215,0.15261683298512604
S2,1,JADE,220,0.15261683298512604
S2,1,JADE,225,0.15261683298512604
S2,1,JADE,230,0.15261683298512604
S2,1,JADE,235,0.15261683298512604
S2,1,JADE,240,0.15261683298512604
S2,1,JADE,245,0.15261683298512604
S2,1,JADE,250,0.15261683298512604
S2,1,JADE,255,0.15261683298512604
S2,1,JADE,260,0.15261683298512604
S2,1,JADE,265,0.15261683298512604
S2,1,JADE,270,0.15261683298512604
S2,1,JADE,275,0.15261683298512604
S2,1,JADE,280,0.15261683298512604
S2,1,JADE,285,0.15261683298512604
S2,1,JADE,290,0.15261683298512604
S2,1,JADE,295,0.15261683298512604
S2,1,JADE,300,0.15261683298512604
S2,1,JADE,305,0.15261683298512604
S2,1,JADE,310,0.15261683298512604
S2,1,JADE,315,0.15261683298512604
S2,1,JADE,320,0.15261683298512604
S2,1,LSHADE-lite,24,0.15261683298512604
S2,1,LSHADE-lite,29,0.15261683298512604
S2,1,LSHADE-lite,34,0.15261683298512604
S2,1,LSHADE-lite,39,0.15261683298512604
S2,1,LSHADE-lite,44,0.15261683298512604
S2,1,LSHADE-lite,49,0.15261683298512604
S2,1,LSHADE-lite,54,0.15261683298512604
S2,1,LSHADE-lite,59,0.15261683298512604
S2,1,LSHADE-lite,64,0.15261683298512604
S2,1,LSHADE-lite,69,0.15261683298512604
S2,1,LSHADE-lite,74,0.15261683298512604
S2,1,LSHADE-lite,79,0.15261683298512604
S2,1,LSHADE-lite,84,0.15261683298512604
S2,1,LSHADE-lite,89,0.15261683298512604
S2,1,LSHADE-lite,94,0.15261683298512604
S2,1,LSHADE-lite,99,0.15261683298512604
S2,1,LSHADE-lite,104,0.15261683298512604
S2,1,LSHADE-lite,109,0.15261683298512604
S2,1,LSHADE-lite,114,0.15261683298512604
S2,1,LSHADE-lite,119,0.15261683298512604
S2,1,LSHADE-lite,124,0.15261683298512604
S2,1,LSHADE-lite,129,0.15261683298512604
S2,1,LSHADE-lite,134,0.15261683298512604
S2,1,LSHADE-lite,139,0.15261683298512604
S2,1,LSHADE-lite,144,0.15261683298512604
S2,1,LSHADE-lite,149,0.15261683298512604
S2,1,LSHADE-lite,154,0.15261683298512604
S2,1,LSHADE-lite,159,0.15261683298512604
S2,1,LSHADE-lite,164,0.15261683298512604
S2,1,LSHADE-lite,169,0.15261683298512604
S2,1,LSHADE-lite,174,0.15261683298512604
S2,1,LSHADE-lite,179,0.15261683298512604
S2,1,LSHADE-lite,184,0.15261683298512604
S2,1,LSHADE-lite,189,0.15261683298512604
S2,1,LSHADE-lite,194,0.15261683298512604
S2,1,LSHADE-lite,199,0.15261683298512604
S2,1,LSHADE-lite,204,0.15261683298512604
S2,1,LSHADE-lite,209,0.15261683298512604
S2,1,LSHADE-lite,214,0.15261683298512604
S2,1,LSHADE-lite,219,0.15261683298512604
S2,1,LSHADE-lite,224,0.15261683298512604
S2,1,LSHADE-lite,229,0.15261683298512604
S2,1,LSHADE-lite,234,0.15261683298512604
S2,1,LSHADE-lite,239,0.15261683298512604
S2,1,LSHADE-lite,244,0.15261683298512604
S2,1,LSHADE-lite,249,0.15261683298512604
S2,1,LSHADE-lite,254,0.15261683298512604
S2,1,LSHADE-lite,259,0.15261683298512604
S2,1,LSHADE-lite,264,0.15261683298512604
S2,1,LSHADE-lite,269,0.15261683298512604
S2,1,LSHADE-lite,274,0.15261683298512604
S2,1,LSHADE-lite,279,0.15261683298512604
S2,1,LSHADE-lite,284,0.15261683298512604
S2,1,LSHADE-lite,289,0.15261683298512604
S2,1,LSHADE-lite,294,0.15261683298512604
S2,1,LSHADE-lite,299,0.15261683298512604
S2,1,LSHADE-lite,304,0.15261683298512604
S2,1,LSHADE-lite,309,0.15261683298512604
S2,1,LSHADE-lite,314,0.15261683298512604
S2,1,LSHADE-lite,319,0.15261683298512604
S2,1,CMAES-lite,1,0.15261683298512604
S2,1,CMAES-lite,6,0.15261683298512604
S2,1,CMAES-lite,11,0.15261683298512604
S2,1,CMAES-lite,16,0.15261683298512604
S2,1,CMAES-lite,21,0.15261683298512604
S2,1,CMAES-lite,26,0.15261683298512604
S2,1,CMAES-lite,31,0.15261683298512604
S2,1,CMAES-lite,36,0.15261683298512604
S2,1,CMAES-lite,41,0.15261683298512604
S2,1,CMAES-lite,46,0.15261683298512604
S2,1,CMAES-lite,51,0.15261683298512604
S2,1,CMAES-lite,56,0.15261683298512604
S2,1,CMAES-lite,61,0.15261683298512604
S2,1,CMAES-lite,66,0.15261683298512604
S2,1,CMAES-lite,71,0.15261683298512604
S2,1,CMAES-lite,76,0.15261683298512604
S2,1,CMAES-lite,81,0.15261683298512604
S2,1,CMAES-lite,86,0.15261683298512604
S2,1,CMAES-lite,91,0.15261683298512604
S2,1,CMAES-lite,96,0.15261683298512604
S2,1,CMAES-lite,101,0.15261683298512604
S2,1,CMAES-lite,106,0.15261683298512604
S2,1,CMAES-lite,111,0.15261683298512604
S2,1,CMAES-lite,116,0.15261683298512604
S2,1,CMAES-lite,121,0.15261683298512604
S2,1,CMAES-lite,126,0.15261683298512604
S2,1,CMAES-lite,131,0.15261683298512604
S2,1,CMAES-lite,136,0.15261683298512604
S2,1,CMAES-lite,141,0.15261683298512604
S2,1,CMAES-lite,146,0.15261683298512604
S2,1,CMAES-lite,151,0.15261683298512604
S2,1,CMAES-lite,156,0.15261683298512604
S2,1,CMAES-lite,161,0.15261683298512604
S2,1,CMAES-lite,166,0.15261683298512604
S2,1,CMAES-lite,171,0.15261683298512604
S2,1,CMAES-lite,176,0.15261683298512604
S2,1,CMAES-lite,181,0.15261683298512604
S2,1,CMAES-lite,186,0.15261683298512604
S2,1,CMAES-lite,191,0.15261683298512604
S2,1,CMAES-lite,196,0.15261683298512604
S2,1,CMAES-lite,201,0.15261683298512604
S2,1,CMAES-lite,206,0.15261683298512604
S2,1,CMAES-lite,211,0.15261683298512604
S2,1,CMAES-lite,216,0.15261683298512604
S2,1,CMAES-lite,221,0.15261683298512604
S2,1,CMAES-lite,226,0.15261683298512604
S2,1,CMAES-lite,231,0.15261683298512604
S2,1,CMAES-lite,236,0.15261683298512604
S2,1,CMAES-lite,241,0.15261683298512604
S2,1,CMAES-lite,246,0.15261683298512604
S2,1,CMAES-lite,251,0.15261683298512604
S2,1,CMAES-lite,256,0.15261683298512604
S2,1,CMAES-lite,261,0.15261683298512604
S2,1,CMAES-lite,266,0.15261683298512604
S2,1,CMAES-lite,271,0.15261683298512604
S2,1,CMAES-lite,276,0.15261683298512604
S2,1,CMAES-lite,281,0.15261683298512604
S2,1,CMAES-lite,286,0.15261683298512604
S2,1,CMAES-lite,291,0.15261683298512604
S2,1,CMAES-lite,296,0.15261683298512604
S2,1,CMAES-lite,301,0.15261683298512604
S2,1,CMAES-lite,306,0.15261683298512604
S2,1,CMAES-lite,311,0.15261683298512604
S2,1,CMAES-lite,316,0.15261683298512604
S2,1,GWO,18,0.15261683298512604
S2,1,GWO,23,0.15261683298512604
S2,1,GWO,28,0.15261683298512604
S2,1,GWO,33,0.15261683298512604
S2,1,GWO,38,0.15261683298512604
S2,1,GWO,43,0.15261683298512604
S2,1,GWO,48,0.15261683298512604
S2,1,GWO,53,0.15261683298512604
S2,1,GWO,58,0.15261683298512604
S2,1,GWO,63,0.15261683298512604
S2,1,GWO,68,0.15261683298512604
S2,1,GWO,73,0.15261683298512604
S2,1,GWO,78,0.15261683298512604
S2,1,GWO,83,0.15261683298512604
S2,1,GWO,88,0.15261683298512604
S2,1,GWO,93,0.15261683298512604
S2,1,GWO,98,0.15261683298512604
S2,1,GWO,103,0.15261683298512604
S2,1,GWO,108,0.15261683298512604
S2,1,GWO,113,0.15261683298512604
S2,1,GWO,118,0.15261683298512604
S2,1,GWO,123,0.15261683298512604
S2,1,GWO,128,0.15261683298512604
S2,1,GWO,133,0.15261683298512604
S2,1,GWO,138,0.15261683298512604
S2,1,GWO,143,0.15261683298512604
S2,1,GWO,148,0.15261683298512604
S2,1,GWO,153,0.15261683298512604
S2,1,GWO,158,0.15261683298512604
S2,1,GWO,163,0.15261683298512604
S2,1,GWO,168,0.15261683298512604
S2,1,GWO,173,0.15261683298512604
S2,1,GWO,178,0.15261683298512604
S2,1,GWO,183,0.15261683298512604
S2,1,GWO,188,0.15261683298512604
S2,1,GWO,193,0.15261683298512604
S2,1,GWO,198,0.15261683298512604
S2,1,GWO,203,0.15261683298512604
S2,1,GWO,208,0.15261683298512604
S2,1,GWO,213,0.15261683298512604
S2,1,GWO,218,0.15261683298512604
S2,1,GWO,223,0.15261683298512604
S2,1,GWO,228,0.15261683298512604
S2,1,GWO,233,0.15261683298512604
S2,1,GWO,238,0.15261683298512604
S2,1,GWO,243,0.15261683298512604
S2,1,GWO,248,0.15261683298512604
S2,1,GWO,253,0.15261683298512604
S2,1,GWO,258,0.15261683298512604
S2,1,GWO,263,0.15261683298512604
S2,1,GWO,268,0.15261683298512604
S2,1,GWO,273,0.15261683298512604
S2,1,GWO,278,0.15261683298512604
S2,1,GWO,283,0.15261683298512604
S2,1,GWO,288,0.15261683298512604
S2,1,GWO,293,0.15261683298512604
S2,1,GWO,298,0.15261683298512604
S2,1,GWO,303,0.15261683298512604
S2,1,GWO,308,0.15261683298512604
S2,1,GWO,313,0.15261683298512604
S2,1,GWO,318,0.15261683298512604
S2,2,RFOTO-ABC,14,0.18839211560812902
S2,2,RFOTO-ABC,19,0.18839211560812902
S2,2,RFOTO-ABC,24,0.18839211560812902
S2,2,RFOTO-ABC,29,0.18839211560812902
S2,2,RFOTO-ABC,34,0.18839211560812902
S2,2,RFOTO-ABC,39,0.18839211560812902
S2,2,RFOTO-ABC,44,0.18839211560812902
S2,2,RFOTO-ABC,49,0.18839211560812902
S2,2,RFOTO-ABC,54,0.18839211560812902
S2,2,RFOTO-ABC,59,0.18839211560812902
S2,2,RFOTO-ABC,64,0.18839211560812902
S2,2,RFOTO-ABC,69,0.18839211560812902
S2,2,RFOTO-ABC,74,0.18839211560812902
S2,2,RFOTO-ABC,79,0.18839211560812902
S2,2,RFOTO-ABC,84,0.18839211560812902
S2,2,RFOTO-ABC,89,0.18839211560812902
S2,2,RFOTO-ABC,94,0.18839211560812902
S2,2,RFOTO-ABC,99,0.18839211560812902
S2,2,RFOTO-ABC,104,0.18839211560812902
S2,2,RFOTO-ABC,109,0.18839211560812902
S2,2,RFOTO-ABC,114,0.18834570113965968
S2,2,RFOTO-ABC,119,0.18834570113965968
S2,2,RFOTO-ABC,124,0.18834570113965968
S2,2,RFOTO-ABC,129,0.18834570113965968
S2,2,RFOTO-ABC,134,0.18834570113965968
S2,2,RFOTO-ABC,139,0.18834570113965968
S2,2,RFOTO-ABC,144,0.18834570113965968
S2,2,RFOTO-ABC,149,0.18834570113965968
S2,2,RFOTO-ABC,154,0.18834570113965968
S2,2,RFOTO-ABC,159,0.18834570113965968
S2,2,RFOTO-ABC,164,0.18834570113965968
S2,2,RFOTO-ABC,169,0.18698920034398891
S2,2,RFOTO-ABC,174,0.18551596216794755
S2,2,RFOTO-ABC,179,0.18551596216794755
S2,2,RFOTO-ABC,184,0.18551596216794755
S2,2,RFOTO-ABC,189,0.185219872299567
S2,2,RFOTO-ABC,194,0.185219872299567
S2,2,RFOTO-ABC,199,0.185219872299567
S2,2,RFOTO-ABC,204,0.185219872299567
S2,2,RFOTO-ABC,209,0.185219872299567
S2,2,RFOTO-ABC,214,0.185219872299567
S2,2,RFOTO-ABC,219,0.185219872299567
S2,2,RFOTO-ABC,224,0.185219872299567
S2,2,RFOTO-ABC,229,0.185219872299567
S2,2,RFOTO-ABC,234,0.185219872299567
S2,2,RFOTO-ABC,239,0.185219872299567
S2,2,RFOTO-ABC,244,0.185219872299567
S2,2,RFOTO-ABC,249,0.185219872299567
S2,2,RFOTO-ABC,254,0.185219872299567
S2,2,RFOTO-ABC,259,0.185219872299567
S2,2,RFOTO-ABC,264,0.185219872299567
S2,2,RFOTO-ABC,269,0.185219872299567
S2,2,RFOTO-ABC,274,0.185219872299567
S2,2,RFOTO-ABC,279,0.185219872299567
S2,2,RFOTO-ABC,284,0.185219872299567
S2,2,RFOTO-ABC,289,0.185219872299567
S2,2,RFOTO-ABC,294,0.185219872299567
S2,2,RFOTO-ABC,299,0.185219872299567
S2,2,RFOTO-ABC,304,0.185219872299567
S2,2,RFOTO-ABC,309,0.185219872299567
S2,2,RFOTO-ABC,314,0.185219872299567
S2,2,RFOTO-ABC,319,0.185219872299567
S2,2,Standard-ABC,14,0.6590945796373744
S2,2,Standard-ABC,19,0.6590945796373744
S2,2,Standard-ABC,24,0.6250996510960856
S2,2,Standard-ABC,29,0.6250996510960856
S2,2,Standard-ABC,34,0.6250996510960856
S2,2,Standard-ABC,39,0.6250996510960856
S2,2,Standard-ABC,44,0.6250996510960856
S2,2,Standard-ABC,49,0.5945549635106611
S2,2,Standard-ABC,54,0.5945549635106611
S2,2,Standard-ABC,59,0.5945549635106611
S2,2,Standard-ABC,64,0.5945549635106611
S2,2,Standard-ABC,69,0.5945549635106611
S2,2,Standard-ABC,74,0.5945549635106611
S2,2,Standard-ABC,79,0.5945549635106611
S2,2,Standard-ABC,84,0.5945549635106611
S2,2,Standard-ABC,89,0.5945549635106611
S2,2,Standard-ABC,94,0.5945549635106611
S2,2,Standard-ABC,99,0.5945549635106611
S2,2,Standard-ABC,104,0.5945549635106611
S2,2,Standard-ABC,109,0.5929264463609693
S2,2,Standard-ABC,114,0.5929264463609693
S2,2,Standard-ABC,119,0.5929264463609693
S2,2,Standard-ABC,124,0.5929264463609693
S2,2,Standard-ABC,129,0.5830012703007335
S2,2,Standard-ABC,134,0.5602851733894619
S2,2,Standard-ABC,139,0.5602851733894619
S2,2,Standard-ABC,144,0.5602851733894619
S2,2,Standard-ABC,149,0.5602851733894619
S2,2,Standard-ABC,154,0.5602851733894619
S2,2,Standard-ABC,159,0.5602851733894619
S2,2,Standard-ABC,164,0.5602851733894619
S2,2,Standard-ABC,169,0.5602851733894619
S2,2,Standard-ABC,174,0.5602851733894619
S2,2,Standard-ABC,179,0.5602851733894619
S2,2,Standard-ABC,184,0.5602851733894619
S2,2,Standard-ABC,189,0.5602851733894619
S2,2,Standard-ABC,194,0.5602851733894619
S2,2,Standard-ABC,199,0.5602851733894619
S2,2,Standard-ABC,204,0.5602851733894619
S2,2,Standard-ABC,209,0.5602851733894619
S2,2,Standard-ABC,214,0.5335499459353472
S2,2,Standard-ABC,219,0.5335499459353472
S2,2,Standard-ABC,224,0.5335499459353472
S2,2,Standard-ABC,229,0.5335499459353472
S2,2,Standard-ABC,234,0.5335499459353472
S2,2,Standard-ABC,239,0.5335499459353472
S2,2,Standard-ABC,244,0.5335499459353472
S2,2,Standard-ABC,249,0.5335499459353472
S2,2,Standard-ABC,254,0.5335499459353472
S2,2,Standard-ABC,259,0.5335499459353472
S2,2,Standard-ABC,264,0.5335499459353472
S2,2,Standard-ABC,269,0.5335499459353472
S2,2,Standard-ABC,274,0.5335499459353472
S2,2,Standard-ABC,279,0.5335499459353472
S2,2,Standard-ABC,284,0.4856082315384667
S2,2,Standard-ABC,289,0.4856082315384667
S2,2,Standard-ABC,294,0.4856082315384667
S2,2,Standard-ABC,299,0.4823323192819046
S2,2,Standard-ABC,304,0.4823323192819046
S2,2,Standard-ABC,309,0.4823323192819046
S2,2,Standard-ABC,314,0.4823323192819046
S2,2,Standard-ABC,319,0.4823323192819046
S2,2,GA,14,0.45717484712441425
S2,2,GA,19,0.45717484712441425
S2,2,GA,24,0.45717484712441425
S2,2,GA,29,0.45717484712441425
S2,2,GA,34,0.45717484712441425
S2,2,GA,39,0.45717484712441425
S2,2,GA,44,0.45717484712441425
S2,2,GA,49,0.39803479672075914
S2,2,GA,54,0.39803479672075914
S2,2,GA,59,0.39803479672075914
S2,2,GA,64,0.39803479672075914
S2,2,GA,69,0.39803479672075914
S2,2,GA,74,0.39803479672075914
S2,2,GA,79,0.39425530456896923
S2,2,GA,84,0.39425530456896923
S2,2,GA,89,0.38551163121760335
S2,2,GA,94,0.38551163121760335
S2,2,GA,99,0.38551163121760335
S2,2,GA,104,0.38551163121760335
S2,2,GA,109,0.38551163121760335
S2,2,GA,114,0.38551163121760335
S2,2,GA,119,0.38551163121760335
S2,2,GA,124,0.38551163121760335
S2,2,GA,129,0.3783036198769929
S2,2,GA,134,0.3783036198769929
S2,2,GA,139,0.3777994881204288
S2,2,GA,144,0.3777994881204288
S2,2,GA,149,0.3643971489346882
S2,2,GA,154,0.3643971489346882
S2,2,GA,159,0.3643971489346882
S2,2,GA,164,0.3643971489346882
S2,2,GA,169,0.3643971489346882
S2,2,GA,174,0.3598618574358453
S2,2,GA,179,0.3592158123990184
S2,2,GA,184,0.3592158123990184
S2,2,GA,189,0.3592158123990184
S2,2,GA,194,0.3592158123990184
S2,2,GA,199,0.3592158123990184
S2,2,GA,204,0.3592158123990184
S2,2,GA,209,0.3526024474411039
S2,2,GA,214,0.3526024474411039
S2,2,GA,219,0.3526024474411039
S2,2,GA,224,0.3526024474411039
S2,2,GA,229,0.3526024474411039
S2,2,GA,234,0.3454895499040755
S2,2,GA,239,0.333820297440796
S2,2,GA,244,0.33156330572321774
S2,2,GA,249,0.33156330572321774
S2,2,GA,254,0.3283076606862461
S2,2,GA,259,0.3283076606862461
S2,2,GA,264,0.3237008628459543
S2,2,GA,269,0.3237008628459543
S2,2,GA,274,0.3237008628459543
S2,2,GA,279,0.3237008628459543
S2,2,GA,284,0.3237008628459543
S2,2,GA,289,0.3237008628459543
S2,2,GA,294,0.3237008628459543
S2,2,GA,299,0.3237008628459543
S2,2,GA,304,0.3237008628459543
S2,2,GA,309,0.32339613793765476
S2,2,GA,314,0.3162198570985505
S2,2,GA,319,0.3162198570985505
S2,2,PSO,14,1.9528681666598495
S2,2,PSO,19,1.9528681666598495
S2,2,PSO,24,1.9346646029428363
S2,2,PSO,29,1.9346646029428363
S2,2,PSO,34,1.5860700763261881
S2,2,PSO,39,1.5860700763261881
S2,2,PSO,44,1.4329116755229734
S2,2,PSO,49,1.3467561260855194
S2,2,PSO,54,1.3467561260855194
S2,2,PSO,59,1.3467561260855194
S2,2,PSO,64,1.3467561260855194
S2,2,PSO,69,1.3467561260855194
S2,2,PSO,74,1.0227793215580694
S2,2,PSO,79,1.0227793215580694
S2,2,PSO,84,1.0227793215580694
S2,2,PSO,89,1.0227793215580694
S2,2,PSO,94,1.0227793215580694
S2,2,PSO,99,1.0227793215580694
S2,2,PSO,104,1.0227793215580694
S2,2,PSO,109,1.0227793215580694
S2,2,PSO,114,1.0227793215580694
S2,2,PSO,119,1.0227793215580694
S2,2,PSO,124,1.0227793215580694
S2,2,PSO,129,1.0227793215580694
S2,2,PSO,134,0.9943830626186805
S2,2,PSO,139,0.9943830626186805
S2,2,PSO,144,0.9657118874276328
S2,2,PSO,149,0.9657118874276328
S2,2,PSO,154,0.9535892354396848
S2,2,PSO,159,0.9535892354396848
S2,2,PSO,164,0.9535892354396848
S2,2,PSO,169,0.8742378356605226
S2,2,PSO,174,0.8742378356605226
S2,2,PSO,179,0.8742378356605226
S2,2,PSO,184,0.8742378356605226
S2,2,PSO,189,0.8675456024506085
S2,2,PSO,194,0.8675456024506085
S2,2,PSO,199,0.8675456024506085
S2,2,PSO,204,0.8351360968892125
S2,2,PSO,209,0.8351360968892125
S2,2,PSO,214,0.8351360968892125
S2,2,PSO,219,0.8269652816628171
S2,2,PSO,224,0.8269652816628171
S2,2,PSO,229,0.818804548947833
S2,2,PSO,234,0.818804548947833
S2,2,PSO,239,0.818804548947833
S2,2,PSO,244,0.818804548947833
S2,2,PSO,249,0.818804548947833
S2,2,PSO,254,0.8084791210819096
S2,2,PSO,259,0.8084791210819096
S2,2,PSO,264,0.7964457230137919
S2,2,PSO,269,0.7964457230137919
S2,2,PSO,274,0.7964457230137919
S2,2,PSO,279,0.7867202438212247
S2,2,PSO,284,0.7867202438212247
S2,2,PSO,289,0.7855059221828171
S2,2,PSO,294,0.764267064811337
S2,2,PSO,299,0.764267064811337
S2,2,PSO,304,0.7471056323753443
S2,2,PSO,309,0.7471056323753443
S2,2,PSO,314,0.7471056323753443
S2,2,PSO,319,0.742726774865095
S2,2,DE,14,2.4035676141201354
S2,2,DE,19,2.4035676141201354
S2,2,DE,24,2.4035676141201354
S2,2,DE,29,2.4035676141201354
S2,2,DE,34,2.4035676141201354
S2,2,DE,39,2.4035676141201354
S2,2,DE,44,2.4035676141201354
S2,2,DE,49,2.4035676141201354
S2,2,DE,54,2.2333134831676986
S2,2,DE,59,1.882942620241888
S2,2,DE,64,1.882942620241888
S2,2,DE,69,1.882942620241888
S2,2,DE,74,1.882942620241888
S2,2,DE,79,1.882942620241888
S2,2,DE,84,1.882942620241888
S2,2,DE,89,1.882942620241888
S2,2,DE,94,1.882942620241888
S2,2,DE,99,1.882942620241888
S2,2,DE,104,1.681160910236584
S2,2,DE,109,1.681160910236584
S2,2,DE,114,1.681160910236584
S2,2,DE,119,1.681160910236584
S2,2,DE,124,1.609915861502474
S2,2,DE,129,1.5214033690560782
S2,2,DE,134,1.5214033690560782
S2,2,DE,139,1.5214033690560782
S2,2,DE,144,1.438917197093478
S2,2,DE,149,1.438917197093478
S2,2,DE,154,1.438917197093478
S2,2,DE,159,1.438917197093478
S2,2,DE,164,1.438917197093478
S2,2,DE,169,1.438917197093478
S2,2,DE,174,1.438917197093478
S2,2,DE,179,1.438917197093478
S2,2,DE,184,1.438917197093478
S2,2,DE,189,1.438917197093478
S2,2,DE,194,1.438917197093478
S2,2,DE,199,1.438917197093478
S2,2,DE,204,1.438917197093478
S2,2,DE,209,1.438917197093478
S2,2,DE,214,1.438917197093478
S2,2,DE,219,1.438917197093478
S2,2,DE,224,1.438917197093478
S2,2,DE,229,1.438917197093478
S2,2,DE,234,1.438917197093478
S2,2,DE,239,1.404126888793272
S2,2,DE,244,1.404126888793272
S2,2,DE,249,1.404126888793272
S2,2,DE,254,1.404126888793272
S2,2,DE,259,1.404126888793272
S2,2,DE,264,1.404126888793272
S2,2,DE,269,1.404126888793272
S2,2,DE,274,1.404126888793272
S2,2,DE,279,1.404126888793272
S2,2,DE,284,1.404126888793272
S2,2,DE,289,1.404126888793272
S2,2,DE,294,1.404126888793272
S2,2,DE,299,1.404126888793272
S2,2,DE,304,1.404126888793272
S2,2,DE,309,1.404126888793272
S2,2,DE,314,1.404126888793272
S2,2,DE,319,1.404126888793272
S2,2,Gbest-ABC,16,0.18839211560812902
S2,2,Gbest-ABC,21,0.18839211560812902
S2,2,Gbest-ABC,26,0.18839211560812902
S2,2,Gbest-ABC,31,0.18839211560812902
S2,2,Gbest-ABC,36,0.18839211560812902
S2,2,Gbest-ABC,41,0.18839211560812902
S2,2,Gbest-ABC,46,0.18839211560812902
S2,2,Gbest-ABC,51,0.18839211560812902
S2,2,Gbest-ABC,56,0.18839211560812902
S2,2,Gbest-ABC,61,0.18839211560812902
S2,2,Gbest-ABC,66,0.18839211560812902
S2,2,Gbest-ABC,71,0.18839211560812902
S2,2,Gbest-ABC,76,0.18839211560812902
S2,2,Gbest-ABC,81,0.18839211560812902
S2,2,Gbest-ABC,86,0.18839211560812902
S2,2,Gbest-ABC,91,0.18839211560812902
S2,2,Gbest-ABC,96,0.18839211560812902
S2,2,Gbest-ABC,101,0.18839211560812902
S2,2,Gbest-ABC,106,0.18839211560812902
S2,2,Gbest-ABC,111,0.18839211560812902
S2,2,Gbest-ABC,116,0.18839211560812902
S2,2,Gbest-ABC,121,0.18839211560812902
S2,2,Gbest-ABC,126,0.18839211560812902
S2,2,Gbest-ABC,131,0.18839211560812902
S2,2,Gbest-ABC,136,0.18839211560812902
S2,2,Gbest-ABC,141,0.18839211560812902
S2,2,Gbest-ABC,146,0.18839211560812902
S2,2,Gbest-ABC,151,0.18839211560812902
S2,2,Gbest-ABC,156,0.18839211560812902
S2,2,Gbest-ABC,161,0.18839211560812902
S2,2,Gbest-ABC,166,0.18839211560812902
S2,2,Gbest-ABC,171,0.18839211560812902
S2,2,Gbest-ABC,176,0.18839211560812902
S2,2,Gbest-ABC,181,0.18839211560812902
S2,2,Gbest-ABC,186,0.18839211560812902
S2,2,Gbest-ABC,191,0.18839211560812902
S2,2,Gbest-ABC,196,0.18839211560812902
S2,2,Gbest-ABC,201,0.18839211560812902
S2,2,Gbest-ABC,206,0.18839211560812902
S2,2,Gbest-ABC,211,0.18839211560812902
S2,2,Gbest-ABC,216,0.18839211560812902
S2,2,Gbest-ABC,221,0.18839211560812902
S2,2,Gbest-ABC,226,0.18839211560812902
S2,2,Gbest-ABC,231,0.18839211560812902
S2,2,Gbest-ABC,236,0.18839211560812902
S2,2,Gbest-ABC,241,0.18839211560812902
S2,2,Gbest-ABC,246,0.18839211560812902
S2,2,Gbest-ABC,251,0.18839211560812902
S2,2,Gbest-ABC,256,0.18839211560812902
S2,2,Gbest-ABC,261,0.18839211560812902
S2,2,Gbest-ABC,266,0.18839211560812902
S2,2,Gbest-ABC,271,0.18839211560812902
S2,2,Gbest-ABC,276,0.18839211560812902
S2,2,Gbest-ABC,281,0.18839211560812902
S2,2,Gbest-ABC,286,0.18839211560812902
S2,2,Gbest-ABC,291,0.18839211560812902
S2,2,Gbest-ABC,296,0.18839211560812902
S2,2,Gbest-ABC,301,0.18839211560812902
S2,2,Gbest-ABC,306,0.18839211560812902
S2,2,Gbest-ABC,311,0.18839211560812902
S2,2,Gbest-ABC,316,0.18839211560812902
S2,2,MeABC,16,0.18839211560812902
S2,2,MeABC,21,0.18839211560812902
S2,2,MeABC,26,0.18839211560812902
S2,2,MeABC,31,0.18839211560812902
S2,2,MeABC,36,0.18839211560812902
S2,2,MeABC,41,0.18839211560812902
S2,2,MeABC,46,0.18839211560812902
S2,2,MeABC,51,0.18839211560812902
S2,2,MeABC,57,0.18839211560812902
S2,2,MeABC,62,0.18839211560812902
S2,2,MeABC,67,0.18839211560812902
S2,2,MeABC,73,0.18839211560812902
S2,2,MeABC,78,0.18839211560812902
S2,2,MeABC,83,0.18839211560812902
S2,2,MeABC,89,0.18839211560812902
S2,2,MeABC,94,0.18839211560812902
S2,2,MeABC,99,0.18839211560812902
S2,2,MeABC,105,0.18839211560812902
S2,2,MeABC,110,0.18839211560812902
S2,2,MeABC,115,0.18839211560812902
S2,2,MeABC,121,0.18839211560812902
S2,2,MeABC,126,0.18839211560812902
S2,2,MeABC,131,0.18839211560812902
S2,2,MeABC,137,0.18839211560812902
S2,2,MeABC,142,0.18839211560812902
S2,2,MeABC,147,0.18839211560812902
S2,2,MeABC,153,0.18839211560812902
S2,2,MeABC,158,0.18839211560812902
S2,2,MeABC,163,0.18839211560812902
S2,2,MeABC,169,0.18839211560812902
S2,2,MeABC,174,0.18839211560812902
S2,2,MeABC,179,0.18839211560812902
S2,2,MeABC,185,0.18839211560812902
S2,2,MeABC,190,0.18839211560812902
S2,2,MeABC,195,0.18839211560812902
S2,2,MeABC,201,0.18839211560812902
S2,2,MeABC,206,0.18839211560812902
S2,2,MeABC,211,0.18839211560812902
S2,2,MeABC,217,0.18839211560812902
S2,2,MeABC,222,0.18839211560812902
S2,2,MeABC,227,0.18839211560812902
S2,2,MeABC,233,0.18839211560812902
S2,2,MeABC,238,0.18839211560812902
S2,2,MeABC,243,0.18839211560812902
S2,2,MeABC,249,0.18839211560812902
S2,2,MeABC,254,0.18839211560812902
S2,2,MeABC,259,0.18839211560812902
S2,2,MeABC,265,0.18839211560812902
S2,2,MeABC,270,0.18839211560812902
S2,2,MeABC,275,0.18839211560812902
S2,2,MeABC,281,0.18839211560812902
S2,2,MeABC,286,0.18839211560812902
S2,2,MeABC,291,0.18839211560812902
S2,2,MeABC,297,0.18839211560812902
S2,2,MeABC,302,0.18839211560812902
S2,2,MeABC,307,0.18839211560812902
S2,2,MeABC,313,0.18839211560812902
S2,2,MeABC,318,0.18839211560812902
S2,2,JADE,20,0.18839211560812902
S2,2,JADE,25,0.18839211560812902
S2,2,JADE,30,0.18839211560812902
S2,2,JADE,35,0.18839211560812902
S2,2,JADE,40,0.18839211560812902
S2,2,JADE,45,0.18839211560812902
S2,2,JADE,50,0.18839211560812902
S2,2,JADE,55,0.18839211560812902
S2,2,JADE,60,0.18839211560812902
S2,2,JADE,65,0.18839211560812902
S2,2,JADE,70,0.18839211560812902
S2,2,JADE,75,0.18839211560812902
S2,2,JADE,80,0.18839211560812902
S2,2,JADE,85,0.18839211560812902
S2,2,JADE,90,0.18839211560812902
S2,2,JADE,95,0.18839211560812902
S2,2,JADE,100,0.18839211560812902
S2,2,JADE,105,0.18839211560812902
S2,2,JADE,110,0.18839211560812902
S2,2,JADE,115,0.18839211560812902
S2,2,JADE,120,0.18839211560812902
S2,2,JADE,125,0.18839211560812902
S2,2,JADE,130,0.18839211560812902
S2,2,JADE,135,0.18839211560812902
S2,2,JADE,140,0.18839211560812902
S2,2,JADE,145,0.18839211560812902
S2,2,JADE,150,0.18839211560812902
S2,2,JADE,155,0.18839211560812902
S2,2,JADE,160,0.18839211560812902
S2,2,JADE,165,0.18839211560812902
S2,2,JADE,170,0.18839211560812902
S2,2,JADE,175,0.18839211560812902
S2,2,JADE,180,0.18839211560812902
S2,2,JADE,185,0.18839211560812902
S2,2,JADE,190,0.18839211560812902
S2,2,JADE,195,0.18839211560812902
S2,2,JADE,200,0.18839211560812902
S2,2,JADE,205,0.18839211560812902
S2,2,JADE,210,0.18839211560812902
S2,2,JADE,215,0.18839211560812902
S2,2,JADE,220,0.18839211560812902
S2,2,JADE,225,0.18839211560812902
S2,2,JADE,230,0.18839211560812902
S2,2,JADE,235,0.18839211560812902
S2,2,JADE,240,0.18839211560812902
S2,2,JADE,245,0.18839211560812902
S2,2,JADE,250,0.18839211560812902
S2,2,JADE,255,0.18839211560812902
S2,2,JADE,260,0.18839211560812902
S2,2,JADE,265,0.18839211560812902
S2,2,JADE,270,0.18839211560812902
S2,2,JADE,275,0.18839211560812902
S2,2,JADE,280,0.18839211560812902
S2,2,JADE,285,0.18839211560812902
S2,2,JADE,290,0.18839211560812902
S2,2,JADE,295,0.18839211560812902
S2,2,JADE,300,0.18839211560812902
S2,2,JADE,305,0.18839211560812902
S2,2,JADE,310,0.18839211560812902
S2,2,JADE,315,0.18839211560812902
S2,2,JADE,320,0.18839211560812902
S2,2,LSHADE-lite,24,0.18839211560812902
S2,2,LSHADE-lite,29,0.18839211560812902
S2,2,LSHADE-lite,34,0.18839211560812902
S2,2,LSHADE-lite,39,0.18839211560812902
S2,2,LSHADE-lite,44,0.18839211560812902
S2,2,LSHADE-lite,49,0.18839211560812902
S2,2,LSHADE-lite,54,0.18839211560812902
S2,2,LSHADE-lite,59,0.18839211560812902
S2,2,LSHADE-lite,64,0.18839211560812902
S2,2,LSHADE-lite,69,0.18839211560812902
S2,2,LSHADE-lite,74,0.18839211560812902
S2,2,LSHADE-lite,79,0.18839211560812902
S2,2,LSHADE-lite,84,0.18839211560812902
S2,2,LSHADE-lite,89,0.18839211560812902
S2,2,LSHADE-lite,94,0.18839211560812902
S2,2,LSHADE-lite,99,0.18839211560812902
S2,2,LSHADE-lite,104,0.18839211560812902
S2,2,LSHADE-lite,109,0.18839211560812902
S2,2,LSHADE-lite,114,0.18839211560812902
S2,2,LSHADE-lite,119,0.18839211560812902
S2,2,LSHADE-lite,124,0.18839211560812902
S2,2,LSHADE-lite,129,0.18839211560812902
S2,2,LSHADE-lite,134,0.18839211560812902
S2,2,LSHADE-lite,139,0.18839211560812902
S2,2,LSHADE-lite,144,0.18839211560812902
S2,2,LSHADE-lite,149,0.18839211560812902
S2,2,LSHADE-lite,154,0.18839211560812902
S2,2,LSHADE-lite,159,0.18839211560812902
S2,2,LSHADE-lite,164,0.18839211560812902
S2,2,LSHADE-lite,169,0.18839211560812902
S2,2,LSHADE-lite,174,0.18839211560812902
S2,2,LSHADE-lite,179,0.18839211560812902
S2,2,LSHADE-lite,184,0.18839211560812902
S2,2,LSHADE-lite,189,0.18839211560812902
S2,2,LSHADE-lite,194,0.18839211560812902
S2,2,LSHADE-lite,199,0.18839211560812902
S2,2,LSHADE-lite,204,0.18839211560812902
S2,2,LSHADE-lite,209,0.18839211560812902
S2,2,LSHADE-lite,214,0.18839211560812902
S2,2,LSHADE-lite,219,0.18839211560812902
S2,2,LSHADE-lite,224,0.18839211560812902
S2,2,LSHADE-lite,229,0.18839211560812902
S2,2,LSHADE-lite,234,0.18839211560812902
S2,2,LSHADE-lite,239,0.18839211560812902
S2,2,LSHADE-lite,244,0.18839211560812902
S2,2,LSHADE-lite,249,0.18839211560812902
S2,2,LSHADE-lite,254,0.18839211560812902
S2,2,LSHADE-lite,259,0.18839211560812902
S2,2,LSHADE-lite,264,0.18839211560812902
S2,2,LSHADE-lite,269,0.18839211560812902
S2,2,LSHADE-lite,274,0.18839211560812902
S2,2,LSHADE-lite,279,0.18839211560812902
S2,2,LSHADE-lite,284,0.18839211560812902
S2,2,LSHADE-lite,289,0.18839211560812902
S2,2,LSHADE-lite,294,0.18839211560812902
S2,2,LSHADE-lite,299,0.18839211560812902
S2,2,LSHADE-lite,304,0.18839211560812902
S2,2,LSHADE-lite,309,0.18839211560812902
S2,2,LSHADE-lite,314,0.18839211560812902
S2,2,LSHADE-lite,319,0.18839211560812902
S2,2,CMAES-lite,1,0.18839211560812902
S2,2,CMAES-lite,6,0.18839211560812902
S2,2,CMAES-lite,11,0.18839211560812902
S2,2,CMAES-lite,16,0.18839211560812902
S2,2,CMAES-lite,21,0.18839211560812902
S2,2,CMAES-lite,26,0.18839211560812902
S2,2,CMAES-lite,31,0.18839211560812902
S2,2,CMAES-lite,36,0.18839211560812902
S2,2,CMAES-lite,41,0.18839211560812902
S2,2,CMAES-lite,46,0.18839211560812902
S2,2,CMAES-lite,51,0.18839211560812902
S2,2,CMAES-lite,56,0.18839211560812902
S2,2,CMAES-lite,61,0.18839211560812902
S2,2,CMAES-lite,66,0.18839211560812902
S2,2,CMAES-lite,71,0.18839211560812902
S2,2,CMAES-lite,76,0.18839211560812902
S2,2,CMAES-lite,81,0.18839211560812902
S2,2,CMAES-lite,86,0.18839211560812902
S2,2,CMAES-lite,91,0.18839211560812902
S2,2,CMAES-lite,96,0.18839211560812902
S2,2,CMAES-lite,101,0.18839211560812902
S2,2,CMAES-lite,106,0.18839211560812902
S2,2,CMAES-lite,111,0.18839211560812902
S2,2,CMAES-lite,116,0.18839211560812902
S2,2,CMAES-lite,121,0.18839211560812902
S2,2,CMAES-lite,126,0.18839211560812902
S2,2,CMAES-lite,131,0.18839211560812902
S2,2,CMAES-lite,136,0.18839211560812902
S2,2,CMAES-lite,141,0.18839211560812902
S2,2,CMAES-lite,146,0.18839211560812902
S2,2,CMAES-lite,151,0.18839211560812902
S2,2,CMAES-lite,156,0.18839211560812902
S2,2,CMAES-lite,161,0.18839211560812902
S2,2,CMAES-lite,166,0.18839211560812902
S2,2,CMAES-lite,171,0.18839211560812902
S2,2,CMAES-lite,176,0.18839211560812902
S2,2,CMAES-lite,181,0.18839211560812902
S2,2,CMAES-lite,186,0.18839211560812902
S2,2,CMAES-lite,191,0.18839211560812902
S2,2,CMAES-lite,196,0.18839211560812902
S2,2,CMAES-lite,201,0.18839211560812902
S2,2,CMAES-lite,206,0.18839211560812902
S2,2,CMAES-lite,211,0.18839211560812902
S2,2,CMAES-lite,216,0.18839211560812902
S2,2,CMAES-lite,221,0.18839211560812902
S2,2,CMAES-lite,226,0.18839211560812902
S2,2,CMAES-lite,231,0.18839211560812902
S2,2,CMAES-lite,236,0.18839211560812902
S2,2,CMAES-lite,241,0.18839211560812902
S2,2,CMAES-lite,246,0.18839211560812902
S2,2,CMAES-lite,251,0.18839211560812902
S2,2,CMAES-lite,256,0.18839211560812902
S2,2,CMAES-lite,261,0.18839211560812902
S2,2,CMAES-lite,266,0.18839211560812902
S2,2,CMAES-lite,271,0.18839211560812902
S2,2,CMAES-lite,276,0.18839211560812902
S2,2,CMAES-lite,281,0.18839211560812902
S2,2,CMAES-lite,286,0.18839211560812902
S2,2,CMAES-lite,291,0.18839211560812902
S2,2,CMAES-lite,296,0.18839211560812902
S2,2,CMAES-lite,301,0.18839211560812902
S2,2,CMAES-lite,306,0.18839211560812902
S2,2,CMAES-lite,311,0.18839211560812902
S2,2,CMAES-lite,316,0.18839211560812902
S2,2,GWO,18,0.18839211560812902
S2,2,GWO,23,0.18839211560812902
S2,2,GWO,28,0.18839211560812902
S2,2,GWO,33,0.18839211560812902
S2,2,GWO,38,0.18839211560812902
S2,2,GWO,43,0.18839211560812902
S2,2,GWO,48,0.18839211560812902
S2,2,GWO,53,0.18839211560812902
S2,2,GWO,58,0.18839211560812902
S2,2,GWO,63,0.18839211560812902
S2,2,GWO,68,0.18839211560812902
S2,2,GWO,73,0.18839211560812902
S2,2,GWO,78,0.18839211560812902
S2,2,GWO,83,0.18839211560812902
S2,2,GWO,88,0.18839211560812902
S2,2,GWO,93,0.18839211560812902
S2,2,GWO,98,0.18839211560812902
S2,2,GWO,103,0.18839211560812902
S2,2,GWO,108,0.18839211560812902
S2,2,GWO,113,0.18839211560812902
S2,2,GWO,118,0.18839211560812902
S2,2,GWO,123,0.18839211560812902
S2,2,GWO,128,0.18839211560812902
S2,2,GWO,133,0.18839211560812902
S2,2,GWO,138,0.18839211560812902
S2,2,GWO,143,0.18839211560812902
S2,2,GWO,148,0.18839211560812902
S2,2,GWO,153,0.18839211560812902
S2,2,GWO,158,0.18839211560812902
S2,2,GWO,163,0.18839211560812902
S2,2,GWO,168,0.18839211560812902
S2,2,GWO,173,0.18839211560812902
S2,2,GWO,178,0.18839211560812902
S2,2,GWO,183,0.18839211560812902
S2,2,GWO,188,0.18839211560812902
S2,2,GWO,193,0.18839211560812902
S2,2,GWO,198,0.18839211560812902
S2,2,GWO,203,0.18839211560812902
S2,2,GWO,208,0.18839211560812902
S2,2,GWO,213,0.18839211560812902
S2,2,GWO,218,0.18839211560812902
S2,2,GWO,223,0.18839211560812902
S2,2,GWO,228,0.18839211560812902
S2,2,GWO,233,0.18839211560812902
S2,2,GWO,238,0.18839211560812902
S2,2,GWO,243,0.18839211560812902
S2,2,GWO,248,0.18839211560812902
S2,2,GWO,253,0.18839211560812902
S2,2,GWO,258,0.18839211560812902
S2,2,GWO,263,0.18839211560812902
S2,2,GWO,268,0.18839211560812902
S2,2,GWO,273,0.18839211560812902
S2,2,GWO,278,0.18839211560812902
S2,2,GWO,283,0.18839211560812902
S2,2,GWO,288,0.18839211560812902
S2,2,GWO,293,0.18839211560812902
S2,2,GWO,298,0.18839211560812902
S2,2,GWO,303,0.18839211560812902
S2,2,GWO,308,0.18839211560812902
S2,2,GWO,313,0.18839211560812902
S2,2,GWO,318,0.18839211560812902
S4,0,RFOTO-ABC,14,0.275534040029082
S4,0,RFOTO-ABC,19,0.275534040029082
S4,0,RFOTO-ABC,24,0.27476112892888827
S4,0,RFOTO-ABC,29,0.27476112892888827
S4,0,RFOTO-ABC,34,0.27476112892888827
S4,0,RFOTO-ABC,39,0.27476112892888827
S4,0,RFOTO-ABC,44,0.27476112892888827
S4,0,RFOTO-ABC,49,0.27476112892888827
S4,0,RFOTO-ABC,54,0.27476112892888827
S4,0,RFOTO-ABC,59,0.27476112892888827
S4,0,RFOTO-ABC,64,0.27476112892888827
S4,0,RFOTO-ABC,69,0.27476112892888827
S4,0,RFOTO-ABC,74,0.27476112892888827
S4,0,RFOTO-ABC,79,0.27476112892888827
S4,0,RFOTO-ABC,84,0.27476112892888827
S4,0,RFOTO-ABC,89,0.27476112892888827
S4,0,RFOTO-ABC,94,0.27476112892888827
S4,0,RFOTO-ABC,99,0.27476112892888827
S4,0,RFOTO-ABC,104,0.27476112892888827
S4,0,RFOTO-ABC,109,0.27476112892888827
S4,0,RFOTO-ABC,114,0.27476112892888827
S4,0,RFOTO-ABC,119,0.27476112892888827
S4,0,RFOTO-ABC,124,0.27476112892888827
S4,0,RFOTO-ABC,129,0.27476112892888827
S4,0,RFOTO-ABC,134,0.27476112892888827
S4,0,RFOTO-ABC,139,0.27476112892888827
S4,0,RFOTO-ABC,144,0.27476112892888827
S4,0,RFOTO-ABC,149,0.2744944162648478
S4,0,RFOTO-ABC,154,0.2744944162648478
S4,0,RFOTO-ABC,159,0.2744944162648478
S4,0,RFOTO-ABC,164,0.2744944162648478
S4,0,RFOTO-ABC,169,0.2744944162648478
S4,0,RFOTO-ABC,174,0.2744944162648478
S4,0,RFOTO-ABC,179,0.2744944162648478
S4,0,RFOTO-ABC,184,0.2744944162648478
S4,0,RFOTO-ABC,189,0.2744944162648478
S4,0,RFOTO-ABC,194,0.2744944162648478
S4,0,RFOTO-ABC,199,0.2744944162648478
S4,0,RFOTO-ABC,204,0.2744944162648478
S4,0,RFOTO-ABC,209,0.2744944162648478
S4,0,RFOTO-ABC,214,0.2744944162648478
S4,0,RFOTO-ABC,219,0.2744944162648478
S4,0,RFOTO-ABC,224,0.2744944162648478
S4,0,RFOTO-ABC,229,0.2744944162648478
S4,0,RFOTO-ABC,234,0.2744944162648478
S4,0,RFOTO-ABC,239,0.2744944162648478
S4,0,RFOTO-ABC,244,0.2744944162648478
S4,0,RFOTO-ABC,249,0.2744944162648478
S4,0,RFOTO-ABC,254,0.27381377616172525
S4,0,RFOTO-ABC,259,0.27381377616172525
S4,0,RFOTO-ABC,264,0.27381377616172525
S4,0,RFOTO-ABC,269,0.27381377616172525
S4,0,RFOTO-ABC,274,0.27381377616172525
S4,0,RFOTO-ABC,279,0.27381377616172525
S4,0,RFOTO-ABC,284,0.27381377616172525
S4,0,RFOTO-ABC,289,0.27381377616172525
S4,0,RFOTO-ABC,294,0.27381377616172525
S4,0,RFOTO-ABC,299,0.27381377616172525
S4,0,RFOTO-ABC,304,0.27381377616172525
S4,0,RFOTO-ABC,309,0.27381377616172525
S4,0,RFOTO-ABC,314,0.27381377616172525
S4,0,RFOTO-ABC,319,0.27381377616172525
S4,0,Standard-ABC,14,0.6905590759875014
S4,0,Standard-ABC,19,0.6905590759875014
S4,0,Standard-ABC,24,0.6904022384597844
S4,0,Standard-ABC,29,0.6904022384597844
S4,0,Standard-ABC,34,0.6904022384597844
S4,0,Standard-ABC,39,0.6904022384597844
S4,0,Standard-ABC,44,0.6904022384597844
S4,0,Standard-ABC,49,0.6904022384597844
S4,0,Standard-ABC,54,0.6904022384597844
S4,0,Standard-ABC,59,0.6904022384597844
S4,0,Standard-ABC,64,0.6901505346299637
S4,0,Standard-ABC,69,0.6864233760731459
S4,0,Standard-ABC,74,0.6864233760731459
S4,0,Standard-ABC,79,0.6864233760731459
S4,0,Standard-ABC,84,0.6864233760731459
S4,0,Standard-ABC,89,0.6864233760731459
S4,0,Standard-ABC,94,0.6864233760731459
S4,0,Standard-ABC,99,0.6864233760731459
S4,0,Standard-ABC,104,0.6864233760731459
S4,0,Standard-ABC,109,0.6864233760731459
S4,0,Standard-ABC,114,0.6864233760731459
S4,0,Standard-ABC,119,0.6864233760731459
S4,0,Standard-ABC,124,0.6864233760731459
S4,0,Standard-ABC,129,0.6864233760731459
S4,0,Standard-ABC,134,0.6864233760731459
S4,0,Standard-ABC,139,0.6864233760731459
S4,0,Standard-ABC,144,0.6742565261411605
S4,0,Standard-ABC,149,0.6742565261411605
S4,0,Standard-ABC,154,0.6742565261411605
S4,0,Standard-ABC,159,0.6742565261411605
S4,0,Standard-ABC,164,0.6742565261411605
S4,0,Standard-ABC,169,0.6742565261411605
S4,0,Standard-ABC,174,0.6742565261411605
S4,0,Standard-ABC,179,0.667847635153725
S4,0,Standard-ABC,184,0.667847635153725
S4,0,Standard-ABC,189,0.667847635153725
S4,0,Standard-ABC,194,0.667847635153725
S4,0,Standard-ABC,199,0.667847635153725
S4,0,Standard-ABC,204,0.667847635153725
S4,0,Standard-ABC,209,0.667847635153725
S4,0,Standard-ABC,214,0.667847635153725
S4,0,Standard-ABC,219,0.667847635153725
S4,0,Standard-ABC,224,0.667847635153725
S4,0,Standard-ABC,229,0.667847635153725
S4,0,Standard-ABC,234,0.666030785516382
S4,0,Standard-ABC,239,0.666030785516382
S4,0,Standard-ABC,244,0.666030785516382
S4,0,Standard-ABC,249,0.666030785516382
S4,0,Standard-ABC,254,0.666030785516382
S4,0,Standard-ABC,259,0.666030785516382
S4,0,Standard-ABC,264,0.666030785516382
S4,0,Standard-ABC,269,0.666030785516382
S4,0,Standard-ABC,274,0.666030785516382
S4,0,Standard-ABC,279,0.666030785516382
S4,0,Standard-ABC,284,0.666030785516382
S4,0,Standard-ABC,289,0.6642465201883805
S4,0,Standard-ABC,294,0.6597192369371057
S4,0,Standard-ABC,299,0.6597192369371057
S4,0,Standard-ABC,304,0.6597192369371057
S4,0,Standard-ABC,309,0.6597192369371057
S4,0,Standard-ABC,314,0.6597192369371057
S4,0,Standard-ABC,319,0.6597192369371057
S4,0,GA,14,0.6873707082344385
S4,0,GA,19,0.6873707082344385
S4,0,GA,24,0.6873707082344385
S4,0,GA,29,0.6873707082344385
S4,0,GA,34,0.6667546036734363
S4,0,GA,39,0.6622497611147997
S4,0,GA,44,0.6622497611147997
S4,0,GA,49,0.6622497611147997
S4,0,GA,54,0.6622497611147997
S4,0,GA,59,0.6564184966202607
S4,0,GA,64,0.6564184966202607
S4,0,GA,69,0.6528041861190316
S4,0,GA,74,0.6528041861190316
S4,0,GA,79,0.6528041861190316
S4,0,GA,84,0.6481303262288878
S4,0,GA,89,0.6377641828680466
S4,0,GA,94,0.6377641828680466
S4,0,GA,99,0.6377641828680466
S4,0,GA,104,0.6377641828680466
S4,0,GA,109,0.6363953051849542
S4,0,GA,114,0.6363953051849542
S4,0,GA,119,0.626554213116745
S4,0,GA,124,0.626554213116745
S4,0,GA,129,0.626554213116745
S4,0,GA,134,0.626554213116745
S4,0,GA,139,0.613221600942446
S4,0,GA,144,0.613221600942446
S4,0,GA,149,0.613221600942446
S4,0,GA,154,0.613221600942446
S4,0,GA,159,0.6028634273880573
S4,0,GA,164,0.6028634273880573
S4,0,GA,169,0.6028634273880573
S4,0,GA,174,0.6028634273880573
S4,0,GA,179,0.5880384606186679
S4,0,GA,184,0.5880384606186679
S4,0,GA,189,0.5880384606186679
S4,0,GA,194,0.5880384606186679
S4,0,GA,199,0.5880384606186679
S4,0,GA,204,0.5880384606186679
S4,0,GA,209,0.5876120399908981
S4,0,GA,214,0.5814104045930022
S4,0,GA,219,0.5814104045930022
S4,0,GA,224,0.5814104045930022
S4,0,GA,229,0.5814104045930022
S4,0,GA,234,0.5809329304224413
S4,0,GA,239,0.5756744638380873
S4,0,GA,244,0.5756744638380873
S4,0,GA,249,0.5756744638380873
S4,0,GA,254,0.5756744638380873
S4,0,GA,259,0.5756744638380873
S4,0,GA,264,0.5756744638380873
S4,0,GA,269,0.5756744638380873
S4,0,GA,274,0.5730848412530885
S4,0,GA,279,0.5730848412530885
S4,0,GA,284,0.5730848412530885
S4,0,GA,289,0.5730848412530885
S4,0,GA,294,0.5730848412530885
S4,0,GA,299,0.5730848412530885
S4,0,GA,304,0.5730848412530885
S4,0,GA,309,0.572737517816975
S4,0,GA,314,0.5687394737946323
S4,0,GA,319,0.5687394737946323
S4,0,PSO,14,1.3749480887020364
S4,0,PSO,19,1.3192487123885874
S4,0,PSO,24,1.3192487123885874
S4,0,PSO,29,1.1350219403370632
S4,0,PSO,34,1.0654371163425405
S4,0,PSO,39,0.9822144499288209
S4,0,PSO,44,0.9822144499288209
S4,0,PSO,49,0.9822144499288209
S4,0,PSO,54,0.9822144499288209
S4,0,PSO,59,0.9822144499288209
S4,0,PSO,64,0.9822144499288209
S4,0,PSO,69,0.9822144499288209
S4,0,PSO,74,0.9822144499288209
S4,0,PSO,79,0.9822144499288209
S4,0,PSO,84,0.9822144499288209
S4,0,PSO,89,0.9822144499288209
S4,0,PSO,94,0.9822144499288209
S4,0,PSO,99,0.9822144499288209
S4,0,PSO,104,0.8613171496875828
S4,0,PSO,109,0.8613171496875828
S4,0,PSO,114,0.8613171496875828
S4,0,PSO,119,0.8613171496875828
S4,0,PSO,124,0.8613171496875828
S4,0,PSO,129,0.8613171496875828
S4,0,PSO,134,0.8613171496875828
S4,0,PSO,139,0.8613171496875828
S4,0,PSO,144,0.8613171496875828
S4,0,PSO,149,0.8613171496875828
S4,0,PSO,154,0.8613171496875828
S4,0,PSO,159,0.8613171496875828
S4,0,PSO,164,0.8613171496875828
S4,0,PSO,169,0.8613171496875828
S4,0,PSO,174,0.8613171496875828
S4,0,PSO,179,0.8613171496875828
S4,0,PSO,184,0.8613171496875828
S4,0,PSO,189,0.8613171496875828
S4,0,PSO,194,0.8613171496875828
S4,0,PSO,199,0.8613171496875828
S4,0,PSO,204,0.8283613500169504
S4,0,PSO,209,0.8283613500169504
S4,0,PSO,214,0.8283613500169504
S4,0,PSO,219,0.811049025782944
S4,0,PSO,224,0.811049025782944
S4,0,PSO,229,0.811049025782944
S4,0,PSO,234,0.811049025782944
S4,0,PSO,239,0.8059841386142189
S4,0,PSO,244,0.8059841386142189
S4,0,PSO,249,0.8059841386142189
S4,0,PSO,254,0.8048465636276828
S4,0,PSO,259,0.7952411920882467
S4,0,PSO,264,0.7952411920882467
S4,0,PSO,269,0.7952411920882467
S4,0,PSO,274,0.7690006763452114
S4,0,PSO,279,0.7690006763452114
S4,0,PSO,284,0.7690006763452114
S4,0,PSO,289,0.7470579187949072
S4,0,PSO,294,0.7422890359727397
S4,0,PSO,299,0.7422890359727397
S4,0,PSO,304,0.7422890359727397
S4,0,PSO,309,0.7422890359727397
S4,0,PSO,314,0.7422890359727397
S4,0,PSO,319,0.7422890359727397
S4,0,DE,14,1.3724873703390654
S4,0,DE,19,1.3724873703390654
S4,0,DE,24,1.2619193229936565
S4,0,DE,29,1.2619193229936565
S4,0,DE,34,1.2619193229936565
S4,0,DE,39,1.2619193229936565
S4,0,DE,44,1.2619193229936565
S4,0,DE,49,1.2619193229936565
S4,0,DE,54,1.2619193229936565
S4,0,DE,59,1.15299624211502
S4,0,DE,64,1.15299624211502
S4,0,DE,69,1.15299624211502
S4,0,DE,74,1.15299624211502
S4,0,DE,79,1.15299624211502
S4,0,DE,84,1.15299624211502
S4,0,DE,89,1.15299624211502
S4,0,DE,94,1.15299624211502
S4,0,DE,99,1.15299624211502
S4,0,DE,104,1.15299624211502
S4,0,DE,109,1.15299624211502
S4,0,DE,114,1.15299624211502
S4,0,DE,119,1.15299624211502
S4,0,DE,124,1.15299624211502
S4,0,DE,129,1.0704559445771622
S4,0,DE,134,1.0704559445771622
S4,0,DE,139,1.0704559445771622
S4,0,DE,144,1.015280895276059
S4,0,DE,149,1.015280895276059
S4,0,DE,154,1.015280895276059
S4,0,DE,159,1.015280895276059
S4,0,DE,164,1.015280895276059
S4,0,DE,169,1.015280895276059
S4,0,DE,174,1.015280895276059
S4,0,DE,179,1.015280895276059
S4,0,DE,184,1.015280895276059
S4,0,DE,189,1.015280895276059
S4,0,DE,194,1.015280895276059
S4,0,DE,199,1.015280895276059
S4,0,DE,204,1.015280895276059
S4,0,DE,209,1.015280895276059
S4,0,DE,214,1.015280895276059
S4,0,DE,219,1.015280895276059
S4,0,DE,224,1.015280895276059
S4,0,DE,229,1.015280895276059
S4,0,DE,234,1.015280895276059
S4,0,DE,239,1.015280895276059
S4,0,DE,244,1.015280895276059
S4,0,DE,249,1.015280895276059
S4,0,DE,254,1.015280895276059
S4,0,DE,259,1.015280895276059
S4,0,DE,264,1.015280895276059
S4,0,DE,269,1.015280895276059
S4,0,DE,274,1.015280895276059
S4,0,DE,279,1.015280895276059
S4,0,DE,284,1.015280895276059
S4,0,DE,289,1.015280895276059
S4,0,DE,294,1.015280895276059
S4,0,DE,299,1.015280895276059
S4,0,DE,304,0.9485732391002606
S4,0,DE,309,0.9485732391002606
S4,0,DE,314,0.9485732391002606
S4,0,DE,319,0.9485732391002606
S4,0,Gbest-ABC,16,0.275534040029082
S4,0,Gbest-ABC,21,0.275534040029082
S4,0,Gbest-ABC,26,0.275534040029082
S4,0,Gbest-ABC,31,0.275534040029082
S4,0,Gbest-ABC,36,0.275534040029082
S4,0,Gbest-ABC,41,0.275534040029082
S4,0,Gbest-ABC,46,0.275534040029082
S4,0,Gbest-ABC,51,0.275534040029082
S4,0,Gbest-ABC,56,0.275534040029082
S4,0,Gbest-ABC,61,0.275534040029082
S4,0,Gbest-ABC,66,0.275534040029082
S4,0,Gbest-ABC,71,0.275534040029082
S4,0,Gbest-ABC,76,0.275534040029082
S4,0,Gbest-ABC,81,0.275534040029082
S4,0,Gbest-ABC,86,0.275534040029082
S4,0,Gbest-ABC,91,0.275534040029082
S4,0,Gbest-ABC,96,0.275534040029082
S4,0,Gbest-ABC,101,0.275534040029082
S4,0,Gbest-ABC,106,0.275534040029082
S4,0,Gbest-ABC,111,0.275534040029082
S4,0,Gbest-ABC,116,0.275534040029082
S4,0,Gbest-ABC,121,0.275534040029082
S4,0,Gbest-ABC,126,0.275534040029082
S4,0,Gbest-ABC,131,0.275534040029082
S4,0,Gbest-ABC,136,0.275534040029082
S4,0,Gbest-ABC,141,0.275534040029082
S4,0,Gbest-ABC,146,0.275534040029082
S4,0,Gbest-ABC,151,0.275534040029082
S4,0,Gbest-ABC,156,0.275534040029082
S4,0,Gbest-ABC,161,0.275534040029082
S4,0,Gbest-ABC,166,0.275534040029082
S4,0,Gbest-ABC,171,0.275534040029082
S4,0,Gbest-ABC,176,0.275534040029082
S4,0,Gbest-ABC,181,0.275534040029082
S4,0,Gbest-ABC,186,0.275534040029082
S4,0,Gbest-ABC,191,0.275534040029082
S4,0,Gbest-ABC,196,0.275534040029082
S4,0,Gbest-ABC,201,0.275534040029082
S4,0,Gbest-ABC,206,0.275534040029082
S4,0,Gbest-ABC,211,0.275534040029082
S4,0,Gbest-ABC,216,0.275534040029082
S4,0,Gbest-ABC,221,0.275534040029082
S4,0,Gbest-ABC,226,0.275534040029082
S4,0,Gbest-ABC,231,0.275534040029082
S4,0,Gbest-ABC,236,0.275534040029082
S4,0,Gbest-ABC,241,0.275534040029082
S4,0,Gbest-ABC,246,0.275534040029082
S4,0,Gbest-ABC,251,0.275534040029082
S4,0,Gbest-ABC,256,0.275534040029082
S4,0,Gbest-ABC,261,0.275534040029082
S4,0,Gbest-ABC,266,0.275534040029082
S4,0,Gbest-ABC,271,0.275534040029082
S4,0,Gbest-ABC,276,0.275534040029082
S4,0,Gbest-ABC,281,0.275534040029082
S4,0,Gbest-ABC,286,0.275534040029082
S4,0,Gbest-ABC,291,0.275534040029082
S4,0,Gbest-ABC,296,0.275534040029082
S4,0,Gbest-ABC,301,0.275534040029082
S4,0,Gbest-ABC,306,0.275534040029082
S4,0,Gbest-ABC,311,0.275534040029082
S4,0,Gbest-ABC,316,0.275534040029082
S4,0,MeABC,16,0.275534040029082
S4,0,MeABC,21,0.275534040029082
S4,0,MeABC,26,0.275534040029082
S4,0,MeABC,31,0.275534040029082
S4,0,MeABC,36,0.275534040029082
S4,0,MeABC,41,0.275534040029082
S4,0,MeABC,46,0.275534040029082
S4,0,MeABC,51,0.275534040029082
S4,0,MeABC,57,0.275534040029082
S4,0,MeABC,62,0.275534040029082
S4,0,MeABC,67,0.275534040029082
S4,0,MeABC,73,0.275534040029082
S4,0,MeABC,78,0.275534040029082
S4,0,MeABC,83,0.275534040029082
S4,0,MeABC,89,0.275534040029082
S4,0,MeABC,94,0.275534040029082
S4,0,MeABC,99,0.275534040029082
S4,0,MeABC,105,0.275534040029082
S4,0,MeABC,110,0.275534040029082
S4,0,MeABC,115,0.275534040029082
S4,0,MeABC,121,0.275534040029082
S4,0,MeABC,126,0.275534040029082
S4,0,MeABC,131,0.275534040029082
S4,0,MeABC,137,0.275534040029082
S4,0,MeABC,142,0.275534040029082
S4,0,MeABC,147,0.275534040029082
S4,0,MeABC,153,0.275534040029082
S4,0,MeABC,158,0.275534040029082
S4,0,MeABC,163,0.275534040029082
S4,0,MeABC,169,0.275534040029082
S4,0,MeABC,174,0.275534040029082
S4,0,MeABC,179,0.275534040029082
S4,0,MeABC,185,0.275534040029082
S4,0,MeABC,190,0.275534040029082
S4,0,MeABC,195,0.275534040029082
S4,0,MeABC,201,0.275534040029082
S4,0,MeABC,206,0.275534040029082
S4,0,MeABC,211,0.275534040029082
S4,0,MeABC,217,0.275534040029082
S4,0,MeABC,222,0.275534040029082
S4,0,MeABC,227,0.275534040029082
S4,0,MeABC,233,0.275534040029082
S4,0,MeABC,238,0.275534040029082
S4,0,MeABC,243,0.275534040029082
S4,0,MeABC,249,0.275534040029082
S4,0,MeABC,254,0.275534040029082
S4,0,MeABC,259,0.275534040029082
S4,0,MeABC,265,0.275534040029082
S4,0,MeABC,270,0.275534040029082
S4,0,MeABC,275,0.275534040029082
S4,0,MeABC,281,0.275534040029082
S4,0,MeABC,286,0.275534040029082
S4,0,MeABC,291,0.275534040029082
S4,0,MeABC,297,0.275534040029082
S4,0,MeABC,302,0.275534040029082
S4,0,MeABC,307,0.275534040029082
S4,0,MeABC,313,0.275534040029082
S4,0,MeABC,318,0.275534040029082
S4,0,JADE,20,0.275534040029082
S4,0,JADE,25,0.275534040029082
S4,0,JADE,30,0.275534040029082
S4,0,JADE,35,0.275534040029082
S4,0,JADE,40,0.275534040029082
S4,0,JADE,45,0.275534040029082
S4,0,JADE,50,0.275534040029082
S4,0,JADE,55,0.275534040029082
S4,0,JADE,60,0.275534040029082
S4,0,JADE,65,0.275534040029082
S4,0,JADE,70,0.275534040029082
S4,0,JADE,75,0.275534040029082
S4,0,JADE,80,0.275534040029082
S4,0,JADE,85,0.275534040029082
S4,0,JADE,90,0.275534040029082
S4,0,JADE,95,0.275534040029082
S4,0,JADE,100,0.275534040029082
S4,0,JADE,105,0.275534040029082
S4,0,JADE,110,0.275534040029082
S4,0,JADE,115,0.275534040029082
S4,0,JADE,120,0.275534040029082
S4,0,JADE,125,0.275534040029082
S4,0,JADE,130,0.275534040029082
S4,0,JADE,135,0.275534040029082
S4,0,JADE,140,0.275534040029082
S4,0,JADE,145,0.275534040029082
S4,0,JADE,150,0.275534040029082
S4,0,JADE,155,0.275534040029082
S4,0,JADE,160,0.275534040029082
S4,0,JADE,165,0.275534040029082
S4,0,JADE,170,0.275534040029082
S4,0,JADE,175,0.275534040029082
S4,0,JADE,180,0.275534040029082
S4,0,JADE,185,0.275534040029082
S4,0,JADE,190,0.275534040029082
S4,0,JADE,195,0.275534040029082
S4,0,JADE,200,0.275534040029082
S4,0,JADE,205,0.275534040029082
S4,0,JADE,210,0.275534040029082
S4,0,JADE,215,0.275534040029082
S4,0,JADE,220,0.275534040029082
S4,0,JADE,225,0.275534040029082
S4,0,JADE,230,0.275534040029082
S4,0,JADE,235,0.275534040029082
S4,0,JADE,240,0.275534040029082
S4,0,JADE,245,0.275534040029082
S4,0,JADE,250,0.275534040029082
S4,0,JADE,255,0.275534040029082
S4,0,JADE,260,0.275534040029082
S4,0,JADE,265,0.275534040029082
S4,0,JADE,270,0.275534040029082
S4,0,JADE,275,0.275534040029082
S4,0,JADE,280,0.275534040029082
S4,0,JADE,285,0.275534040029082
S4,0,JADE,290,0.275534040029082
S4,0,JADE,295,0.275534040029082
S4,0,JADE,300,0.275534040029082
S4,0,JADE,305,0.275534040029082
S4,0,JADE,310,0.275534040029082
S4,0,JADE,315,0.275534040029082
S4,0,JADE,320,0.275534040029082
S4,0,LSHADE-lite,24,0.275534040029082
S4,0,LSHADE-lite,29,0.275534040029082
S4,0,LSHADE-lite,34,0.275534040029082
S4,0,LSHADE-lite,39,0.275534040029082
S4,0,LSHADE-lite,44,0.275534040029082
S4,0,LSHADE-lite,49,0.275534040029082
S4,0,LSHADE-lite,54,0.275534040029082
S4,0,LSHADE-lite,59,0.275534040029082
S4,0,LSHADE-lite,64,0.275534040029082
S4,0,LSHADE-lite,69,0.275534040029082
S4,0,LSHADE-lite,74,0.275534040029082
S4,0,LSHADE-lite,79,0.275534040029082
S4,0,LSHADE-lite,84,0.275534040029082
S4,0,LSHADE-lite,89,0.275534040029082
S4,0,LSHADE-lite,94,0.275534040029082
S4,0,LSHADE-lite,99,0.275534040029082
S4,0,LSHADE-lite,104,0.275534040029082
S4,0,LSHADE-lite,109,0.275534040029082
S4,0,LSHADE-lite,114,0.275534040029082
S4,0,LSHADE-lite,119,0.275534040029082
S4,0,LSHADE-lite,124,0.275534040029082
S4,0,LSHADE-lite,129,0.275534040029082
S4,0,LSHADE-lite,134,0.275534040029082
S4,0,LSHADE-lite,139,0.275534040029082
S4,0,LSHADE-lite,144,0.275534040029082
S4,0,LSHADE-lite,149,0.275534040029082
S4,0,LSHADE-lite,154,0.275534040029082
S4,0,LSHADE-lite,159,0.275534040029082
S4,0,LSHADE-lite,164,0.275534040029082
S4,0,LSHADE-lite,169,0.275534040029082
S4,0,LSHADE-lite,174,0.275534040029082
S4,0,LSHADE-lite,179,0.275534040029082
S4,0,LSHADE-lite,184,0.275534040029082
S4,0,LSHADE-lite,189,0.275534040029082
S4,0,LSHADE-lite,194,0.275534040029082
S4,0,LSHADE-lite,199,0.275534040029082
S4,0,LSHADE-lite,204,0.275534040029082
S4,0,LSHADE-lite,209,0.275534040029082
S4,0,LSHADE-lite,214,0.275534040029082
S4,0,LSHADE-lite,219,0.275534040029082
S4,0,LSHADE-lite,224,0.275534040029082
S4,0,LSHADE-lite,229,0.275534040029082
S4,0,LSHADE-lite,234,0.275534040029082
S4,0,LSHADE-lite,239,0.275534040029082
S4,0,LSHADE-lite,244,0.275534040029082
S4,0,LSHADE-lite,249,0.275534040029082
S4,0,LSHADE-lite,254,0.275534040029082
S4,0,LSHADE-lite,259,0.275534040029082
S4,0,LSHADE-lite,264,0.275534040029082
S4,0,LSHADE-lite,269,0.275534040029082
S4,0,LSHADE-lite,274,0.275534040029082
S4,0,LSHADE-lite,279,0.275534040029082
S4,0,LSHADE-lite,284,0.275534040029082
S4,0,LSHADE-lite,289,0.275534040029082
S4,0,LSHADE-lite,294,0.275534040029082
S4,0,LSHADE-lite,299,0.275534040029082
S4,0,LSHADE-lite,304,0.275534040029082
S4,0,LSHADE-lite,309,0.275534040029082
S4,0,LSHADE-lite,314,0.275534040029082
S4,0,LSHADE-lite,319,0.275534040029082
S4,0,CMAES-lite,1,0.275534040029082
S4,0,CMAES-lite,6,0.275534040029082
S4,0,CMAES-lite,11,0.275534040029082
S4,0,CMAES-lite,16,0.275534040029082
S4,0,CMAES-lite,21,0.275534040029082
S4,0,CMAES-lite,26,0.275534040029082
S4,0,CMAES-lite,31,0.275534040029082
S4,0,CMAES-lite,36,0.275534040029082
S4,0,CMAES-lite,41,0.275534040029082
S4,0,CMAES-lite,46,0.275534040029082
S4,0,CMAES-lite,51,0.275534040029082
S4,0,CMAES-lite,56,0.275534040029082
S4,0,CMAES-lite,61,0.275534040029082
S4,0,CMAES-lite,66,0.275534040029082
S4,0,CMAES-lite,71,0.275534040029082
S4,0,CMAES-lite,76,0.275534040029082
S4,0,CMAES-lite,81,0.275534040029082
S4,0,CMAES-lite,86,0.275534040029082
S4,0,CMAES-lite,91,0.275534040029082
S4,0,CMAES-lite,96,0.275534040029082
S4,0,CMAES-lite,101,0.275534040029082
S4,0,CMAES-lite,106,0.275534040029082
S4,0,CMAES-lite,111,0.275534040029082
S4,0,CMAES-lite,116,0.275534040029082
S4,0,CMAES-lite,121,0.275534040029082
S4,0,CMAES-lite,126,0.275534040029082
S4,0,CMAES-lite,131,0.275534040029082
S4,0,CMAES-lite,136,0.275534040029082
S4,0,CMAES-lite,141,0.275534040029082
S4,0,CMAES-lite,146,0.275534040029082
S4,0,CMAES-lite,151,0.275534040029082
S4,0,CMAES-lite,156,0.275534040029082
S4,0,CMAES-lite,161,0.275534040029082
S4,0,CMAES-lite,166,0.275534040029082
S4,0,CMAES-lite,171,0.275534040029082
S4,0,CMAES-lite,176,0.275534040029082
S4,0,CMAES-lite,181,0.275534040029082
S4,0,CMAES-lite,186,0.275534040029082
S4,0,CMAES-lite,191,0.275534040029082
S4,0,CMAES-lite,196,0.275534040029082
S4,0,CMAES-lite,201,0.275534040029082
S4,0,CMAES-lite,206,0.275534040029082
S4,0,CMAES-lite,211,0.275534040029082
S4,0,CMAES-lite,216,0.275534040029082
S4,0,CMAES-lite,221,0.275534040029082
S4,0,CMAES-lite,226,0.275534040029082
S4,0,CMAES-lite,231,0.275534040029082
S4,0,CMAES-lite,236,0.275534040029082
S4,0,CMAES-lite,241,0.275534040029082
S4,0,CMAES-lite,246,0.275534040029082
S4,0,CMAES-lite,251,0.275534040029082
S4,0,CMAES-lite,256,0.275534040029082
S4,0,CMAES-lite,261,0.275534040029082
S4,0,CMAES-lite,266,0.275534040029082
S4,0,CMAES-lite,271,0.275534040029082
S4,0,CMAES-lite,276,0.275534040029082
S4,0,CMAES-lite,281,0.275534040029082
S4,0,CMAES-lite,286,0.275534040029082
S4,0,CMAES-lite,291,0.275534040029082
S4,0,CMAES-lite,296,0.275534040029082
S4,0,CMAES-lite,301,0.275534040029082
S4,0,CMAES-lite,306,0.275534040029082
S4,0,CMAES-lite,311,0.275534040029082
S4,0,CMAES-lite,316,0.275534040029082
S4,0,GWO,18,0.275534040029082
S4,0,GWO,23,0.275534040029082
S4,0,GWO,28,0.275534040029082
S4,0,GWO,33,0.275534040029082
S4,0,GWO,38,0.275534040029082
S4,0,GWO,43,0.275534040029082
S4,0,GWO,48,0.275534040029082
S4,0,GWO,53,0.275534040029082
S4,0,GWO,58,0.275534040029082
S4,0,GWO,63,0.275534040029082
S4,0,GWO,68,0.275534040029082
S4,0,GWO,73,0.275534040029082
S4,0,GWO,78,0.275534040029082
S4,0,GWO,83,0.275534040029082
S4,0,GWO,88,0.275534040029082
S4,0,GWO,93,0.275534040029082
S4,0,GWO,98,0.275534040029082
S4,0,GWO,103,0.275534040029082
S4,0,GWO,108,0.275534040029082
S4,0,GWO,113,0.275534040029082
S4,0,GWO,118,0.275534040029082
S4,0,GWO,123,0.275534040029082
S4,0,GWO,128,0.275534040029082
S4,0,GWO,133,0.275534040029082
S4,0,GWO,138,0.275534040029082
S4,0,GWO,143,0.275534040029082
S4,0,GWO,148,0.275534040029082
S4,0,GWO,153,0.275534040029082
S4,0,GWO,158,0.275534040029082
S4,0,GWO,163,0.275534040029082
S4,0,GWO,168,0.275534040029082
S4,0,GWO,173,0.275534040029082
S4,0,GWO,178,0.275534040029082
S4,0,GWO,183,0.275534040029082
S4,0,GWO,188,0.275534040029082
S4,0,GWO,193,0.275534040029082
S4,0,GWO,198,0.275534040029082
S4,0,GWO,203,0.275534040029082
S4,0,GWO,208,0.275534040029082
S4,0,GWO,213,0.275534040029082
S4,0,GWO,218,0.275534040029082
S4,0,GWO,223,0.275534040029082
S4,0,GWO,228,0.275534040029082
S4,0,GWO,233,0.275534040029082
S4,0,GWO,238,0.275534040029082
S4,0,GWO,243,0.275534040029082
S4,0,GWO,248,0.275534040029082
S4,0,GWO,253,0.275534040029082
S4,0,GWO,258,0.275534040029082
S4,0,GWO,263,0.275534040029082
S4,0,GWO,268,0.275534040029082
S4,0,GWO,273,0.275534040029082
S4,0,GWO,278,0.275534040029082
S4,0,GWO,283,0.275534040029082
S4,0,GWO,288,0.275534040029082
S4,0,GWO,293,0.275534040029082
S4,0,GWO,298,0.275534040029082
S4,0,GWO,303,0.275534040029082
S4,0,GWO,308,0.275534040029082
S4,0,GWO,313,0.275534040029082
S4,0,GWO,318,0.275534040029082
S4,1,RFOTO-ABC,14,0.3043806128824626
S4,1,RFOTO-ABC,19,0.3043806128824626
S4,1,RFOTO-ABC,24,0.3043806128824626
S4,1,RFOTO-ABC,29,0.3043806128824626
S4,1,RFOTO-ABC,34,0.3043806128824626
S4,1,RFOTO-ABC,39,0.3043806128824626
S4,1,RFOTO-ABC,44,0.3043806128824626
S4,1,RFOTO-ABC,49,0.3043806128824626
S4,1,RFOTO-ABC,54,0.3043806128824626
S4,1,RFOTO-ABC,59,0.3043806128824626
S4,1,RFOTO-ABC,64,0.3043806128824626
S4,1,RFOTO-ABC,69,0.3043806128824626
S4,1,RFOTO-ABC,74,0.3043806128824626
S4,1,RFOTO-ABC,79,0.3043806128824626
S4,1,RFOTO-ABC,84,0.3043806128824626
S4,1,RFOTO-ABC,89,0.3043806128824626
S4,1,RFOTO-ABC,94,0.3043806128824626
S4,1,RFOTO-ABC,99,0.3043806128824626
S4,1,RFOTO-ABC,104,0.3043806128824626
S4,1,RFOTO-ABC,109,0.3043806128824626
S4,1,RFOTO-ABC,114,0.3043806128824626
S4,1,RFOTO-ABC,119,0.3043806128824626
S4,1,RFOTO-ABC,124,0.3043806128824626
S4,1,RFOTO-ABC,129,0.3043806128824626
S4,1,RFOTO-ABC,134,0.3043806128824626
S4,1,RFOTO-ABC,139,0.3043806128824626
S4,1,RFOTO-ABC,144,0.3043806128824626
S4,1,RFOTO-ABC,149,0.3043806128824626
S4,1,RFOTO-ABC,154,0.3043806128824626
S4,1,RFOTO-ABC,159,0.3043806128824626
S4,1,RFOTO-ABC,164,0.3043806128824626
S4,1,RFOTO-ABC,169,0.3043806128824626
S4,1,RFOTO-ABC,174,0.3043806128824626
S4,1,RFOTO-ABC,179,0.3043806128824626
S4,1,RFOTO-ABC,184,0.3043806128824626
S4,1,RFOTO-ABC,189,0.3043806128824626
S4,1,RFOTO-ABC,194,0.3041534512660814
S4,1,RFOTO-ABC,199,0.3041534512660814
S4,1,RFOTO-ABC,204,0.3041534512660814
S4,1,RFOTO-ABC,209,0.3041534512660814
S4,1,RFOTO-ABC,214,0.3041534512660814
S4,1,RFOTO-ABC,219,0.3041534512660814
S4,1,RFOTO-ABC,224,0.3041534512660814
S4,1,RFOTO-ABC,229,0.3041534512660814
S4,1,RFOTO-ABC,234,0.3041534512660814
S4,1,RFOTO-ABC,239,0.3041534512660814
S4,1,RFOTO-ABC,244,0.3041534512660814
S4,1,RFOTO-ABC,249,0.3041534512660814
S4,1,RFOTO-ABC,254,0.3041534512660814
S4,1,RFOTO-ABC,259,0.3041534512660814
S4,1,RFOTO-ABC,264,0.3041534512660814
S4,1,RFOTO-ABC,269,0.3041534512660814
S4,1,RFOTO-ABC,274,0.3041534512660814
S4,1,RFOTO-ABC,279,0.3041534512660814
S4,1,RFOTO-ABC,284,0.3041534512660814
S4,1,RFOTO-ABC,289,0.3041534512660814
S4,1,RFOTO-ABC,294,0.3041534512660814
S4,1,RFOTO-ABC,299,0.3041534512660814
S4,1,RFOTO-ABC,304,0.3041534512660814
S4,1,RFOTO-ABC,309,0.3041534512660814
S4,1,RFOTO-ABC,314,0.3041534512660814
S4,1,RFOTO-ABC,319,0.3041534512660814
S4,1,Standard-ABC,14,0.6998456236016832
S4,1,Standard-ABC,19,0.6998456236016832
S4,1,Standard-ABC,24,0.6998456236016832
S4,1,Standard-ABC,29,0.6998456236016832
S4,1,Standard-ABC,34,0.6998456236016832
S4,1,Standard-ABC,39,0.6998456236016832
S4,1,Standard-ABC,44,0.6998456236016832
S4,1,Standard-ABC,49,0.6998456236016832
S4,1,Standard-ABC,54,0.6998456236016832
S4,1,Standard-ABC,59,0.6998456236016832
S4,1,Standard-ABC,64,0.6919569130556059
S4,1,Standard-ABC,69,0.6919569130556059
S4,1,Standard-ABC,74,0.6919569130556059
S4,1,Standard-ABC,79,0.6919569130556059
S4,1,Standard-ABC,84,0.6919569130556059
S4,1,Standard-ABC,89,0.6919569130556059
S4,1,Standard-ABC,94,0.6919569130556059
S4,1,Standard-ABC,99,0.6919569130556059
S4,1,Standard-ABC,104,0.6919569130556059
S4,1,Standard-ABC,109,0.6919569130556059
S4,1,Standard-ABC,114,0.6919569130556059
S4,1,Standard-ABC,119,0.6919569130556059
S4,1,Standard-ABC,124,0.6919569130556059
S4,1,Standard-ABC,129,0.6919569130556059
S4,1,Standard-ABC,134,0.6919569130556059
S4,1,Standard-ABC,139,0.6919569130556059
S4,1,Standard-ABC,144,0.6919569130556059
S4,1,Standard-ABC,149,0.6919569130556059
S4,1,Standard-ABC,154,0.6919569130556059
S4,1,Standard-ABC,159,0.6919569130556059
S4,1,Standard-ABC,164,0.6919569130556059
S4,1,Standard-ABC,169,0.6919569130556059
S4,1,Standard-ABC,174,0.6919569130556059
S4,1,Standard-ABC,179,0.6919569130556059
S4,1,Standard-ABC,184,0.6919569130556059
S4,1,Standard-ABC,189,0.6919569130556059
S4,1,Standard-ABC,194,0.6919569130556059
S4,1,Standard-ABC,199,0.6919569130556059
S4,1,Standard-ABC,204,0.6919569130556059
S4,1,Standard-ABC,209,0.6919569130556059
S4,1,Standard-ABC,214,0.6919569130556059
S4,1,Standard-ABC,219,0.6919569130556059
S4,1,Standard-ABC,224,0.6919569130556059
S4,1,Standard-ABC,229,0.6919569130556059
S4,1,Standard-ABC,234,0.6843643431824047
S4,1,Standard-ABC,239,0.6843643431824047
S4,1,Standard-ABC,244,0.6843643431824047
S4,1,Standard-ABC,249,0.6843643431824047
S4,1,Standard-ABC,254,0.6843643431824047
S4,1,Standard-ABC,259,0.6843643431824047
S4,1,Standard-ABC,264,0.6843643431824047
S4,1,Standard-ABC,269,0.6843643431824047
S4,1,Standard-ABC,274,0.6843643431824047
S4,1,Standard-ABC,279,0.6843643431824047
S4,1,Standard-ABC,284,0.6843643431824047
S4,1,Standard-ABC,289,0.6842067532700044
S4,1,Standard-ABC,294,0.6842067532700044
S4,1,Standard-ABC,299,0.6842067532700044
S4,1,Standard-ABC,304,0.6842067532700044
S4,1,Standard-ABC,309,0.6842067532700044
S4,1,Standard-ABC,314,0.6842067532700044
S4,1,Standard-ABC,319,0.6842067532700044
S4,1,GA,14,0.710353843439166
S4,1,GA,19,0.7022329738298386
S4,1,GA,24,0.6942682600579895
S4,1,GA,29,0.6703962322335738
S4,1,GA,34,0.6640158803836114
S4,1,GA,39,0.6475903731751418
S4,1,GA,44,0.6475903731751418
S4,1,GA,49,0.6475903731751418
S4,1,GA,54,0.6475903731751418
S4,1,GA,59,0.6475903731751418
S4,1,GA,64,0.6475903731751418
S4,1,GA,69,0.6049073444583963
S4,1,GA,74,0.6049073444583963
S4,1,GA,79,0.6049073444583963
S4,1,GA,84,0.5885777258953767
S4,1,GA,89,0.5885777258953767
S4,1,GA,94,0.5885777258953767
S4,1,GA,99,0.5885777258953767
S4,1,GA,104,0.5853243214667546
S4,1,GA,109,0.5853243214667546
S4,1,GA,114,0.5853243214667546
S4,1,GA,119,0.5853243214667546
S4,1,GA,124,0.5853243214667546
S4,1,GA,129,0.5853243214667546
S4,1,GA,134,0.5853243214667546
S4,1,GA,139,0.5816047812087561
S4,1,GA,144,0.5816047812087561
S4,1,GA,149,0.5627848691682161
S4,1,GA,154,0.5627848691682161
S4,1,GA,159,0.5627848691682161
S4,1,GA,164,0.5627848691682161
S4,1,GA,169,0.5627848691682161
S4,1,GA,174,0.5627848691682161
S4,1,GA,179,0.5441235361529403
S4,1,GA,184,0.5441235361529403
S4,1,GA,189,0.5441235361529403
S4,1,GA,194,0.5441235361529403
S4,1,GA,199,0.5441235361529403
S4,1,GA,204,0.5441235361529403
S4,1,GA,209,0.5441235361529403
S4,1,GA,214,0.5441235361529403
S4,1,GA,219,0.5441235361529403
S4,1,GA,224,0.5441235361529403
S4,1,GA,229,0.5441235361529403
S4,1,GA,234,0.5371921254299952
S4,1,GA,239,0.5371921254299952
S4,1,GA,244,0.5371921254299952
S4,1,GA,249,0.5371921254299952
S4,1,GA,254,0.5371921254299952
S4,1,GA,259,0.5371921254299952
S4,1,GA,264,0.5371921254299952
S4,1,GA,269,0.5371921254299952
S4,1,GA,274,0.5371921254299952
S4,1,GA,279,0.5371921254299952
S4,1,GA,284,0.5371921254299952
S4,1,GA,289,0.5371921254299952
S4,1,GA,294,0.5371921254299952
S4,1,GA,299,0.5371921254299952
S4,1,GA,304,0.5371921254299952
S4,1,GA,309,0.5371921254299952
S4,1,GA,314,0.5371921254299952
S4,1,GA,319,0.5371921254299952
S4,1,PSO,14,1.2124310283705102
S4,1,PSO,19,1.2124310283705102
S4,1,PSO,24,1.2124310283705102
S4,1,PSO,29,1.2124310283705102
S4,1,PSO,34,1.1190558955876142
S4,1,PSO,39,1.1190558955876142
S4,1,PSO,44,1.1144927897753991
S4,1,PSO,49,1.1144927897753991
S4,1,PSO,54,1.0144809566715756
S4,1,PSO,59,1.0144809566715756
S4,1,PSO,64,1.0144809566715756
S4,1,PSO,69,1.0144809566715756
S4,1,PSO,74,1.0144809566715756
S4,1,PSO,79,1.0144809566715756
S4,1,PSO,84,0.9535569545675036
S4,1,PSO,89,0.9535569545675036
S4,1,PSO,94,0.9116613003865917
S4,1,PSO,99,0.9116613003865917
S4,1,PSO,104,0.8792291197736624
S4,1,PSO,109,0.8792291197736624
S4,1,PSO,114,0.8792291197736624
S4,1,PSO,119,0.8792291197736624
S4,1,PSO,124,0.8792291197736624
S4,1,PSO,129,0.8659850149070674
S4,1,PSO,134,0.8659850149070674
S4,1,PSO,139,0.8659850149070674
S4,1,PSO,144,0.8659850149070674
S4,1,PSO,149,0.7806397563081936
S4,1,PSO,154,0.7806397563081936
S4,1,PSO,159,0.7806397563081936
S4,1,PSO,164,0.7806397563081936
S4,1,PSO,169,0.7806397563081936
S4,1,PSO,174,0.7806397563081936
S4,1,PSO,179,0.7806397563081936
S4,1,PSO,184,0.7806397563081936
S4,1,PSO,189,0.7806397563081936
S4,1,PSO,194,0.7806397563081936
S4,1,PSO,199,0.7806397563081936
S4,1,PSO,204,0.7806397563081936
S4,1,PSO,209,0.7806397563081936
S4,1,PSO,214,0.7806397563081936
S4,1,PSO,219,0.7806397563081936
S4,1,PSO,224,0.7775663827971563
S4,1,PSO,229,0.7775663827971563
S4,1,PSO,234,0.7728530879430016
S4,1,PSO,239,0.7725769352459289
S4,1,PSO,244,0.7725769352459289
S4,1,PSO,249,0.7725769352459289
S4,1,PSO,254,0.7725769352459289
S4,1,PSO,259,0.7725769352459289
S4,1,PSO,264,0.7725769352459289
S4,1,PSO,269,0.7725769352459289
S4,1,PSO,274,0.7725769352459289
S4,1,PSO,279,0.7707064232445311
S4,1,PSO,284,0.7701139150250356
S4,1,PSO,289,0.7701139150250356
S4,1,PSO,294,0.7690946427124767
S4,1,PSO,299,0.7690946427124767
S4,1,PSO,304,0.7690946427124767
S4,1,PSO,309,0.7635660473855719
S4,1,PSO,314,0.7635660473855719
S4,1,PSO,319,0.7635660473855719
S4,1,DE,14,1.08333230641773
S4,1,DE,19,1.08333230641773
S4,1,DE,24,1.08333230641773
S4,1,DE,29,1.08333230641773
S4,1,DE,34,1.08333230641773
S4,1,DE,39,1.08333230641773
S4,1,DE,44,1.08333230641773
S4,1,DE,49,1.08333230641773
S4,1,DE,54,1.08333230641773
S4,1,DE,59,1.08333230641773
S4,1,DE,64,1.08333230641773
S4,1,DE,69,1.08333230641773
S4,1,DE,74,1.08333230641773
S4,1,DE,79,1.08333230641773
S4,1,DE,84,1.08333230641773
S4,1,DE,89,1.08333230641773
S4,1,DE,94,1.08333230641773
S4,1,DE,99,1.08333230641773
S4,1,DE,104,0.9992879963587397
S4,1,DE,109,0.9992879963587397
S4,1,DE,114,0.9992879963587397
S4,1,DE,119,0.9992879963587397
S4,1,DE,124,0.8845980974413604
S4,1,DE,129,0.8845980974413604
S4,1,DE,134,0.8845980974413604
S4,1,DE,139,0.8845980974413604
S4,1,DE,144,0.8845980974413604
S4,1,DE,149,0.8845980974413604
S4,1,DE,154,0.8845980974413604
S4,1,DE,159,0.8845980974413604
S4,1,DE,164,0.8845980974413604
S4,1,DE,169,0.8845980974413604
S4,1,DE,174,0.8845980974413604
S4,1,DE,179,0.8845980974413604
S4,1,DE,184,0.8845980974413604
S4,1,DE,189,0.8845980974413604
S4,1,DE,194,0.8845980974413604
S4,1,DE,199,0.8845980974413604
S4,1,DE,204,0.8845980974413604
S4,1,DE,209,0.8845980974413604
S4,1,DE,214,0.8845980974413604
S4,1,DE,219,0.8845980974413604
S4,1,DE,224,0.8845980974413604
S4,1,DE,229,0.8845980974413604
S4,1,DE,234,0.8845980974413604
S4,1,DE,239,0.8845980974413604
S4,1,DE,244,0.8845980974413604
S4,1,DE,249,0.8845980974413604
S4,1,DE,254,0.8845980974413604
S4,1,DE,259,0.8845980974413604
S4,1,DE,264,0.8845980974413604
S4,1,DE,269,0.8845980974413604
S4,1,DE,274,0.8845980974413604
S4,1,DE,279,0.8845980974413604
S4,1,DE,284,0.8845980974413604
S4,1,DE,289,0.8845980974413604
S4,1,DE,294,0.8845980974413604
S4,1,DE,299,0.8845980974413604
S4,1,DE,304,0.8845980974413604
S4,1,DE,309,0.8845980974413604
S4,1,DE,314,0.8845980974413604
S4,1,DE,319,0.8845980974413604
S4,1,Gbest-ABC,16,0.3043806128824626
S4,1,Gbest-ABC,21,0.3043806128824626
S4,1,Gbest-ABC,26,0.3043806128824626
S4,1,Gbest-ABC,31,0.3043806128824626
S4,1,Gbest-ABC,36,0.3043806128824626
S4,1,Gbest-ABC,41,0.3043806128824626
S4,1,Gbest-ABC,46,0.3043806128824626
S4,1,Gbest-ABC,51,0.3043806128824626
S4,1,Gbest-ABC,56,0.3043806128824626
S4,1,Gbest-ABC,61,0.3043806128824626
S4,1,Gbest-ABC,66,0.3043806128824626
S4,1,Gbest-ABC,71,0.3043806128824626
S4,1,Gbest-ABC,76,0.3043806128824626
S4,1,Gbest-ABC,81,0.3043806128824626
S4,1,Gbest-ABC,86,0.3043806128824626
S4,1,Gbest-ABC,91,0.3043806128824626
S4,1,Gbest-ABC,96,0.3043806128824626
S4,1,Gbest-ABC,101,0.3043806128824626
S4,1,Gbest-ABC,106,0.3043806128824626
S4,1,Gbest-ABC,111,0.3043806128824626
S4,1,Gbest-ABC,116,0.3043806128824626
S4,1,Gbest-ABC,121,0.3043806128824626
S4,1,Gbest-ABC,126,0.3043806128824626
S4,1,Gbest-ABC,131,0.3043806128824626
S4,1,Gbest-ABC,136,0.3043806128824626
S4,1,Gbest-ABC,141,0.3043806128824626
S4,1,Gbest-ABC,146,0.3043806128824626
S4,1,Gbest-ABC,151,0.3043806128824626
S4,1,Gbest-ABC,156,0.3043806128824626
S4,1,Gbest-ABC,161,0.3043806128824626
S4,1,Gbest-ABC,166,0.3043806128824626
S4,1,Gbest-ABC,171,0.3043806128824626
S4,1,Gbest-ABC,176,0.3043806128824626
S4,1,Gbest-ABC,181,0.3043806128824626
S4,1,Gbest-ABC,186,0.3043806128824626
S4,1,Gbest-ABC,191,0.3043806128824626
S4,1,Gbest-ABC,196,0.3043806128824626
S4,1,Gbest-ABC,201,0.3043806128824626
S4,1,Gbest-ABC,206,0.3043806128824626
S4,1,Gbest-ABC,211,0.3043806128824626
S4,1,Gbest-ABC,216,0.3043806128824626
S4,1,Gbest-ABC,221,0.3043806128824626
S4,1,Gbest-ABC,226,0.3043806128824626
S4,1,Gbest-ABC,231,0.3043806128824626
S4,1,Gbest-ABC,236,0.3043806128824626
S4,1,Gbest-ABC,241,0.3043806128824626
S4,1,Gbest-ABC,246,0.3043806128824626
S4,1,Gbest-ABC,251,0.3043806128824626
S4,1,Gbest-ABC,256,0.3043806128824626
S4,1,Gbest-ABC,261,0.3043806128824626
S4,1,Gbest-ABC,266,0.3043806128824626
S4,1,Gbest-ABC,271,0.3043806128824626
S4,1,Gbest-ABC,276,0.3043806128824626
S4,1,Gbest-ABC,281,0.3043806128824626
S4,1,Gbest-ABC,286,0.3043806128824626
S4,1,Gbest-ABC,291,0.3043806128824626
S4,1,Gbest-ABC,296,0.3043806128824626
S4,1,Gbest-ABC,301,0.3043806128824626
S4,1,Gbest-ABC,306,0.3043806128824626
S4,1,Gbest-ABC,311,0.3043806128824626
S4,1,Gbest-ABC,316,0.3043806128824626
S4,1,MeABC,16,0.3043806128824626
S4,1,MeABC,21,0.3043806128824626
S4,1,MeABC,26,0.3043806128824626
S4,1,MeABC,31,0.3043806128824626
S4,1,MeABC,36,0.3043806128824626
S4,1,MeABC,41,0.3043806128824626
S4,1,MeABC,46,0.3043806128824626
S4,1,MeABC,51,0.3043806128824626
S4,1,MeABC,57,0.3043806128824626
S4,1,MeABC,62,0.3043806128824626
S4,1,MeABC,67,0.3043806128824626
S4,1,MeABC,73,0.3043806128824626
S4,1,MeABC,78,0.3043806128824626
S4,1,MeABC,83,0.3043806128824626
S4,1,MeABC,89,0.3043806128824626
S4,1,MeABC,94,0.3043806128824626
S4,1,MeABC,99,0.3043806128824626
S4,1,MeABC,105,0.3043806128824626
S4,1,MeABC,110,0.3043806128824626
S4,1,MeABC,115,0.3043806128824626
S4,1,MeABC,121,0.3043806128824626
S4,1,MeABC,126,0.3043806128824626
S4,1,MeABC,131,0.3043806128824626
S4,1,MeABC,137,0.3043806128824626
S4,1,MeABC,142,0.3043806128824626
S4,1,MeABC,147,0.3043806128824626
S4,1,MeABC,153,0.3043806128824626
S4,1,MeABC,158,0.3043806128824626
S4,1,MeABC,163,0.3043806128824626
S4,1,MeABC,169,0.3043806128824626
S4,1,MeABC,174,0.3043806128824626
S4,1,MeABC,179,0.3043806128824626
S4,1,MeABC,185,0.3043806128824626
S4,1,MeABC,190,0.3043806128824626
S4,1,MeABC,195,0.3043806128824626
S4,1,MeABC,201,0.3043806128824626
S4,1,MeABC,206,0.3043806128824626
S4,1,MeABC,211,0.3043806128824626
S4,1,MeABC,217,0.3043806128824626
S4,1,MeABC,222,0.3043806128824626
S4,1,MeABC,227,0.3043806128824626
S4,1,MeABC,233,0.3043806128824626
S4,1,MeABC,238,0.3043806128824626
S4,1,MeABC,243,0.3043806128824626
S4,1,MeABC,249,0.3043806128824626
S4,1,MeABC,254,0.3043806128824626
S4,1,MeABC,259,0.3043806128824626
S4,1,MeABC,265,0.3043806128824626
S4,1,MeABC,270,0.3043806128824626
S4,1,MeABC,275,0.3043806128824626
S4,1,MeABC,281,0.3043806128824626
S4,1,MeABC,286,0.3043806128824626
S4,1,MeABC,291,0.3043806128824626
S4,1,MeABC,297,0.3043806128824626
S4,1,MeABC,302,0.3043806128824626
S4,1,MeABC,307,0.3043806128824626
S4,1,MeABC,313,0.3043806128824626
S4,1,MeABC,318,0.3043806128824626
S4,1,JADE,20,0.3043806128824626
S4,1,JADE,25,0.3043806128824626
S4,1,JADE,30,0.3043806128824626
S4,1,JADE,35,0.3043806128824626
S4,1,JADE,40,0.3043806128824626
S4,1,JADE,45,0.3043806128824626
S4,1,JADE,50,0.3043806128824626
S4,1,JADE,55,0.3043806128824626
S4,1,JADE,60,0.3043806128824626
S4,1,JADE,65,0.3043806128824626
S4,1,JADE,70,0.3043806128824626
S4,1,JADE,75,0.3043806128824626
S4,1,JADE,80,0.3043806128824626
S4,1,JADE,85,0.3043806128824626
S4,1,JADE,90,0.3043806128824626
S4,1,JADE,95,0.3043806128824626
S4,1,JADE,100,0.3043806128824626
S4,1,JADE,105,0.3043806128824626
S4,1,JADE,110,0.3043806128824626
S4,1,JADE,115,0.3043806128824626
S4,1,JADE,120,0.3043806128824626
S4,1,JADE,125,0.3043806128824626
S4,1,JADE,130,0.3043806128824626
S4,1,JADE,135,0.3043806128824626
S4,1,JADE,140,0.3043806128824626
S4,1,JADE,145,0.3043806128824626
S4,1,JADE,150,0.3043806128824626
S4,1,JADE,155,0.3043806128824626
S4,1,JADE,160,0.3043806128824626
S4,1,JADE,165,0.3043806128824626
S4,1,JADE,170,0.3043806128824626
S4,1,JADE,175,0.3043806128824626
S4,1,JADE,180,0.3043806128824626
S4,1,JADE,185,0.3043806128824626
S4,1,JADE,190,0.3043806128824626
S4,1,JADE,195,0.3043806128824626
S4,1,JADE,200,0.3043806128824626
S4,1,JADE,205,0.3043806128824626
S4,1,JADE,210,0.3043806128824626
S4,1,JADE,215,0.3043806128824626
S4,1,JADE,220,0.3043806128824626
S4,1,JADE,225,0.3043806128824626
S4,1,JADE,230,0.3043806128824626
S4,1,JADE,235,0.3043806128824626
S4,1,JADE,240,0.3043806128824626
S4,1,JADE,245,0.3043806128824626
S4,1,JADE,250,0.3043806128824626
S4,1,JADE,255,0.3043806128824626
S4,1,JADE,260,0.3043806128824626
S4,1,JADE,265,0.3043806128824626
S4,1,JADE,270,0.3043806128824626
S4,1,JADE,275,0.3043806128824626
S4,1,JADE,280,0.3043806128824626
S4,1,JADE,285,0.3043806128824626
S4,1,JADE,290,0.3043806128824626
S4,1,JADE,295,0.3043806128824626
S4,1,JADE,300,0.3043806128824626
S4,1,JADE,305,0.3043806128824626
S4,1,JADE,310,0.3043806128824626
S4,1,JADE,315,0.3043806128824626
S4,1,JADE,320,0.3043806128824626
S4,1,LSHADE-lite,24,0.3043806128824626
S4,1,LSHADE-lite,29,0.3043806128824626
S4,1,LSHADE-lite,34,0.3043806128824626
S4,1,LSHADE-lite,39,0.3043806128824626
S4,1,LSHADE-lite,44,0.3043806128824626
S4,1,LSHADE-lite,49,0.3043806128824626
S4,1,LSHADE-lite,54,0.3043806128824626
S4,1,LSHADE-lite,59,0.3043806128824626
S4,1,LSHADE-lite,64,0.3043806128824626
S4,1,LSHADE-lite,69,0.3043806128824626
S4,1,LSHADE-lite,74,0.3043806128824626
S4,1,LSHADE-lite,79,0.3043806128824626
S4,1,LSHADE-lite,84,0.3043806128824626
S4,1,LSHADE-lite,89,0.3043806128824626
S4,1,LSHADE-lite,94,0.3043806128824626
S4,1,LSHADE-lite,99,0.3043806128824626
S4,1,LSHADE-lite,104,0.3043806128824626
S4,1,LSHADE-lite,109,0.3043806128824626
S4,1,LSHADE-lite,114,0.3043806128824626
S4,1,LSHADE-lite,119,0.3043806128824626
S4,1,LSHADE-lite,124,0.3043806128824626
S4,1,LSHADE-lite,129,0.3043806128824626
S4,1,LSHADE-lite,134,0.3043806128824626
S4,1,LSHADE-lite,139,0.3043806128824626
S4,1,LSHADE-lite,144,0.3043806128824626
S4,1,LSHADE-lite,149,0.3043806128824626
S4,1,LSHADE-lite,154,0.3043806128824626
S4,1,LSHADE-lite,159,0.3043806128824626
S4,1,LSHADE-lite,164,0.3043806128824626
S4,1,LSHADE-lite,169,0.3043806128824626
S4,1,LSHADE-lite,174,0.3043806128824626
S4,1,LSHADE-lite,179,0.3043806128824626
S4,1,LSHADE-lite,184,0.3043806128824626
S4,1,LSHADE-lite,189,0.3043806128824626
S4,1,LSHADE-lite,194,0.3043806128824626
S4,1,LSHADE-lite,199,0.3043806128824626
S4,1,LSHADE-lite,204,0.3043806128824626
S4,1,LSHADE-lite,209,0.3043806128824626
S4,1,LSHADE-lite,214,0.3043806128824626
S4,1,LSHADE-lite,219,0.30437588797786613
S4,1,LSHADE-lite,224,0.30437588797786613
S4,1,LSHADE-lite,229,0.30437588797786613
S4,1,LSHADE-lite,234,0.30437588797786613
S4,1,LSHADE-lite,239,0.30437588797786613
S4,1,LSHADE-lite,244,0.30437588797786613
S4,1,LSHADE-lite,249,0.30437588797786613
S4,1,LSHADE-lite,254,0.30437588797786613
S4,1,LSHADE-lite,259,0.30437588797786613
S4,1,LSHADE-lite,264,0.30437588797786613
S4,1,LSHADE-lite,269,0.30437588797786613
S4,1,LSHADE-lite,274,0.30437588797786613
S4,1,LSHADE-lite,279,0.30437588797786613
S4,1,LSHADE-lite,284,0.30437588797786613
S4,1,LSHADE-lite,289,0.30437588797786613
S4,1,LSHADE-lite,294,0.30437588797786613
S4,1,LSHADE-lite,299,0.30437588797786613
S4,1,LSHADE-lite,304,0.30437588797786613
S4,1,LSHADE-lite,309,0.30437588797786613
S4,1,LSHADE-lite,314,0.30437588797786613
S4,1,LSHADE-lite,319,0.30437588797786613
S4,1,CMAES-lite,1,0.3043806128824626
S4,1,CMAES-lite,6,0.3043806128824626
S4,1,CMAES-lite,11,0.3043806128824626
S4,1,CMAES-lite,16,0.3043806128824626
S4,1,CMAES-lite,21,0.3043806128824626
S4,1,CMAES-lite,26,0.3043806128824626
S4,1,CMAES-lite,31,0.3043806128824626
S4,1,CMAES-lite,36,0.3043806128824626
S4,1,CMAES-lite,41,0.3043806128824626
S4,1,CMAES-lite,46,0.3043806128824626
S4,1,CMAES-lite,51,0.3043806128824626
S4,1,CMAES-lite,56,0.3043806128824626
S4,1,CMAES-lite,61,0.3043806128824626
S4,1,CMAES-lite,66,0.3043806128824626
S4,1,CMAES-lite,71,0.3043806128824626
S4,1,CMAES-lite,76,0.3043806128824626
S4,1,CMAES-lite,81,0.3043806128824626
S4,1,CMAES-lite,86,0.3043806128824626
S4,1,CMAES-lite,91,0.3043806128824626
S4,1,CMAES-lite,96,0.3043806128824626
S4,1,CMAES-lite,101,0.3043806128824626
S4,1,CMAES-lite,106,0.3043806128824626
S4,1,CMAES-lite,111,0.3043806128824626
S4,1,CMAES-lite,116,0.3043806128824626
S4,1,CMAES-lite,121,0.3043806128824626
S4,1,CMAES-lite,126,0.3043806128824626
S4,1,CMAES-lite,131,0.3043806128824626
S4,1,CMAES-lite,136,0.3043806128824626
S4,1,CMAES-lite,141,0.3043806128824626
S4,1,CMAES-lite,146,0.3043806128824626
S4,1,CMAES-lite,151,0.3043806128824626
S4,1,CMAES-lite,156,0.3043806128824626
S4,1,CMAES-lite,161,0.3043806128824626
S4,1,CMAES-lite,166,0.3043806128824626
S4,1,CMAES-lite,171,0.3043806128824626
S4,1,CMAES-lite,176,0.3043806128824626
S4,1,CMAES-lite,181,0.3043806128824626
S4,1,CMAES-lite,186,0.3043806128824626
S4,1,CMAES-lite,191,0.3043806128824626
S4,1,CMAES-lite,196,0.3043806128824626
S4,1,CMAES-lite,201,0.3043806128824626
S4,1,CMAES-lite,206,0.3043806128824626
S4,1,CMAES-lite,211,0.3043806128824626
S4,1,CMAES-lite,216,0.3043806128824626
S4,1,CMAES-lite,221,0.3043806128824626
S4,1,CMAES-lite,226,0.3043806128824626
S4,1,CMAES-lite,231,0.3043806128824626
S4,1,CMAES-lite,236,0.3043806128824626
S4,1,CMAES-lite,241,0.3043806128824626
S4,1,CMAES-lite,246,0.3043806128824626
S4,1,CMAES-lite,251,0.3043806128824626
S4,1,CMAES-lite,256,0.3043806128824626
S4,1,CMAES-lite,261,0.3043806128824626
S4,1,CMAES-lite,266,0.3043806128824626
S4,1,CMAES-lite,271,0.3043806128824626
S4,1,CMAES-lite,276,0.3043806128824626
S4,1,CMAES-lite,281,0.3043806128824626
S4,1,CMAES-lite,286,0.3043806128824626
S4,1,CMAES-lite,291,0.3043806128824626
S4,1,CMAES-lite,296,0.3043806128824626
S4,1,CMAES-lite,301,0.3043806128824626
S4,1,CMAES-lite,306,0.3043806128824626
S4,1,CMAES-lite,311,0.3043806128824626
S4,1,CMAES-lite,316,0.3043806128824626
S4,1,GWO,18,0.3043806128824626
S4,1,GWO,23,0.3043806128824626
S4,1,GWO,28,0.3043806128824626
S4,1,GWO,33,0.3043806128824626
S4,1,GWO,38,0.3043806128824626
S4,1,GWO,43,0.3043806128824626
S4,1,GWO,48,0.3043806128824626
S4,1,GWO,53,0.3043806128824626
S4,1,GWO,58,0.3043806128824626
S4,1,GWO,63,0.3043806128824626
S4,1,GWO,68,0.3043806128824626
S4,1,GWO,73,0.3043806128824626
S4,1,GWO,78,0.3043806128824626
S4,1,GWO,83,0.3043806128824626
S4,1,GWO,88,0.3043806128824626
S4,1,GWO,93,0.3043806128824626
S4,1,GWO,98,0.3043806128824626
S4,1,GWO,103,0.3043806128824626
S4,1,GWO,108,0.3043806128824626
S4,1,GWO,113,0.3043806128824626
S4,1,GWO,118,0.3043806128824626
S4,1,GWO,123,0.3043806128824626
S4,1,GWO,128,0.3043806128824626
S4,1,GWO,133,0.3043806128824626
S4,1,GWO,138,0.3043806128824626
S4,1,GWO,143,0.3043806128824626
S4,1,GWO,148,0.3043806128824626
S4,1,GWO,153,0.3043806128824626
S4,1,GWO,158,0.3043806128824626
S4,1,GWO,163,0.3043806128824626
S4,1,GWO,168,0.3043806128824626
S4,1,GWO,173,0.3043806128824626
S4,1,GWO,178,0.3043806128824626
S4,1,GWO,183,0.3043806128824626
S4,1,GWO,188,0.3043806128824626
S4,1,GWO,193,0.3043806128824626
S4,1,GWO,198,0.3043806128824626
S4,1,GWO,203,0.3043806128824626
S4,1,GWO,208,0.3043806128824626
S4,1,GWO,213,0.3043806128824626
S4,1,GWO,218,0.3043806128824626
S4,1,GWO,223,0.3043806128824626
S4,1,GWO,228,0.3043806128824626
S4,1,GWO,233,0.3043806128824626
S4,1,GWO,238,0.3043806128824626
S4,1,GWO,243,0.3043806128824626
S4,1,GWO,248,0.3043806128824626
S4,1,GWO,253,0.3043806128824626
S4,1,GWO,258,0.3043806128824626
S4,1,GWO,263,0.3043806128824626
S4,1,GWO,268,0.3043806128824626
S4,1,GWO,273,0.3043806128824626
S4,1,GWO,278,0.3043806128824626
S4,1,GWO,283,0.3043806128824626
S4,1,GWO,288,0.3043806128824626
S4,1,GWO,293,0.3043806128824626
S4,1,GWO,298,0.3043806128824626
S4,1,GWO,303,0.3043806128824626
S4,1,GWO,308,0.3043806128824626
S4,1,GWO,313,0.3043806128824626
S4,1,GWO,318,0.3043806128824626
S4,2,RFOTO-ABC,14,0.2734551601783632
S4,2,RFOTO-ABC,19,0.2734551601783632
S4,2,RFOTO-ABC,24,0.2734551601783632
S4,2,RFOTO-ABC,29,0.2734551601783632
S4,2,RFOTO-ABC,34,0.2734551601783632
S4,2,RFOTO-ABC,39,0.2734551601783632
S4,2,RFOTO-ABC,44,0.2734551601783632
S4,2,RFOTO-ABC,49,0.2734551601783632
S4,2,RFOTO-ABC,54,0.2734551601783632
S4,2,RFOTO-ABC,59,0.2734551601783632
S4,2,RFOTO-ABC,64,0.2734551601783632
S4,2,RFOTO-ABC,69,0.2734551601783632
S4,2,RFOTO-ABC,74,0.2734551601783632
S4,2,RFOTO-ABC,79,0.2734551601783632
S4,2,RFOTO-ABC,84,0.2734551601783632
S4,2,RFOTO-ABC,89,0.2734551601783632
S4,2,RFOTO-ABC,94,0.2734551601783632
S4,2,RFOTO-ABC,99,0.2734551601783632
S4,2,RFOTO-ABC,104,0.2734551601783632
S4,2,RFOTO-ABC,109,0.2734551601783632
S4,2,RFOTO-ABC,114,0.2734551601783632
S4,2,RFOTO-ABC,119,0.2734551601783632
S4,2,RFOTO-ABC,124,0.2734551601783632
S4,2,RFOTO-ABC,129,0.2734551601783632
S4,2,RFOTO-ABC,134,0.2734551601783632
S4,2,RFOTO-ABC,139,0.2734551601783632
S4,2,RFOTO-ABC,144,0.2734551601783632
S4,2,RFOTO-ABC,149,0.2734551601783632
S4,2,RFOTO-ABC,154,0.2734551601783632
S4,2,RFOTO-ABC,159,0.2734551601783632
S4,2,RFOTO-ABC,164,0.2734551601783632
S4,2,RFOTO-ABC,169,0.2734551601783632
S4,2,RFOTO-ABC,174,0.2734551601783632
S4,2,RFOTO-ABC,179,0.2734551601783632
S4,2,RFOTO-ABC,184,0.27265696247241655
S4,2,RFOTO-ABC,189,0.27265696247241655
S4,2,RFOTO-ABC,194,0.27265696247241655
S4,2,RFOTO-ABC,199,0.27265696247241655
S4,2,RFOTO-ABC,204,0.27265696247241655
S4,2,RFOTO-ABC,209,0.27265696247241655
S4,2,RFOTO-ABC,214,0.27265696247241655
S4,2,RFOTO-ABC,219,0.27265696247241655
S4,2,RFOTO-ABC,224,0.27265696247241655
S4,2,RFOTO-ABC,229,0.27265696247241655
S4,2,RFOTO-ABC,234,0.27265696247241655
S4,2,RFOTO-ABC,239,0.27265696247241655
S4,2,RFOTO-ABC,244,0.27265696247241655
S4,2,RFOTO-ABC,249,0.27265696247241655
S4,2,RFOTO-ABC,254,0.27265696247241655
S4,2,RFOTO-ABC,259,0.27265696247241655
S4,2,RFOTO-ABC,264,0.27265696247241655
S4,2,RFOTO-ABC,269,0.27265696247241655
S4,2,RFOTO-ABC,274,0.27265696247241655
S4,2,RFOTO-ABC,279,0.27265696247241655
S4,2,RFOTO-ABC,284,0.2723059501327273
S4,2,RFOTO-ABC,289,0.2723059501327273
S4,2,RFOTO-ABC,294,0.2723059501327273
S4,2,RFOTO-ABC,299,0.2723059501327273
S4,2,RFOTO-ABC,304,0.2723059501327273
S4,2,RFOTO-ABC,309,0.2723059501327273
S4,2,RFOTO-ABC,314,0.2723059501327273
S4,2,RFOTO-ABC,319,0.2723059501327273
S4,2,Standard-ABC,14,0.6461293838407597
S4,2,Standard-ABC,19,0.6461293838407597
S4,2,Standard-ABC,24,0.6461293838407597
S4,2,Standard-ABC,29,0.6461293838407597
S4,2,Standard-ABC,34,0.6461293838407597
S4,2,Standard-ABC,39,0.6461293838407597
S4,2,Standard-ABC,44,0.6461293838407597
S4,2,Standard-ABC,49,0.6461293838407597
S4,2,Standard-ABC,54,0.6377975357595623
S4,2,Standard-ABC,59,0.6377975357595623
S4,2,Standard-ABC,64,0.6377975357595623
S4,2,Standard-ABC,69,0.6377975357595623
S4,2,Standard-ABC,74,0.6377975357595623
S4,2,Standard-ABC,79,0.6377975357595623
S4,2,Standard-ABC,84,0.6377975357595623
S4,2,Standard-ABC,89,0.6377975357595623
S4,2,Standard-ABC,94,0.6377975357595623
S4,2,Standard-ABC,99,0.6377975357595623
S4,2,Standard-ABC,104,0.6377975357595623
S4,2,Standard-ABC,109,0.6377975357595623
S4,2,Standard-ABC,114,0.6377975357595623
S4,2,Standard-ABC,119,0.6377975357595623
S4,2,Standard-ABC,124,0.6377975357595623
S4,2,Standard-ABC,129,0.6377975357595623
S4,2,Standard-ABC,134,0.6377975357595623
S4,2,Standard-ABC,139,0.6377975357595623
S4,2,Standard-ABC,144,0.6377975357595623
S4,2,Standard-ABC,149,0.6377975357595623
S4,2,Standard-ABC,154,0.6377975357595623
S4,2,Standard-ABC,159,0.6377975357595623
S4,2,Standard-ABC,164,0.6377975357595623
S4,2,Standard-ABC,169,0.6377975357595623
S4,2,Standard-ABC,174,0.6377975357595623
S4,2,Standard-ABC,179,0.6197289998230807
S4,2,Standard-ABC,184,0.6197289998230807
S4,2,Standard-ABC,189,0.6197289998230807
S4,2,Standard-ABC,194,0.6197289998230807
S4,2,Standard-ABC,199,0.6197289998230807
S4,2,Standard-ABC,204,0.6177150210352166
S4,2,Standard-ABC,209,0.6177150210352166
S4,2,Standard-ABC,214,0.6177150210352166
S4,2,Standard-ABC,219,0.6177150210352166
S4,2,Standard-ABC,224,0.6177150210352166
S4,2,Standard-ABC,229,0.6177150210352166
S4,2,Standard-ABC,234,0.6177150210352166
S4,2,Standard-ABC,239,0.6177150210352166
S4,2,Standard-ABC,244,0.6177150210352166
S4,2,Standard-ABC,249,0.6177150210352166
S4,2,Standard-ABC,254,0.6177150210352166
S4,2,Standard-ABC,259,0.6177150210352166
S4,2,Standard-ABC,264,0.6177150210352166
S4,2,Standard-ABC,269,0.6177150210352166
S4,2,Standard-ABC,274,0.6176028134646019
S4,2,Standard-ABC,279,0.6176028134646019
S4,2,Standard-ABC,284,0.6176028134646019
S4,2,Standard-ABC,289,0.6176028134646019
S4,2,Standard-ABC,294,0.6176028134646019
S4,2,Standard-ABC,299,0.6176028134646019
S4,2,Standard-ABC,304,0.6160244225292724
S4,2,Standard-ABC,309,0.6160244225292724
S4,2,Standard-ABC,314,0.6155074528902211
S4,2,Standard-ABC,319,0.6155074528902211
S4,2,GA,14,0.6395186543919551
S4,2,GA,19,0.6395186543919551
S4,2,GA,24,0.6395186543919551
S4,2,GA,29,0.6379596671881179
S4,2,GA,34,0.6379596671881179
S4,2,GA,39,0.6194692855883888
S4,2,GA,44,0.610587003682603
S4,2,GA,49,0.610587003682603
S4,2,GA,54,0.610587003682603
S4,2,GA,59,0.610587003682603
S4,2,GA,64,0.57718356775424
S4,2,GA,69,0.57718356775424
S4,2,GA,74,0.57718356775424
S4,2,GA,79,0.57718356775424
S4,2,GA,84,0.57718356775424
S4,2,GA,89,0.5740790811557972
S4,2,GA,94,0.5740790811557972
S4,2,GA,99,0.5450796129799059
S4,2,GA,104,0.5450796129799059
S4,2,GA,109,0.5450796129799059
S4,2,GA,114,0.5450796129799059
S4,2,GA,119,0.5271872504116717
S4,2,GA,124,0.5271872504116717
S4,2,GA,129,0.5271872504116717
S4,2,GA,134,0.5271872504116717
S4,2,GA,139,0.5271872504116717
S4,2,GA,144,0.5271872504116717
S4,2,GA,149,0.5271872504116717
S4,2,GA,154,0.5263011910888633
S4,2,GA,159,0.5211088335795815
S4,2,GA,164,0.5211088335795815
S4,2,GA,169,0.5211088335795815
S4,2,GA,174,0.5211088335795815
S4,2,GA,179,0.5191096639568157
S4,2,GA,184,0.5191096639568157
S4,2,GA,189,0.5191096639568157
S4,2,GA,194,0.5191096639568157
S4,2,GA,199,0.5114147520586888
S4,2,GA,204,0.5114147520586888
S4,2,GA,209,0.5081462343607843
S4,2,GA,214,0.5081462343607843
S4,2,GA,219,0.5038684466893006
S4,2,GA,224,0.5038684466893006
S4,2,GA,229,0.5038684466893006
S4,2,GA,234,0.5038684466893006
S4,2,GA,239,0.5038684466893006
S4,2,GA,244,0.5038684466893006
S4,2,GA,249,0.5038684466893006
S4,2,GA,254,0.5038684466893006
S4,2,GA,259,0.5027509031690893
S4,2,GA,264,0.5027509031690893
S4,2,GA,269,0.5027509031690893
S4,2,GA,274,0.5027509031690893
S4,2,GA,279,0.5027509031690893
S4,2,GA,284,0.5027509031690893
S4,2,GA,289,0.5027509031690893
S4,2,GA,294,0.5014271507261951
S4,2,GA,299,0.49901778459729795
S4,2,GA,304,0.49901778459729795
S4,2,GA,309,0.49901778459729795
S4,2,GA,314,0.49901778459729795
S4,2,GA,319,0.49750179877910655
S4,2,PSO,14,1.210767345597437
S4,2,PSO,19,1.210767345597437
S4,2,PSO,24,1.210767345597437
S4,2,PSO,29,1.210767345597437
S4,2,PSO,34,1.1980929097980966
S4,2,PSO,39,1.1980929097980966
S4,2,PSO,44,1.1980929097980966
S4,2,PSO,49,1.1980929097980966
S4,2,PSO,54,1.0492545826570618
S4,2,PSO,59,1.0492545826570618
S4,2,PSO,64,1.0492545826570618
S4,2,PSO,69,1.0492545826570618
S4,2,PSO,74,1.0492545826570618
S4,2,PSO,79,1.0492545826570618
S4,2,PSO,84,1.0492545826570618
S4,2,PSO,89,1.0492545826570618
S4,2,PSO,94,1.0492545826570618
S4,2,PSO,99,1.0492545826570618
S4,2,PSO,104,1.0492545826570618
S4,2,PSO,109,1.0492545826570618
S4,2,PSO,114,1.0492545826570618
S4,2,PSO,119,1.0135266683598994
S4,2,PSO,124,0.9902839611506191
S4,2,PSO,129,0.9902839611506191
S4,2,PSO,134,0.9902839611506191
S4,2,PSO,139,0.9902839611506191
S4,2,PSO,144,0.9902839611506191
S4,2,PSO,149,0.8513122668391541
S4,2,PSO,154,0.8513122668391541
S4,2,PSO,159,0.8513122668391541
S4,2,PSO,164,0.8513122668391541
S4,2,PSO,169,0.8513122668391541
S4,2,PSO,174,0.8513122668391541
S4,2,PSO,179,0.8513122668391541
S4,2,PSO,184,0.8513122668391541
S4,2,PSO,189,0.8513122668391541
S4,2,PSO,194,0.8513122668391541
S4,2,PSO,199,0.8513122668391541
S4,2,PSO,204,0.7832162821406091
S4,2,PSO,209,0.7784367897053154
S4,2,PSO,214,0.7784367897053154
S4,2,PSO,219,0.7784367897053154
S4,2,PSO,224,0.7784367897053154
S4,2,PSO,229,0.7784367897053154
S4,2,PSO,234,0.7703575014613545
S4,2,PSO,239,0.7703575014613545
S4,2,PSO,244,0.7703575014613545
S4,2,PSO,249,0.7703575014613545
S4,2,PSO,254,0.7703575014613545
S4,2,PSO,259,0.7703575014613545
S4,2,PSO,264,0.7493458058123075
S4,2,PSO,269,0.746235342088622
S4,2,PSO,274,0.7430109687798345
S4,2,PSO,279,0.7430109687798345
S4,2,PSO,284,0.7430109687798345
S4,2,PSO,289,0.7303036501426684
S4,2,PSO,294,0.7303036501426684
S4,2,PSO,299,0.7231050432157808
S4,2,PSO,304,0.7231050432157808
S4,2,PSO,309,0.7141774636168072
S4,2,PSO,314,0.6756432940296664
S4,2,PSO,319,0.6756432940296664
S4,2,DE,14,1.1257680298493054
S4,2,DE,19,1.1257680298493054
S4,2,DE,24,1.1257680298493054
S4,2,DE,29,1.1257680298493054
S4,2,DE,34,1.1257680298493054
S4,2,DE,39,1.1257680298493054
S4,2,DE,44,1.1257680298493054
S4,2,DE,49,1.1257680298493054
S4,2,DE,54,1.1257680298493054
S4,2,DE,59,1.1257680298493054
S4,2,DE,64,1.1257680298493054
S4,2,DE,69,1.1257680298493054
S4,2,DE,74,1.1257680298493054
S4,2,DE,79,1.1257680298493054
S4,2,DE,84,1.0162248676325947
S4,2,DE,89,1.0162248676325947
S4,2,DE,94,1.0162248676325947
S4,2,DE,99,1.0162248676325947
S4,2,DE,104,0.9797619181267926
S4,2,DE,109,0.9025412482289369
S4,2,DE,114,0.9025412482289369
S4,2,DE,119,0.8867158202047791
S4,2,DE,124,0.8867158202047791
S4,2,DE,129,0.8867158202047791
S4,2,DE,134,0.8867158202047791
S4,2,DE,139,0.8867158202047791
S4,2,DE,144,0.8867158202047791
S4,2,DE,149,0.8867158202047791
S4,2,DE,154,0.8867158202047791
S4,2,DE,159,0.8867158202047791
S4,2,DE,164,0.8867158202047791
S4,2,DE,169,0.8867158202047791
S4,2,DE,174,0.8867158202047791
S4,2,DE,179,0.8867158202047791
S4,2,DE,184,0.8867158202047791
S4,2,DE,189,0.8867158202047791
S4,2,DE,194,0.8867158202047791
S4,2,DE,199,0.8255185227737237
S4,2,DE,204,0.8255185227737237
S4,2,DE,209,0.8255185227737237
S4,2,DE,214,0.8255185227737237
S4,2,DE,219,0.8255185227737237
S4,2,DE,224,0.8255185227737237
S4,2,DE,229,0.8255185227737237
S4,2,DE,234,0.8255185227737237
S4,2,DE,239,0.8255185227737237
S4,2,DE,244,0.8255185227737237
S4,2,DE,249,0.8255185227737237
S4,2,DE,254,0.8255185227737237
S4,2,DE,259,0.8255185227737237
S4,2,DE,264,0.8255185227737237
S4,2,DE,269,0.8255185227737237
S4,2,DE,274,0.8255185227737237
S4,2,DE,279,0.8255185227737237
S4,2,DE,284,0.7868356943726594
S4,2,DE,289,0.7868356943726594
S4,2,DE,294,0.7868356943726594
S4,2,DE,299,0.7868356943726594
S4,2,DE,304,0.7868356943726594
S4,2,DE,309,0.7868356943726594
S4,2,DE,314,0.7868356943726594
S4,2,DE,319,0.7741542005935002
S4,2,Gbest-ABC,16,0.27345516017836313
S4,2,Gbest-ABC,21,0.27345516017836313
S4,2,Gbest-ABC,26,0.27345516017836313
S4,2,Gbest-ABC,31,0.27345516017836313
S4,2,Gbest-ABC,36,0.27345516017836313
S4,2,Gbest-ABC,41,0.27345516017836313
S4,2,Gbest-ABC,46,0.27345516017836313
S4,2,Gbest-ABC,51,0.27345516017836313
S4,2,Gbest-ABC,56,0.27345516017836313
S4,2,Gbest-ABC,61,0.27345516017836313
S4,2,Gbest-ABC,66,0.27345516017836313
S4,2,Gbest-ABC,71,0.27345516017836313
S4,2,Gbest-ABC,76,0.27345516017836313
S4,2,Gbest-ABC,81,0.27345516017836313
S4,2,Gbest-ABC,86,0.27345516017836313
S4,2,Gbest-ABC,91,0.27345516017836313
S4,2,Gbest-ABC,96,0.27345516017836313
S4,2,Gbest-ABC,101,0.27345516017836313
S4,2,Gbest-ABC,106,0.27345516017836313
S4,2,Gbest-ABC,111,0.27345516017836313
S4,2,Gbest-ABC,116,0.27345516017836313
S4,2,Gbest-ABC,121,0.27345516017836313
S4,2,Gbest-ABC,126,0.27345516017836313
S4,2,Gbest-ABC,131,0.27345516017836313
S4,2,Gbest-ABC,136,0.27345516017836313
S4,2,Gbest-ABC,141,0.27345516017836313
S4,2,Gbest-ABC,146,0.27345516017836313
S4,2,Gbest-ABC,151,0.27345516017836313
S4,2,Gbest-ABC,156,0.27345516017836313
S4,2,Gbest-ABC,161,0.27345516017836313
S4,2,Gbest-ABC,166,0.27345516017836313
S4,2,Gbest-ABC,171,0.27345516017836313
S4,2,Gbest-ABC,176,0.27345516017836313
S4,2,Gbest-ABC,181,0.27345516017836313
S4,2,Gbest-ABC,186,0.27345516017836313
S4,2,Gbest-ABC,191,0.27345516017836313
S4,2,Gbest-ABC,196,0.27345516017836313
S4,2,Gbest-ABC,201,0.27345516017836313
S4,2,Gbest-ABC,206,0.27345516017836313
S4,2,Gbest-ABC,211,0.27345516017836313
S4,2,Gbest-ABC,216,0.27345516017836313
S4,2,Gbest-ABC,221,0.27345516017836313
S4,2,Gbest-ABC,226,0.27345516017836313
S4,2,Gbest-ABC,231,0.27345516017836313
S4,2,Gbest-ABC,236,0.27345516017836313
S4,2,Gbest-ABC,241,0.27345516017836313
S4,2,Gbest-ABC,246,0.27345516017836313
S4,2,Gbest-ABC,251,0.27345516017836313
S4,2,Gbest-ABC,256,0.27345516017836313
S4,2,Gbest-ABC,261,0.27345516017836313
S4,2,Gbest-ABC,266,0.27345516017836313
S4,2,Gbest-ABC,271,0.27345516017836313
S4,2,Gbest-ABC,276,0.27345516017836313
S4,2,Gbest-ABC,281,0.27345516017836313
S4,2,Gbest-ABC,286,0.27345516017836313
S4,2,Gbest-ABC,291,0.27345516017836313
S4,2,Gbest-ABC,296,0.27345516017836313
S4,2,Gbest-ABC,301,0.27345516017836313
S4,2,Gbest-ABC,306,0.27345516017836313
S4,2,Gbest-ABC,311,0.27345516017836313
S4,2,Gbest-ABC,316,0.27345516017836313
S4,2,MeABC,16,0.27345516017836313
S4,2,MeABC,21,0.27345516017836313
S4,2,MeABC,26,0.27345516017836313
S4,2,MeABC,31,0.27345516017836313
S4,2,MeABC,36,0.27345516017836313
S4,2,MeABC,41,0.27345516017836313
S4,2,MeABC,46,0.27345516017836313
S4,2,MeABC,51,0.27345516017836313
S4,2,MeABC,57,0.27345516017836313
S4,2,MeABC,62,0.27345516017836313
S4,2,MeABC,67,0.27345516017836313
S4,2,MeABC,73,0.27345516017836313
S4,2,MeABC,78,0.27345516017836313
S4,2,MeABC,83,0.27345516017836313
S4,2,MeABC,89,0.27345516017836313
S4,2,MeABC,94,0.27345516017836313
S4,2,MeABC,99,0.27345516017836313
S4,2,MeABC,105,0.27345516017836313
S4,2,MeABC,110,0.27345516017836313
S4,2,MeABC,115,0.27345516017836313
S4,2,MeABC,121,0.27345516017836313
S4,2,MeABC,126,0.27345516017836313
S4,2,MeABC,131,0.27345516017836313
S4,2,MeABC,137,0.27345516017836313
S4,2,MeABC,142,0.27345516017836313
S4,2,MeABC,147,0.27345516017836313
S4,2,MeABC,153,0.27345516017836313
S4,2,MeABC,158,0.27345516017836313
S4,2,MeABC,163,0.27345516017836313
S4,2,MeABC,169,0.27345516017836313
S4,2,MeABC,174,0.27345516017836313
S4,2,MeABC,179,0.27345516017836313
S4,2,MeABC,185,0.27345516017836313
S4,2,MeABC,190,0.27345516017836313
S4,2,MeABC,195,0.27345516017836313
S4,2,MeABC,201,0.27345516017836313
S4,2,MeABC,206,0.27345516017836313
S4,2,MeABC,211,0.27345516017836313
S4,2,MeABC,217,0.27345516017836313
S4,2,MeABC,222,0.27345516017836313
S4,2,MeABC,227,0.27345516017836313
S4,2,MeABC,233,0.27345516017836313
S4,2,MeABC,238,0.27345516017836313
S4,2,MeABC,243,0.27345516017836313
S4,2,MeABC,249,0.27345516017836313
S4,2,MeABC,254,0.27345516017836313
S4,2,MeABC,259,0.27345516017836313
S4,2,MeABC,265,0.27345516017836313
S4,2,MeABC,270,0.27345516017836313
S4,2,MeABC,275,0.27345516017836313
S4,2,MeABC,281,0.27345516017836313
S4,2,MeABC,286,0.27345516017836313
S4,2,MeABC,291,0.27345516017836313
S4,2,MeABC,297,0.27345516017836313
S4,2,MeABC,302,0.27345516017836313
S4,2,MeABC,307,0.27345516017836313
S4,2,MeABC,313,0.27345516017836313
S4,2,MeABC,318,0.27345516017836313
S4,2,JADE,20,0.27345516017836313
S4,2,JADE,25,0.27345516017836313
S4,2,JADE,30,0.27345516017836313
S4,2,JADE,35,0.27345516017836313
S4,2,JADE,40,0.27345516017836313
S4,2,JADE,45,0.27345516017836313
S4,2,JADE,50,0.27345516017836313
S4,2,JADE,55,0.27345516017836313
S4,2,JADE,60,0.27345516017836313
S4,2,JADE,65,0.27345516017836313
S4,2,JADE,70,0.27345516017836313
S4,2,JADE,75,0.27345516017836313
S4,2,JADE,80,0.27345516017836313
S4,2,JADE,85,0.27345516017836313
S4,2,JADE,90,0.27345516017836313
S4,2,JADE,95,0.27345516017836313
S4,2,JADE,100,0.27345516017836313
S4,2,JADE,105,0.27345516017836313
S4,2,JADE,110,0.27345516017836313
S4,2,JADE,115,0.27345516017836313
S4,2,JADE,120,0.27345516017836313
S4,2,JADE,125,0.27345516017836313
S4,2,JADE,130,0.27345516017836313
S4,2,JADE,135,0.27345516017836313
S4,2,JADE,140,0.27345516017836313
S4,2,JADE,145,0.27345516017836313
S4,2,JADE,150,0.27345516017836313
S4,2,JADE,155,0.27345516017836313
S4,2,JADE,160,0.27345516017836313
S4,2,JADE,165,0.27345516017836313
S4,2,JADE,170,0.27345516017836313
S4,2,JADE,175,0.27345516017836313
S4,2,JADE,180,0.27345516017836313
S4,2,JADE,185,0.27345516017836313
S4,2,JADE,190,0.27345516017836313
S4,2,JADE,195,0.27345516017836313
S4,2,JADE,200,0.27345516017836313
S4,2,JADE,205,0.27345516017836313
S4,2,JADE,210,0.27345516017836313
S4,2,JADE,215,0.27345516017836313
S4,2,JADE,220,0.27345516017836313
S4,2,JADE,225,0.27345516017836313
S4,2,JADE,230,0.27345516017836313
S4,2,JADE,235,0.27345516017836313
S4,2,JADE,240,0.27345516017836313
S4,2,JADE,245,0.27345516017836313
S4,2,JADE,250,0.27345516017836313
S4,2,JADE,255,0.27345516017836313
S4,2,JADE,260,0.27345516017836313
S4,2,JADE,265,0.27345516017836313
S4,2,JADE,270,0.27345516017836313
S4,2,JADE,275,0.27345516017836313
S4,2,JADE,280,0.27345516017836313
S4,2,JADE,285,0.27345516017836313
S4,2,JADE,290,0.27345516017836313
S4,2,JADE,295,0.27345516017836313
S4,2,JADE,300,0.27345516017836313
S4,2,JADE,305,0.27345516017836313
S4,2,JADE,310,0.27345516017836313
S4,2,JADE,315,0.27345516017836313
S4,2,JADE,320,0.27345516017836313
S4,2,LSHADE-lite,24,0.27345516017836313
S4,2,LSHADE-lite,29,0.27345516017836313
S4,2,LSHADE-lite,34,0.27345516017836313
S4,2,LSHADE-lite,39,0.27345516017836313
S4,2,LSHADE-lite,44,0.27345516017836313
S4,2,LSHADE-lite,49,0.27345516017836313
S4,2,LSHADE-lite,54,0.27345516017836313
S4,2,LSHADE-lite,59,0.27345516017836313
S4,2,LSHADE-lite,64,0.27345516017836313
S4,2,LSHADE-lite,69,0.27345516017836313
S4,2,LSHADE-lite,74,0.27345516017836313
S4,2,LSHADE-lite,79,0.27345516017836313
S4,2,LSHADE-lite,84,0.27345516017836313
S4,2,LSHADE-lite,89,0.27345516017836313
S4,2,LSHADE-lite,94,0.27345516017836313
S4,2,LSHADE-lite,99,0.27345516017836313
S4,2,LSHADE-lite,104,0.27345516017836313
S4,2,LSHADE-lite,109,0.27345516017836313
S4,2,LSHADE-lite,114,0.27345516017836313
S4,2,LSHADE-lite,119,0.27345516017836313
S4,2,LSHADE-lite,124,0.27345516017836313
S4,2,LSHADE-lite,129,0.27345516017836313
S4,2,LSHADE-lite,134,0.27345516017836313
S4,2,LSHADE-lite,139,0.27345516017836313
S4,2,LSHADE-lite,144,0.27345516017836313
S4,2,LSHADE-lite,149,0.27345516017836313
S4,2,LSHADE-lite,154,0.27345516017836313
S4,2,LSHADE-lite,159,0.27345516017836313
S4,2,LSHADE-lite,164,0.27345516017836313
S4,2,LSHADE-lite,169,0.27345516017836313
S4,2,LSHADE-lite,174,0.27345516017836313
S4,2,LSHADE-lite,179,0.27345516017836313
S4,2,LSHADE-lite,184,0.27345516017836313
S4,2,LSHADE-lite,189,0.27345516017836313
S4,2,LSHADE-lite,194,0.27345516017836313
S4,2,LSHADE-lite,199,0.27345516017836313
S4,2,LSHADE-lite,204,0.27345516017836313
S4,2,LSHADE-lite,209,0.27345516017836313
S4,2,LSHADE-lite,214,0.27345516017836313
S4,2,LSHADE-lite,219,0.27345516017836313
S4,2,LSHADE-lite,224,0.27345516017836313
S4,2,LSHADE-lite,229,0.27345516017836313
S4,2,LSHADE-lite,234,0.27345516017836313
S4,2,LSHADE-lite,239,0.27345516017836313
S4,2,LSHADE-lite,244,0.27345516017836313
S4,2,LSHADE-lite,249,0.27345516017836313
S4,2,LSHADE-lite,254,0.27345516017836313
S4,2,LSHADE-lite,259,0.27345516017836313
S4,2,LSHADE-lite,264,0.27345516017836313
S4,2,LSHADE-lite,269,0.27345516017836313
S4,2,LSHADE-lite,274,0.27345516017836313
S4,2,LSHADE-lite,279,0.27345516017836313
S4,2,LSHADE-lite,284,0.27345516017836313
S4,2,LSHADE-lite,289,0.27345516017836313
S4,2,LSHADE-lite,294,0.27345516017836313
S4,2,LSHADE-lite,299,0.27345516017836313
S4,2,LSHADE-lite,304,0.27345516017836313
S4,2,LSHADE-lite,309,0.27345516017836313
S4,2,LSHADE-lite,314,0.27345516017836313
S4,2,LSHADE-lite,319,0.27345516017836313
S4,2,CMAES-lite,1,0.27345516017836313
S4,2,CMAES-lite,6,0.27345516017836313
S4,2,CMAES-lite,11,0.27345516017836313
S4,2,CMAES-lite,16,0.27345516017836313
S4,2,CMAES-lite,21,0.27345516017836313
S4,2,CMAES-lite,26,0.27345516017836313
S4,2,CMAES-lite,31,0.27345516017836313
S4,2,CMAES-lite,36,0.27345516017836313
S4,2,CMAES-lite,41,0.27345516017836313
S4,2,CMAES-lite,46,0.27345516017836313
S4,2,CMAES-lite,51,0.27345516017836313
S4,2,CMAES-lite,56,0.27345516017836313
S4,2,CMAES-lite,61,0.27345516017836313
S4,2,CMAES-lite,66,0.27345516017836313
S4,2,CMAES-lite,71,0.27345516017836313
S4,2,CMAES-lite,76,0.27345516017836313
S4,2,CMAES-lite,81,0.27345516017836313
S4,2,CMAES-lite,86,0.27345516017836313
S4,2,CMAES-lite,91,0.27345516017836313
S4,2,CMAES-lite,96,0.27345516017836313
S4,2,CMAES-lite,101,0.27345516017836313
S4,2,CMAES-lite,106,0.27345516017836313
S4,2,CMAES-lite,111,0.27345516017836313
S4,2,CMAES-lite,116,0.27345516017836313
S4,2,CMAES-lite,121,0.27345516017836313
S4,2,CMAES-lite,126,0.27345516017836313
S4,2,CMAES-lite,131,0.27345516017836313
S4,2,CMAES-lite,136,0.27345516017836313
S4,2,CMAES-lite,141,0.27345516017836313
S4,2,CMAES-lite,146,0.27345516017836313
S4,2,CMAES-lite,151,0.27345516017836313
S4,2,CMAES-lite,156,0.27345516017836313
S4,2,CMAES-lite,161,0.27345516017836313
S4,2,CMAES-lite,166,0.27345516017836313
S4,2,CMAES-lite,171,0.27345516017836313
S4,2,CMAES-lite,176,0.27345516017836313
S4,2,CMAES-lite,181,0.27345516017836313
S4,2,CMAES-lite,186,0.27345516017836313
S4,2,CMAES-lite,191,0.27345516017836313
S4,2,CMAES-lite,196,0.27345516017836313
S4,2,CMAES-lite,201,0.27345516017836313
S4,2,CMAES-lite,206,0.27345516017836313
S4,2,CMAES-lite,211,0.27345516017836313
S4,2,CMAES-lite,216,0.27345516017836313
S4,2,CMAES-lite,221,0.27345516017836313
S4,2,CMAES-lite,226,0.27345516017836313
S4,2,CMAES-lite,231,0.27345516017836313
S4,2,CMAES-lite,236,0.27345516017836313
S4,2,CMAES-lite,241,0.27345516017836313
S4,2,CMAES-lite,246,0.27345516017836313
S4,2,CMAES-lite,251,0.27345516017836313
S4,2,CMAES-lite,256,0.27345516017836313
S4,2,CMAES-lite,261,0.27345516017836313
S4,2,CMAES-lite,266,0.27345516017836313
S4,2,CMAES-lite,271,0.27345516017836313
S4,2,CMAES-lite,276,0.27345516017836313
S4,2,CMAES-lite,281,0.27345516017836313
S4,2,CMAES-lite,286,0.27345516017836313
S4,2,CMAES-lite,291,0.27345516017836313
S4,2,CMAES-lite,296,0.27345516017836313
S4,2,CMAES-lite,301,0.27345516017836313
S4,2,CMAES-lite,306,0.27345516017836313
S4,2,CMAES-lite,311,0.27345516017836313
S4,2,CMAES-lite,316,0.27345516017836313
S4,2,GWO,18,0.27345516017836313
S4,2,GWO,23,0.27345516017836313
S4,2,GWO,28,0.27345516017836313
S4,2,GWO,33,0.27345516017836313
S4,2,GWO,38,0.27345516017836313
S4,2,GWO,43,0.27345516017836313
S4,2,GWO,48,0.27345516017836313
S4,2,GWO,53,0.27345516017836313
S4,2,GWO,58,0.27345516017836313
S4,2,GWO,63,0.27345516017836313
S4,2,GWO,68,0.27345516017836313
S4,2,GWO,73,0.27345516017836313
S4,2,GWO,78,0.27345516017836313
S4,2,GWO,83,0.27345516017836313
S4,2,GWO,88,0.27345516017836313
S4,2,GWO,93,0.27345516017836313
S4,2,GWO,98,0.27345516017836313
S4,2,GWO,103,0.27345516017836313
S4,2,GWO,108,0.27345516017836313
S4,2,GWO,113,0.27345516017836313
S4,2,GWO,118,0.27345516017836313
S4,2,GWO,123,0.27345516017836313
S4,2,GWO,128,0.27345516017836313
S4,2,GWO,133,0.27345516017836313
S4,2,GWO,138,0.27345516017836313
S4,2,GWO,143,0.27345516017836313
S4,2,GWO,148,0.27345516017836313
S4,2,GWO,153,0.27345516017836313
S4,2,GWO,158,0.27345516017836313
S4,2,GWO,163,0.27345516017836313
S4,2,GWO,168,0.27345516017836313
S4,2,GWO,173,0.27345516017836313
S4,2,GWO,178,0.27345516017836313
S4,2,GWO,183,0.27345516017836313
S4,2,GWO,188,0.27345516017836313
S4,2,GWO,193,0.27345516017836313
S4,2,GWO,198,0.27345516017836313
S4,2,GWO,203,0.27345516017836313
S4,2,GWO,208,0.27345516017836313
S4,2,GWO,213,0.27345516017836313
S4,2,GWO,218,0.27345516017836313
S4,2,GWO,223,0.27345516017836313
S4,2,GWO,228,0.27345516017836313
S4,2,GWO,233,0.27345516017836313
S4,2,GWO,238,0.27345516017836313
S4,2,GWO,243,0.27345516017836313
S4,2,GWO,248,0.27345516017836313
S4,2,GWO,253,0.27345516017836313
S4,2,GWO,258,0.27345516017836313
S4,2,GWO,263,0.27345516017836313
S4,2,GWO,268,0.27345516017836313
S4,2,GWO,273,0.27345516017836313
S4,2,GWO,278,0.27345516017836313
S4,2,GWO,283,0.27345516017836313
S4,2,GWO,288,0.27345516017836313
S4,2,GWO,293,0.27345516017836313
S4,2,GWO,298,0.27345516017836313
S4,2,GWO,303,0.27345516017836313
S4,2,GWO,308,0.27345516017836313
S4,2,GWO,313,0.27345516017836313
S4,2,GWO,318,0.27345516017836313
S6,0,RFOTO-ABC,14,0.34768696459729476
S6,0,RFOTO-ABC,19,0.34768696459729476
S6,0,RFOTO-ABC,24,0.34768696459729476
S6,0,RFOTO-ABC,29,0.34768696459729476
S6,0,RFOTO-ABC,34,0.34768696459729476
S6,0,RFOTO-ABC,39,0.34768696459729476
S6,0,RFOTO-ABC,44,0.34768696459729476
S6,0,RFOTO-ABC,49,0.34768696459729476
S6,0,RFOTO-ABC,54,0.34768696459729476
S6,0,RFOTO-ABC,59,0.34768696459729476
S6,0,RFOTO-ABC,64,0.34768696459729476
S6,0,RFOTO-ABC,69,0.34768696459729476
S6,0,RFOTO-ABC,74,0.34768696459729476
S6,0,RFOTO-ABC,79,0.34768696459729476
S6,0,RFOTO-ABC,84,0.34768696459729476
S6,0,RFOTO-ABC,89,0.34768696459729476
S6,0,RFOTO-ABC,94,0.34768696459729476
S6,0,RFOTO-ABC,99,0.34768696459729476
S6,0,RFOTO-ABC,104,0.34768696459729476
S6,0,RFOTO-ABC,109,0.34768696459729476
S6,0,RFOTO-ABC,114,0.34768696459729476
S6,0,RFOTO-ABC,119,0.34768696459729476
S6,0,RFOTO-ABC,124,0.34768696459729476
S6,0,RFOTO-ABC,129,0.34768696459729476
S6,0,RFOTO-ABC,134,0.34768696459729476
S6,0,RFOTO-ABC,139,0.34768696459729476
S6,0,RFOTO-ABC,144,0.34768696459729476
S6,0,RFOTO-ABC,149,0.34768696459729476
S6,0,RFOTO-ABC,154,0.34768696459729476
S6,0,RFOTO-ABC,159,0.34768696459729476
S6,0,RFOTO-ABC,164,0.34768696459729476
S6,0,RFOTO-ABC,169,0.34713078744543
S6,0,RFOTO-ABC,174,0.34713078744543
S6,0,RFOTO-ABC,179,0.34713078744543
S6,0,RFOTO-ABC,184,0.34713078744543
S6,0,RFOTO-ABC,189,0.34713078744543
S6,0,RFOTO-ABC,194,0.34713078744543
S6,0,RFOTO-ABC,199,0.34713078744543
S6,0,RFOTO-ABC,204,0.34713078744543
S6,0,RFOTO-ABC,209,0.34713078744543
S6,0,RFOTO-ABC,214,0.34713078744543
S6,0,RFOTO-ABC,219,0.34713078744543
S6,0,RFOTO-ABC,224,0.34713078744543
S6,0,RFOTO-ABC,229,0.34713078744543
S6,0,RFOTO-ABC,234,0.34713078744543
S6,0,RFOTO-ABC,239,0.34713078744543
S6,0,RFOTO-ABC,244,0.34713078744543
S6,0,RFOTO-ABC,249,0.3464501166760372
S6,0,RFOTO-ABC,254,0.34584028292315155
S6,0,RFOTO-ABC,259,0.34584028292315155
S6,0,RFOTO-ABC,264,0.34584028292315155
S6,0,RFOTO-ABC,269,0.34584028292315155
S6,0,RFOTO-ABC,274,0.34584028292315155
S6,0,RFOTO-ABC,279,0.34584028292315155
S6,0,RFOTO-ABC,284,0.3452774189704792
S6,0,RFOTO-ABC,289,0.3452774189704792
S6,0,RFOTO-ABC,294,0.3452774189704792
S6,0,RFOTO-ABC,299,0.3452774189704792
S6,0,RFOTO-ABC,304,0.3452774189704792
S6,0,RFOTO-ABC,309,0.3452774189704792
S6,0,RFOTO-ABC,314,0.3452774189704792
S6,0,RFOTO-ABC,319,0.3452774189704792
S6,0,Standard-ABC,14,0.7800711962299793
S6,0,Standard-ABC,19,0.7800711962299793
S6,0,Standard-ABC,24,0.7800711962299793
S6,0,Standard-ABC,29,0.7800711962299793
S6,0,Standard-ABC,34,0.7800711962299793
S6,0,Standard-ABC,39,0.7800711962299793
S6,0,Standard-ABC,44,0.7800711962299793
S6,0,Standard-ABC,49,0.7800711962299793
S6,0,Standard-ABC,54,0.7800711962299793
S6,0,Standard-ABC,59,0.778594568518909
S6,0,Standard-ABC,64,0.778594568518909
S6,0,Standard-ABC,69,0.778594568518909
S6,0,Standard-ABC,74,0.778594568518909
S6,0,Standard-ABC,79,0.778594568518909
S6,0,Standard-ABC,84,0.778594568518909
S6,0,Standard-ABC,89,0.778594568518909
S6,0,Standard-ABC,94,0.7706299065610044
S6,0,Standard-ABC,99,0.7706299065610044
S6,0,Standard-ABC,104,0.7706299065610044
S6,0,Standard-ABC,109,0.7706299065610044
S6,0,Standard-ABC,114,0.7706299065610044
S6,0,Standard-ABC,119,0.7706299065610044
S6,0,Standard-ABC,124,0.7706299065610044
S6,0,Standard-ABC,129,0.770474126013921
S6,0,Standard-ABC,134,0.770474126013921
S6,0,Standard-ABC,139,0.770474126013921
S6,0,Standard-ABC,144,0.770474126013921
S6,0,Standard-ABC,149,0.770474126013921
S6,0,Standard-ABC,154,0.770474126013921
S6,0,Standard-ABC,159,0.770474126013921
S6,0,Standard-ABC,164,0.770474126013921
S6,0,Standard-ABC,169,0.770474126013921
S6,0,Standard-ABC,174,0.7685065806469851
S6,0,Standard-ABC,179,0.7620053663855573
S6,0,Standard-ABC,184,0.7620053663855573
S6,0,Standard-ABC,189,0.7620053663855573
S6,0,Standard-ABC,194,0.7620053663855573
S6,0,Standard-ABC,199,0.7620053663855573
S6,0,Standard-ABC,204,0.7620053663855573
S6,0,Standard-ABC,209,0.7620053663855573
S6,0,Standard-ABC,214,0.7620053663855573
S6,0,Standard-ABC,219,0.7620053663855573
S6,0,Standard-ABC,224,0.7620053663855573
S6,0,Standard-ABC,229,0.7620053663855573
S6,0,Standard-ABC,234,0.7620053663855573
S6,0,Standard-ABC,239,0.7620053663855573
S6,0,Standard-ABC,244,0.7620053663855573
S6,0,Standard-ABC,249,0.7620053663855573
S6,0,Standard-ABC,254,0.7620053663855573
S6,0,Standard-ABC,259,0.7620053663855573
S6,0,Standard-ABC,264,0.7620053663855573
S6,0,Standard-ABC,269,0.7620053663855573
S6,0,Standard-ABC,274,0.7620053663855573
S6,0,Standard-ABC,279,0.7620053663855573
S6,0,Standard-ABC,284,0.7620053663855573
S6,0,Standard-ABC,289,0.7620053663855573
S6,0,Standard-ABC,294,0.7620053663855573
S6,0,Standard-ABC,299,0.7620053663855573
S6,0,Standard-ABC,304,0.7620053663855573
S6,0,Standard-ABC,309,0.7620053663855573
S6,0,Standard-ABC,314,0.7620053663855573
S6,0,Standard-ABC,319,0.7620053663855573
S6,0,GA,14,0.7465573545019054
S6,0,GA,19,0.7465573545019054
S6,0,GA,24,0.7465573545019054
S6,0,GA,29,0.7465573545019054
S6,0,GA,34,0.7465573545019054
S6,0,GA,39,0.740582154508591
S6,0,GA,44,0.7235141176486988
S6,0,GA,49,0.7235141176486988
S6,0,GA,54,0.7235141176486988
S6,0,GA,59,0.7235141176486988
S6,0,GA,64,0.7235141176486988
S6,0,GA,69,0.7235141176486988
S6,0,GA,74,0.7235141176486988
S6,0,GA,79,0.7210609947437338
S6,0,GA,84,0.7210609947437338
S6,0,GA,89,0.7210609947437338
S6,0,GA,94,0.7210609947437338
S6,0,GA,99,0.7210609947437338
S6,0,GA,104,0.7210609947437338
S6,0,GA,109,0.7210609947437338
S6,0,GA,114,0.6997878213564903
S6,0,GA,119,0.6997878213564903
S6,0,GA,124,0.6997878213564903
S6,0,GA,129,0.6997878213564903
S6,0,GA,134,0.6997878213564903
S6,0,GA,139,0.6997878213564903
S6,0,GA,144,0.6997878213564903
S6,0,GA,149,0.6997878213564903
S6,0,GA,154,0.6997878213564903
S6,0,GA,159,0.6997878213564903
S6,0,GA,164,0.6997878213564903
S6,0,GA,169,0.6997878213564903
S6,0,GA,174,0.6960936299427329
S6,0,GA,179,0.6960360608839496
S6,0,GA,184,0.6960360608839496
S6,0,GA,189,0.694756208405607
S6,0,GA,194,0.6888738674210847
S6,0,GA,199,0.6888738674210847
S6,0,GA,204,0.6876840600522337
S6,0,GA,209,0.6876840600522337
S6,0,GA,214,0.6873766385572343
S6,0,GA,219,0.6873766385572343
S6,0,GA,224,0.6873766385572343
S6,0,GA,229,0.6873766385572343
S6,0,GA,234,0.6873766385572343
S6,0,GA,239,0.6870084149107901
S6,0,GA,244,0.6856360859264461
S6,0,GA,249,0.6818927248815688
S6,0,GA,254,0.6787164027986146
S6,0,GA,259,0.6752637596628515
S6,0,GA,264,0.6752637596628515
S6,0,GA,269,0.6752637596628515
S6,0,GA,274,0.6748241271784892
S6,0,GA,279,0.6748241271784892
S6,0,GA,284,0.669769611799146
S6,0,GA,289,0.669769611799146
S6,0,GA,294,0.669769611799146
S6,0,GA,299,0.669769611799146
S6,0,GA,304,0.664522331922574
S6,0,GA,309,0.6551380431555572
S6,0,GA,314,0.6551380431555572
S6,0,GA,319,0.6551380431555572
S6,0,PSO,14,1.3348693452997666
S6,0,PSO,19,1.3348693452997666
S6,0,PSO,24,1.0578968990180715
S6,0,PSO,29,1.0578968990180715
S6,0,PSO,34,1.0578968990180715
S6,0,PSO,39,1.0578968990180715
S6,0,PSO,44,1.0578968990180715
S6,0,PSO,49,1.0578968990180715
S6,0,PSO,54,1.0578968990180715
S6,0,PSO,59,1.0578968990180715
S6,0,PSO,64,1.0578968990180715
S6,0,PSO,69,1.0578968990180715
S6,0,PSO,74,1.0578968990180715
S6,0,PSO,79,1.0578968990180715
S6,0,PSO,84,1.0578968990180715
S6,0,PSO,89,1.0578968990180715
S6,0,PSO,94,1.0578968990180715
S6,0,PSO,99,1.0578968990180715
S6,0,PSO,104,1.0578968990180715
S6,0,PSO,109,1.0578968990180715
S6,0,PSO,114,1.0578968990180715
S6,0,PSO,119,1.0578968990180715
S6,0,PSO,124,1.0578968990180715
S6,0,PSO,129,1.0578968990180715
S6,0,PSO,134,0.9554520962147968
S6,0,PSO,139,0.9554520962147968
S6,0,PSO,144,0.9554520962147968
S6,0,PSO,149,0.9253897913177521
S6,0,PSO,154,0.9253897913177521
S6,0,PSO,159,0.9253897913177521
S6,0,PSO,164,0.9253897913177521
S6,0,PSO,169,0.9253897913177521
S6,0,PSO,174,0.9253897913177521
S6,0,PSO,179,0.9253897913177521
S6,0,PSO,184,0.9253897913177521
S6,0,PSO,189,0.9253897913177521
S6,0,PSO,194,0.9253897913177521
S6,0,PSO,199,0.9253897913177521
S6,0,PSO,204,0.9253897913177521
S6,0,PSO,209,0.9253897913177521
S6,0,PSO,214,0.9253897913177521
S6,0,PSO,219,0.9253897913177521
S6,0,PSO,224,0.9253897913177521
S6,0,PSO,229,0.9253897913177521
S6,0,PSO,234,0.906050937709687
S6,0,PSO,239,0.906050937709687
S6,0,PSO,244,0.906050937709687
S6,0,PSO,249,0.8606104126945108
S6,0,PSO,254,0.8606104126945108
S6,0,PSO,259,0.8606104126945108
S6,0,PSO,264,0.8606104126945108
S6,0,PSO,269,0.8606104126945108
S6,0,PSO,274,0.8606104126945108
S6,0,PSO,279,0.8185729766216853
S6,0,PSO,284,0.8185729766216853
S6,0,PSO,289,0.8185729766216853
S6,0,PSO,294,0.8185729766216853
S6,0,PSO,299,0.8185729766216853
S6,0,PSO,304,0.8178612914020893
S6,0,PSO,309,0.7987595668241232
S6,0,PSO,314,0.7987595668241232
S6,0,PSO,319,0.7987595668241232
S6,0,DE,14,1.3632924348088382
S6,0,DE,19,1.3632924348088382
S6,0,DE,24,1.3632924348088382
S6,0,DE,29,1.3632924348088382
S6,0,DE,34,1.3632924348088382
S6,0,DE,39,1.3632924348088382
S6,0,DE,44,1.3632924348088382
S6,0,DE,49,1.3632924348088382
S6,0,DE,54,1.3632924348088382
S6,0,DE,59,1.3632924348088382
S6,0,DE,64,1.3632924348088382
S6,0,DE,69,1.3632924348088382
S6,0,DE,74,1.3632924348088382
S6,0,DE,79,1.3186419018563997
S6,0,DE,84,1.3186419018563997
S6,0,DE,89,1.3154459981136004
S6,0,DE,94,1.3154459981136004
S6,0,DE,99,1.3154459981136004
S6,0,DE,104,1.3154459981136004
S6,0,DE,109,1.3154459981136004
S6,0,DE,114,1.176103147838743
S6,0,DE,119,1.176103147838743
S6,0,DE,124,1.176103147838743
S6,0,DE,129,1.176103147838743
S6,0,DE,134,1.176103147838743
S6,0,DE,139,1.176103147838743
S6,0,DE,144,1.176103147838743
S6,0,DE,149,1.176103147838743
S6,0,DE,154,1.176103147838743
S6,0,DE,159,1.176103147838743
S6,0,DE,164,1.176103147838743
S6,0,DE,169,1.176103147838743
S6,0,DE,174,1.0734358320837893
S6,0,DE,179,1.0734358320837893
S6,0,DE,184,1.0734358320837893
S6,0,DE,189,1.0734358320837893
S6,0,DE,194,1.0734358320837893
S6,0,DE,199,1.0734358320837893
S6,0,DE,204,1.0734358320837893
S6,0,DE,209,1.0734358320837893
S6,0,DE,214,1.0734358320837893
S6,0,DE,219,1.0734358320837893
S6,0,DE,224,1.0734358320837893
S6,0,DE,229,1.0734358320837893
S6,0,DE,234,1.0734358320837893
S6,0,DE,239,1.0734358320837893
S6,0,DE,244,1.0734358320837893
S6,0,DE,249,1.0734358320837893
S6,0,DE,254,1.0734358320837893
S6,0,DE,259,1.0734358320837893
S6,0,DE,264,1.0198803354836856
S6,0,DE,269,1.0198803354836856
S6,0,DE,274,0.9289670313626427
S6,0,DE,279,0.9289670313626427
S6,0,DE,284,0.9289670313626427
S6,0,DE,289,0.9289670313626427
S6,0,DE,294,0.9289670313626427
S6,0,DE,299,0.9289670313626427
S6,0,DE,304,0.9289670313626427
S6,0,DE,309,0.9289670313626427
S6,0,DE,314,0.9289670313626427
S6,0,DE,319,0.9289670313626427
S6,0,Gbest-ABC,16,0.3476869645972947
S6,0,Gbest-ABC,21,0.3476869645972947
S6,0,Gbest-ABC,26,0.3476869645972947
S6,0,Gbest-ABC,31,0.3476869645972947
S6,0,Gbest-ABC,36,0.3476869645972947
S6,0,Gbest-ABC,41,0.3476869645972947
S6,0,Gbest-ABC,46,0.3476869645972947
S6,0,Gbest-ABC,51,0.3476869645972947
S6,0,Gbest-ABC,56,0.3476869645972947
S6,0,Gbest-ABC,61,0.3476869645972947
S6,0,Gbest-ABC,66,0.3476869645972947
S6,0,Gbest-ABC,71,0.3476869645972947
S6,0,Gbest-ABC,76,0.3476869645972947
S6,0,Gbest-ABC,81,0.3476869645972947
S6,0,Gbest-ABC,86,0.3476869645972947
S6,0,Gbest-ABC,91,0.3476869645972947
S6,0,Gbest-ABC,96,0.3476869645972947
S6,0,Gbest-ABC,101,0.3476869645972947
S6,0,Gbest-ABC,106,0.3476869645972947
S6,0,Gbest-ABC,111,0.3476869645972947
S6,0,Gbest-ABC,116,0.3476869645972947
S6,0,Gbest-ABC,121,0.3476869645972947
S6,0,Gbest-ABC,126,0.3476869645972947
S6,0,Gbest-ABC,131,0.3476869645972947
S6,0,Gbest-ABC,136,0.3476869645972947
S6,0,Gbest-ABC,141,0.3476869645972947
S6,0,Gbest-ABC,146,0.3476869645972947
S6,0,Gbest-ABC,151,0.3476869645972947
S6,0,Gbest-ABC,156,0.3476869645972947
S6,0,Gbest-ABC,161,0.3476869645972947
S6,0,Gbest-ABC,166,0.3476869645972947
S6,0,Gbest-ABC,171,0.3476869645972947
S6,0,Gbest-ABC,176,0.3476869645972947
S6,0,Gbest-ABC,181,0.3476869645972947
S6,0,Gbest-ABC,186,0.3476869645972947
S6,0,Gbest-ABC,191,0.3476869645972947
S6,0,Gbest-ABC,196,0.3476869645972947
S6,0,Gbest-ABC,201,0.3476869645972947
S6,0,Gbest-ABC,206,0.3476869645972947
S6,0,Gbest-ABC,211,0.3476869645972947
S6,0,Gbest-ABC,216,0.3476869645972947
S6,0,Gbest-ABC,221,0.3476869645972947
S6,0,Gbest-ABC,226,0.3476869645972947
S6,0,Gbest-ABC,231,0.3476869645972947
S6,0,Gbest-ABC,236,0.3476869645972947
S6,0,Gbest-ABC,241,0.3476869645972947
S6,0,Gbest-ABC,246,0.3476869645972947
S6,0,Gbest-ABC,251,0.3476869645972947
S6,0,Gbest-ABC,256,0.3476869645972947
S6,0,Gbest-ABC,261,0.3476869645972947
S6,0,Gbest-ABC,266,0.3476869645972947
S6,0,Gbest-ABC,271,0.3476869645972947
S6,0,Gbest-ABC,276,0.3476869645972947
S6,0,Gbest-ABC,281,0.3476869645972947
S6,0,Gbest-ABC,286,0.3476869645972947
S6,0,Gbest-ABC,291,0.3476869645972947
S6,0,Gbest-ABC,296,0.3476869645972947
S6,0,Gbest-ABC,301,0.3476869645972947
S6,0,Gbest-ABC,306,0.3476869645972947
S6,0,Gbest-ABC,311,0.3476869645972947
S6,0,Gbest-ABC,316,0.3476869645972947
S6,0,MeABC,16,0.3476869645972947
S6,0,MeABC,21,0.3476869645972947
S6,0,MeABC,26,0.3476869645972947
S6,0,MeABC,31,0.3476869645972947
S6,0,MeABC,36,0.3476869645972947
S6,0,MeABC,41,0.3476869645972947
S6,0,MeABC,46,0.3476869645972947
S6,0,MeABC,51,0.3476869645972947
S6,0,MeABC,57,0.3476869645972947
S6,0,MeABC,62,0.3476869645972947
S6,0,MeABC,67,0.3476869645972947
S6,0,MeABC,73,0.3476869645972947
S6,0,MeABC,78,0.3476869645972947
S6,0,MeABC,83,0.3476869645972947
S6,0,MeABC,89,0.3476869645972947
S6,0,MeABC,94,0.3476869645972947
S6,0,MeABC,99,0.3476869645972947
S6,0,MeABC,105,0.3476869645972947
S6,0,MeABC,110,0.3476869645972947
S6,0,MeABC,115,0.3476869645972947
S6,0,MeABC,121,0.3476869645972947
S6,0,MeABC,126,0.3476869645972947
S6,0,MeABC,131,0.3476869645972947
S6,0,MeABC,137,0.3476869645972947
S6,0,MeABC,142,0.3476869645972947
S6,0,MeABC,147,0.3476869645972947
S6,0,MeABC,153,0.3476869645972947
S6,0,MeABC,158,0.3476869645972947
S6,0,MeABC,163,0.3476869645972947
S6,0,MeABC,169,0.3476869645972947
S6,0,MeABC,174,0.3476869645972947
S6,0,MeABC,179,0.3476869645972947
S6,0,MeABC,185,0.3476869645972947
S6,0,MeABC,190,0.3476869645972947
S6,0,MeABC,195,0.3476869645972947
S6,0,MeABC,201,0.3476869645972947
S6,0,MeABC,206,0.3476869645972947
S6,0,MeABC,211,0.3476869645972947
S6,0,MeABC,217,0.3476869645972947
S6,0,MeABC,222,0.3476869645972947
S6,0,MeABC,227,0.3476869645972947
S6,0,MeABC,233,0.3476869645972947
S6,0,MeABC,238,0.3476869645972947
S6,0,MeABC,243,0.3476869645972947
S6,0,MeABC,249,0.3476869645972947
S6,0,MeABC,254,0.3476869645972947
S6,0,MeABC,259,0.3476869645972947
S6,0,MeABC,265,0.3476869645972947
S6,0,MeABC,270,0.3476869645972947
S6,0,MeABC,275,0.3476869645972947
S6,0,MeABC,281,0.3476869645972947
S6,0,MeABC,286,0.3476869645972947
S6,0,MeABC,291,0.3476869645972947
S6,0,MeABC,297,0.3476869645972947
S6,0,MeABC,302,0.3476869645972947
S6,0,MeABC,307,0.3476869645972947
S6,0,MeABC,313,0.3476869645972947
S6,0,MeABC,318,0.3476869645972947
S6,0,JADE,20,0.3476869645972947
S6,0,JADE,25,0.3476869645972947
S6,0,JADE,30,0.3476869645972947
S6,0,JADE,35,0.3476869645972947
S6,0,JADE,40,0.3476869645972947
S6,0,JADE,45,0.3476869645972947
S6,0,JADE,50,0.3476869645972947
S6,0,JADE,55,0.3476869645972947
S6,0,JADE,60,0.3476869645972947
S6,0,JADE,65,0.3476869645972947
S6,0,JADE,70,0.3476869645972947
S6,0,JADE,75,0.3476869645972947
S6,0,JADE,80,0.3476869645972947
S6,0,JADE,85,0.3476869645972947
S6,0,JADE,90,0.3476869645972947
S6,0,JADE,95,0.3476869645972947
S6,0,JADE,100,0.3476869645972947
S6,0,JADE,105,0.3476869645972947
S6,0,JADE,110,0.3476869645972947
S6,0,JADE,115,0.3476869645972947
S6,0,JADE,120,0.3476869645972947
S6,0,JADE,125,0.3476869645972947
S6,0,JADE,130,0.3476869645972947
S6,0,JADE,135,0.3476869645972947
S6,0,JADE,140,0.3476869645972947
S6,0,JADE,145,0.3476869645972947
S6,0,JADE,150,0.3476869645972947
S6,0,JADE,155,0.3476869645972947
S6,0,JADE,160,0.3476869645972947
S6,0,JADE,165,0.3476869645972947
S6,0,JADE,170,0.3476869645972947
S6,0,JADE,175,0.3476869645972947
S6,0,JADE,180,0.3476869645972947
S6,0,JADE,185,0.3476869645972947
S6,0,JADE,190,0.3476869645972947
S6,0,JADE,195,0.3476869645972947
S6,0,JADE,200,0.3476869645972947
S6,0,JADE,205,0.3476869645972947
S6,0,JADE,210,0.3476869645972947
S6,0,JADE,215,0.3476869645972947
S6,0,JADE,220,0.3476869645972947
S6,0,JADE,225,0.3476869645972947
S6,0,JADE,230,0.3476869645972947
S6,0,JADE,235,0.3476869645972947
S6,0,JADE,240,0.3476869645972947
S6,0,JADE,245,0.3476869645972947
S6,0,JADE,250,0.3476869645972947
S6,0,JADE,255,0.3476869645972947
S6,0,JADE,260,0.3476869645972947
S6,0,JADE,265,0.3476869645972947
S6,0,JADE,270,0.3476869645972947
S6,0,JADE,275,0.3476869645972947
S6,0,JADE,280,0.3476869645972947
S6,0,JADE,285,0.3476869645972947
S6,0,JADE,290,0.3476869645972947
S6,0,JADE,295,0.3476869645972947
S6,0,JADE,300,0.3476869645972947
S6,0,JADE,305,0.3476869645972947
S6,0,JADE,310,0.3476869645972947
S6,0,JADE,315,0.3476869645972947
S6,0,JADE,320,0.3476869645972947
S6,0,LSHADE-lite,24,0.3476869645972947
S6,0,LSHADE-lite,29,0.3476869645972947
S6,0,LSHADE-lite,34,0.3476869645972947
S6,0,LSHADE-lite,39,0.3476869645972947
S6,0,LSHADE-lite,44,0.3476869645972947
S6,0,LSHADE-lite,49,0.3476869645972947
S6,0,LSHADE-lite,54,0.3476869645972947
S6,0,LSHADE-lite,59,0.3476869645972947
S6,0,LSHADE-lite,64,0.3476869645972947
S6,0,LSHADE-lite,69,0.3476869645972947
S6,0,LSHADE-lite,74,0.3476869645972947
S6,0,LSHADE-lite,79,0.3476869645972947
S6,0,LSHADE-lite,84,0.3476869645972947
S6,0,LSHADE-lite,89,0.3476869645972947
S6,0,LSHADE-lite,94,0.3476869645972947
S6,0,LSHADE-lite,99,0.3476869645972947
S6,0,LSHADE-lite,104,0.3476869645972947
S6,0,LSHADE-lite,109,0.3476869645972947
S6,0,LSHADE-lite,114,0.3476869645972947
S6,0,LSHADE-lite,119,0.3476869645972947
S6,0,LSHADE-lite,124,0.3476869645972947
S6,0,LSHADE-lite,129,0.3476869645972947
S6,0,LSHADE-lite,134,0.3476869645972947
S6,0,LSHADE-lite,139,0.3476869645972947
S6,0,LSHADE-lite,144,0.3476869645972947
S6,0,LSHADE-lite,149,0.3476869645972947
S6,0,LSHADE-lite,154,0.3476869645972947
S6,0,LSHADE-lite,159,0.3476869645972947
S6,0,LSHADE-lite,164,0.3476869645972947
S6,0,LSHADE-lite,169,0.3476869645972947
S6,0,LSHADE-lite,174,0.3476869645972947
S6,0,LSHADE-lite,179,0.3476869645972947
S6,0,LSHADE-lite,184,0.3476869645972947
S6,0,LSHADE-lite,189,0.3476869645972947
S6,0,LSHADE-lite,194,0.3476869645972947
S6,0,LSHADE-lite,199,0.3476869645972947
S6,0,LSHADE-lite,204,0.3476869645972947
S6,0,LSHADE-lite,209,0.3476869645972947
S6,0,LSHADE-lite,214,0.3476869645972947
S6,0,LSHADE-lite,219,0.3476869645972947
S6,0,LSHADE-lite,224,0.3476869645972947
S6,0,LSHADE-lite,229,0.3476869645972947
S6,0,LSHADE-lite,234,0.3476869645972947
S6,0,LSHADE-lite,239,0.3476869645972947
S6,0,LSHADE-lite,244,0.3476869645972947
S6,0,LSHADE-lite,249,0.3476869645972947
S6,0,LSHADE-lite,254,0.3476869645972947
S6,0,LSHADE-lite,259,0.3476869645972947
S6,0,LSHADE-lite,264,0.3476869645972947
S6,0,LSHADE-lite,269,0.3476869645972947
S6,0,LSHADE-lite,274,0.3476869645972947
S6,0,LSHADE-lite,279,0.3476869645972947
S6,0,LSHADE-lite,284,0.3476869645972947
S6,0,LSHADE-lite,289,0.3476869645972947
S6,0,LSHADE-lite,294,0.3476869645972947
S6,0,LSHADE-lite,299,0.3476869645972947
S6,0,LSHADE-lite,304,0.3476869645972947
S6,0,LSHADE-lite,309,0.3476869645972947
S6,0,LSHADE-lite,314,0.3476869645972947
S6,0,LSHADE-lite,319,0.3476869645972947
S6,0,CMAES-lite,1,0.3476869645972947
S6,0,CMAES-lite,6,0.3476869645972947
S6,0,CMAES-lite,11,0.3476869645972947
S6,0,CMAES-lite,16,0.3476869645972947
S6,0,CMAES-lite,21,0.3476869645972947
S6,0,CMAES-lite,26,0.3476869645972947
S6,0,CMAES-lite,31,0.3476869645972947
S6,0,CMAES-lite,36,0.3476869645972947
S6,0,CMAES-lite,41,0.3476869645972947
S6,0,CMAES-lite,46,0.3476869645972947
S6,0,CMAES-lite,51,0.3476869645972947
S6,0,CMAES-lite,56,0.3476869645972947
S6,0,CMAES-lite,61,0.3476869645972947
S6,0,CMAES-lite,66,0.3476869645972947
S6,0,CMAES-lite,71,0.3476869645972947
S6,0,CMAES-lite,76,0.3476869645972947
S6,0,CMAES-lite,81,0.3476869645972947
S6,0,CMAES-lite,86,0.3476869645972947
S6,0,CMAES-lite,91,0.3476869645972947
S6,0,CMAES-lite,96,0.3476869645972947
S6,0,CMAES-lite,101,0.3476869645972947
S6,0,CMAES-lite,106,0.3476869645972947
S6,0,CMAES-lite,111,0.3476869645972947
S6,0,CMAES-lite,116,0.3476869645972947
S6,0,CMAES-lite,121,0.3476869645972947
S6,0,CMAES-lite,126,0.3476869645972947
S6,0,CMAES-lite,131,0.3476869645972947
S6,0,CMAES-lite,136,0.3476869645972947
S6,0,CMAES-lite,141,0.3476869645972947
S6,0,CMAES-lite,146,0.3476869645972947
S6,0,CMAES-lite,151,0.3476869645972947
S6,0,CMAES-lite,156,0.3476869645972947
S6,0,CMAES-lite,161,0.3476869645972947
S6,0,CMAES-lite,166,0.3476869645972947
S6,0,CMAES-lite,171,0.3476869645972947
S6,0,CMAES-lite,176,0.3476869645972947
S6,0,CMAES-lite,181,0.3476869645972947
S6,0,CMAES-lite,186,0.3476869645972947
S6,0,CMAES-lite,191,0.3476869645972947
S6,0,CMAES-lite,196,0.3476869645972947
S6,0,CMAES-lite,201,0.3476869645972947
S6,0,CMAES-lite,206,0.3476869645972947
S6,0,CMAES-lite,211,0.3476869645972947
S6,0,CMAES-lite,216,0.3476869645972947
S6,0,CMAES-lite,221,0.3476869645972947
S6,0,CMAES-lite,226,0.3476869645972947
S6,0,CMAES-lite,231,0.3476869645972947
S6,0,CMAES-lite,236,0.3476869645972947
S6,0,CMAES-lite,241,0.3476869645972947
S6,0,CMAES-lite,246,0.3476869645972947
S6,0,CMAES-lite,251,0.3476869645972947
S6,0,CMAES-lite,256,0.3476869645972947
S6,0,CMAES-lite,261,0.3476869645972947
S6,0,CMAES-lite,266,0.3476869645972947
S6,0,CMAES-lite,271,0.3476869645972947
S6,0,CMAES-lite,276,0.3476869645972947
S6,0,CMAES-lite,281,0.3476869645972947
S6,0,CMAES-lite,286,0.3476869645972947
S6,0,CMAES-lite,291,0.3476869645972947
S6,0,CMAES-lite,296,0.3476869645972947
S6,0,CMAES-lite,301,0.3476869645972947
S6,0,CMAES-lite,306,0.3476869645972947
S6,0,CMAES-lite,311,0.3476869645972947
S6,0,CMAES-lite,316,0.3476869645972947
S6,0,GWO,18,0.3476869645972947
S6,0,GWO,23,0.3476869645972947
S6,0,GWO,28,0.3476869645972947
S6,0,GWO,33,0.3476869645972947
S6,0,GWO,38,0.3476869645972947
S6,0,GWO,43,0.3476869645972947
S6,0,GWO,48,0.3476869645972947
S6,0,GWO,53,0.3476869645972947
S6,0,GWO,58,0.3476869645972947
S6,0,GWO,63,0.3476869645972947
S6,0,GWO,68,0.3476869645972947
S6,0,GWO,73,0.3476869645972947
S6,0,GWO,78,0.3476869645972947
S6,0,GWO,83,0.3476869645972947
S6,0,GWO,88,0.3476869645972947
S6,0,GWO,93,0.3476869645972947
S6,0,GWO,98,0.3476869645972947
S6,0,GWO,103,0.3476869645972947
S6,0,GWO,108,0.3476869645972947
S6,0,GWO,113,0.3476869645972947
S6,0,GWO,118,0.3476869645972947
S6,0,GWO,123,0.3476869645972947
S6,0,GWO,128,0.3476869645972947
S6,0,GWO,133,0.3476869645972947
S6,0,GWO,138,0.3476869645972947
S6,0,GWO,143,0.3476869645972947
S6,0,GWO,148,0.3476869645972947
S6,0,GWO,153,0.3476869645972947
S6,0,GWO,158,0.3476869645972947
S6,0,GWO,163,0.3476869645972947
S6,0,GWO,168,0.3476869645972947
S6,0,GWO,173,0.3476869645972947
S6,0,GWO,178,0.3476869645972947
S6,0,GWO,183,0.3476869645972947
S6,0,GWO,188,0.3476869645972947
S6,0,GWO,193,0.3476869645972947
S6,0,GWO,198,0.3476869645972947
S6,0,GWO,203,0.3476869645972947
S6,0,GWO,208,0.3476869645972947
S6,0,GWO,213,0.3476869645972947
S6,0,GWO,218,0.3476869645972947
S6,0,GWO,223,0.3476869645972947
S6,0,GWO,228,0.3476869645972947
S6,0,GWO,233,0.3476869645972947
S6,0,GWO,238,0.3476869645972947
S6,0,GWO,243,0.3476869645972947
S6,0,GWO,248,0.3476869645972947
S6,0,GWO,253,0.3476869645972947
S6,0,GWO,258,0.3476869645972947
S6,0,GWO,263,0.3476869645972947
S6,0,GWO,268,0.3476869645972947
S6,0,GWO,273,0.3476869645972947
S6,0,GWO,278,0.3476869645972947
S6,0,GWO,283,0.3476869645972947
S6,0,GWO,288,0.3476869645972947
S6,0,GWO,293,0.3476869645972947
S6,0,GWO,298,0.3476869645972947
S6,0,GWO,303,0.3476869645972947
S6,0,GWO,308,0.3476869645972947
S6,0,GWO,313,0.3476869645972947
S6,0,GWO,318,0.3476869645972947
S6,1,RFOTO-ABC,14,0.3240159914658269
S6,1,RFOTO-ABC,19,0.3240159914658269
S6,1,RFOTO-ABC,24,0.3240159914658269
S6,1,RFOTO-ABC,29,0.3240159914658269
S6,1,RFOTO-ABC,34,0.3240159914658269
S6,1,RFOTO-ABC,39,0.3240159914658269
S6,1,RFOTO-ABC,44,0.3240159914658269
S6,1,RFOTO-ABC,49,0.3240159914658269
S6,1,RFOTO-ABC,54,0.3234378319254944
S6,1,RFOTO-ABC,59,0.3234378319254944
S6,1,RFOTO-ABC,64,0.3234378319254944
S6,1,RFOTO-ABC,69,0.3234378319254944
S6,1,RFOTO-ABC,74,0.3234378319254944
S6,1,RFOTO-ABC,79,0.3234378319254944
S6,1,RFOTO-ABC,84,0.3234378319254944
S6,1,RFOTO-ABC,89,0.3234378319254944
S6,1,RFOTO-ABC,94,0.3234378319254944
S6,1,RFOTO-ABC,99,0.3234378319254944
S6,1,RFOTO-ABC,104,0.3234378319254944
S6,1,RFOTO-ABC,109,0.3234378319254944
S6,1,RFOTO-ABC,114,0.3234378319254944
S6,1,RFOTO-ABC,119,0.3234378319254944
S6,1,RFOTO-ABC,124,0.3234378319254944
S6,1,RFOTO-ABC,129,0.3234378319254944
S6,1,RFOTO-ABC,134,0.3234378319254944
S6,1,RFOTO-ABC,139,0.3234378319254944
S6,1,RFOTO-ABC,144,0.3234378319254944
S6,1,RFOTO-ABC,149,0.3234378319254944
S6,1,RFOTO-ABC,154,0.3234378319254944
S6,1,RFOTO-ABC,159,0.3234378319254944
S6,1,RFOTO-ABC,164,0.3234378319254944
S6,1,RFOTO-ABC,169,0.320979306824421
S6,1,RFOTO-ABC,174,0.320979306824421
S6,1,RFOTO-ABC,179,0.320979306824421
S6,1,RFOTO-ABC,184,0.320979306824421
S6,1,RFOTO-ABC,189,0.320979306824421
S6,1,RFOTO-ABC,194,0.320979306824421
S6,1,RFOTO-ABC,199,0.320979306824421
S6,1,RFOTO-ABC,204,0.320979306824421
S6,1,RFOTO-ABC,209,0.320979306824421
S6,1,RFOTO-ABC,214,0.320979306824421
S6,1,RFOTO-ABC,219,0.320979306824421
S6,1,RFOTO-ABC,224,0.320979306824421
S6,1,RFOTO-ABC,229,0.320979306824421
S6,1,RFOTO-ABC,234,0.320979306824421
S6,1,RFOTO-ABC,239,0.320979306824421
S6,1,RFOTO-ABC,244,0.320979306824421
S6,1,RFOTO-ABC,249,0.320979306824421
S6,1,RFOTO-ABC,254,0.320979306824421
S6,1,RFOTO-ABC,259,0.320979306824421
S6,1,RFOTO-ABC,264,0.320979306824421
S6,1,RFOTO-ABC,269,0.320979306824421
S6,1,RFOTO-ABC,274,0.320979306824421
S6,1,RFOTO-ABC,279,0.320979306824421
S6,1,RFOTO-ABC,284,0.320979306824421
S6,1,RFOTO-ABC,289,0.320979306824421
S6,1,RFOTO-ABC,294,0.320979306824421
S6,1,RFOTO-ABC,299,0.320979306824421
S6,1,RFOTO-ABC,304,0.320979306824421
S6,1,RFOTO-ABC,309,0.320979306824421
S6,1,RFOTO-ABC,314,0.320979306824421
S6,1,RFOTO-ABC,319,0.320979306824421
S6,1,Standard-ABC,14,0.7291608828081266
S6,1,Standard-ABC,19,0.7291608828081266
S6,1,Standard-ABC,24,0.7291608828081266
S6,1,Standard-ABC,29,0.7291608828081266
S6,1,Standard-ABC,34,0.7291608828081266
S6,1,Standard-ABC,39,0.7291608828081266
S6,1,Standard-ABC,44,0.7291608828081266
S6,1,Standard-ABC,49,0.7291608828081266
S6,1,Standard-ABC,54,0.7291608828081266
S6,1,Standard-ABC,59,0.7291608828081266
S6,1,Standard-ABC,64,0.7291608828081266
S6,1,Standard-ABC,69,0.7291608828081266
S6,1,Standard-ABC,74,0.7291608828081266
S6,1,Standard-ABC,79,0.7291608828081266
S6,1,Standard-ABC,84,0.7291608828081266
S6,1,Standard-ABC,89,0.7291608828081266
S6,1,Standard-ABC,94,0.7291608828081266
S6,1,Standard-ABC,99,0.7291608828081266
S6,1,Standard-ABC,104,0.7276758640495744
S6,1,Standard-ABC,109,0.7276758640495744
S6,1,Standard-ABC,114,0.7276758640495744
S6,1,Standard-ABC,119,0.7276758640495744
S6,1,Standard-ABC,124,0.7276758640495744
S6,1,Standard-ABC,129,0.7276758640495744
S6,1,Standard-ABC,134,0.7276758640495744
S6,1,Standard-ABC,139,0.7276758640495744
S6,1,Standard-ABC,144,0.7276758640495744
S6,1,Standard-ABC,149,0.7276758640495744
S6,1,Standard-ABC,154,0.7276758640495744
S6,1,Standard-ABC,159,0.7276758640495744
S6,1,Standard-ABC,164,0.7276758640495744
S6,1,Standard-ABC,169,0.7276758640495744
S6,1,Standard-ABC,174,0.7258236969445859
S6,1,Standard-ABC,179,0.7258236969445859
S6,1,Standard-ABC,184,0.7258236969445859
S6,1,Standard-ABC,189,0.7258236969445859
S6,1,Standard-ABC,194,0.7258236969445859
S6,1,Standard-ABC,199,0.7258236969445859
S6,1,Standard-ABC,204,0.7258236969445859
S6,1,Standard-ABC,209,0.7258236969445859
S6,1,Standard-ABC,214,0.7244544463805325
S6,1,Standard-ABC,219,0.7244544463805325
S6,1,Standard-ABC,224,0.7244544463805325
S6,1,Standard-ABC,229,0.7244544463805325
S6,1,Standard-ABC,234,0.7244544463805325
S6,1,Standard-ABC,239,0.7244544463805325
S6,1,Standard-ABC,244,0.7244544463805325
S6,1,Standard-ABC,249,0.7244544463805325
S6,1,Standard-ABC,254,0.7244544463805325
S6,1,Standard-ABC,259,0.7244544463805325
S6,1,Standard-ABC,264,0.7244544463805325
S6,1,Standard-ABC,269,0.7244544463805325
S6,1,Standard-ABC,274,0.7244544463805325
S6,1,Standard-ABC,279,0.7244544463805325
S6,1,Standard-ABC,284,0.7224850781586751
S6,1,Standard-ABC,289,0.7224850781586751
S6,1,Standard-ABC,294,0.7224850781586751
S6,1,Standard-ABC,299,0.7224850781586751
S6,1,Standard-ABC,304,0.7224850781586751
S6,1,Standard-ABC,309,0.7224850781586751
S6,1,Standard-ABC,314,0.7224850781586751
S6,1,Standard-ABC,319,0.7224850781586751
S6,1,GA,14,0.7402896691827614
S6,1,GA,19,0.7402896691827614
S6,1,GA,24,0.7305805332731427
S6,1,GA,29,0.7305805332731427
S6,1,GA,34,0.7305805332731427
S6,1,GA,39,0.7305805332731427
S6,1,GA,44,0.7259056169843332
S6,1,GA,49,0.7113717622295498
S6,1,GA,54,0.7113717622295498
S6,1,GA,59,0.7113717622295498
S6,1,GA,64,0.7086319829776093
S6,1,GA,69,0.7086319829776093
S6,1,GA,74,0.7086319829776093
S6,1,GA,79,0.7086319829776093
S6,1,GA,84,0.7086319829776093
S6,1,GA,89,0.7057904332310849
S6,1,GA,94,0.7057904332310849
S6,1,GA,99,0.6895497866718553
S6,1,GA,104,0.6895497866718553
S6,1,GA,109,0.6895497866718553
S6,1,GA,114,0.6895497866718553
S6,1,GA,119,0.6848001755452876
S6,1,GA,124,0.6848001755452876
S6,1,GA,129,0.6848001755452876
S6,1,GA,134,0.6747154538778591
S6,1,GA,139,0.6747154538778591
S6,1,GA,144,0.6734177556777586
S6,1,GA,149,0.6671934791230996
S6,1,GA,154,0.6671934791230996
S6,1,GA,159,0.6671934791230996
S6,1,GA,164,0.6671934791230996
S6,1,GA,169,0.6522355993087396
S6,1,GA,174,0.6522355993087396
S6,1,GA,179,0.6522355993087396
S6,1,GA,184,0.6522355993087396
S6,1,GA,189,0.6503298782921441
S6,1,GA,194,0.6503298782921441
S6,1,GA,199,0.6503298782921441
S6,1,GA,204,0.6469452906553206
S6,1,GA,209,0.6469452906553206
S6,1,GA,214,0.6438322447009611
S6,1,GA,219,0.6438322447009611
S6,1,GA,224,0.6382524838280887
S6,1,GA,229,0.6368119688443458
S6,1,GA,234,0.6344713065591536
S6,1,GA,239,0.6344713065591536
S6,1,GA,244,0.6335056379653436
S6,1,GA,249,0.6280139319438779
S6,1,GA,254,0.6280139319438779
S6,1,GA,259,0.6280139319438779
S6,1,GA,264,0.6280139319438779
S6,1,GA,269,0.6280139319438779
S6,1,GA,274,0.6280139319438779
S6,1,GA,279,0.6251554983387805
S6,1,GA,284,0.6251554983387805
S6,1,GA,289,0.6234097186078864
S6,1,GA,294,0.6234097186078864
S6,1,GA,299,0.6234097186078864
S6,1,GA,304,0.6234097186078864
S6,1,GA,309,0.6234097186078864
S6,1,GA,314,0.6234097186078864
S6,1,GA,319,0.6234097186078864
S6,1,PSO,14,1.2278894960602784
S6,1,PSO,19,1.2278894960602784
S6,1,PSO,24,1.2278894960602784
S6,1,PSO,29,1.2278894960602784
S6,1,PSO,34,1.2278894960602784
S6,1,PSO,39,1.2278894960602784
S6,1,PSO,44,1.2278894960602784
S6,1,PSO,49,1.1421164933119645
S6,1,PSO,54,1.1421164933119645
S6,1,PSO,59,1.1421164933119645
S6,1,PSO,64,1.1421164933119645
S6,1,PSO,69,1.1223111648232533
S6,1,PSO,74,1.1223111648232533
S6,1,PSO,79,1.1223111648232533
S6,1,PSO,84,1.1223111648232533
S6,1,PSO,89,0.8626112581850961
S6,1,PSO,94,0.8626112581850961
S6,1,PSO,99,0.8626112581850961
S6,1,PSO,104,0.8626112581850961
S6,1,PSO,109,0.8626112581850961
S6,1,PSO,114,0.8626112581850961
S6,1,PSO,119,0.8626112581850961
S6,1,PSO,124,0.8626112581850961
S6,1,PSO,129,0.8626112581850961
S6,1,PSO,134,0.8626112581850961
S6,1,PSO,139,0.8626112581850961
S6,1,PSO,144,0.8626112581850961
S6,1,PSO,149,0.8626112581850961
S6,1,PSO,154,0.8626112581850961
S6,1,PSO,159,0.8626112581850961
S6,1,PSO,164,0.8626112581850961
S6,1,PSO,169,0.8626112581850961
S6,1,PSO,174,0.8626112581850961
S6,1,PSO,179,0.8213884693311877
S6,1,PSO,184,0.8213884693311877
S6,1,PSO,189,0.8213884693311877
S6,1,PSO,194,0.8213884693311877
S6,1,PSO,199,0.8213884693311877
S6,1,PSO,204,0.8213884693311877
S6,1,PSO,209,0.8213884693311877
S6,1,PSO,214,0.8175224202151813
S6,1,PSO,219,0.8175224202151813
S6,1,PSO,224,0.8140244143006137
S6,1,PSO,229,0.7993562053226689
S6,1,PSO,234,0.7993562053226689
S6,1,PSO,239,0.7993562053226689
S6,1,PSO,244,0.784128715503679
S6,1,PSO,249,0.784128715503679
S6,1,PSO,254,0.784128715503679
S6,1,PSO,259,0.784128715503679
S6,1,PSO,264,0.784128715503679
S6,1,PSO,269,0.784128715503679
S6,1,PSO,274,0.784128715503679
S6,1,PSO,279,0.784128715503679
S6,1,PSO,284,0.784128715503679
S6,1,PSO,289,0.784128715503679
S6,1,PSO,294,0.784128715503679
S6,1,PSO,299,0.784128715503679
S6,1,PSO,304,0.784128715503679
S6,1,PSO,309,0.784128715503679
S6,1,PSO,314,0.784128715503679
S6,1,PSO,319,0.780048927220018
S6,1,DE,14,1.296374084559289
S6,1,DE,19,1.296374084559289
S6,1,DE,24,1.1410457851908464
S6,1,DE,29,1.1410457851908464
S6,1,DE,34,1.1410457851908464
S6,1,DE,39,1.1410457851908464
S6,1,DE,44,1.1410457851908464
S6,1,DE,49,1.1410457851908464
S6,1,DE,54,1.1410457851908464
S6,1,DE,59,1.1410457851908464
S6,1,DE,64,1.1410457851908464
S6,1,DE,69,1.1410457851908464
S6,1,DE,74,1.1410457851908464
S6,1,DE,79,1.1410457851908464
S6,1,DE,84,1.1410457851908464
S6,1,DE,89,1.1410457851908464
S6,1,DE,94,1.1410457851908464
S6,1,DE,99,1.1198907194016872
S6,1,DE,104,1.1198907194016872
S6,1,DE,109,1.1198907194016872
S6,1,DE,114,1.1198907194016872
S6,1,DE,119,1.1198907194016872
S6,1,DE,124,1.1198907194016872
S6,1,DE,129,1.1198907194016872
S6,1,DE,134,1.1198907194016872
S6,1,DE,139,1.1198907194016872
S6,1,DE,144,1.1198907194016872
S6,1,DE,149,1.1198907194016872
S6,1,DE,154,1.1198907194016872
S6,1,DE,159,1.1198907194016872
S6,1,DE,164,1.1198907194016872
S6,1,DE,169,1.0961547564289384
S6,1,DE,174,1.0961547564289384
S6,1,DE,179,1.0961547564289384
S6,1,DE,184,1.0961547564289384
S6,1,DE,189,1.0961547564289384
S6,1,DE,194,1.0961547564289384
S6,1,DE,199,1.0961547564289384
S6,1,DE,204,1.0961547564289384
S6,1,DE,209,1.0961547564289384
S6,1,DE,214,1.0961547564289384
S6,1,DE,219,1.0961547564289384
S6,1,DE,224,1.0961547564289384
S6,1,DE,229,1.0961547564289384
S6,1,DE,234,1.0961547564289384
S6,1,DE,239,1.0961547564289384
S6,1,DE,244,1.0961547564289384
S6,1,DE,249,1.0961547564289384
S6,1,DE,254,1.0961547564289384
S6,1,DE,259,1.0961547564289384
S6,1,DE,264,1.0961547564289384
S6,1,DE,269,1.0961547564289384
S6,1,DE,274,1.0961547564289384
S6,1,DE,279,1.0961547564289384
S6,1,DE,284,1.0961547564289384
S6,1,DE,289,1.0961547564289384
S6,1,DE,294,1.0274665623585164
S6,1,DE,299,1.0274665623585164
S6,1,DE,304,1.0274665623585164
S6,1,DE,309,1.0274665623585164
S6,1,DE,314,1.0274665623585164
S6,1,DE,319,1.0274665623585164
S6,1,Gbest-ABC,16,0.3240159914658269
S6,1,Gbest-ABC,21,0.3240159914658269
S6,1,Gbest-ABC,26,0.3240159914658269
S6,1,Gbest-ABC,31,0.3240159914658269
S6,1,Gbest-ABC,36,0.3240159914658269
S6,1,Gbest-ABC,41,0.3240159914658269
S6,1,Gbest-ABC,46,0.3240159914658269
S6,1,Gbest-ABC,51,0.3240159914658269
S6,1,Gbest-ABC,56,0.3240159914658269
S6,1,Gbest-ABC,61,0.3240159914658269
S6,1,Gbest-ABC,66,0.3240159914658269
S6,1,Gbest-ABC,71,0.3240159914658269
S6,1,Gbest-ABC,76,0.3240159914658269
S6,1,Gbest-ABC,81,0.3240159914658269
S6,1,Gbest-ABC,86,0.3240159914658269
S6,1,Gbest-ABC,91,0.3240159914658269
S6,1,Gbest-ABC,96,0.3240159914658269
S6,1,Gbest-ABC,101,0.3240159914658269
S6,1,Gbest-ABC,106,0.3240159914658269
S6,1,Gbest-ABC,111,0.3240159914658269
S6,1,Gbest-ABC,116,0.3240159914658269
S6,1,Gbest-ABC,121,0.3240159914658269
S6,1,Gbest-ABC,126,0.3240159914658269
S6,1,Gbest-ABC,131,0.3240159914658269
S6,1,Gbest-ABC,136,0.3240159914658269
S6,1,Gbest-ABC,141,0.3240159914658269
S6,1,Gbest-ABC,146,0.3240159914658269
S6,1,Gbest-ABC,151,0.3240159914658269
S6,1,Gbest-ABC,156,0.3240159914658269
S6,1,Gbest-ABC,161,0.3240159914658269
S6,1,Gbest-ABC,166,0.3240159914658269
S6,1,Gbest-ABC,171,0.3240159914658269
S6,1,Gbest-ABC,176,0.3240159914658269
S6,1,Gbest-ABC,181,0.3240159914658269
S6,1,Gbest-ABC,186,0.3240159914658269
S6,1,Gbest-ABC,191,0.3240159914658269
S6,1,Gbest-ABC,196,0.3240159914658269
S6,1,Gbest-ABC,201,0.3240159914658269
S6,1,Gbest-ABC,206,0.3240159914658269
S6,1,Gbest-ABC,211,0.3240159914658269
S6,1,Gbest-ABC,216,0.3240159914658269
S6,1,Gbest-ABC,221,0.3240159914658269
S6,1,Gbest-ABC,226,0.3240159914658269
S6,1,Gbest-ABC,231,0.3240159914658269
S6,1,Gbest-ABC,236,0.3240159914658269
S6,1,Gbest-ABC,241,0.3240159914658269
S6,1,Gbest-ABC,246,0.3240159914658269
S6,1,Gbest-ABC,251,0.3240159914658269
S6,1,Gbest-ABC,256,0.3240159914658269
S6,1,Gbest-ABC,261,0.3240159914658269
S6,1,Gbest-ABC,266,0.3240159914658269
S6,1,Gbest-ABC,271,0.3240159914658269
S6,1,Gbest-ABC,276,0.3240159914658269
S6,1,Gbest-ABC,281,0.3240159914658269
S6,1,Gbest-ABC,286,0.3240159914658269
S6,1,Gbest-ABC,291,0.3240159914658269
S6,1,Gbest-ABC,296,0.3240159914658269
S6,1,Gbest-ABC,301,0.3240159914658269
S6,1,Gbest-ABC,306,0.3240159914658269
S6,1,Gbest-ABC,311,0.3240159914658269
S6,1,Gbest-ABC,316,0.3240159914658269
S6,1,MeABC,16,0.3240159914658269
S6,1,MeABC,21,0.3240159914658269
S6,1,MeABC,26,0.3240159914658269
S6,1,MeABC,31,0.3240159914658269
S6,1,MeABC,36,0.3240159914658269
S6,1,MeABC,41,0.3240159914658269
S6,1,MeABC,46,0.3240159914658269
S6,1,MeABC,51,0.3240159914658269
S6,1,MeABC,57,0.3240159914658269
S6,1,MeABC,62,0.3240159914658269
S6,1,MeABC,67,0.3240159914658269
S6,1,MeABC,73,0.3240159914658269
S6,1,MeABC,78,0.3240159914658269
S6,1,MeABC,83,0.3240159914658269
S6,1,MeABC,89,0.3240159914658269
S6,1,MeABC,94,0.3240159914658269
S6,1,MeABC,99,0.3240159914658269
S6,1,MeABC,105,0.3240159914658269
S6,1,MeABC,110,0.3240159914658269
S6,1,MeABC,115,0.3240159914658269
S6,1,MeABC,121,0.3240159914658269
S6,1,MeABC,126,0.3240159914658269
S6,1,MeABC,131,0.3240159914658269
S6,1,MeABC,137,0.3240159914658269
S6,1,MeABC,142,0.3240159914658269
S6,1,MeABC,147,0.3240159914658269
S6,1,MeABC,153,0.3240159914658269
S6,1,MeABC,158,0.3240159914658269
S6,1,MeABC,163,0.3240159914658269
S6,1,MeABC,169,0.3240159914658269
S6,1,MeABC,174,0.3240159914658269
S6,1,MeABC,179,0.3240159914658269
S6,1,MeABC,185,0.3240159914658269
S6,1,MeABC,190,0.3240159914658269
S6,1,MeABC,195,0.3240159914658269
S6,1,MeABC,201,0.3240159914658269
S6,1,MeABC,206,0.3240159914658269
S6,1,MeABC,211,0.3240159914658269
S6,1,MeABC,217,0.3240159914658269
S6,1,MeABC,222,0.3240159914658269
S6,1,MeABC,227,0.3240159914658269
S6,1,MeABC,233,0.3240159914658269
S6,1,MeABC,238,0.3240159914658269
S6,1,MeABC,243,0.3240159914658269
S6,1,MeABC,249,0.3240159914658269
S6,1,MeABC,254,0.3240159914658269
S6,1,MeABC,259,0.3240159914658269
S6,1,MeABC,265,0.3240159914658269
S6,1,MeABC,270,0.3240159914658269
S6,1,MeABC,275,0.3240159914658269
S6,1,MeABC,281,0.3240159914658269
S6,1,MeABC,286,0.3240159914658269
S6,1,MeABC,291,0.3240159914658269
S6,1,MeABC,297,0.3240159914658269
S6,1,MeABC,302,0.3240159914658269
S6,1,MeABC,307,0.3240159914658269
S6,1,MeABC,313,0.3240159914658269
S6,1,MeABC,318,0.3240159914658269
S6,1,JADE,20,0.3240159914658269
S6,1,JADE,25,0.3240159914658269
S6,1,JADE,30,0.3240159914658269
S6,1,JADE,35,0.3240159914658269
S6,1,JADE,40,0.3240159914658269
S6,1,JADE,45,0.3240159914658269
S6,1,JADE,50,0.3240159914658269
S6,1,JADE,55,0.3240159914658269
S6,1,JADE,60,0.3240159914658269
S6,1,JADE,65,0.3240159914658269
S6,1,JADE,70,0.3240159914658269
S6,1,JADE,75,0.3240159914658269
S6,1,JADE,80,0.3240159914658269
S6,1,JADE,85,0.3240159914658269
S6,1,JADE,90,0.3240159914658269
S6,1,JADE,95,0.3240159914658269
S6,1,JADE,100,0.3240159914658269
S6,1,JADE,105,0.3240159914658269
S6,1,JADE,110,0.3240159914658269
S6,1,JADE,115,0.3240159914658269
S6,1,JADE,120,0.3240159914658269
S6,1,JADE,125,0.3240159914658269
S6,1,JADE,130,0.3240159914658269
S6,1,JADE,135,0.3240159914658269
S6,1,JADE,140,0.3240159914658269
S6,1,JADE,145,0.3240159914658269
S6,1,JADE,150,0.3240159914658269
S6,1,JADE,155,0.3240159914658269
S6,1,JADE,160,0.3240159914658269
S6,1,JADE,165,0.3240159914658269
S6,1,JADE,170,0.3240159914658269
S6,1,JADE,175,0.3240159914658269
S6,1,JADE,180,0.3240159914658269
S6,1,JADE,185,0.3240159914658269
S6,1,JADE,190,0.3240159914658269
S6,1,JADE,195,0.3240159914658269
S6,1,JADE,200,0.3240159914658269
S6,1,JADE,205,0.3240159914658269
S6,1,JADE,210,0.3240159914658269
S6,1,JADE,215,0.3240159914658269
S6,1,JADE,220,0.3240159914658269
S6,1,JADE,225,0.3240159914658269
S6,1,JADE,230,0.3240159914658269
S6,1,JADE,235,0.3240159914658269
S6,1,JADE,240,0.3240159914658269
S6,1,JADE,245,0.3240159914658269
S6,1,JADE,250,0.3240159914658269
S6,1,JADE,255,0.3240159914658269
S6,1,JADE,260,0.3240159914658269
S6,1,JADE,265,0.3240159914658269
S6,1,JADE,270,0.3240159914658269
S6,1,JADE,275,0.3240159914658269
S6,1,JADE,280,0.3240159914658269
S6,1,JADE,285,0.3240159914658269
S6,1,JADE,290,0.3240159914658269
S6,1,JADE,295,0.3240159914658269
S6,1,JADE,300,0.3240159914658269
S6,1,JADE,305,0.3240159914658269
S6,1,JADE,310,0.3240159914658269
S6,1,JADE,315,0.3240159914658269
S6,1,JADE,320,0.3240159914658269
S6,1,LSHADE-lite,24,0.3240159914658269
S6,1,LSHADE-lite,29,0.3240159914658269
S6,1,LSHADE-lite,34,0.3240159914658269
S6,1,LSHADE-lite,39,0.3240159914658269
S6,1,LSHADE-lite,44,0.3240159914658269
S6,1,LSHADE-lite,49,0.3240159914658269
S6,1,LSHADE-lite,54,0.3240159914658269
S6,1,LSHADE-lite,59,0.3240159914658269
S6,1,LSHADE-lite,64,0.3240159914658269
S6,1,LSHADE-lite,69,0.3240159914658269
S6,1,LSHADE-lite,74,0.3240159914658269
S6,1,LSHADE-lite,79,0.3240159914658269
S6,1,LSHADE-lite,84,0.3240159914658269
S6,1,LSHADE-lite,89,0.3240159914658269
S6,1,LSHADE-lite,94,0.3240159914658269
S6,1,LSHADE-lite,99,0.3240159914658269
S6,1,LSHADE-lite,104,0.3240159914658269
S6,1,LSHADE-lite,109,0.3240159914658269
S6,1,LSHADE-lite,114,0.3240159914658269
S6,1,LSHADE-lite,119,0.3240159914658269
S6,1,LSHADE-lite,124,0.3240159914658269
S6,1,LSHADE-lite,129,0.3240159914658269
S6,1,LSHADE-lite,134,0.3240159914658269
S6,1,LSHADE-lite,139,0.3240159914658269
S6,1,LSHADE-lite,144,0.3240159914658269
S6,1,LSHADE-lite,149,0.3240159914658269
S6,1,LSHADE-lite,154,0.3240159914658269
S6,1,LSHADE-lite,159,0.3240159914658269
S6,1,LSHADE-lite,164,0.3240159914658269
S6,1,LSHADE-lite,169,0.3240159914658269
S6,1,LSHADE-lite,174,0.3240159914658269
S6,1,LSHADE-lite,179,0.3240159914658269
S6,1,LSHADE-lite,184,0.3240159914658269
S6,1,LSHADE-lite,189,0.3240159914658269
S6,1,LSHADE-lite,194,0.3240159914658269
S6,1,LSHADE-lite,199,0.3240159914658269
S6,1,LSHADE-lite,204,0.3240159914658269
S6,1,LSHADE-lite,209,0.3240159914658269
S6,1,LSHADE-lite,214,0.3240159914658269
S6,1,LSHADE-lite,219,0.3240159914658269
S6,1,LSHADE-lite,224,0.3240159914658269
S6,1,LSHADE-lite,229,0.3240159914658269
S6,1,LSHADE-lite,234,0.3240159914658269
S6,1,LSHADE-lite,239,0.3240159914658269
S6,1,LSHADE-lite,244,0.3240159914658269
S6,1,LSHADE-lite,249,0.3240159914658269
S6,1,LSHADE-lite,254,0.3240159914658269
S6,1,LSHADE-lite,259,0.3240159914658269
S6,1,LSHADE-lite,264,0.3240159914658269
S6,1,LSHADE-lite,269,0.3240159914658269
S6,1,LSHADE-lite,274,0.3240159914658269
S6,1,LSHADE-lite,279,0.3240159914658269
S6,1,LSHADE-lite,284,0.3240159914658269
S6,1,LSHADE-lite,289,0.3240159914658269
S6,1,LSHADE-lite,294,0.3240159914658269
S6,1,LSHADE-lite,299,0.3240159914658269
S6,1,LSHADE-lite,304,0.3240159914658269
S6,1,LSHADE-lite,309,0.3240159914658269
S6,1,LSHADE-lite,314,0.3240159914658269
S6,1,LSHADE-lite,319,0.3240159914658269
S6,1,CMAES-lite,1,0.3240159914658269
S6,1,CMAES-lite,6,0.3240159914658269
S6,1,CMAES-lite,11,0.3240159914658269
S6,1,CMAES-lite,16,0.3240159914658269
S6,1,CMAES-lite,21,0.3240159914658269
S6,1,CMAES-lite,26,0.3240159914658269
S6,1,CMAES-lite,31,0.3240159914658269
S6,1,CMAES-lite,36,0.3240159914658269
S6,1,CMAES-lite,41,0.3240159914658269
S6,1,CMAES-lite,46,0.3240159914658269
S6,1,CMAES-lite,51,0.3240159914658269
S6,1,CMAES-lite,56,0.3240159914658269
S6,1,CMAES-lite,61,0.3240159914658269
S6,1,CMAES-lite,66,0.3240159914658269
S6,1,CMAES-lite,71,0.3240159914658269
S6,1,CMAES-lite,76,0.3240159914658269
S6,1,CMAES-lite,81,0.3240159914658269
S6,1,CMAES-lite,86,0.3240159914658269
S6,1,CMAES-lite,91,0.3240159914658269
S6,1,CMAES-lite,96,0.3240159914658269
S6,1,CMAES-lite,101,0.3240159914658269
S6,1,CMAES-lite,106,0.3240159914658269
S6,1,CMAES-lite,111,0.3240159914658269
S6,1,CMAES-lite,116,0.3240159914658269
S6,1,CMAES-lite,121,0.3240159914658269
S6,1,CMAES-lite,126,0.3240159914658269
S6,1,CMAES-lite,131,0.3240159914658269
S6,1,CMAES-lite,136,0.3240159914658269
S6,1,CMAES-lite,141,0.3240159914658269
S6,1,CMAES-lite,146,0.3240159914658269
S6,1,CMAES-lite,151,0.3240159914658269
S6,1,CMAES-lite,156,0.3240159914658269
S6,1,CMAES-lite,161,0.3240159914658269
S6,1,CMAES-lite,166,0.3240159914658269
S6,1,CMAES-lite,171,0.3240159914658269
S6,1,CMAES-lite,176,0.3240159914658269
S6,1,CMAES-lite,181,0.3240159914658269
S6,1,CMAES-lite,186,0.3240159914658269
S6,1,CMAES-lite,191,0.3240159914658269
S6,1,CMAES-lite,196,0.3240159914658269
S6,1,CMAES-lite,201,0.3240159914658269
S6,1,CMAES-lite,206,0.3240159914658269
S6,1,CMAES-lite,211,0.3240159914658269
S6,1,CMAES-lite,216,0.3240159914658269
S6,1,CMAES-lite,221,0.3240159914658269
S6,1,CMAES-lite,226,0.3240159914658269
S6,1,CMAES-lite,231,0.3240159914658269
S6,1,CMAES-lite,236,0.3240159914658269
S6,1,CMAES-lite,241,0.3240159914658269
S6,1,CMAES-lite,246,0.3240159914658269
S6,1,CMAES-lite,251,0.3240159914658269
S6,1,CMAES-lite,256,0.3240159914658269
S6,1,CMAES-lite,261,0.3240159914658269
S6,1,CMAES-lite,266,0.3240159914658269
S6,1,CMAES-lite,271,0.3240159914658269
S6,1,CMAES-lite,276,0.3240159914658269
S6,1,CMAES-lite,281,0.3240159914658269
S6,1,CMAES-lite,286,0.3240159914658269
S6,1,CMAES-lite,291,0.3240159914658269
S6,1,CMAES-lite,296,0.3240159914658269
S6,1,CMAES-lite,301,0.3240159914658269
S6,1,CMAES-lite,306,0.3240159914658269
S6,1,CMAES-lite,311,0.3240159914658269
S6,1,CMAES-lite,316,0.3240159914658269
S6,1,GWO,18,0.3240159914658269
S6,1,GWO,23,0.3240159914658269
S6,1,GWO,28,0.3240159914658269
S6,1,GWO,33,0.3240159914658269
S6,1,GWO,38,0.3240159914658269
S6,1,GWO,43,0.3240159914658269
S6,1,GWO,48,0.3240159914658269
S6,1,GWO,53,0.3240159914658269
S6,1,GWO,58,0.3240159914658269
S6,1,GWO,63,0.3240159914658269
S6,1,GWO,68,0.3240159914658269
S6,1,GWO,73,0.3240159914658269
S6,1,GWO,78,0.3240159914658269
S6,1,GWO,83,0.3240159914658269
S6,1,GWO,88,0.3240159914658269
S6,1,GWO,93,0.3240159914658269
S6,1,GWO,98,0.3240159914658269
S6,1,GWO,103,0.3240159914658269
S6,1,GWO,108,0.3240159914658269
S6,1,GWO,113,0.3240159914658269
S6,1,GWO,118,0.3240159914658269
S6,1,GWO,123,0.3240159914658269
S6,1,GWO,128,0.3240159914658269
S6,1,GWO,133,0.3240159914658269
S6,1,GWO,138,0.3240159914658269
S6,1,GWO,143,0.3240159914658269
S6,1,GWO,148,0.3240159914658269
S6,1,GWO,153,0.3240159914658269
S6,1,GWO,158,0.3240159914658269
S6,1,GWO,163,0.3240159914658269
S6,1,GWO,168,0.3240159914658269
S6,1,GWO,173,0.3240159914658269
S6,1,GWO,178,0.3240159914658269
S6,1,GWO,183,0.3240159914658269
S6,1,GWO,188,0.3240159914658269
S6,1,GWO,193,0.3240159914658269
S6,1,GWO,198,0.3240159914658269
S6,1,GWO,203,0.3240159914658269
S6,1,GWO,208,0.3240159914658269
S6,1,GWO,213,0.3240159914658269
S6,1,GWO,218,0.3240159914658269
S6,1,GWO,223,0.3240159914658269
S6,1,GWO,228,0.3240159914658269
S6,1,GWO,233,0.3240159914658269
S6,1,GWO,238,0.3240159914658269
S6,1,GWO,243,0.3240159914658269
S6,1,GWO,248,0.3240159914658269
S6,1,GWO,253,0.3240159914658269
S6,1,GWO,258,0.3240159914658269
S6,1,GWO,263,0.3240159914658269
S6,1,GWO,268,0.3240159914658269
S6,1,GWO,273,0.3240159914658269
S6,1,GWO,278,0.3240159914658269
S6,1,GWO,283,0.3240159914658269
S6,1,GWO,288,0.3240159914658269
S6,1,GWO,293,0.3240159914658269
S6,1,GWO,298,0.3240159914658269
S6,1,GWO,303,0.3240159914658269
S6,1,GWO,308,0.3240159914658269
S6,1,GWO,313,0.3240159914658269
S6,1,GWO,318,0.3240159914658269
S6,2,RFOTO-ABC,14,0.40059574445088664
S6,2,RFOTO-ABC,19,0.40059574445088664
S6,2,RFOTO-ABC,24,0.40059574445088664
S6,2,RFOTO-ABC,29,0.40059574445088664
S6,2,RFOTO-ABC,34,0.40059574445088664
S6,2,RFOTO-ABC,39,0.40059574445088664
S6,2,RFOTO-ABC,44,0.40059574445088664
S6,2,RFOTO-ABC,49,0.40059574445088664
S6,2,RFOTO-ABC,54,0.3995550636116095
S6,2,RFOTO-ABC,59,0.3995550636116095
S6,2,RFOTO-ABC,64,0.3995550636116095
S6,2,RFOTO-ABC,69,0.3995550636116095
S6,2,RFOTO-ABC,74,0.3995550636116095
S6,2,RFOTO-ABC,79,0.3995550636116095
S6,2,RFOTO-ABC,84,0.3995550636116095
S6,2,RFOTO-ABC,89,0.3995550636116095
S6,2,RFOTO-ABC,94,0.3995550636116095
S6,2,RFOTO-ABC,99,0.3995550636116095
S6,2,RFOTO-ABC,104,0.3995550636116095
S6,2,RFOTO-ABC,109,0.3995550636116095
S6,2,RFOTO-ABC,114,0.3995550636116095
S6,2,RFOTO-ABC,119,0.3995550636116095
S6,2,RFOTO-ABC,124,0.3995550636116095
S6,2,RFOTO-ABC,129,0.3995550636116095
S6,2,RFOTO-ABC,134,0.3995550636116095
S6,2,RFOTO-ABC,139,0.3995550636116095
S6,2,RFOTO-ABC,144,0.39932136644363686
S6,2,RFOTO-ABC,149,0.39932136644363686
S6,2,RFOTO-ABC,154,0.39932136644363686
S6,2,RFOTO-ABC,159,0.39932136644363686
S6,2,RFOTO-ABC,164,0.39932136644363686
S6,2,RFOTO-ABC,169,0.39825127065199784
S6,2,RFOTO-ABC,174,0.39825127065199784
S6,2,RFOTO-ABC,179,0.39825127065199784
S6,2,RFOTO-ABC,184,0.39825127065199784
S6,2,RFOTO-ABC,189,0.39825127065199784
S6,2,RFOTO-ABC,194,0.39825127065199784
S6,2,RFOTO-ABC,199,0.39825127065199784
S6,2,RFOTO-ABC,204,0.39825127065199784
S6,2,RFOTO-ABC,209,0.39825127065199784
S6,2,RFOTO-ABC,214,0.39825127065199784
S6,2,RFOTO-ABC,219,0.39825127065199784
S6,2,RFOTO-ABC,224,0.39825127065199784
S6,2,RFOTO-ABC,229,0.39825127065199784
S6,2,RFOTO-ABC,234,0.39825127065199784
S6,2,RFOTO-ABC,239,0.39825127065199784
S6,2,RFOTO-ABC,244,0.39825127065199784
S6,2,RFOTO-ABC,249,0.39825127065199784
S6,2,RFOTO-ABC,254,0.39825127065199784
S6,2,RFOTO-ABC,259,0.39825127065199784
S6,2,RFOTO-ABC,264,0.39825127065199784
S6,2,RFOTO-ABC,269,0.39825127065199784
S6,2,RFOTO-ABC,274,0.39825127065199784
S6,2,RFOTO-ABC,279,0.39825127065199784
S6,2,RFOTO-ABC,284,0.39825127065199784
S6,2,RFOTO-ABC,289,0.39825127065199784
S6,2,RFOTO-ABC,294,0.39825127065199784
S6,2,RFOTO-ABC,299,0.3980009521670728
S6,2,RFOTO-ABC,304,0.3980009521670728
S6,2,RFOTO-ABC,309,0.3980009521670728
S6,2,RFOTO-ABC,314,0.3980009521670728
S6,2,RFOTO-ABC,319,0.3980009521670728
S6,2,Standard-ABC,14,0.7863765453224754
S6,2,Standard-ABC,19,0.7863765453224754
S6,2,Standard-ABC,24,0.7863765453224754
S6,2,Standard-ABC,29,0.7863765453224754
S6,2,Standard-ABC,34,0.7863765453224754
S6,2,Standard-ABC,39,0.7863765453224754
S6,2,Standard-ABC,44,0.7863765453224754
S6,2,Standard-ABC,49,0.7863765453224754
S6,2,Standard-ABC,54,0.7863765453224754
S6,2,Standard-ABC,59,0.7863765453224754
S6,2,Standard-ABC,64,0.7863765453224754
S6,2,Standard-ABC,69,0.7863765453224754
S6,2,Standard-ABC,74,0.7863765453224754
S6,2,Standard-ABC,79,0.7863765453224754
S6,2,Standard-ABC,84,0.7859854479647551
S6,2,Standard-ABC,89,0.7859854479647551
S6,2,Standard-ABC,94,0.7859854479647551
S6,2,Standard-ABC,99,0.7859854479647551
S6,2,Standard-ABC,104,0.7859854479647551
S6,2,Standard-ABC,109,0.7859854479647551
S6,2,Standard-ABC,114,0.7859854479647551
S6,2,Standard-ABC,119,0.7859854479647551
S6,2,Standard-ABC,124,0.7859854479647551
S6,2,Standard-ABC,129,0.7859854479647551
S6,2,Standard-ABC,134,0.7859854479647551
S6,2,Standard-ABC,139,0.7859854479647551
S6,2,Standard-ABC,144,0.7859854479647551
S6,2,Standard-ABC,149,0.7859854479647551
S6,2,Standard-ABC,154,0.7850117879938464
S6,2,Standard-ABC,159,0.7850117879938464
S6,2,Standard-ABC,164,0.7850117879938464
S6,2,Standard-ABC,169,0.7850117879938464
S6,2,Standard-ABC,174,0.7850117879938464
S6,2,Standard-ABC,179,0.7850117879938464
S6,2,Standard-ABC,184,0.7850117879938464
S6,2,Standard-ABC,189,0.7850117879938464
S6,2,Standard-ABC,194,0.7850117879938464
S6,2,Standard-ABC,199,0.7850117879938464
S6,2,Standard-ABC,204,0.7850117879938464
S6,2,Standard-ABC,209,0.7850117879938464
S6,2,Standard-ABC,214,0.7850117879938464
S6,2,Standard-ABC,219,0.7850117879938464
S6,2,Standard-ABC,224,0.7850117879938464
S6,2,Standard-ABC,229,0.7850117879938464
S6,2,Standard-ABC,234,0.7850117879938464
S6,2,Standard-ABC,239,0.7850117879938464
S6,2,Standard-ABC,244,0.7850117879938464
S6,2,Standard-ABC,249,0.7850117879938464
S6,2,Standard-ABC,254,0.7850117879938464
S6,2,Standard-ABC,259,0.7850117879938464
S6,2,Standard-ABC,264,0.7850117879938464
S6,2,Standard-ABC,269,0.7850117879938464
S6,2,Standard-ABC,274,0.7850117879938464
S6,2,Standard-ABC,279,0.7850117879938464
S6,2,Standard-ABC,284,0.7850117879938464
S6,2,Standard-ABC,289,0.7850117879938464
S6,2,Standard-ABC,294,0.7850117879938464
S6,2,Standard-ABC,299,0.7850117879938464
S6,2,Standard-ABC,304,0.7850117879938464
S6,2,Standard-ABC,309,0.7850117879938464
S6,2,Standard-ABC,314,0.7839911384201539
S6,2,Standard-ABC,319,0.7839911384201539
S6,2,GA,14,0.7953222979553458
S6,2,GA,19,0.7953222979553458
S6,2,GA,24,0.7916528395140298
S6,2,GA,29,0.7916528395140298
S6,2,GA,34,0.7739215021338717
S6,2,GA,39,0.7739215021338717
S6,2,GA,44,0.7592140914915219
S6,2,GA,49,0.7569245489166928
S6,2,GA,54,0.7535192659797023
S6,2,GA,59,0.7530445533070415
S6,2,GA,64,0.7463310414991132
S6,2,GA,69,0.7463310414991132
S6,2,GA,74,0.7463310414991132
S6,2,GA,79,0.7463310414991132
S6,2,GA,84,0.7412664344400517
S6,2,GA,89,0.7410613745192123
S6,2,GA,94,0.7252570203309671
S6,2,GA,99,0.7252570203309671
S6,2,GA,104,0.7252570203309671
S6,2,GA,109,0.7252570203309671
S6,2,GA,114,0.7252570203309671
S6,2,GA,119,0.7168737130215834
S6,2,GA,124,0.7168737130215834
S6,2,GA,129,0.7168737130215834
S6,2,GA,134,0.7168737130215834
S6,2,GA,139,0.7168737130215834
S6,2,GA,144,0.7168737130215834
S6,2,GA,149,0.7168737130215834
S6,2,GA,154,0.7057696317839142
S6,2,GA,159,0.7057696317839142
S6,2,GA,164,0.7057696317839142
S6,2,GA,169,0.7057696317839142
S6,2,GA,174,0.7053779897675606
S6,2,GA,179,0.7053779897675606
S6,2,GA,184,0.7053779897675606
S6,2,GA,189,0.7053779897675606
S6,2,GA,194,0.7051126231842784
S6,2,GA,199,0.7021233758427343
S6,2,GA,204,0.7021233758427343
S6,2,GA,209,0.7021233758427343
S6,2,GA,214,0.7021233758427343
S6,2,GA,219,0.7021233758427343
S6,2,GA,224,0.6979211374089582
S6,2,GA,229,0.6979211374089582
S6,2,GA,234,0.6979211374089582
S6,2,GA,239,0.6979211374089582
S6,2,GA,244,0.6979211374089582
S6,2,GA,249,0.6979211374089582
S6,2,GA,254,0.6979211374089582
S6,2,GA,259,0.6891311647640508
S6,2,GA,264,0.6889363853032736
S6,2,GA,269,0.6889363853032736
S6,2,GA,274,0.6889363853032736
S6,2,GA,279,0.6889363853032736
S6,2,GA,284,0.6889363853032736
S6,2,GA,289,0.6877955407668486
S6,2,GA,294,0.6877955407668486
S6,2,GA,299,0.6877955407668486
S6,2,GA,304,0.68752653979956
S6,2,GA,309,0.68752653979956
S6,2,GA,314,0.68752653979956
S6,2,GA,319,0.6786498051848701
S6,2,PSO,14,1.548306430660092
S6,2,PSO,19,1.3902059624167487
S6,2,PSO,24,1.3902059624167487
S6,2,PSO,29,1.3902059624167487
S6,2,PSO,34,1.3902059624167487
S6,2,PSO,39,1.3902059624167487
S6,2,PSO,44,1.3902059624167487
S6,2,PSO,49,1.3902059624167487
S6,2,PSO,54,1.3902059624167487
S6,2,PSO,59,1.3902059624167487
S6,2,PSO,64,1.3902059624167487
S6,2,PSO,69,1.3902059624167487
S6,2,PSO,74,1.3902059624167487
S6,2,PSO,79,1.3550607785944788
S6,2,PSO,84,1.3421939058008165
S6,2,PSO,89,1.3421939058008165
S6,2,PSO,94,1.2131996772930378
S6,2,PSO,99,1.2131996772930378
S6,2,PSO,104,1.2131996772930378
S6,2,PSO,109,1.2131996772930378
S6,2,PSO,114,1.2131996772930378
S6,2,PSO,119,1.2131996772930378
S6,2,PSO,124,1.2131996772930378
S6,2,PSO,129,1.2131996772930378
S6,2,PSO,134,1.2131996772930378
S6,2,PSO,139,1.2131996772930378
S6,2,PSO,144,1.2131996772930378
S6,2,PSO,149,1.2131996772930378
S6,2,PSO,154,1.2131996772930378
S6,2,PSO,159,1.1960750886416405
S6,2,PSO,164,1.1960750886416405
S6,2,PSO,169,1.1960750886416405
S6,2,PSO,174,1.1284619441748076
S6,2,PSO,179,1.1284619441748076
S6,2,PSO,184,1.1284619441748076
S6,2,PSO,189,1.1284619441748076
S6,2,PSO,194,1.1284619441748076
S6,2,PSO,199,1.1273678376160676
S6,2,PSO,204,1.0665572782022532
S6,2,PSO,209,1.0510625629501775
S6,2,PSO,214,1.0510625629501775
S6,2,PSO,219,1.0510625629501775
S6,2,PSO,224,1.0510625629501775
S6,2,PSO,229,1.0510625629501775
S6,2,PSO,234,1.0510625629501775
S6,2,PSO,239,1.0510625629501775
S6,2,PSO,244,1.0510625629501775
S6,2,PSO,249,1.0510625629501775
S6,2,PSO,254,1.0510625629501775
S6,2,PSO,259,1.0510625629501775
S6,2,PSO,264,1.0492099184234334
S6,2,PSO,269,1.0492099184234334
S6,2,PSO,274,0.9825244341007092
S6,2,PSO,279,0.9825244341007092
S6,2,PSO,284,0.9825244341007092
S6,2,PSO,289,0.9825244341007092
S6,2,PSO,294,0.9825244341007092
S6,2,PSO,299,0.9575951875688413
S6,2,PSO,304,0.9398543966170109
S6,2,PSO,309,0.934691248484088
S6,2,PSO,314,0.9011901809266388
S6,2,PSO,319,0.8334711163043231
S6,2,DE,14,1.253167159618922
S6,2,DE,19,1.253167159618922
S6,2,DE,24,1.253167159618922
S6,2,DE,29,1.253167159618922
S6,2,DE,34,1.253167159618922
S6,2,DE,39,1.253167159618922
S6,2,DE,44,1.253167159618922
S6,2,DE,49,1.253167159618922
S6,2,DE,54,1.253167159618922
S6,2,DE,59,1.253167159618922
S6,2,DE,64,1.253167159618922
S6,2,DE,69,1.253167159618922
S6,2,DE,74,1.253167159618922
S6,2,DE,79,1.253167159618922
S6,2,DE,84,1.253167159618922
S6,2,DE,89,1.253167159618922
S6,2,DE,94,1.253167159618922
S6,2,DE,99,1.253167159618922
S6,2,DE,104,1.253167159618922
S6,2,DE,109,1.253167159618922
S6,2,DE,114,1.253167159618922
S6,2,DE,119,1.253167159618922
S6,2,DE,124,1.253167159618922
S6,2,DE,129,1.253167159618922
S6,2,DE,134,1.253167159618922
S6,2,DE,139,1.253167159618922
S6,2,DE,144,1.253167159618922
S6,2,DE,149,1.253167159618922
S6,2,DE,154,1.253167159618922
S6,2,DE,159,1.253167159618922
S6,2,DE,164,1.253167159618922
S6,2,DE,169,1.253167159618922
S6,2,DE,174,1.253167159618922
S6,2,DE,179,1.253167159618922
S6,2,DE,184,1.253167159618922
S6,2,DE,189,1.217626209870677
S6,2,DE,194,1.217626209870677
S6,2,DE,199,1.217626209870677
S6,2,DE,204,1.217626209870677
S6,2,DE,209,1.217626209870677
S6,2,DE,214,1.182500463978379
S6,2,DE,219,1.182500463978379
S6,2,DE,224,1.182500463978379
S6,2,DE,229,1.182500463978379
S6,2,DE,234,1.182500463978379
S6,2,DE,239,1.182500463978379
S6,2,DE,244,1.182500463978379
S6,2,DE,249,1.182500463978379
S6,2,DE,254,1.182500463978379
S6,2,DE,259,1.182500463978379
S6,2,DE,264,1.182500463978379
S6,2,DE,269,1.182500463978379
S6,2,DE,274,1.182500463978379
S6,2,DE,279,1.182500463978379
S6,2,DE,284,1.182500463978379
S6,2,DE,289,1.182500463978379
S6,2,DE,294,1.182500463978379
S6,2,DE,299,1.182500463978379
S6,2,DE,304,1.182500463978379
S6,2,DE,309,1.182500463978379
S6,2,DE,314,1.182500463978379
S6,2,DE,319,1.182500463978379
S6,2,Gbest-ABC,16,0.40059574445088664
S6,2,Gbest-ABC,21,0.40059574445088664
S6,2,Gbest-ABC,26,0.40059574445088664
S6,2,Gbest-ABC,31,0.40059574445088664
S6,2,Gbest-ABC,36,0.40059574445088664
S6,2,Gbest-ABC,41,0.40059574445088664
S6,2,Gbest-ABC,46,0.40059574445088664
S6,2,Gbest-ABC,51,0.40059574445088664
S6,2,Gbest-ABC,56,0.40059574445088664
S6,2,Gbest-ABC,61,0.40059574445088664
S6,2,Gbest-ABC,66,0.40059574445088664
S6,2,Gbest-ABC,71,0.40059574445088664
S6,2,Gbest-ABC,76,0.40059574445088664
S6,2,Gbest-ABC,81,0.40059574445088664
S6,2,Gbest-ABC,86,0.40059574445088664
S6,2,Gbest-ABC,91,0.40059574445088664
S6,2,Gbest-ABC,96,0.40059574445088664
S6,2,Gbest-ABC,101,0.40059574445088664
S6,2,Gbest-ABC,106,0.40059574445088664
S6,2,Gbest-ABC,111,0.40059574445088664
S6,2,Gbest-ABC,116,0.40059574445088664
S6,2,Gbest-ABC,121,0.40059574445088664
S6,2,Gbest-ABC,126,0.40059574445088664
S6,2,Gbest-ABC,131,0.40059574445088664
S6,2,Gbest-ABC,136,0.40059574445088664
S6,2,Gbest-ABC,141,0.40059574445088664
S6,2,Gbest-ABC,146,0.40059574445088664
S6,2,Gbest-ABC,151,0.40059574445088664
S6,2,Gbest-ABC,156,0.40059574445088664
S6,2,Gbest-ABC,161,0.40059574445088664
S6,2,Gbest-ABC,166,0.40059574445088664
S6,2,Gbest-ABC,171,0.40059574445088664
S6,2,Gbest-ABC,176,0.40059574445088664
S6,2,Gbest-ABC,181,0.40059574445088664
S6,2,Gbest-ABC,186,0.40059574445088664
S6,2,Gbest-ABC,191,0.40059574445088664
S6,2,Gbest-ABC,196,0.40059574445088664
S6,2,Gbest-ABC,201,0.40059574445088664
S6,2,Gbest-ABC,206,0.40059574445088664
S6,2,Gbest-ABC,211,0.40059574445088664
S6,2,Gbest-ABC,216,0.40059574445088664
S6,2,Gbest-ABC,221,0.40059574445088664
S6,2,Gbest-ABC,226,0.40059574445088664
S6,2,Gbest-ABC,231,0.40059574445088664
S6,2,Gbest-ABC,236,0.40059574445088664
S6,2,Gbest-ABC,241,0.40059574445088664
S6,2,Gbest-ABC,246,0.40059574445088664
S6,2,Gbest-ABC,251,0.40059574445088664
S6,2,Gbest-ABC,256,0.40059574445088664
S6,2,Gbest-ABC,261,0.40059574445088664
S6,2,Gbest-ABC,266,0.40059574445088664
S6,2,Gbest-ABC,271,0.40059574445088664
S6,2,Gbest-ABC,276,0.40059574445088664
S6,2,Gbest-ABC,281,0.40059574445088664
S6,2,Gbest-ABC,286,0.40059574445088664
S6,2,Gbest-ABC,291,0.40059574445088664
S6,2,Gbest-ABC,296,0.40059574445088664
S6,2,Gbest-ABC,301,0.40059574445088664
S6,2,Gbest-ABC,306,0.40059574445088664
S6,2,Gbest-ABC,311,0.40059574445088664
S6,2,Gbest-ABC,316,0.40059574445088664
S6,2,MeABC,16,0.40059574445088664
S6,2,MeABC,21,0.40059574445088664
S6,2,MeABC,26,0.40059574445088664
S6,2,MeABC,31,0.40059574445088664
S6,2,MeABC,36,0.40059574445088664
S6,2,MeABC,41,0.40059574445088664
S6,2,MeABC,46,0.40059574445088664
S6,2,MeABC,51,0.40059574445088664
S6,2,MeABC,57,0.40059574445088664
S6,2,MeABC,62,0.40059574445088664
S6,2,MeABC,67,0.40059574445088664
S6,2,MeABC,73,0.40059574445088664
S6,2,MeABC,78,0.40059574445088664
S6,2,MeABC,83,0.40059574445088664
S6,2,MeABC,89,0.40059574445088664
S6,2,MeABC,94,0.40059574445088664
S6,2,MeABC,99,0.40059574445088664
S6,2,MeABC,105,0.40059574445088664
S6,2,MeABC,110,0.40059574445088664
S6,2,MeABC,115,0.40059574445088664
S6,2,MeABC,121,0.40059574445088664
S6,2,MeABC,126,0.40059574445088664
S6,2,MeABC,131,0.40059574445088664
S6,2,MeABC,137,0.40059574445088664
S6,2,MeABC,142,0.40059574445088664
S6,2,MeABC,147,0.40059574445088664
S6,2,MeABC,153,0.40059574445088664
S6,2,MeABC,158,0.40059574445088664
S6,2,MeABC,163,0.40059574445088664
S6,2,MeABC,169,0.40059574445088664
S6,2,MeABC,174,0.40059574445088664
S6,2,MeABC,179,0.40059574445088664
S6,2,MeABC,185,0.40059574445088664
S6,2,MeABC,190,0.40059574445088664
S6,2,MeABC,195,0.40059574445088664
S6,2,MeABC,201,0.40059574445088664
S6,2,MeABC,206,0.40059574445088664
S6,2,MeABC,211,0.40059574445088664
S6,2,MeABC,217,0.40059574445088664
S6,2,MeABC,222,0.40059574445088664
S6,2,MeABC,227,0.40059574445088664
S6,2,MeABC,233,0.40059574445088664
S6,2,MeABC,238,0.40059574445088664
S6,2,MeABC,243,0.40059574445088664
S6,2,MeABC,249,0.40059574445088664
S6,2,MeABC,254,0.40059574445088664
S6,2,MeABC,259,0.40059574445088664
S6,2,MeABC,265,0.40059574445088664
S6,2,MeABC,270,0.40059574445088664
S6,2,MeABC,275,0.40059574445088664
S6,2,MeABC,281,0.40059574445088664
S6,2,MeABC,286,0.40059574445088664
S6,2,MeABC,291,0.40059574445088664
S6,2,MeABC,297,0.40059574445088664
S6,2,MeABC,302,0.40059574445088664
S6,2,MeABC,307,0.40059574445088664
S6,2,MeABC,313,0.40059574445088664
S6,2,MeABC,318,0.40059574445088664
S6,2,JADE,20,0.40059574445088664
S6,2,JADE,25,0.40059574445088664
S6,2,JADE,30,0.40059574445088664
S6,2,JADE,35,0.40059574445088664
S6,2,JADE,40,0.40059574445088664
S6,2,JADE,45,0.40059574445088664
S6,2,JADE,50,0.40059574445088664
S6,2,JADE,55,0.40059574445088664
S6,2,JADE,60,0.40059574445088664
S6,2,JADE,65,0.40059574445088664
S6,2,JADE,70,0.40059574445088664
S6,2,JADE,75,0.40059574445088664
S6,2,JADE,80,0.40059574445088664
S6,2,JADE,85,0.40059574445088664
S6,2,JADE,90,0.40059574445088664
S6,2,JADE,95,0.40059574445088664
S6,2,JADE,100,0.40059574445088664
S6,2,JADE,105,0.40059574445088664
S6,2,JADE,110,0.40059574445088664
S6,2,JADE,115,0.40059574445088664
S6,2,JADE,120,0.40059574445088664
S6,2,JADE,125,0.40059574445088664
S6,2,JADE,130,0.40059574445088664
S6,2,JADE,135,0.40059574445088664
S6,2,JADE,140,0.40059574445088664
S6,2,JADE,145,0.40059574445088664
S6,2,JADE,150,0.40059574445088664
S6,2,JADE,155,0.40059574445088664
S6,2,JADE,160,0.40059574445088664
S6,2,JADE,165,0.40059574445088664
S6,2,JADE,170,0.40059574445088664
S6,2,JADE,175,0.40059574445088664
S6,2,JADE,180,0.40059574445088664
S6,2,JADE,185,0.40059574445088664
S6,2,JADE,190,0.40059574445088664
S6,2,JADE,195,0.40059574445088664
S6,2,JADE,200,0.40059574445088664
S6,2,JADE,205,0.40059574445088664
S6,2,JADE,210,0.40059574445088664
S6,2,JADE,215,0.40059574445088664
S6,2,JADE,220,0.40059574445088664
S6,2,JADE,225,0.40059574445088664
S6,2,JADE,230,0.40059574445088664
S6,2,JADE,235,0.40059574445088664
S6,2,JADE,240,0.40059574445088664
S6,2,JADE,245,0.40059574445088664
S6,2,JADE,250,0.40059574445088664
S6,2,JADE,255,0.40059574445088664
S6,2,JADE,260,0.40059574445088664
S6,2,JADE,265,0.40059574445088664
S6,2,JADE,270,0.40059574445088664
S6,2,JADE,275,0.40059574445088664
S6,2,JADE,280,0.40059574445088664
S6,2,JADE,285,0.40059574445088664
S6,2,JADE,290,0.40059574445088664
S6,2,JADE,295,0.40059574445088664
S6,2,JADE,300,0.40059574445088664
S6,2,JADE,305,0.40059574445088664
S6,2,JADE,310,0.40059574445088664
S6,2,JADE,315,0.40059574445088664
S6,2,JADE,320,0.40059574445088664
S6,2,LSHADE-lite,24,0.40059574445088664
S6,2,LSHADE-lite,29,0.40059574445088664
S6,2,LSHADE-lite,34,0.40059574445088664
S6,2,LSHADE-lite,39,0.40059574445088664
S6,2,LSHADE-lite,44,0.40059574445088664
S6,2,LSHADE-lite,49,0.40059574445088664
S6,2,LSHADE-lite,54,0.40059574445088664
S6,2,LSHADE-lite,59,0.40059574445088664
S6,2,LSHADE-lite,64,0.40059574445088664
S6,2,LSHADE-lite,69,0.40059574445088664
S6,2,LSHADE-lite,74,0.40059574445088664
S6,2,LSHADE-lite,79,0.40059574445088664
S6,2,LSHADE-lite,84,0.40059574445088664
S6,2,LSHADE-lite,89,0.40059574445088664
S6,2,LSHADE-lite,94,0.40059574445088664
S6,2,LSHADE-lite,99,0.40059574445088664
S6,2,LSHADE-lite,104,0.40059574445088664
S6,2,LSHADE-lite,109,0.40059574445088664
S6,2,LSHADE-lite,114,0.40059574445088664
S6,2,LSHADE-lite,119,0.40059574445088664
S6,2,LSHADE-lite,124,0.40059574445088664
S6,2,LSHADE-lite,129,0.40059574445088664
S6,2,LSHADE-lite,134,0.40059574445088664
S6,2,LSHADE-lite,139,0.40059574445088664
S6,2,LSHADE-lite,144,0.40059574445088664
S6,2,LSHADE-lite,149,0.40059574445088664
S6,2,LSHADE-lite,154,0.40059574445088664
S6,2,LSHADE-lite,159,0.40059574445088664
S6,2,LSHADE-lite,164,0.40059574445088664
S6,2,LSHADE-lite,169,0.40059574445088664
S6,2,LSHADE-lite,174,0.40059574445088664
S6,2,LSHADE-lite,179,0.40059574445088664
S6,2,LSHADE-lite,184,0.40059574445088664
S6,2,LSHADE-lite,189,0.40059574445088664
S6,2,LSHADE-lite,194,0.40059574445088664
S6,2,LSHADE-lite,199,0.40059574445088664
S6,2,LSHADE-lite,204,0.40059574445088664
S6,2,LSHADE-lite,209,0.40059574445088664
S6,2,LSHADE-lite,214,0.40059574445088664
S6,2,LSHADE-lite,219,0.40059574445088664
S6,2,LSHADE-lite,224,0.40059574445088664
S6,2,LSHADE-lite,229,0.40059574445088664
S6,2,LSHADE-lite,234,0.40059574445088664
S6,2,LSHADE-lite,239,0.40059574445088664
S6,2,LSHADE-lite,244,0.40059574445088664
S6,2,LSHADE-lite,249,0.40059574445088664
S6,2,LSHADE-lite,254,0.40059574445088664
S6,2,LSHADE-lite,259,0.40059574445088664
S6,2,LSHADE-lite,264,0.40059574445088664
S6,2,LSHADE-lite,269,0.40059574445088664
S6,2,LSHADE-lite,274,0.40059574445088664
S6,2,LSHADE-lite,279,0.40059574445088664
S6,2,LSHADE-lite,284,0.40059574445088664
S6,2,LSHADE-lite,289,0.40059574445088664
S6,2,LSHADE-lite,294,0.40059574445088664
S6,2,LSHADE-lite,299,0.40059574445088664
S6,2,LSHADE-lite,304,0.40059574445088664
S6,2,LSHADE-lite,309,0.40059574445088664
S6,2,LSHADE-lite,314,0.40059574445088664
S6,2,LSHADE-lite,319,0.40059574445088664
S6,2,CMAES-lite,1,0.40059574445088664
S6,2,CMAES-lite,6,0.40059574445088664
S6,2,CMAES-lite,11,0.40059574445088664
S6,2,CMAES-lite,16,0.40059574445088664
S6,2,CMAES-lite,21,0.40059574445088664
S6,2,CMAES-lite,26,0.40059574445088664
S6,2,CMAES-lite,31,0.40059574445088664
S6,2,CMAES-lite,36,0.40059574445088664
S6,2,CMAES-lite,41,0.40059574445088664
S6,2,CMAES-lite,46,0.40059574445088664
S6,2,CMAES-lite,51,0.40059574445088664
S6,2,CMAES-lite,56,0.40059574445088664
S6,2,CMAES-lite,61,0.40059574445088664
S6,2,CMAES-lite,66,0.40059574445088664
S6,2,CMAES-lite,71,0.40059574445088664
S6,2,CMAES-lite,76,0.40059574445088664
S6,2,CMAES-lite,81,0.40059574445088664
S6,2,CMAES-lite,86,0.40059574445088664
S6,2,CMAES-lite,91,0.40059574445088664
S6,2,CMAES-lite,96,0.40059574445088664
S6,2,CMAES-lite,101,0.40059574445088664
S6,2,CMAES-lite,106,0.40059574445088664
S6,2,CMAES-lite,111,0.40059574445088664
S6,2,CMAES-lite,116,0.40059574445088664
S6,2,CMAES-lite,121,0.40059574445088664
S6,2,CMAES-lite,126,0.40059574445088664
S6,2,CMAES-lite,131,0.40059574445088664
S6,2,CMAES-lite,136,0.40059574445088664
S6,2,CMAES-lite,141,0.40059574445088664
S6,2,CMAES-lite,146,0.40059574445088664
S6,2,CMAES-lite,151,0.40059574445088664
S6,2,CMAES-lite,156,0.40059574445088664
S6,2,CMAES-lite,161,0.40059574445088664
S6,2,CMAES-lite,166,0.40059574445088664
S6,2,CMAES-lite,171,0.40059574445088664
S6,2,CMAES-lite,176,0.40059574445088664
S6,2,CMAES-lite,181,0.40059574445088664
S6,2,CMAES-lite,186,0.40059574445088664
S6,2,CMAES-lite,191,0.40059574445088664
S6,2,CMAES-lite,196,0.40059574445088664
S6,2,CMAES-lite,201,0.40059574445088664
S6,2,CMAES-lite,206,0.40059574445088664
S6,2,CMAES-lite,211,0.40059574445088664
S6,2,CMAES-lite,216,0.40059574445088664
S6,2,CMAES-lite,221,0.40059574445088664
S6,2,CMAES-lite,226,0.40059574445088664
S6,2,CMAES-lite,231,0.40059574445088664
S6,2,CMAES-lite,236,0.40059574445088664
S6,2,CMAES-lite,241,0.40059574445088664
S6,2,CMAES-lite,246,0.40059574445088664
S6,2,CMAES-lite,251,0.40059574445088664
S6,2,CMAES-lite,256,0.40059574445088664
S6,2,CMAES-lite,261,0.40059574445088664
S6,2,CMAES-lite,266,0.40059574445088664
S6,2,CMAES-lite,271,0.40059574445088664
S6,2,CMAES-lite,276,0.40059574445088664
S6,2,CMAES-lite,281,0.40059574445088664
S6,2,CMAES-lite,286,0.40059574445088664
S6,2,CMAES-lite,291,0.40059574445088664
S6,2,CMAES-lite,296,0.40059574445088664
S6,2,CMAES-lite,301,0.40059574445088664
S6,2,CMAES-lite,306,0.40059574445088664
S6,2,CMAES-lite,311,0.40059574445088664
S6,2,CMAES-lite,316,0.40059574445088664
S6,2,GWO,18,0.40059574445088664
S6,2,GWO,23,0.40059574445088664
S6,2,GWO,28,0.40059574445088664
S6,2,GWO,33,0.40059574445088664
S6,2,GWO,38,0.40059574445088664
S6,2,GWO,43,0.40059574445088664
S6,2,GWO,48,0.40059574445088664
S6,2,GWO,53,0.40059574445088664
S6,2,GWO,58,0.40059574445088664
S6,2,GWO,63,0.40059574445088664
S6,2,GWO,68,0.40059574445088664
S6,2,GWO,73,0.40059574445088664
S6,2,GWO,78,0.40059574445088664
S6,2,GWO,83,0.40059574445088664
S6,2,GWO,88,0.40059574445088664
S6,2,GWO,93,0.40059574445088664
S6,2,GWO,98,0.40059574445088664
S6,2,GWO,103,0.40059574445088664
S6,2,GWO,108,0.40059574445088664
S6,2,GWO,113,0.40059574445088664
S6,2,GWO,118,0.40059574445088664
S6,2,GWO,123,0.40059574445088664
S6,2,GWO,128,0.40059574445088664
S6,2,GWO,133,0.40059574445088664
S6,2,GWO,138,0.40059574445088664
S6,2,GWO,143,0.40059574445088664
S6,2,GWO,148,0.40059574445088664
S6,2,GWO,153,0.40059574445088664
S6,2,GWO,158,0.40059574445088664
S6,2,GWO,163,0.40059574445088664
S6,2,GWO,168,0.40059574445088664
S6,2,GWO,173,0.40059574445088664
S6,2,GWO,178,0.40059574445088664
S6,2,GWO,183,0.40059574445088664
S6,2,GWO,188,0.40059574445088664
S6,2,GWO,193,0.40059574445088664
S6,2,GWO,198,0.40059574445088664
S6,2,GWO,203,0.40059574445088664
S6,2,GWO,208,0.40059574445088664
S6,2,GWO,213,0.40059574445088664
S6,2,GWO,218,0.40059574445088664
S6,2,GWO,223,0.40059574445088664
S6,2,GWO,228,0.40059574445088664
S6,2,GWO,233,0.40059574445088664
S6,2,GWO,238,0.40059574445088664
S6,2,GWO,243,0.40059574445088664
S6,2,GWO,248,0.40059574445088664
S6,2,GWO,253,0.40059574445088664
S6,2,GWO,258,0.40059574445088664
S6,2,GWO,263,0.40059574445088664
S6,2,GWO,268,0.40059574445088664
S6,2,GWO,273,0.40059574445088664
S6,2,GWO,278,0.40059574445088664
S6,2,GWO,283,0.40059574445088664
S6,2,GWO,288,0.40059574445088664
S6,2,GWO,293,0.40059574445088664
S6,2,GWO,298,0.40059574445088664
S6,2,GWO,303,0.40059574445088664
S6,2,GWO,308,0.40059574445088664
S6,2,GWO,313,0.40059574445088664
S6,2,GWO,318,0.40059574445088664
